Bus,ZoneBus,Xcoord,Ycoord,Country
A-2,AT,858.6274686,549.3764811,A
A-1,AT,879,552,A
A-3,AT,879.6300049,538.8900147,A
