zone,time,value
Fra_2,1,73.91391730393083
Fra_2,2,19.598084568711407
Fra_2,3,19.598767559182576
Fra_2,4,24.475495255905415
Fra_2,5,14.302237808346867
Fra_2,6,14.302237808346867
Fra_2,7,13.405392437314848
Fra_2,8,16.050442110229277
Fra_2,9,11.312802003321277
Fra_2,10,11.312802003321277
Fra_2,11,11.31280200332128
Fra_2,12,11.31280200332128
Fra_2,13,11.31280200332128
Fra_2,14,14.302237808346867
Fra_2,15,20.455718942431947
Fra_2,16,42.219707307870436
Fra_2,17,24.379412090435718
Fra_2,18,25.625595262252872
Fra_2,19,28.09553053543417
Fra_2,20,45.807391359781974
Fra_2,21,31.547340305507817
Fra_2,22,39.1741097708972
Fra_2,23,65.28443422812333
Fra_2,24,55.28050580738939
Fra_2,25,57.69779709121245
Fra_2,26,68.1980290585077
Fra_2,27,36.919085189627495
Fra_2,28,57.161480086067954
Fra_2,29,421.9695190072497
Fra_2,30,38.89048075312559
Fra_2,31,38.89048075312559
Fra_2,32,34.52215715019557
Fra_2,33,41.3453441142859
Fra_2,34,36.5982478078914
Fra_2,35,36.5982478078914
Fra_2,36,30.651218490797717
Fra_2,37,53.216310139830334
Fra_2,38,53.21631013983034
Fra_2,39,45.66455075787809
Fra_2,40,101.95828569579874
Fra_2,41,20.680643350972726
Fra_2,42,36.5982478078914
Fra_2,43,36.5982478078914
Fra_2,44,36.5982478078914
Fra_2,45,86.82104043272027
Fra_2,46,43.02277233367859
Fra_2,47,36.5982478078914
Fra_2,48,36.5982478078914
Fra_2,49,19.775705871814726
Fra_2,50,20.680643350972726
Fra_2,51,23.82285885159172
Fra_2,52,20.680643350972726
Fra_2,53,22.24723144115471
Fra_2,54,22.24723144115471
Fra_2,55,23.82285885159172
Fra_2,56,22.783274343989348
Fra_2,57,19.937862541424565
Fra_2,58,19.903131253275646
Fra_2,59,20.520241490420865
Fra_2,60,22.24723144115471
Fra_2,61,21.41829605212347
Fra_2,62,22.120122005694455
Fra_2,63,20.503157039845984
Fra_2,64,22.17142882830034
Fra_2,65,32.29337095317786
Fra_2,66,55.435652983163116
Fra_2,67,33.87668403322132
Fra_2,68,23.82285885159172
Fra_2,69,33.87668403322132
Fra_2,70,28.648109629093792
Fra_2,71,22.24723144115471
Fra_2,72,20.520241490420865
Fra_2,73,19.448208915435792
Fra_2,74,20.520241490420865
Fra_2,75,26.488266057583907
Fra_2,76,26.955485737841734
Fra_2,77,28.293877480711043
Fra_2,78,29.443505593448002
Fra_2,79,30.894735396281703
Fra_2,80,55.435652983163116
Fra_2,81,28.08351669272093
Fra_2,82,29.605495010115142
Fra_2,83,40.014417266063674
Fra_2,84,70.62348593816287
Fra_2,85,318.30862707865015
Fra_2,86,58.73349228204008
Fra_2,87,86.15017599519194
Fra_2,88,88.07178972654823
Fra_2,89,66.36916156482056
Fra_2,90,43.817649399556586
Fra_2,91,36.377316711280514
Fra_2,92,28.604564645589598
Fra_2,93,40.83032724388407
Fra_2,94,28.394710390304216
Fra_2,95,28.09553053543417
Fra_2,96,27.84674208932605
Fra_3,1,75.72831781858928
Fra_3,2,23.371065546104823
Fra_3,3,23.369072622470746
Fra_3,4,24.99370948768461
Fra_3,5,16.380006616282646
Fra_3,6,16.380006616282646
Fra_3,7,15.085379396421821
Fra_3,8,16.347766639878703
Fra_3,9,11.470821880823404
Fra_3,10,11.470821880823404
Fra_3,11,11.470821880823408
Fra_3,12,11.470821880823408
Fra_3,13,11.470821880823408
Fra_3,14,16.380006616282646
Fra_3,15,20.86854188739568
Fra_3,16,43.20314278477585
Fra_3,17,24.89510719486541
Fra_3,18,26.173963042434536
Fra_3,19,28.70865556489833
Fra_3,20,51.97282531895902
Fra_3,21,34.07231416018737
Fra_3,22,45.465272194018425
Fra_3,23,78.93681854416577
Fra_3,24,69.48401786132543
Fra_3,25,64.80821643206716
Fra_3,26,71.22594697529662
Fra_3,27,42.096689921241996
Fra_3,28,59.68961544401569
Fra_3,29,440.8373079830443
Fra_3,30,40.683860365481465
Fra_3,31,40.683860365481465
Fra_3,32,35.834444346448834
Fra_3,33,43.21276459547574
Fra_3,34,38.1391791160161
Fra_3,35,38.139179116016095
Fra_3,36,34.00028617606263
Fra_3,37,55.22773566829404
Fra_3,38,55.22773566829405
Fra_3,39,47.67205554799091
Fra_3,40,106.51501370453352
Fra_3,41,25.641007288309964
Fra_3,42,38.1391791160161
Fra_3,43,38.139179116016095
Fra_3,44,38.1391791160161
Fra_3,45,90.69228866056703
Fra_3,46,44.9407855463155
Fra_3,47,38.139179116016095
Fra_3,48,38.139179116016095
Fra_3,49,24.51901567012059
Fra_3,50,25.641007288309964
Fra_3,51,29.536900137746997
Fra_3,52,25.641007288309964
Fra_3,53,27.583349988023247
Fra_3,54,27.583349988023247
Fra_3,55,29.536900137746997
Fra_3,56,28.247965674545554
Fra_3,57,24.56412780312055
Fra_3,58,24.477027534343534
Fra_3,59,25.40887006955291
Fra_3,60,27.583349988023247
Fra_3,61,26.66302793653529
Fra_3,62,27.38671594069714
Fra_3,63,25.341247449178944
Fra_3,64,27.41928957088655
Fra_3,65,39.83763489389956
Fra_3,66,69.75695692677796
Fra_3,67,42.121719707328666
Fra_3,68,29.536900137746997
Fra_3,69,42.121719707328666
Fra_3,70,31.986708517083514
Fra_3,71,27.583349988023247
Fra_3,72,25.40887006955291
Fra_3,73,23.808393362805557
Fra_3,74,25.40887006955291
Fra_3,75,27.52401505004186
Fra_3,76,28.489389692105533
Fra_3,77,29.179153899961143
Fra_3,78,31.291867114537705
Fra_3,79,34.064410968947136
Fra_3,80,69.75695692677796
Fra_3,81,28.855680209430925
Fra_3,82,31.129506223927024
Fra_3,83,46.714241839755694
Fra_3,84,87.87935450525073
Fra_3,85,332.6626320706614
Fra_3,86,65.47018802238932
Fra_3,87,89.99104458660881
Fra_3,88,91.9996772792509
Fra_3,89,80.84308245886768
Fra_3,90,52.390508236416835
Fra_3,91,41.28738978887665
Fra_3,92,29.67636122774665
Fra_3,93,43.67967979380158
Fra_3,94,29.277415170574812
Fra_3,95,28.70865556489833
Fra_3,96,28.40071374967938
Fra_4,1,73.62051539099288
Fra_4,2,18.79900583298742
Fra_4,3,18.800272019653796
Fra_4,4,24.391696201789568
Fra_4,5,13.864228400475083
Fra_4,6,13.864228400475083
Fra_4,7,13.052614507641863
Fra_4,8,16.002362546176165
Fra_4,9,11.286876269987635
Fra_4,10,11.286876269987635
Fra_4,11,11.286876269987639
Fra_4,12,11.286876269987639
Fra_4,13,11.286876269987639
Fra_4,14,13.864228400475083
Fra_4,15,20.388962434825995
Fra_4,16,42.06067855548419
Fra_4,17,24.29602039774713
Fra_4,18,25.536920157501193
Fra_4,19,27.99638370701256
Fra_4,20,44.526174989962215
Fra_4,21,31.03728997388629
Fra_4,22,37.85582374381265
Fra_4,23,62.29517729799235
Fra_4,24,52.25731525423137
Fra_4,25,54.9622417477257
Fra_4,26,65.26046894547422
Fra_4,27,35.839772081417664
Fra_4,28,54.70073435525451
Fra_4,29,403.76014721196486
Fra_4,30,37.213986751796305
Fra_4,31,37.213986751796305
Fra_4,32,33.082655353127166
Fra_4,33,39.56484178443493
Fra_4,34,35.04611303169052
Fra_4,35,35.04611303169051
Fra_4,36,29.256059052965586
Fra_4,37,50.9753531537679
Fra_4,38,50.97535315376791
Fra_4,39,43.70050932011291
Fra_4,40,97.56217400542909
Fra_4,41,19.594547184002572
Fra_4,42,35.04611303169052
Fra_4,43,35.04611303169052
Fra_4,44,35.04611303169052
Fra_4,45,83.07890638215922
Fra_4,46,41.17120026199414
Fra_4,47,35.04611303169051
Fra_4,48,35.04611303169051
Fra_4,49,18.73713477990056
Fra_4,50,19.594547184002572
Fra_4,51,22.57174130916924
Fra_4,52,19.594547184002572
Fra_4,53,21.078861947813998
Fra_4,54,21.078861947813998
Fra_4,55,22.57174130916924
Fra_4,56,21.586753205062962
Fra_4,57,18.925995843272965
Fra_4,58,18.923498118801888
Fra_4,59,19.449852134194263
Fra_4,60,21.078861947813998
Fra_4,61,20.278102510980517
Fra_4,62,20.961725035052574
Fra_4,63,19.433113701892538
Fra_4,64,21.012958945370027
Fra_4,65,30.614419747862826
Fra_4,66,52.394073791507125
Fra_4,67,32.082373543734704
Fra_4,68,22.57174130916924
Fra_4,69,32.082373543734704
Fra_4,70,27.917106924231184
Fra_4,71,21.078861947813998
Fra_4,72,19.449852134194263
Fra_4,73,18.5211534151247
Fra_4,74,19.449852134194263
Fra_4,75,26.26148370353437
Fra_4,76,26.61962989615916
Fra_4,77,28.130276677177942
Fra_4,78,29.07461080607574
Fra_4,79,30.23851946081102
Fra_4,80,52.394073791507125
Fra_4,81,27.9426507006114
Fra_4,82,29.303381586444562
Fra_4,83,38.60740292659577
Fra_4,84,66.80170201797714
Fra_4,85,304.5654853857712
Fra_4,86,55.976413506989026
Fra_4,87,82.43702544419513
Fra_4,88,84.27561928713608
Fra_4,89,63.25255982376643
Fra_4,90,42.00785143134096
Fra_4,91,35.355416722067375
Fra_4,92,28.406370643555476
Fra_4,93,40.250873755213775
Fra_4,94,28.237349547466888
Fra_4,95,27.99638370701256
Fra_4,96,27.75716079591924
Fra_5,1,75.72269170826654
Fra_5,2,23.360018818678572
Fra_5,3,23.358033672861836
Fra_5,4,24.99210260408022
Fra_5,5,16.373916170416223
Fra_5,6,16.373916170416223
Fra_5,7,15.080450193777862
Fra_5,8,16.346844693157486
Fra_5,9,11.470329864891227
Fra_5,10,11.470329864891227
Fra_5,11,11.47032986489123
Fra_5,12,11.47032986489123
Fra_5,13,11.47032986489123
Fra_5,14,16.373916170416223
Fra_5,15,20.867261802092926
Fra_5,16,43.20009333872264
Fra_5,17,24.893508122594994
Fra_5,18,26.172262658421296
Fra_5,19,28.70675438099239
Fra_5,20,51.95468902964082
Fra_5,21,34.06483606550658
Fra_5,22,45.44680385040762
Fra_5,23,78.89718421693988
Fra_5,24,69.4424840025439
Fra_5,25,64.7899240827164
Fra_5,26,71.22178872450475
Fra_5,27,42.0814710899711
Fra_5,28,59.68616152481609
Fra_5,29,440.8112483648428
Fra_5,30,40.68127159520082
Fra_5,31,40.68127159520082
Fra_5,32,35.83304189622345
Fra_5,33,43.21013974412257
Fra_5,34,38.13721285500021
Fra_5,35,38.13721285500021
Fra_5,36,33.991946326641106
Fra_5,37,55.22561973371708
Fra_5,38,55.225619733717096
Fra_5,39,47.66933534098344
Fra_5,40,106.50870093828827
Fra_5,41,25.626606822947956
Fra_5,42,38.13721285500021
Fra_5,43,38.13721285500021
Fra_5,44,38.13721285500021
Fra_5,45,90.68694192456235
Fra_5,46,44.938136040470276
Fra_5,47,38.13721285500021
Fra_5,48,38.13721285500021
Fra_5,49,24.50524533606554
Fra_5,50,25.626606822947956
Fra_5,51,29.520311666687647
Fra_5,52,25.626606822947956
Fra_5,53,27.567858666968483
Fra_5,54,27.567858666968483
Fra_5,55,29.520311666687647
Fra_5,56,28.23210109299189
Fra_5,57,24.550693542739772
Fra_5,58,24.463673588054647
Fra_5,59,25.394677859583876
Fra_5,60,27.567858666968483
Fra_5,61,26.647760237367333
Fra_5,62,27.37143141963349
Fra_5,63,25.327212089259053
Fra_5,64,27.404063380231566
Fra_5,65,39.8157587043496
Fra_5,66,69.71505554133992
Fra_5,67,42.09774556795603
Fra_5,68,29.520311666687647
Fra_5,69,42.09774556795603
Fra_5,70,31.977016208565132
Fra_5,71,27.567858666968483
Fra_5,72,25.394677859583876
Fra_5,73,23.795639868587507
Fra_5,74,25.394677859583876
Fra_5,75,27.52100816028981
Fra_5,76,28.484936605388295
Fra_5,77,29.1764674033417
Fra_5,78,31.2863693415858
Fra_5,79,34.05506504987427
Fra_5,80,69.71505554133992
Fra_5,81,28.85332847039365
Fra_5,82,31.124953737502235
Fra_5,83,46.69458166223301
Fra_5,84,87.82918635879301
Fra_5,85,332.6425122365713
Fra_5,86,65.45319574898416
Fra_5,87,89.98574066389827
Fra_5,88,91.994250722802
Fra_5,89,80.80079742531716
Fra_5,90,52.36538285053304
Fra_5,91,41.27295165124892
Fra_5,92,29.673123701394896
Fra_5,93,43.6712205330027
Fra_5,94,29.27472856437394
Fra_5,95,28.70675438099239
Fra_5,96,28.39899598910136
Fra_6,1,75.85924833918477
Fra_6,2,23.56822714466733
Fra_6,3,23.56610093211566
Fra_6,4,25.031104791862873
Fra_6,5,16.489394004269528
Fra_6,6,16.489394004269528
Fra_6,7,15.174371859894084
Fra_6,8,16.369222131727557
Fra_6,9,11.482621069642851
Fra_6,10,11.482621069642851
Fra_6,11,11.482621069642855
Fra_6,12,11.482621069642855
Fra_6,13,11.482621069642855
Fra_6,14,16.489394004269528
Fra_6,15,20.89833196001812
Fra_6,16,43.27410932051205
Fra_6,17,24.932320714122067
Fra_6,18,26.21353428282878
Fra_6,19,28.752899809016053
Fra_6,20,52.30476873275265
Fra_6,21,34.21408216638397
Fra_6,22,45.79963557309382
Fra_6,23,79.61136001096199
Fra_6,24,70.22026458655505
Fra_6,25,64.94077865947754
Fra_6,26,70.93929447340173
Fra_6,27,42.374108180624
Fra_6,28,59.44850370344317
Fra_6,29,439.06190579920485
Fra_6,30,40.5257806213935
Fra_6,31,40.5257806213935
Fra_6,32,35.66946112365761
Fra_6,33,43.04149351810804
Fra_6,34,37.97747684238163
Fra_6,35,37.97747684238163
Fra_6,36,34.033737162830285
Fra_6,37,54.97355032909222
Fra_6,38,54.973550329092234
Fra_6,39,47.47838426328759
Fra_6,40,106.08905426950761
Fra_6,41,25.886090571103487
Fra_6,42,37.97747684238163
Fra_6,43,37.97747684238163
Fra_6,44,37.97747684238163
Fra_6,45,90.32879093121792
Fra_6,46,44.76050072299154
Fra_6,47,37.97747684238163
Fra_6,48,37.97747684238163
Fra_6,49,24.753374671065096
Fra_6,50,25.886090571103487
Fra_6,51,29.81922135734292
Fra_6,52,25.886090571103487
Fra_6,53,27.846998677386143
Fra_6,54,27.846998677386143
Fra_6,55,29.81922135734292
Fra_6,56,28.517966930031047
Fra_6,57,24.793131858258263
Fra_6,58,24.71169819260941
Fra_6,59,25.650409028320336
Fra_6,60,27.846998677386143
Fra_6,61,26.927621653448824
Fra_6,62,27.647006015613822
Fra_6,63,25.580445553700685
Fra_6,64,27.67871488216107
Fra_6,65,40.210779080898064
Fra_6,66,70.50196572954994
Fra_6,67,42.533457523739145
Fra_6,68,29.81922135734292
Fra_6,69,42.533457523739145
Fra_6,70,32.15166310221796
Fra_6,71,27.846998677386143
Fra_6,72,25.650409028320336
Fra_6,73,24.03480392521402
Fra_6,74,25.650409028320336
Fra_6,75,27.575189674813032
Fra_6,76,28.565177320059853
Fra_6,77,29.236887106320168
Fra_6,78,31.398756831260865
Fra_6,79,34.23825621250009
Fra_6,80,70.50196572954994
Fra_6,81,28.907121945705935
Fra_6,82,31.220488173090803
Fra_6,83,47.069563401497376
Fra_6,84,88.7469805258158
Fra_6,85,331.3439334937594
Fra_6,86,65.5637887275049
Fra_6,87,89.63031508465627
Fra_6,88,91.63101850950713
Fra_6,89,81.59154281873845
Fra_6,90,52.84166117404856
Fra_6,91,41.55112701298222
Fra_6,92,29.743816646144104
Fra_6,93,43.84368152492196
Fra_6,94,29.335301556965188
Fra_6,95,28.752899809016053
Fra_6,96,28.440689376504455
Fra_7,1,73.62051539099288
Fra_7,2,18.799005832987373
Fra_7,3,18.800272019653747
Fra_7,4,24.391696201789568
Fra_7,5,13.864228400475058
Fra_7,6,13.864228400475058
Fra_7,7,13.052614507641842
Fra_7,8,16.002362546176165
Fra_7,9,11.286876269987637
Fra_7,10,11.286876269987637
Fra_7,11,11.28687626998764
Fra_7,12,11.28687626998764
Fra_7,13,11.28687626998764
Fra_7,14,13.864228400475058
Fra_7,15,20.388962434825995
Fra_7,16,42.06067855548419
Fra_7,17,24.29602039774713
Fra_7,18,25.536920157501193
Fra_7,19,27.99638370701256
Fra_7,20,44.52617498996214
Fra_7,21,31.03728997388626
Fra_7,22,37.85582374381258
Fra_7,23,62.295177297992154
Fra_7,24,52.25731525423119
Fra_7,25,54.962241747725514
Fra_7,26,65.26046894547399
Fra_7,27,35.83977208141761
Fra_7,28,54.70073435525432
Fra_7,29,403.7601472119635
Fra_7,30,37.21398675179618
Fra_7,31,37.21398675179618
Fra_7,32,33.08265535312705
Fra_7,33,39.5648417844348
Fra_7,34,35.046113031690396
Fra_7,35,35.04611303169039
Fra_7,36,29.256059052965483
Fra_7,37,50.97535315376772
Fra_7,38,50.97535315376773
Fra_7,39,43.70050932011276
Fra_7,40,97.56217400542874
Fra_7,41,19.5945471840025
Fra_7,42,35.046113031690396
Fra_7,43,35.04611303169039
Fra_7,44,35.04611303169039
Fra_7,45,83.07890638215892
Fra_7,46,41.171200261994
Fra_7,47,35.04611303169039
Fra_7,48,35.04611303169039
Fra_7,49,18.737134779900494
Fra_7,50,19.5945471840025
Fra_7,51,22.571741309169163
Fra_7,52,19.5945471840025
Fra_7,53,21.07886194781392
Fra_7,54,21.07886194781392
Fra_7,55,22.571741309169163
Fra_7,56,21.586753205062884
Fra_7,57,18.9259958432729
Fra_7,58,18.92349811880183
Fra_7,59,19.44985213419419
Fra_7,60,21.07886194781392
Fra_7,61,20.278102510980446
Fra_7,62,20.961725035052503
Fra_7,63,19.433113701892477
Fra_7,64,21.01295894536996
Fra_7,65,30.61441974786274
Fra_7,66,52.39407379150694
Fra_7,67,32.08237354373459
Fra_7,68,22.571741309169163
Fra_7,69,32.08237354373459
Fra_7,70,27.91710692423114
Fra_7,71,21.07886194781392
Fra_7,72,19.44985213419419
Fra_7,73,18.521153415124648
Fra_7,74,19.44985213419419
Fra_7,75,26.261483703534356
Fra_7,76,26.61962989615914
Fra_7,77,28.130276677177942
Fra_7,78,29.074610806075725
Fra_7,79,30.23851946081099
Fra_7,80,52.39407379150694
Fra_7,81,27.9426507006114
Fra_7,82,29.303381586444555
Fra_7,83,38.60740292659569
Fra_7,84,66.80170201797691
Fra_7,85,304.56548538577016
Fra_7,86,55.976413506988834
Fra_7,87,82.43702544419484
Fra_7,88,84.2756192871358
Fra_7,89,63.25255982376625
Fra_7,90,42.00785143134085
Fra_7,91,35.35541672206732
Fra_7,92,28.40637064355547
Fra_7,93,40.25087375521376
Fra_7,94,28.237349547466884
Fra_7,95,27.99638370701256
Fra_7,96,27.75716079591924
Fra_8,1,77.53293043146746
Fra_8,2,25.374084784626444
Fra_8,3,25.370823709937458
Fra_8,4,25.509128179030032
Fra_8,5,17.501958637690027
Fra_8,6,17.501958637690027
Fra_8,7,16.00527853257328
Fra_8,8,16.64348723298294
Fra_8,9,11.692421469548744
Fra_8,10,11.692421469548744
Fra_8,11,11.692421469548748
Fra_8,12,11.692421469548748
Fra_8,13,11.692421469548748
Fra_8,14,17.501958637690027
Fra_8,15,21.279137832088363
Fra_8,16,44.18127305493258
Fra_8,17,25.40802034845793
Fra_8,18,26.71937261690114
Fra_8,19,29.31847305144739
Fra_8,20,55.47336130528052
Fra_8,21,35.64160893097284
Fra_8,22,48.93587470534322
Fra_8,23,85.27891954045253
Fra_8,24,76.88526538778584
Fra_8,25,65.13374660439763
Fra_8,26,66.43785343271158
Fra_8,27,45.005128372025645
Fra_8,28,55.66262841733997
Fra_8,29,410.47112394309266
Fra_8,30,38.00609422484608
Fra_8,31,38.00609422484608
Fra_8,32,33.025297323066845
Fra_8,33,40.329951760937114
Fra_8,34,35.3924722065229
Fra_8,35,35.3924722065229
Fra_8,36,33.592160059053654
Fra_8,37,50.99696475731792
Fra_8,38,50.99696475731793
Fra_8,39,44.437923955245246
Fra_8,40,99.39873302939662
Fra_8,41,27.945302885377565
Fra_8,42,35.3924722065229
Fra_8,43,35.3924722065229
Fra_8,44,35.3924722065229
Fra_8,45,84.61990821469713
Fra_8,46,41.91786262822262
Fra_8,47,35.3924722065229
Fra_8,48,35.3924722065229
Fra_8,49,26.722480581534153
Fra_8,50,27.945302885377565
Fra_8,51,32.19131024625572
Fra_8,52,27.945302885377565
Fra_8,53,30.062199247535546
Fra_8,54,30.062199247535546
Fra_8,55,32.19131024625572
Fra_8,56,30.78654234581572
Fra_8,57,26.72319196680653
Fra_8,58,26.804049933732657
Fra_8,59,27.679841605693838
Fra_8,60,30.062199247535546
Fra_8,61,29.451204902586337
Fra_8,62,30.05442992542672
Fra_8,63,28.040294702789303
Fra_8,64,30.254154370627973
Fra_8,65,44.48371446947951
Fra_8,66,77.28146432180272
Fra_8,67,46.053554639835006
Fra_8,68,32.19131024625572
Fra_8,69,46.053554639835006
Fra_8,70,33.537626718883686
Fra_8,71,30.062199247535546
Fra_8,72,27.679841605693838
Fra_8,73,26.08969608525349
Fra_8,74,27.679841605693838
Fra_8,75,28.005163585338497
Fra_8,76,29.201951950195014
Fra_8,77,30.116786476096575
Fra_8,78,32.64810071053171
Fra_8,79,36.16282044739299
Fra_8,80,77.28146432180272
Fra_8,81,29.73502525305699
Fra_8,82,32.52053355617615
Fra_8,83,50.440078498792936
Fra_8,84,96.52021036390028
Fra_8,85,310.62632023751564
Fra_8,86,65.31921897288521
Fra_8,87,83.96492853878304
Fra_8,88,85.84104220435894
Fra_8,89,88.62182556258573
Fra_8,90,57.10116478642012
Fra_8,91,44.06076861760986
Fra_8,92,30.51203973200354
Fra_8,93,46.108350971968605
Fra_8,94,30.019980276881604
Fra_8,95,29.31847305144739
Fra_8,96,28.951696973820983
Fra_9,1,73.6719932886595
Fra_9,2,18.94717496354078
Fra_9,3,18.94833248088735
Fra_9,4,24.40639889779158
Fra_9,5,13.945380555601187
Fra_9,6,13.945380555601187
Fra_9,7,13.117930890674696
Fra_9,8,16.010798192874574
Fra_9,9,11.291442767128338
Fra_9,10,11.291442767128338
Fra_9,11,11.291442767128341
Fra_9,12,11.291442767128341
Fra_9,13,11.291442767128341
Fra_9,14,13.945380555601187
Fra_9,15,20.400674985138668
Fra_9,16,42.08858043846585
Fra_9,17,24.310651621448038
Fra_9,18,25.552478365429266
Fra_9,19,28.01377919784747
Fra_9,20,44.76295361482424
Fra_9,21,31.131070223868235
Fra_9,22,38.099812244875324
Fra_9,23,62.8526101066384
Fra_9,24,52.81837425367978
Fra_9,25,55.5037579686088
Fra_9,26,65.8691435169024
Fra_9,27,36.03934816120109
Fra_9,28,55.21066454839927
Fra_9,29,407.53260951993
Fra_9,30,37.56099010809344
Fra_9,31,37.56099010809344
Fra_9,32,33.38211942309378
Fra_9,33,39.93359069553746
Fra_9,34,35.36817063574379
Fra_9,35,35.36817063574379
Fra_9,36,29.534050426814417
Fra_9,37,51.44161315036414
Fra_9,38,51.441613150364155
Fra_9,39,44.1075760963041
Fra_9,40,98.47290273895658
Fra_9,41,19.797081007947696
Fra_9,42,35.36817063574379
Fra_9,43,35.36817063574379
Fra_9,44,35.36817063574379
Fra_9,45,83.854201668496
Fra_9,46,41.554808088608645
Fra_9,47,35.36817063574379
Fra_9,48,35.36817063574379
Fra_9,49,18.930806188640574
Fra_9,50,19.797081007947696
Fra_9,51,22.805048108122904
Fra_9,52,19.797081007947696
Fra_9,53,21.296737996421413
Fra_9,54,21.296737996421413
Fra_9,55,22.805048108122904
Fra_9,56,21.809878936529238
Fra_9,57,19.114653907372766
Fra_9,58,19.105498460639108
Fra_9,59,19.649456972163172
Fra_9,60,21.296737996421413
Fra_9,61,20.490478357428174
Fra_9,62,21.17791313725449
Fra_9,63,19.633004614392913
Fra_9,64,21.229297182002764
Fra_9,65,30.928394681887966
Fra_9,66,52.95833131038564
Fra_9,67,32.41663224269385
Fra_9,68,22.805048108122904
Fra_9,69,32.41663224269385
Fra_9,70,28.053423373577534
Fra_9,71,21.296737996421413
Fra_9,72,19.649456972163172
Fra_9,73,18.693168976900967
Fra_9,74,19.649456972163172
Fra_9,75,26.303773786830643
Fra_9,76,26.682259863908737
Fra_9,77,28.159850475187604
Fra_9,78,29.142291373362347
Fra_9,79,30.35972075123213
Fra_9,80,52.95833131038564
Fra_9,81,27.96804862307831
Fra_9,82,29.35874763167933
Fra_9,83,38.86791577331947
Fra_9,84,67.51505011639503
Fra_9,85,307.41190796749385
Fra_9,86,56.5247240972421
Fra_9,87,83.20631848363739
Fra_9,88,85.06210506986046
Fra_9,89,63.83188490794011
Fra_9,90,42.34324807328634
Fra_9,91,35.5443227408253
Fra_9,92,28.442193302554085
Fra_9,93,40.35756676544308
Fra_9,94,28.265575427438588
Fra_9,95,28.01377919784747
Fra_9,96,27.7728779962901
Fra_10,1,76.1692317203816
Fra_10,2,24.029088010850415
Fra_10,3,24.026650951621665
Fra_10,4,25.11963970929342
Fra_10,5,16.745172997958406
Fra_10,6,16.745172997958406
Fra_10,7,15.382520852238924
Fra_10,8,16.420018889262007
Fra_10,9,11.510796781912438
Fra_10,10,11.510796781912438
Fra_10,11,11.510796781912441
Fra_10,12,11.510796781912441
Fra_10,13,11.510796781912441
Fra_10,14,16.745172997958406
Fra_10,15,20.968861179604225
Fra_10,16,43.44212550649591
Fra_10,17,25.020425248289847
Fra_10,18,26.30722081855604
Fra_10,19,28.857649872849386
Fra_10,20,53.08174294314947
Fra_10,21,34.54653224213884
Fra_10,22,46.581814097948396
Fra_10,23,81.18384839754945
Fra_10,24,71.94057383978635
Fra_10,25,65.23448448374346
Fra_10,26,70.23929526850367
Fra_10,27,43.02331445396129
Fra_10,28,58.859762643809326
Fra_10,29,434.7233253983688
Fra_10,30,40.13927153455382
Fra_10,31,40.13927153455382
Fra_10,32,35.26739818259246
Fra_10,33,42.62300547341618
Fra_10,34,37.5828060302849
Fra_10,35,37.58280603028489
Fra_10,36,34.1016911063923
Fra_10,37,54.35458222142897
Fra_10,38,54.354582221428984
Fra_10,39,47.005542388850344
Fra_10,40,105.04872190915593
Fra_10,41,26.457427745925354
Fra_10,42,37.5828060302849
Fra_10,43,37.58280603028489
Fra_10,44,37.58280603028489
Fra_10,45,89.4410553505829
Fra_10,46,44.320161194760225
Fra_10,47,37.58280603028489
Fra_10,48,37.58280603028489
Fra_10,49,25.29971144266168
Fra_10,50,26.457427745925354
Fra_10,51,30.477367462445027
Fra_10,52,26.457427745925354
Fra_10,53,28.461615454218656
Fra_10,54,28.461615454218656
Fra_10,55,30.477367462445027
Fra_10,56,29.14739278376176
Fra_10,57,25.327034538936044
Fra_10,58,25.259762254704185
Fra_10,59,26.21348368905865
Fra_10,60,28.461615454218656
Fra_10,61,27.54592267788385
Fra_10,62,28.25463411670198
Fra_10,63,26.13978014186629
Fra_10,64,28.28499568772318
Fra_10,65,41.08499142557538
Fra_10,66,72.24304023808517
Fra_10,67,43.49380215467626
Fra_10,68,30.477367462445027
Fra_10,69,43.49380215467626
Fra_10,70,32.53620457550982
Fra_10,71,28.461615454218656
Fra_10,72,26.21348368905865
Fra_10,73,24.56387708829244
Fra_10,74,26.21348368905865
Fra_10,75,27.694487756697963
Fra_10,76,28.741853137146695
Fra_10,77,29.373847586167535
Fra_10,78,31.65024386523261
Fra_10,79,34.64636158434751
Fra_10,80,72.24304023808517
Fra_10,81,29.029375088224796
Fra_10,82,31.435597723393954
Fra_10,83,47.900868226673914
Fra_10,84,90.77260185930167
Fra_10,85,328.12259892251325
Fra_10,86,65.76512030812759
Fra_10,87,88.74934240909506
Fra_10,88,90.73067427312571
Fra_10,89,83.34132767011148
Fra_10,90,53.89689130503214
Fra_10,91,42.168386772314626
Fra_10,92,29.902739786334813
Fra_10,93,44.23081779349043
Fra_10,94,29.471891320337544
Fra_10,95,28.857649872849386
Fra_10,96,28.535333313703664
Fra_11,1,77.20063626381378
Fra_11,2,25.18553376472184
Fra_11,3,25.182362635954664
Fra_11,4,25.414221037291387
Fra_11,5,17.392697847395763
Fra_11,6,17.392697847395763
Fra_11,7,15.913276447115154
Fra_11,8,16.58903442264438
Fra_11,9,11.633669957678269
Fra_11,10,11.633669957678269
Fra_11,11,11.633669957678272
Fra_11,12,11.633669957678272
Fra_11,13,11.633669957678272
Fra_11,14,17.392697847395763
Fra_11,15,21.203532332764034
Fra_11,16,44.001164048900414
Fra_11,17,25.31357456644612
Fra_11,18,26.618943073582876
Fra_11,19,29.206183692131493
Fra_11,20,55.099946548871486
Fra_11,21,35.44971346473695
Fra_11,22,48.583941062262
Fra_11,23,84.85676214792404
Fra_11,24,76.21542915442258
Fra_11,25,65.35903999995338
Fra_11,26,67.35532296167669
Fra_11,27,44.7005135871275
Fra_11,28,56.434706558289555
Fra_11,29,416.49841109450824
Fra_11,30,38.52622091406209
Fra_11,31,38.52622091406209
Fra_11,32,33.592056341045904
Fra_11,33,40.886929141912574
Fra_11,34,35.93706873131427
Fra_11,35,35.93706873131427
Fra_11,36,33.83748580407665
Fra_11,37,51.823745182359616
Fra_11,38,51.82374518235963
Fra_11,39,45.05854582874058
Fra_11,40,100.760947612682
Fra_11,41,27.791919105863094
Fra_11,42,35.93706873131427
Fra_11,43,35.93706873131427
Fra_11,44,35.93706873131427
Fra_11,45,85.78271036344105
Fra_11,46,42.50002038837496
Fra_11,47,35.93706873131427
Fra_11,48,35.93706873131427
Fra_11,49,26.575808524107916
Fra_11,50,27.791919105863094
Fra_11,51,32.0146213460371
Fra_11,52,27.791919105863094
Fra_11,53,29.8971964289933
Fra_11,54,29.8971964289933
Fra_11,55,32.0146213460371
Fra_11,56,30.617563815056826
Fra_11,57,26.57727563978893
Fra_11,58,26.604533376392503
Fra_11,59,27.52867601833328
Fra_11,60,29.8971964289933
Fra_11,61,29.142001603245077
Fra_11,62,29.783125830130146
Fra_11,63,27.66926391261569
Fra_11,64,29.8971964289933
Fra_11,65,43.69069646019594
Fra_11,66,76.58830262139097
Fra_11,67,45.76940487483657
Fra_11,68,32.0146213460371
Fra_11,69,45.76940487483657
Fra_11,70,33.43439096396899
Fra_11,71,29.8971964289933
Fra_11,72,27.52867601833328
Fra_11,73,25.881407302730896
Fra_11,74,27.52867601833328
Fra_11,75,27.97313627905645
Fra_11,76,29.154520755853362
Fra_11,77,29.8971964289933
Fra_11,78,32.42039866006316
Fra_11,79,35.83907703743552
Fra_11,80,76.58830262139097
Fra_11,81,29.51840441908612
Fra_11,82,32.21216937428128
Fra_11,83,50.04699284897925
Fra_11,84,95.75411576456553
Fra_11,85,314.83865368584077
Fra_11,86,65.609267010301
Fra_11,87,85.11889296914362
Fra_11,88,87.0203212587319
Fra_11,89,87.81524442502476
Fra_11,90,56.60940807763913
Fra_11,91,43.767522163685975
Fra_11,92,30.3818947164159
Fra_11,93,45.58735463612525
Fra_11,94,29.8971964289933
Fra_11,95,29.206183692131493
Fra_11,96,28.850241120885727
Fra_12,1,82.22089340313153
Fra_12,2,26.922972757588227
Fra_12,3,26.9193276313074
Fra_12,4,26.848065811787222
Fra_12,5,18.443480889888757
Fra_12,6,18.443480889888757
Fra_12,7,16.826260651885313
Fra_12,8,17.411700411001323
Fra_12,9,12.331045203173412
Fra_12,10,12.331045203173412
Fra_12,11,12.331045203173415
Fra_12,12,12.331045203173415
Fra_12,13,12.331045203173415
Fra_12,14,18.443480889888757
Fra_12,15,22.345770399819756
Fra_12,16,46.72222752639956
Fra_12,17,26.740449178092568
Fra_12,18,28.136219574106285
Fra_12,19,30.902636752850167
Fra_12,20,59.070111067574864
Fra_12,21,37.75055006513123
Fra_12,22,52.131142526052784
Fra_12,23,86.63871922995531
Fra_12,24,82.06381379775277
Fra_12,25,64.1330262582128
Fra_12,26,60.64611402723395
Fra_12,27,47.87919946683717
Fra_12,28,50.759979486344704
Fra_12,29,379.65489612692403
Fra_12,30,34.65551244760771
Fra_12,31,34.65551244760771
Fra_12,32,28.3196515085422
Fra_12,33,36.74947526421067
Fra_12,34,31.330834493069958
Fra_12,35,31.33083449306996
Fra_12,36,31.14748845484254
Fra_12,37,44.744940994928264
Fra_12,38,44.74494099492828
Fra_12,39,40.461453159916864
Fra_12,40,90.88730990147545
Fra_12,41,28.439363203756237
Fra_12,42,31.330834493069958
Fra_12,43,31.330834493069958
Fra_12,44,31.330834493069958
Fra_12,45,77.32792248581386
Fra_12,46,38.18029718876316
Fra_12,47,31.33083449306996
Fra_12,48,31.33083449306996
Fra_12,49,27.194921954531008
Fra_12,50,28.439363203756237
Fra_12,51,32.76043805476532
Fra_12,52,28.439363203756237
Fra_12,53,30.59368533635415
Fra_12,54,30.59368533635415
Fra_12,55,32.76043805476532
Fra_12,56,31.33083449306996
Fra_12,57,27.2307062141958
Fra_12,58,28.207498306995923
Fra_12,59,28.166756965686073
Fra_12,60,30.59368533635415
Fra_12,61,31.33083449306996
Fra_12,62,31.330834493069965
Fra_12,63,30.05723767452664
Fra_12,64,32.126508848014005
Fra_12,65,49.115530215999335
Fra_12,66,82.79296163340692
Fra_12,67,47.35126340992646
Fra_12,68,32.76043805476532
Fra_12,69,47.35126340992646
Fra_12,70,33.87015659983116
Fra_12,71,30.59368533635415
Fra_12,72,28.166756965686073
Fra_12,73,27.72286046564405
Fra_12,74,28.166756965686073
Fra_12,75,28.108325870089896
Fra_12,76,29.35473127961105
Fra_12,77,32.411860760927475
Fra_12,78,34.98903821693539
Fra_12,79,39.120943661699506
Fra_12,80,82.79296163340692
Fra_12,81,31.97813289652708
Fra_12,82,35.46128981348269
Fra_12,83,53.920851550281185
Fra_12,84,102.75288739333078
Fra_12,85,284.6859863010758
Fra_12,86,63.87099669778303
Fra_12,87,76.72698680341304
Fra_12,88,78.44829768884001
Fra_12,89,95.28188289769781
Fra_12,90,61.25665721551593
Fra_12,91,46.857672366714745
Fra_12,92,32.20182361401084
Fra_12,93,50.838992951103165
Fra_12,94,31.666221213727326
Fra_12,95,30.902636752850167
Fra_12,96,30.383022973845048
Fra_13,1,78.81907889605529
Fra_13,2,26.017239510466244
Fra_13,3,26.013699291529356
Fra_13,4,25.876467381783645
Fra_13,5,17.878080261828458
Fra_13,6,17.878080261828458
Fra_13,7,16.324185665697755
Fra_13,8,16.85424747263427
Fra_13,9,11.615075902623209
Fra_13,10,11.615075902623209
Fra_13,11,11.615075902623213
Fra_13,12,11.615075902623213
Fra_13,13,11.615075902623213
Fra_13,14,17.878080261828458
Fra_13,15,21.5717698019992
Fra_13,16,44.8783870705121
Fra_13,17,25.77357385298974
Fra_13,18,27.10808633959475
Fra_13,19,29.753090330749774
Fra_13,20,56.78835838401644
Fra_13,21,36.337695310944994
Fra_13,22,50.160054657538836
Fra_13,23,86.55455296018398
Fra_13,24,79.1448451107539
Fra_13,25,64.37501611710054
Fra_13,26,63.338512247992654
Fra_13,27,46.073165675360734
Fra_13,28,53.05257450622449
Fra_13,29,392.77664599444245
Fra_13,30,36.24416344908256
Fra_13,31,36.24416344908256
Fra_13,32,31.036543757483898
Fra_13,33,38.44391552724994
Fra_13,34,33.51151850141293
Fra_13,35,33.51151850141293
Fra_13,36,32.69220886553545
Fra_13,37,48.136922468223176
Fra_13,38,48.13692246822319
Fra_13,39,42.337567524732535
Fra_13,40,94.8026863104149
Fra_13,41,28.40878280698091
Fra_13,42,33.51151850141293
Fra_13,43,33.51151850141293
Fra_13,44,33.51151850141293
Fra_13,45,80.69494640487802
Fra_13,46,39.9470241197549
Fra_13,47,33.51151850141293
Fra_13,48,33.51151850141293
Fra_13,49,27.165679685719102
Fra_13,50,28.40878280698091
Fra_13,51,32.725211274648245
Fra_13,52,28.40878280698091
Fra_13,53,30.56078843111396
Fra_13,54,30.56078843111396
Fra_13,55,32.725211274648245
Fra_13,56,31.29714494301795
Fra_13,57,27.167031797783086
Fra_13,58,27.46624589345682
Fra_13,59,28.136618813823507
Fra_13,60,30.56078843111396
Fra_13,61,29.274989418026994
Fra_13,62,29.753480362809263
Fra_13,63,26.873170517682286
Fra_13,64,29.32087968693611
Fra_13,65,41.09559354656467
Fra_13,66,79.63162775675636
Fra_13,67,46.94198809514009
Fra_13,68,32.725211274648245
Fra_13,69,46.94198809514009
Fra_13,70,33.84957430386294
Fra_13,71,30.56078843111396
Fra_13,72,28.136618813823507
Fra_13,73,26.794106316519127
Fra_13,74,28.136618813823507
Fra_13,75,28.101940529105015
Fra_13,76,29.345274838081924
Fra_13,77,29.85165480540993
Fra_13,78,32.75256511984684
Fra_13,79,36.11183465378156
Fra_13,80,79.63162775675636
Fra_13,81,29.401792822372613
Fra_13,82,31.935626858165463
Fra_13,83,51.55092349028275
Fra_13,84,99.1213476954468
Fra_13,85,296.4387364408897
Fra_13,86,64.34153331177075
Fra_13,87,80.06970840205535
Fra_13,88,81.86063047867694
Fra_13,89,90.38188238875726
Fra_13,90,58.33777585022576
Fra_13,91,45.09129273107515
Fra_13,92,31.004362130705392
Fra_13,93,44.95812964466732
Fra_13,94,30.488513179720336
Fra_13,95,29.753090330749774
Fra_13,96,29.344383039897597
Fra_14,1,76.94508465396417
Fra_14,2,25.016403895508244
Fra_14,3,25.013321151596745
Fra_14,4,25.3412324770985
Fra_14,5,17.295645962832435
Fra_14,6,17.295645962832435
Fra_14,7,15.832166607715521
Fra_14,8,16.547157361000146
Fra_14,9,11.588085465834018
Fra_14,10,11.588085465834018
Fra_14,11,11.588085465834022
Fra_14,12,11.588085465834022
Fra_14,13,11.588085465834022
Fra_14,14,17.295645962832435
Fra_14,15,21.14538774598949
Fra_14,16,43.86265079492148
Fra_14,17,25.240940816034417
Fra_14,18,26.541707497488776
Fra_14,19,29.119827296697956
Fra_14,20,54.776485023023795
Fra_14,21,35.28914635146369
Fra_14,22,48.27486266282881
Fra_14,23,84.4323195346058
Fra_14,24,75.60755429810729
Fra_14,25,65.4072769518917
Fra_14,26,67.89341444362297
Fra_14,27,44.435345863427514
Fra_14,28,56.888044493016395
Fra_14,29,420.0994032458099
Fra_14,30,38.83093268164607
Fra_14,31,38.83093268164607
Fra_14,32,33.941961106186056
Fra_14,33,41.21382585740568
Fra_14,34,36.26549506020563
Fra_14,35,36.26549506020563
Fra_14,36,33.95780513239829
Fra_14,37,52.32726421653981
Fra_14,38,52.327264216539824
Fra_14,39,45.423594793325705
Fra_14,40,101.55829599750562
Fra_14,41,27.63770502985741
Fra_14,42,36.26549506020563
Fra_14,43,36.26549506020563
Fra_14,44,36.26549506020563
Fra_14,45,86.46381450974589
Fra_14,46,42.84207626028276
Fra_14,47,36.26549506020563
Fra_14,48,36.26549506020563
Fra_14,49,26.428342502058914
Fra_14,50,27.63770502985741
Fra_14,51,31.836975994136612
Fra_14,52,27.63770502985741
Fra_14,53,29.731300417822016
Fra_14,54,29.731300417822016
Fra_14,55,31.836975994136612
Fra_14,56,30.447670570358657
Fra_14,57,26.431383748216856
Fra_14,58,26.42045416223101
Fra_14,59,27.376692141990823
Fra_14,60,29.731300417822016
Fra_14,61,28.865478576350508
Fra_14,62,29.533909935307445
Fra_14,63,27.344321343972297
Fra_14,64,29.580593846218644
Fra_14,65,43.01496658089611
Fra_14,66,75.96257341608796
Fra_14,67,45.49202005839313
Fra_14,68,31.836975994136612
Fra_14,69,45.49202005839313
Fra_14,70,33.330596373658885
Fra_14,71,29.731300417822016
Fra_14,72,27.376692141990823
Fra_14,73,25.692882231763235
Fra_14,74,27.376692141990823
Fra_14,75,27.940935602681996
Fra_14,76,29.106832807151104
Fra_14,77,29.7244251836657
Fra_14,78,32.235481494741904
Fra_14,79,35.57032226741022
Fra_14,80,75.96257341608796
Fra_14,81,29.34841581909913
Fra_14,82,31.96587702840402
Fra_14,83,49.703070677534164
Fra_14,84,95.04330085089393
Fra_14,85,317.2974325522507
Fra_14,86,65.70322132045074
Fra_14,87,85.79484531111851
Fra_14,88,87.71103034944453
Fra_14,89,87.09793416779874
Fra_14,90,56.1766041560502
Fra_14,91,43.512903956906015
Fra_14,92,30.278630423179077
Fra_14,93,45.167911376720255
Fra_14,94,29.80090258082325
Fra_14,95,29.119827296697956
Fra_14,96,28.772216258970932
Fra_15,1,76.93723906480128
Fra_15,2,25.048808347102863
Fra_15,3,25.045698375830938
Fra_15,4,25.33899168410486
Fra_15,5,17.31296483152676
Fra_15,6,17.31296483152676
Fra_15,7,15.845815053586703
Fra_15,8,16.54587170985045
Fra_15,9,11.585137884704377
Fra_15,10,11.585137884704377
Fra_15,11,11.58513788470438
Fra_15,12,11.58513788470438
Fra_15,13,11.58513788470438
Fra_15,14,17.31296483152676
Fra_15,15,21.14360267196805
Fra_15,16,43.85839835415237
Fra_15,17,25.238710915915902
Fra_15,18,26.539336318535334
Fra_15,19,29.117176103067994
Fra_15,20,54.82310509551581
Fra_15,21,35.30446046408417
Fra_15,22,48.32525470722332
Fra_15,23,84.57479491077288
Fra_15,24,75.73341763135574
Fra_15,25,65.50244533299185
Fra_15,26,67.98146859352188
Fra_15,27,44.47536633454064
Fra_15,28,56.96202378155867
Fra_15,29,420.67369671743194
Fra_15,30,38.88202778045402
Fra_15,31,38.88202778045402
Fra_15,32,33.99426711638445
Fra_15,33,41.26788461343452
Fra_15,34,36.317225572328894
Fra_15,35,36.317225572328894
Fra_15,36,34.01493592387917
Fra_15,37,52.402267091604166
Fra_15,38,52.40226709160418
Fra_15,39,45.482912099510514
Fra_15,40,101.68940445112943
Fra_15,41,27.68947105852592
Fra_15,42,36.317225572328894
Fra_15,43,36.317225572328894
Fra_15,44,36.317225572328894
Fra_15,45,86.57561850244345
Fra_15,46,42.89816010753809
Fra_15,47,36.317225572328894
Fra_15,48,36.317225572328894
Fra_15,49,26.47784336814547
Fra_15,50,27.68947105852592
Fra_15,51,31.89660734957118
Fra_15,52,27.68947105852592
Fra_15,53,29.786987796644475
Fra_15,54,29.786987796644475
Fra_15,55,31.89660734957118
Fra_15,56,30.504699726214103
Fra_15,57,26.479385487037217
Fra_15,58,26.46255504782063
Fra_15,59,27.427709545224527
Fra_15,60,29.786987796644475
Fra_15,61,28.908504052953337
Fra_15,62,29.580845006271307
Fra_15,63,27.3784228663716
Fra_15,64,29.620951077947925
Fra_15,65,43.05227053579182
Fra_15,66,76.08775745543248
Fra_15,67,45.575233559538205
Fra_15,68,31.89660734957118
Fra_15,69,45.575233559538205
Fra_15,70,33.36543776996197
Fra_15,71,29.786987796644475
Fra_15,72,27.427709545224527
Fra_15,73,25.731261464271384
Fra_15,74,27.427709545224527
Fra_15,75,27.95174461039076
Fra_15,76,29.12284052696244
Fra_15,77,29.71729959869582
Fra_15,78,32.23976544668429
Fra_15,79,35.584059179034185
Fra_15,80,76.08775745543248
Fra_15,81,29.340179157608063
Fra_15,82,31.960055440113617
Fra_15,83,49.75550178610713
Fra_15,84,95.19796155103607
Fra_15,85,317.7044516249483
Fra_15,86,65.79781824997511
Fra_15,87,85.90579375341069
Fra_15,88,87.82442941710134
Fra_15,89,87.21537187073353
Fra_15,90,56.24506306057035
Fra_15,91,43.55043266295307
Fra_15,92,30.280409777171627
Fra_15,93,45.16207260717629
Fra_15,94,29.80085539853212
Fra_15,95,29.117176103067994
Fra_15,96,28.76982084846487
Fra_16,1,76.40000918524535
Fra_16,2,24.59495011546027
Fra_16,3,24.59210423857093
Fra_16,4,25.185552480867358
Fra_16,5,17.055863033948388
Fra_16,6,17.055863033948388
Fra_16,7,15.633104282407702
Fra_16,8,16.457836229281455
Fra_16,9,11.529234210969802
Fra_16,10,11.529234210969802
Fra_16,11,11.529234210969806
Fra_16,12,11.529234210969806
Fra_16,13,11.529234210969806
Fra_16,14,17.055863033948388
Fra_16,15,21.021369008998363
Fra_16,16,43.56721075883339
Fra_16,17,25.086017606692224
Fra_16,18,26.37696888415726
Fra_16,19,28.935634550874507
Fra_16,20,53.99524559904103
Fra_16,21,34.91397793482664
Fra_16,22,47.51892369227427
Fra_16,23,83.27590298891451
Fra_16,24,74.077619480996
Fra_16,25,66.45616820029107
Fra_16,26,70.98106234594707
Fra_16,27,43.79199020390712
Fra_16,28,59.4804489589547
Fra_16,29,439.35651559719406
Fra_16,30,40.571603452356
Fra_16,31,40.571603452356
Fra_16,32,35.62349979022179
Fra_16,33,43.07742208991933
Fra_16,34,37.975136875756625
Fra_16,35,37.975136875756625
Fra_16,36,34.703938917424495
Fra_16,37,54.89601057539505
Fra_16,38,54.89601057539507
Fra_16,39,47.50009715955915
Fra_16,40,106.16086904101923
Fra_16,41,27.217540551844092
Fra_16,42,37.975136875756625
Fra_16,43,37.975136875756625
Fra_16,44,37.975136875756625
Fra_16,45,90.38713343313354
Fra_16,46,44.78966846657393
Fra_16,47,37.975136875756625
Fra_16,48,37.975136875756625
Fra_16,49,26.02656345708616
Fra_16,50,27.217540551844092
Fra_16,51,31.352971754795906
Fra_16,52,27.217540551844092
Fra_16,53,29.27930788417221
Fra_16,54,29.27930788417221
Fra_16,55,31.352971754795906
Fra_16,56,29.984787360696505
Fra_16,57,26.035461014172167
Fra_16,58,25.950715706791353
Fra_16,59,26.962603961950023
Fra_16,60,29.27930788417221
Fra_16,61,28.338446776995493
Fra_16,62,29.05678470420922
Fra_16,63,26.8711759432659
Fra_16,64,29.080388976432612
Fra_16,65,42.215825877981516
Fra_16,66,74.39476818360079
Fra_16,67,44.75225343355418
Fra_16,68,31.352971754795906
Fra_16,69,44.75225343355418
Fra_16,70,33.04780247450376
Fra_16,71,29.27930788417221
Fra_16,72,26.962603961950023
Fra_16,73,25.219450274590884
Fra_16,74,26.962603961950023
Fra_16,75,27.853203141865315
Fra_16,76,28.976904446569606
Fra_16,77,29.489102222320792
Fra_16,78,31.91271098911234
Fra_16,79,35.10743297431617
Fra_16,80,74.39476818360079
Fra_16,81,29.12786842853609
Fra_16,82,31.644229005681318
Fra_16,83,48.89868226459925
Fra_16,84,93.38430582512404
Fra_16,85,331.60830180296136
Fra_16,86,66.94324783206916
Fra_16,87,89.68806051184609
Fra_16,88,91.69047418831792
Fra_16,89,85.51197694724303
Fra_16,90,55.17712631533286
Fra_16,91,42.89659637908408
Fra_16,92,30.050381658849197
Fra_16,93,44.628522050106895
Fra_16,94,29.59081633796307
Fra_16,95,28.935634550874507
Fra_16,96,28.605794148756267
Fra_17,1,71.17759255574602
Fra_17,2,7.279527739314251
Fra_17,3,7.289524999240395
Fra_17,4,23.693968566608852
Fra_17,5,7.590033952704768
Fra_17,6,7.590033952704768
Fra_17,7,8.02648747781654
Fra_17,8,15.602042508184802
Fra_17,9,11.074469829741204
Fra_17,10,11.074469829741204
Fra_17,11,11.074469829741208
Fra_17,12,11.074469829741208
Fra_17,13,11.074469829741208
Fra_17,14,7.590033952704768
Fra_17,15,19.83313444039026
Fra_17,16,40.736573450732074
Fra_17,17,23.601684535042935
Fra_17,18,24.798593552379167
Fra_17,19,27.17086744241793
Fra_17,20,26.53913075416862
Fra_17,21,24.17036124894147
Fra_17,22,19.129073657416498
Fra_17,23,17.278759301859793
Fra_17,24,8.379582064551641
Fra_17,25,8.879762840657648
Fra_17,26,10.601243535689328
Fra_17,27,20.619642828508965
Fra_17,28,8.88920676166078
Fra_17,29,65.49218974059733
Fra_17,30,6.053048291546283
Fra_17,31,6.053048291546283
Fra_17,32,5.505280542516417
Fra_17,33,6.434611788298945
Fra_17,34,5.765612791158713
Fra_17,35,5.765612791158716
Fra_17,36,4.856915552122686
Fra_17,37,8.400791058278152
Fra_17,38,8.400791058278159
Fra_17,39,7.105753813876063
Fra_17,40,15.838279225742198
Fra_17,41,3.238589774151066
Fra_17,42,5.765612791158713
Fra_17,43,5.765612791158716
Fra_17,44,5.765612791158702
Fra_17,45,13.490124869466953
Fra_17,46,6.69533724743021
Fra_17,47,5.765612791158716
Fra_17,48,5.765612791158716
Fra_17,49,3.096876520046262
Fra_17,50,3.238589774151066
Fra_17,51,3.730660877345489
Fra_17,52,3.238589774151066
Fra_17,53,3.483917546748213
Fra_17,54,3.483917546748213
Fra_17,55,3.730660877345489
Fra_17,56,3.5678618919102227
Fra_17,57,3.7083719029533206
Fra_17,58,4.586268114894061
Fra_17,59,3.3304298815220506
Fra_17,60,3.483917546748213
Fra_17,61,3.315904145152558
Fra_17,62,3.4689898528945555
Fra_17,63,3.2209584290341127
Fra_17,64,3.480982400268612
Fra_17,65,5.082834016934939
Fra_17,66,8.380208572786856
Fra_17,67,5.269979210932554
Fra_17,68,3.730660877345489
Fra_17,69,5.269979210932554
Fra_17,70,16.90864425690311
Fra_17,71,3.483917546748213
Fra_17,72,3.3304298815220506
Fra_17,73,5.085725738204225
Fra_17,74,3.3304298815220506
Fra_17,75,22.84627735538227
Fra_17,76,21.561842188709367
Fra_17,77,26.288987828844228
Fra_17,78,24.232340878780953
Fra_17,79,21.128308630833544
Fra_17,80,8.380208572786856
Fra_17,81,26.407604676233017
Fra_17,82,25.429434299721386
Fra_17,83,18.569968280993823
Fra_17,84,10.690544999411088
Fra_17,85,49.39947135618314
Fra_17,86,9.048973361166105
Fra_17,87,13.386057502910205
Fra_17,88,13.684146460044829
Fra_17,89,18.10538593083504
Fra_17,90,16.053097295693966
Fra_17,91,20.97775129366768
Fra_17,92,26.115533249525868
Fra_17,93,32.503020957233495
Fra_17,94,26.55060501919362
Fra_17,95,27.17086744241793
Fra_17,96,27.011289083348913
Fra_18,1,76.93906698885397
Fra_18,2,25.05429231172887
Fra_18,3,25.051178304424777
Fra_18,4,25.33951376081894
Fra_18,5,17.315966658924303
Fra_18,6,17.315966658924303
Fra_18,7,15.848229936233318
Fra_18,8,16.546171250472714
Fra_18,9,11.585158615091116
Fra_18,10,11.585158615091116
Fra_18,11,11.58515861509112
Fra_18,12,11.58515861509112
Fra_18,13,11.58515861509112
Fra_18,14,17.315966658924303
Fra_18,15,21.144018571866944
Fra_18,16,43.85938911961346
Fra_18,17,25.23923045472645
Fra_18,18,26.539888773545687
Fra_18,19,29.117793797992352
Fra_18,20,54.83184772636623
Fra_18,21,35.30791037685556
Fra_18,22,48.33427307482753
Fra_18,23,84.59550961497959
Fra_18,24,75.75419607316448
Fra_18,25,65.51007241262687
Fra_18,26,67.98073423564291
Fra_18,27,44.48273826421531
Fra_18,28,56.96140428558157
Fra_18,29,420.6710092071464
Fra_18,30,38.88176615006283
Fra_18,31,38.88176615006283
Fra_18,32,33.994042531451655
Fra_18,33,41.267530218550746
Fra_18,34,36.31698338116152
Fra_18,35,36.31698338116152
Fra_18,36,34.018744632895775
Fra_18,37,52.40155097067926
Fra_18,38,52.401550970679274
Fra_18,39,45.48241225680288
Fra_18,40,101.68831873638207
Fra_18,41,27.696997397467232
Fra_18,42,36.31698338116152
Fra_18,43,36.31698338116152
Fra_18,44,36.31698338116152
Fra_18,45,86.57469032722989
Fra_18,46,42.89774232591758
Fra_18,47,36.31698338116152
Fra_18,48,36.31698338116152
Fra_18,49,26.485040371771955
Fra_18,50,27.696997397467232
Fra_18,51,31.90527723992349
Fra_18,52,27.696997397467232
Fra_18,53,29.79508426644429
Fra_18,54,29.79508426644429
Fra_18,55,31.90527723992349
Fra_18,56,30.512991278947528
Fra_18,57,26.48639530857471
Fra_18,58,26.4693004598769
Fra_18,59,27.4351270404143
Fra_18,60,29.79508426644429
Fra_18,61,28.91581230900225
Fra_18,62,29.5883192723418
Fra_18,63,27.38470868878791
Fra_18,64,29.627986063337694
Fra_18,65,43.0610505618719
Fra_18,66,76.1086486965122
Fra_18,67,45.58764592301591
Fra_18,68,31.90527723992349
Fra_18,69,45.58764592301591
Fra_18,70,33.37050341174502
Fra_18,71,29.79508426644429
Fra_18,72,27.4351270404143
Fra_18,73,25.73763109712046
Fra_18,74,27.4351270404143
Fra_18,75,27.953316147897652
Fra_18,76,29.125167912857723
Fra_18,77,29.717858830004836
Fra_18,78,32.24190430094868
Fra_18,79,35.58795546483153
Fra_18,80,76.1086486965122
Fra_18,81,29.34055755723051
Fra_18,82,31.96127057201248
Fra_18,83,49.76501145689495
Fra_18,84,95.22276249898508
Fra_18,85,317.7011142632647
Fra_18,86,65.80467301924777
Fra_18,87,85.9048725601591
Fra_18,88,87.82348822482575
Fra_18,89,87.23580130313705
Fra_18,90,56.257251510669676
Fra_18,91,43.557409036774736
Fra_18,92,30.281711111384332
Fra_18,93,45.16455138842255
Fra_18,94,29.801874895809192
Fra_18,95,29.117793797992352
Fra_18,96,28.770378949123618
Fra_19,1,75.63287045611686
Fra_19,2,24.816796124656484
Fra_19,3,24.8136345765303
Fra_19,4,24.966448592849435
Fra_19,5,17.15840860860409
Fra_19,6,17.15840860860409
Fra_19,7,15.702785424958606
Fra_19,8,16.332125748066716
Fra_19,9,11.466879980824531
Fra_19,10,11.466879980824531
Fra_19,11,11.466879980824535
Fra_19,12,11.466879980824535
Fra_19,13,11.466879980824535
Fra_19,14,17.15840860860409
Fra_19,15,20.846825149031382
Fra_19,16,43.151408715217286
Fra_19,17,24.867978819867666
Fra_19,18,26.145115906501573
Fra_19,19,28.67640184447917
Fra_19,20,54.12159542048389
Fra_19,21,34.82479417411034
Fra_19,22,47.75307560458434
Fra_19,23,85.0193210099083
Fra_19,24,75.05731879172157
Fra_19,25,74.47015534931803
Fra_19,26,85.31959586808799
Fra_19,27,43.930540709358795
Fra_19,28,71.50556689434262
Fra_19,29,528.12398688699
Fra_19,30,48.683058944679445
Fra_19,31,48.683058944679445
Fra_19,32,43.00794526267767
Fra_19,33,51.73703866892091
Fra_19,34,45.70510132700015
Fra_19,35,45.70510132700014
Fra_19,36,39.277348265699935
Fra_19,37,66.33640931416753
Fra_19,38,66.33640931416754
Fra_19,39,57.11529732318253
Fra_19,40,127.57602625345719
Fra_19,41,27.85098213090069
Fra_19,42,45.70510132700015
Fra_19,43,45.70510132700014
Fra_19,44,45.70510132700014
Fra_19,45,108.62931155404961
Fra_19,46,53.82384800093782
Fra_19,47,45.70510132700014
Fra_19,48,45.70510132700014
Fra_19,49,26.63228708675322
Fra_19,50,27.85098213090069
Fra_19,51,32.08265840295741
Fra_19,52,27.85098213090069
Fra_19,53,29.960733562017946
Fra_19,54,29.960733562017946
Fra_19,55,32.08265840295741
Fra_19,56,30.68263186348164
Fra_19,57,26.615882116231635
Fra_19,58,26.324747752273577
Fra_19,59,27.58688489087092
Fra_19,60,29.960733562017946
Fra_19,61,28.933223731307795
Fra_19,62,29.78328869789546
Fra_19,63,27.599168059976474
Fra_19,64,29.847403472702464
Fra_19,65,43.45771284607409
Fra_19,66,75.31832562243767
Fra_19,67,45.699556003465716
Fra_19,68,32.08265840295741
Fra_19,69,45.699556003465716
Fra_19,70,33.47414364183756
Fra_19,71,29.960733562017946
Fra_19,72,27.58688489087092
Fra_19,73,25.51056728365962
Fra_19,74,27.58688489087092
Fra_19,75,27.985468936387043
Fra_19,76,29.172784941465633
Fra_19,77,29.314576264462527
Fra_19,78,31.80649536301108
Fra_19,79,35.152255878836534
Fra_19,80,75.31832562243767
Fra_19,81,28.958604400032748
Fra_19,82,31.540224586499022
Fra_19,83,49.178557287741164
Fra_19,84,95.45880607859449
Fra_19,85,398.37352751999083
Fra_19,86,75.55486364292842
Fra_19,87,107.78961602960497
Fra_19,88,110.19482691822522
Fra_19,89,86.67885241389702
Fra_19,90,55.62633879914645
Fra_19,91,43.0121786964496
Fra_19,92,29.83643939417086
Fra_19,93,44.57409254260389
Fra_19,94,29.358202648858644
Fra_19,95,28.67640184447917
Fra_19,96,28.37157181908687
Fra_20,1,71.17759255574602
Fra_20,2,7.279527739314251
Fra_20,3,7.289524999240395
Fra_20,4,23.693968566608852
Fra_20,5,7.590033952704768
Fra_20,6,7.590033952704768
Fra_20,7,8.02648747781654
Fra_20,8,15.602042508184802
Fra_20,9,11.074469829741204
Fra_20,10,11.074469829741204
Fra_20,11,11.074469829741208
Fra_20,12,11.074469829741208
Fra_20,13,11.074469829741208
Fra_20,14,7.590033952704768
Fra_20,15,19.83313444039026
Fra_20,16,40.736573450732074
Fra_20,17,23.601684535042935
Fra_20,18,24.798593552379167
Fra_20,19,27.17086744241793
Fra_20,20,26.53913075416862
Fra_20,21,24.17036124894147
Fra_20,22,19.129073657416498
Fra_20,23,17.278759301859793
Fra_20,24,8.379582064551641
Fra_20,25,8.87976284065764
Fra_20,26,10.60124353568932
Fra_20,27,20.619642828508965
Fra_20,28,8.889206761660773
Fra_20,29,65.49218974059721
Fra_20,30,6.0530482915462755
Fra_20,31,6.0530482915462755
Fra_20,32,5.5052805425164095
Fra_20,33,6.4346117882989375
Fra_20,34,5.765612791158706
Fra_20,35,5.765612791158709
Fra_20,36,4.8569155521226826
Fra_20,37,8.400791058278145
Fra_20,38,8.400791058278152
Fra_20,39,7.105753813876056
Fra_20,40,15.83827922574217
Fra_20,41,3.238589774151066
Fra_20,42,5.765612791158706
Fra_20,43,5.765612791158709
Fra_20,44,5.7656127911586985
Fra_20,45,13.49012486946694
Fra_20,46,6.695337247430203
Fra_20,47,5.765612791158709
Fra_20,48,5.765612791158709
Fra_20,49,3.096876520046262
Fra_20,50,3.238589774151066
Fra_20,51,3.730660877345489
Fra_20,52,3.238589774151066
Fra_20,53,3.483917546748213
Fra_20,54,3.483917546748213
Fra_20,55,3.730660877345489
Fra_20,56,3.5678618919102227
Fra_20,57,3.7083719029533206
Fra_20,58,4.586268114894061
Fra_20,59,3.3304298815220506
Fra_20,60,3.483917546748213
Fra_20,61,3.315904145152558
Fra_20,62,3.4689898528945555
Fra_20,63,3.2209584290341127
Fra_20,64,3.480982400268612
Fra_20,65,5.082834016934939
Fra_20,66,8.380208572786856
Fra_20,67,5.269979210932554
Fra_20,68,3.730660877345489
Fra_20,69,5.269979210932554
Fra_20,70,16.90864425690311
Fra_20,71,3.483917546748213
Fra_20,72,3.3304298815220506
Fra_20,73,5.085725738204225
Fra_20,74,3.3304298815220506
Fra_20,75,22.84627735538227
Fra_20,76,21.561842188709367
Fra_20,77,26.288987828844228
Fra_20,78,24.232340878780953
Fra_20,79,21.128308630833544
Fra_20,80,8.380208572786856
Fra_20,81,26.407604676233017
Fra_20,82,25.429434299721386
Fra_20,83,18.569968280993823
Fra_20,84,10.690544999411088
Fra_20,85,49.399471356183085
Fra_20,86,9.048973361166098
Fra_20,87,13.386057502910191
Fra_20,88,13.684146460044815
Fra_20,89,18.10538593083504
Fra_20,90,16.053097295693966
Fra_20,91,20.97775129366768
Fra_20,92,26.115533249525868
Fra_20,93,32.503020957233495
Fra_20,94,26.55060501919362
Fra_20,95,27.17086744241793
Fra_20,96,27.011289083348913
Fra_21,1,76.9346726184878
Fra_21,2,25.041108737933264
Fra_21,3,25.038004433340895
Fra_21,4,25.338258676704346
Fra_21,5,17.30875019862302
Fra_21,6,17.30875019862302
Fra_21,7,15.842424504260178
Fra_21,8,16.545451148107404
Fra_21,9,11.585108778777053
Fra_21,10,11.585108778777053
Fra_21,11,11.585108778777057
Fra_21,12,11.585108778777057
Fra_21,13,11.585108778777057
Fra_21,14,17.30875019862302
Fra_21,15,21.143018739194297
Fra_21,16,43.857007297252935
Fra_21,17,25.237981471788792
Fra_21,18,26.538560659326404
Fra_21,19,29.116308845558496
Fra_21,20,54.810830245976625
Fra_21,21,35.29961670927893
Fra_21,22,48.31259271710562
Fra_21,23,84.54571100208045
Fra_21,24,75.70424423364234
Fra_21,25,65.49173674234639
Fra_21,26,67.98249964843303
Fra_21,27,44.46501598015439
Fra_21,28,56.96289356778678
Fra_21,29,420.6774700420717
Fra_21,30,38.88239511538363
Fra_21,31,38.88239511538363
Fra_21,32,33.9945824386607
Fra_21,33,41.268382191789556
Fra_21,34,36.31756561415286
Fra_21,35,36.31756561415286
Fra_21,36,34.00958841110914
Fra_21,37,52.403272541423284
Fra_21,38,52.4032725414233
Fra_21,39,45.48361388986813
Fra_21,40,101.69092881895395
Fra_21,41,27.67890391007074
Fra_21,42,36.31756561415286
Fra_21,43,36.31756561415286
Fra_21,44,36.31756561415286
Fra_21,45,86.57692168123373
Fra_21,46,42.898746682291325
Fra_21,47,36.31756561415286
Fra_21,48,36.31756561415286
Fra_21,49,26.467738613849054
Fra_21,50,27.67890391007074
Fra_21,51,31.88443462932069
Fra_21,52,27.67890391007074
Fra_21,53,29.775620171693664
Fra_21,54,29.775620171693664
Fra_21,55,31.88443462932069
Fra_21,56,30.49305820045486
Fra_21,57,26.469543540586407
Fra_21,58,26.453084338203926
Fra_21,59,27.417295215834482
Fra_21,60,29.775620171693664
Fra_21,61,28.898243097763896
Fra_21,62,29.57035096929313
Fra_21,63,27.369597430903706
Fra_21,64,29.611073800884878
Fra_21,65,43.039943182512616
Fra_21,66,76.05842568501605
Fra_21,67,45.55780632319243
Fra_21,68,31.88443462932069
Fra_21,69,45.55780632319243
Fra_21,70,33.35832549543386
Fra_21,71,29.775620171693664
Fra_21,72,27.417295215834482
Fra_21,73,25.722318357078613
Fra_21,74,27.417295215834482
Fra_21,75,27.9495381365304
Fra_21,76,29.11957282503463
Fra_21,77,29.71651442541179
Fra_21,78,32.2367624473891
Fra_21,79,35.57858870650224
Fra_21,80,76.05842568501605
Fra_21,81,29.339647876062397
Fra_21,82,31.958349367709992
Fra_21,83,49.74214999531501
Fra_21,84,95.16314046460211
Fra_21,85,317.7091373555066
Fra_21,86,65.78819400037727
Fra_21,87,85.90708712936997
Fra_21,88,87.82575087213829
Fra_21,89,87.1866884900425
Fra_21,90,56.2279502036232
Fra_21,91,43.540637677844444
Fra_21,92,30.278582674788538
Fra_21,93,45.15859234278457
Fra_21,94,29.799424001519498
Fra_21,95,29.116308845558496
Fra_21,96,28.769037262639138
Fra_22,1,76.93723906480123
Fra_22,2,25.048808347102877
Fra_22,3,25.04569837583095
Fra_22,4,25.338991684104847
Fra_22,5,17.312964831526763
Fra_22,6,17.312964831526763
Fra_22,7,15.845815053586708
Fra_22,8,16.54587170985044
Fra_22,9,11.585137884704373
Fra_22,10,11.585137884704373
Fra_22,11,11.585137884704377
Fra_22,12,11.585137884704377
Fra_22,13,11.585137884704377
Fra_22,14,17.312964831526763
Fra_22,15,21.143602671968043
Fra_22,16,43.85839835415235
Fra_22,17,25.23871091591589
Fra_22,18,26.53933631853532
Fra_22,19,29.11717610306798
Fra_22,20,54.82310509551582
Fra_22,21,35.304460464084165
Fra_22,22,48.32525470722334
Fra_22,23,84.57479491077298
Fra_22,24,75.73341763135579
Fra_22,25,65.50244533299193
Fra_22,26,67.98146859352197
Fra_22,27,44.475366334540645
Fra_22,28,56.96202378155874
Fra_22,29,420.67369671743245
Fra_22,30,38.88202778045407
Fra_22,31,38.88202778045407
Fra_22,32,33.99426711638451
Fra_22,33,41.267884613434575
Fra_22,34,36.31722557232895
Fra_22,35,36.31722557232895
Fra_22,36,34.01493592387923
Fra_22,37,52.40226709160425
Fra_22,38,52.402267091604266
Fra_22,39,45.48291209951057
Fra_22,40,101.68940445112956
Fra_22,41,27.689471058525957
Fra_22,42,36.31722557232895
Fra_22,43,36.31722557232895
Fra_22,44,36.31722557232895
Fra_22,45,86.57561850244355
Fra_22,46,42.898160107538146
Fra_22,47,36.31722557232895
Fra_22,48,36.31722557232895
Fra_22,49,26.477843368145507
Fra_22,50,27.689471058525957
Fra_22,51,31.89660734957122
Fra_22,52,27.689471058525957
Fra_22,53,29.786987796644514
Fra_22,54,29.786987796644514
Fra_22,55,31.89660734957122
Fra_22,56,30.50469972621414
Fra_22,57,26.47938548703725
Fra_22,58,26.462555047820654
Fra_22,59,27.427709545224563
Fra_22,60,29.786987796644514
Fra_22,61,28.90850405295337
Fra_22,62,29.580845006271343
Fra_22,63,27.378422866371633
Fra_22,64,29.620951077947957
Fra_22,65,43.05227053579186
Fra_22,66,76.08775745543254
Fra_22,67,45.575233559538255
Fra_22,68,31.89660734957122
Fra_22,69,45.575233559538255
Fra_22,70,33.365437769962
Fra_22,71,29.786987796644514
Fra_22,72,27.427709545224563
Fra_22,73,25.7312614642714
Fra_22,74,27.427709545224563
Fra_22,75,27.95174461039077
Fra_22,76,29.122840526962456
Fra_22,77,29.71729959869581
Fra_22,78,32.239765446684274
Fra_22,79,35.584059179034185
Fra_22,80,76.08775745543254
Fra_22,81,29.340179157608052
Fra_22,82,31.960055440113607
Fra_22,83,49.75550178610715
Fra_22,84,95.19796155103613
Fra_22,85,317.7044516249487
Fra_22,86,65.79781824997518
Fra_22,87,85.90579375341079
Fra_22,88,87.82442941710144
Fra_22,89,87.21537187073359
Fra_22,90,56.245063060570374
Fra_22,91,43.55043266295308
Fra_22,92,30.280409777171617
Fra_22,93,45.16207260717628
Fra_22,94,29.80085539853211
Fra_22,95,29.11717610306798
Fra_22,96,28.769820848464857
Fra_23,1,74.16775612859604
Fra_23,2,22.80454859763503
Fra_23,3,22.802724064610857
Fra_23,4,24.547994624405856
Fra_23,5,16.0390987194632
Fra_23,6,16.0390987194632
Fra_23,7,14.790230867760801
Fra_23,8,16.092038498976198
Fra_23,9,11.3398202163566
Fra_23,10,11.3398202163566
Fra_23,11,11.339820216356603
Fra_23,12,11.339820216356603
Fra_23,13,11.339820216356603
Fra_23,14,16.0390987194632
Fra_23,15,20.51347382637175
Fra_23,16,42.357292203583896
Fra_23,17,24.451559027198837
Fra_23,18,25.70231318185277
Fra_23,19,28.181308143847875
Fra_23,20,50.69893546018165
Fra_23,21,33.342861962126854
Fra_23,22,44.32052051830611
Fra_23,23,78.27357803540066
Fra_23,24,67.56443524428596
Fra_23,25,82.50527123908778
Fra_23,26,105.82087681496583
Fra_23,27,41.07473080336733
Fra_23,28,88.69616265487551
Fra_23,29,654.9388593758871
Fra_23,30,60.203477609166185
Fra_23,31,60.203477609166185
Fra_23,32,53.3217555935462
Fra_23,33,64.0697380791551
Fra_23,34,56.59236466103961
Fra_23,35,56.5923646610396
Fra_23,36,43.919801666398556
Fra_23,37,82.587645602389
Fra_23,38,82.58764560238902
Fra_23,39,70.8571054499775
Fra_23,40,158.20452919838826
Fra_23,41,25.400030018310773
Fra_23,42,56.59236466103961
Fra_23,43,56.5923646610396
Fra_23,44,56.59236466103961
Fra_23,45,134.71702427735528
Fra_23,46,66.71158549049798
Fra_23,47,56.5923646610396
Fra_23,48,56.5923646610396
Fra_23,49,24.288583012276185
Fra_23,50,25.400030018310773
Fra_23,51,29.259308798241467
Fra_23,52,25.400030018310773
Fra_23,53,27.324118347752368
Fra_23,54,27.324118347752368
Fra_23,55,29.259308798241467
Fra_23,56,27.98248789612823
Fra_23,57,24.32411535248149
Fra_23,58,23.94517345122199
Fra_23,59,25.171377743602395
Fra_23,60,27.324118347752368
Fra_23,61,26.29095450544025
Fra_23,62,27.203803912139932
Fra_23,63,25.255138340220885
Fra_23,64,27.295286293977593
Fra_23,65,39.84759710349755
Fra_23,66,67.72671757079505
Fra_23,67,41.56551259919062
Fra_23,68,29.259308798241467
Fra_23,69,41.56551259919062
Fra_23,70,31.824517505332473
Fra_23,71,27.324118347752368
Fra_23,72,25.171377743602395
Fra_23,73,23.20492472360202
Fra_23,74,25.171377743602395
Fra_23,75,27.473697781438197
Fra_23,76,28.41487177527343
Fra_23,77,28.706195865222654
Fra_23,78,30.69348914978409
Fra_23,79,33.373070221491766
Fra_23,80,67.72671757079505
Fra_23,81,28.41694757434013
Fra_23,82,30.60570834627133
Fra_23,83,45.53868015130747
Fra_23,84,87.8308074833587
Fra_23,85,493.9016537135961
Fra_23,86,84.76040095867515
Fra_23,87,133.67608641158483
Fra_23,88,136.65773275391123
Fra_23,89,79.45048725829021
Fra_23,90,51.01983890942929
Fra_23,91,40.29493151891495
Fra_23,92,29.10715160682926
Fra_23,93,42.90767495171727
Fra_23,94,28.725463648088194
Fra_23,95,28.181308143847875
Fra_23,96,27.924244004711248
Fra_24,1,81.96154521066501
Fra_24,2,26.990174419123417
Fra_24,3,26.986428783491494
Fra_24,4,26.773992902726317
Fra_24,5,18.47393841763321
Fra_24,6,18.47393841763321
Fra_24,7,16.84647046314751
Fra_24,8,17.36920120604764
Fra_24,9,12.25064899772707
Fra_24,10,12.25064899772707
Fra_24,11,12.250648997727074
Fra_24,12,12.250648997727074
Fra_24,13,12.250648997727074
Fra_24,14,18.47393841763321
Fra_24,15,22.28676199251383
Fra_24,16,46.581656461035365
Fra_24,17,26.66673635001676
Fra_24,18,28.057836553682726
Fra_24,19,30.814997410344006
Fra_24,20,59.10109678531251
Fra_24,21,37.716200622560265
Fra_24,22,52.19788233483131
Fra_24,23,87.19586536862852
Fra_24,24,82.36504552910031
Fra_24,25,63.77782400061015
Fra_24,26,59.774691916571705
Fra_24,27,47.91604998268115
Fra_24,28,50.03292828316506
Fra_24,29,373.7283954114322
Fra_24,30,34.17516699555337
Fra_24,31,34.17516699555337
Fra_24,32,28.025950245462464
Fra_24,33,36.23393140250631
Fra_24,34,30.948428662228004
Fra_24,35,30.948428662228007
Fra_24,36,31.084681272539875
Fra_24,37,44.18531638244702
Fra_24,38,44.18531638244703
Fra_24,39,39.88479517517164
Fra_24,40,89.57426433589603
Fra_24,41,28.641792870994202
Fra_24,42,30.948428662228004
Fra_24,43,30.948428662228004
Fra_24,44,30.948428662228004
Fra_24,45,76.2128897085503
Fra_24,46,37.640701965765615
Fra_24,47,30.948428662228007
Fra_24,48,30.948428662228007
Fra_24,49,27.388493764222265
Fra_24,50,28.641792870994202
Fra_24,51,32.993624871449036
Fra_24,52,28.641792870994202
Fra_24,53,30.811449338235988
Fra_24,54,30.811449338235988
Fra_24,55,32.993624871449036
Fra_24,56,31.55384547806565
Fra_24,57,27.416044916196434
Fra_24,58,28.324043403868618
Fra_24,59,28.3662591532322
Fra_24,60,30.811449338235988
Fra_24,61,31.27860872135569
Fra_24,62,31.32812068104491
Fra_24,63,29.81031406731221
Fra_24,64,31.94997724501674
Fra_24,65,48.30012634034837
Fra_24,66,83.07524056875475
Fra_24,67,47.652493592945824
Fra_24,68,32.993624871449036
Fra_24,69,47.652493592945824
Fra_24,70,34.00640294596108
Fra_24,71,30.811449338235988
Fra_24,72,28.3662591532322
Fra_24,73,27.812117932190258
Fra_24,74,28.3662591532322
Fra_24,75,28.15059420494072
Fra_24,76,29.417329038759206
Fra_24,77,32.136737204887275
Fra_24,78,34.8052344909043
Fra_24,79,38.889094834480694
Fra_24,80,83.07524056875475
Fra_24,81,31.69355327925603
Fra_24,82,35.082538430142996
Fra_24,83,53.951057738362785
Fra_24,84,103.02324721863278
Fra_24,85,280.54282643096036
Fra_24,86,63.467283688945194
Fra_24,87,75.62072971390168
Fra_24,88,77.31690365489796
Fra_24,89,95.31440407206493
Fra_24,90,61.299035638232105
Fra_24,91,46.887341995535806
Fra_24,92,32.128469060599606
Fra_24,93,50.209721413840555
Fra_24,94,31.586977617288095
Fra_24,95,30.814997410344006
Fra_24,96,30.303838941637387
Fra_25,1,76.56060514169617
Fra_25,2,24.667598619693905
Fra_25,3,24.664723987016597
Fra_25,4,25.231420584148115
Fra_25,5,17.098692407065926
Fra_25,6,17.098692407065926
Fra_25,7,15.669637000460876
Fra_25,8,16.484152975131988
Fra_25,9,11.544070601651102
Fra_25,10,11.544070601651102
Fra_25,11,11.544070601651105
Fra_25,12,11.544070601651105
Fra_25,13,11.544070601651105
Fra_25,14,17.098692407065926
Fra_25,15,21.057908733913386
Fra_25,16,43.65425645780963
Fra_25,17,25.131662737336647
Fra_25,18,26.42550593396165
Fra_25,19,28.989903384979897
Fra_25,20,54.14792283944886
Fra_25,21,34.99677112733612
Fra_25,22,47.65958248396429
Fra_25,23,83.4035050630978
Fra_25,24,74.33031984377395
Fra_25,25,65.79778293439533
Fra_25,26,69.55941771004997
Fra_25,27,43.91553973994778
Fra_25,28,58.287494870612974
Fra_25,29,430.53805768498535
Fra_25,30,39.7683365157698
Fra_25,31,39.7683365157698
Fra_25,32,34.86927177194021
Fra_25,33,42.21884273153255
Fra_25,34,37.19760260789055
Fra_25,35,37.19760260789055
Fra_25,36,34.29492860274878
Fra_25,37,53.73722014548178
Fra_25,38,53.73722014548179
Fra_25,39,46.54537325257526
Fra_25,40,104.03967134779673
Fra_25,41,27.26390261670074
Fra_25,42,37.19760260789055
Fra_25,43,37.19760260789055
Fra_25,44,37.19760260789055
Fra_25,45,88.57959763878341
Fra_25,46,43.893293677826655
Fra_25,47,37.19760260789055
Fra_25,48,37.19760260789055
Fra_25,49,26.07089682441208
Fra_25,50,27.26390261670074
Fra_25,51,31.406378068535965
Fra_25,52,27.26390261670074
Fra_25,53,29.329181941253083
Fra_25,54,29.329181941253083
Fra_25,55,31.406378068535965
Fra_25,56,30.035863123904477
Fra_25,57,26.08018964589629
Fra_25,58,26.023672874217826
Fra_25,59,27.00829555194401
Fra_25,60,29.329181941253083
Fra_25,61,28.40431373695779
Fra_25,62,29.104174133775807
Fra_25,63,26.912648979413003
Fra_25,64,29.126144392894464
Fra_25,65,42.27686857241136
Fra_25,66,74.65880607385256
Fra_25,67,44.84450055420444
Fra_25,68,31.406378068535965
Fra_25,69,44.84450055420444
Fra_25,70,33.07900670470353
Fra_25,71,29.329181941253083
Fra_25,72,27.00829555194401
Fra_25,73,25.298408958377934
Fra_25,74,27.00829555194401
Fra_25,75,27.86288377469189
Fra_25,76,28.99124108708829
Fra_25,77,29.544143144067903
Fra_25,78,31.982849535330768
Fra_25,79,35.19488072492837
Fra_25,80,74.65880607385256
Fra_25,81,29.179305298249673
Fra_25,82,31.70999614182314
Fra_25,83,49.045373592002655
Fra_25,84,93.60261903143741
Fra_25,85,325.00406523969104
Fra_25,86,66.2130447072791
Fra_25,87,87.89442583422519
Fra_25,88,89.85702136668198
Fra_25,89,85.76294329570416
Fra_25,90,55.352398272485175
Fra_25,91,43.016035425387386
Fra_25,92,30.11084751111483
Fra_25,93,44.73053967167062
Fra_25,94,29.64872740931115
Fra_25,95,28.989903384979897
Fra_25,96,28.65482720839351
Fra_26,1,76.01413583323496
Fra_26,2,25.299736428544875
Fra_26,3,25.296259366287778
Fra_26,4,25.075342490812453
Fra_26,5,17.42770907573841
Fra_26,6,17.42770907573841
Fra_26,7,15.922785896060415
Fra_26,8,16.394603435880086
Fra_26,9,11.499322002447997
Fra_26,10,11.499322002447997
Fra_26,11,11.499322002448
Fra_26,12,11.499322002448
Fra_26,13,11.499322002448
Fra_26,14,17.42770907573841
Fra_26,15,20.933572862407242
Fra_26,16,43.35806093722917
Fra_26,17,24.976343366107535
Fra_26,18,26.26034605928277
Fra_26,19,28.805239630673913
Fra_26,20,54.95104543872797
Fra_26,21,35.18851885107207
Fra_26,22,48.58149489000805
Fra_26,23,86.60639757425572
Fra_26,24,76.85071142023314
Fra_26,25,73.30312712329246
Fra_26,26,81.82785383415184
Fra_26,27,44.62156266428488
Fra_26,28,68.57661093861498
Fra_26,29,506.530534715788
Fra_26,30,46.72215911012822
Fra_26,31,46.72215911012822
Fra_26,32,41.215631638423396
Fra_26,33,49.636384068826345
Fra_26,34,43.83266537481689
Fra_26,35,43.83266537481689
Fra_26,36,38.54944526139307
Fra_26,37,63.529555580422326
Fra_26,38,63.52955558042234
Fra_26,39,54.77260359346501
Fra_26,40,122.36274948256118
Fra_26,41,28.42761967444914
Fra_26,42,43.83266537481689
Fra_26,43,43.83266537481689
Fra_26,44,43.83266537481689
Fra_26,45,104.18792742076721
Fra_26,46,51.6276978261298
Fra_26,47,43.83266537481689
Fra_26,48,43.83266537481689
Fra_26,49,27.183692295108283
Fra_26,50,28.42761967444914
Fra_26,51,32.74691021443875
Fra_26,52,28.42761967444914
Fra_26,53,30.581052218032
Fra_26,54,30.581052218032
Fra_26,55,32.74691021443875
Fra_26,56,31.31789698211203
Fra_26,57,27.1554471104778
Fra_26,58,26.892282215248407
Fra_26,59,28.15518326792603
Fra_26,60,30.581052218032
Fra_26,61,29.555693562724944
Fra_26,62,30.38631149602777
Fra_26,63,28.142779554268873
Fra_26,64,30.44092244259745
Fra_26,65,44.287172821580036
Fra_26,66,77.13755123684561
Fra_26,67,46.676041537114855
Fra_26,68,32.74691021443875
Fra_26,69,46.676041537114855
Fra_26,70,33.862252556018845
Fra_26,71,30.581052218032
Fra_26,72,28.15518326792603
Fra_26,73,26.06274411204554
Fra_26,74,28.15518326792603
Fra_26,75,28.1058737619782
Fra_26,76,29.351099802915243
Fra_26,77,29.466521539553124
Fra_26,78,32.07972643862865
Fra_26,79,35.582101179569364
Fra_26,80,77.13755123684561
Fra_26,81,29.094039063064134
Fra_26,82,31.768299501532017
Fra_26,83,50.055582844218726
Fra_26,84,97.38555533597749
Fra_26,85,382.12791079844726
Fra_26,86,74.16990302171017
Fra_26,87,103.3824412462515
Fra_26,88,105.68966340140062
Fra_26,89,88.44449886337848
Fra_26,90,56.733013055431485
Fra_26,91,43.67019101445602
Fra_26,92,30.0208624691525
Fra_26,93,44.97663278687382
Fra_26,94,29.51971014873347
Fra_26,95,28.805239630673913
Fra_26,96,28.487979531877404
Fra_27,1,71.0805065727951
Fra_27,2,11.09790031511633
Fra_27,3,11.10483916328954
Fra_27,4,23.666239662397807
Fra_27,5,9.649381356484016
Fra_27,6,9.649381356484016
Fra_27,7,9.662303280853727
Fra_27,8,15.586133096793422
Fra_27,9,11.060480232587873
Fra_27,10,11.060480232587873
Fra_27,11,11.060480232587876
Fra_27,12,11.060480232587876
Fra_27,13,11.060480232587876
Fra_27,14,9.649381356484014
Fra_27,15,19.811044873575934
Fra_27,16,40.683951221421175
Fra_27,17,23.574090425742344
Fra_27,18,24.769251174812894
Fra_27,19,27.13805999683112
Fra_27,20,32.256220039102125
Fra_27,21,26.199919532192098
Fra_27,22,25.195557779667197
Fra_27,23,33.176619330345346
Fra_27,24,23.073792013173396
Fra_27,25,24.33947960263322
Fra_27,26,28.994446802087808
Fra_27,27,25.492519743800088
Fra_27,28,24.315506549769992
Fra_27,29,179.01754376823118
Fra_27,30,16.565390395205966
Fra_27,31,16.565390395205966
Fra_27,32,15.197769470372673
Fra_27,33,17.60778540126679
Fra_27,34,15.847745361218141
Fra_27,35,15.847745361218138
Fra_27,36,13.446842858752436
Fra_27,37,23.101590936662554
Fra_27,38,23.10159093666256
Fra_27,39,19.44138824104391
Fra_27,40,43.307093273666986
Fra_27,41,9.01480949816441
Fra_27,42,15.847745361218141
Fra_27,43,15.847745361218138
Fra_27,44,15.847745361218134
Fra_27,45,36.88966456950496
Fra_27,46,18.320062437367884
Fra_27,47,15.847745361218138
Fra_27,48,15.847745361218138
Fra_27,49,8.620342128657999
Fra_27,50,9.01480949816441
Fra_27,51,10.384519021196596
Fra_27,52,9.01480949816441
Fra_27,53,9.697694114247671
Fra_27,54,9.697694114247671
Fra_27,55,10.384519021196596
Fra_27,56,9.931358249830279
Fra_27,57,9.072629937077092
Fra_27,58,9.447708374290688
Fra_27,59,9.023115575329456
Fra_27,60,9.697694114247671
Fra_27,61,9.19473911727927
Fra_27,62,9.659998957663944
Fra_27,63,8.973606496724496
Fra_27,64,9.696447746911499
Fra_27,65,14.168280850500722
Fra_27,66,23.054091184466124
Fra_27,67,14.63749327378753
Fra_27,68,10.384519021196596
Fra_27,69,14.63749327378753
Fra_27,70,20.796359148590536
Fra_27,71,9.697694114247671
Fra_27,72,9.023115575329456
Fra_27,73,9.575237193396003
Fra_27,74,9.023115575329456
Fra_27,75,24.05238114835802
Fra_27,76,23.348034973611526
Fra_27,77,26.62772099329027
Fra_27,78,25.589837027798158
Fra_27,79,23.960352147943773
Fra_27,80,23.054091184466124
Fra_27,81,26.65525640438596
Fra_27,82,26.454803257206187
Fra_27,83,25.084773454764147
Fra_27,84,29.392704476336206
Fra_27,85,135.02872867136205
Fra_27,86,24.79733228726009
Fra_27,87,36.6052518759684
Fra_27,88,37.41991920173316
Fra_27,89,33.03744855867562
Fra_27,90,24.583829252933945
Fra_27,91,25.56386470064513
Fra_27,92,26.587450757895958
Fra_27,93,34.738226264936415
Fra_27,94,26.814444763768595
Fra_27,95,27.13805999683112
Fra_27,96,26.98164685014966
Fra_28,1,74.79107749424091
Fra_28,2,25.385911739770922
Fra_28,3,25.38214443997872
Fra_28,4,24.726022573604286
Fra_28,5,17.44676740348187
Fra_28,6,17.44676740348187
Fra_28,7,15.919047073611745
Fra_28,8,16.19418173050834
Fra_28,9,11.396632806905956
Fra_28,10,11.396632806905956
Fra_28,11,11.39663280690596
Fra_28,12,11.39663280690596
Fra_28,13,11.39663280690596
Fra_28,14,17.44676740348187
Fra_28,15,20.6552955243626
Fra_28,16,42.69514282671585
Fra_28,17,24.628721552315294
Fra_28,18,25.890700117844588
Fra_28,19,28.39194186423601
Fra_28,20,54.7501070003861
Fra_28,21,34.90229075864777
Fra_28,22,48.52872947613847
Fra_28,23,88.27946264020898
Fra_28,24,77.38430176764126
Fra_28,25,95.52479930334496
Fra_28,26,123.11984170626891
Fra_28,27,44.49976879985847
Fra_28,28,103.19337810011453
Fra_28,29,762.0956977634305
Fra_28,30,70.02960010709238
Fra_28,31,70.02960010709238
Fra_28,32,61.92945246962317
Fra_28,33,74.53219974097019
Fra_28,34,65.77913082789021
Fra_28,35,65.77913082789021
Fra_28,36,50.76654599149183
Fra_28,37,96.00576603289848
Fra_28,38,96.00576603289849
Fra_28,39,82.43569882801678
Fra_28,40,184.07390686715576
Fra_28,41,29.035499692023897
Fra_28,42,65.77913082789021
Fra_28,43,65.77913082789021
Fra_28,44,65.77913082789021
Fra_28,45,156.7436456065575
Fra_28,46,77.60886290927131
Fra_28,47,65.77913082789021
Fra_28,48,65.77913082789021
Fra_28,49,27.764972878545574
Fra_28,50,29.035499692023897
Fra_28,51,33.44715147925924
Fra_28,52,29.035499692023897
Fra_28,53,31.234980009828803
Fra_28,54,31.234980009828803
Fra_28,55,33.44715147925924
Fra_28,56,31.987581042399416
Fra_28,57,27.70739832299613
Fra_28,58,27.148829918032266
Fra_28,59,28.75427229932369
Fra_28,60,31.234980009828803
Fra_28,61,30.079259138701627
Fra_28,62,31.099383759040826
Fra_28,63,28.87382800947298
Fra_28,64,31.205501341269134
Fra_28,65,45.56093176273185
Fra_28,66,77.58256715136119
Fra_28,67,47.53364635525588
Fra_28,68,33.44715147925924
Fra_28,69,47.53364635525588
Fra_28,70,34.27138938072443
Fra_28,71,31.234980009828803
Fra_28,72,28.75427229932369
Fra_28,73,26.21260924328254
Fra_28,74,28.75427229932369
Fra_28,75,28.232802173621387
Fra_28,76,29.53907584145898
Fra_28,77,29.14934696827201
Fra_28,78,31.80455985576671
Fra_28,79,35.43900752283627
Fra_28,80,77.58256715136119
Fra_28,81,28.791015225347643
Fra_28,82,31.507847313580093
Fra_28,83,50.041288445286526
Fra_28,84,100.74673956186642
Fra_28,85,574.6939471089063
Fra_28,86,98.19178093649464
Fra_28,87,155.53240141850074
Fra_28,88,159.00187055949556
Fra_28,89,89.6923027543452
Fra_28,90,56.845364844991686
Fra_28,91,43.53181310082171
Fra_28,92,29.644553210506007
Fra_28,93,44.69372394197467
Fra_28,94,29.128152018544135
Fra_28,95,28.39194186423601
Fra_28,96,28.11455610453172
Fra_29,1,71.33063744182294
Fra_29,2,11.896992842369142
Fra_29,3,11.903340642922789
Fra_29,4,23.737679994943086
Fra_29,5,10.086426428654566
Fra_29,6,10.086426428654566
Fra_29,7,10.013646133563453
Fra_29,8,15.62712186547138
Fra_29,9,11.082771850554781
Fra_29,10,11.082771850554781
Fra_29,11,11.082771850554785
Fra_29,12,11.082771850554785
Fra_29,13,11.082771850554785
Fra_29,14,10.086426428654566
Fra_29,15,19.86795610190958
Fra_29,16,40.81952634305713
Fra_29,17,23.645183474703853
Fra_29,18,24.844848435889247
Fra_29,19,27.222584607138266
Fra_29,20,33.52576224095228
Fra_29,21,26.698209108085344
Fra_29,22,26.507143058788216
Fra_29,23,36.21251490497212
Fra_29,24,26.104193718801568
Fra_29,25,27.59375114973045
Fra_29,26,32.90025350366894
Fra_29,27,26.56363599983834
Fra_29,28,27.588134977218896
Fra_29,29,203.21814111399127
Fra_29,30,18.788794214027966
Fra_29,31,18.788794214027966
Fra_29,32,17.12934088621006
Fra_29,33,19.972427422197324
Fra_29,34,17.918013123874456
Fra_29,35,17.918013123874452
Fra_29,36,15.133537568938
Fra_29,37,26.109894756665785
Fra_29,38,26.109894756665792
Fra_29,39,22.054425895324307
Fra_29,40,49.14976095282741
Fra_29,41,10.117851031225044
Fra_29,42,17.918013123874456
Fra_29,43,17.918013123874452
Fra_29,44,17.918013123874452
Fra_29,45,41.863892770461916
Fra_29,46,20.781213677353747
Fra_29,47,17.918013123874452
Fra_29,48,17.918013123874452
Fra_29,49,9.675117096341808
Fra_29,50,10.117851031225044
Fra_29,51,11.655156607445129
Fra_29,52,10.117851031225044
Fra_29,53,10.884292609214302
Fra_29,54,10.884292609214302
Fra_29,55,11.655156607445129
Fra_29,56,11.146547614785547
Fra_29,57,10.099787775644462
Fra_29,58,10.432563167168572
Fra_29,59,10.110205238630346
Fra_29,60,10.884292609214302
Fra_29,61,10.348784867491094
Fra_29,62,10.838716702574736
Fra_29,63,10.064933256450846
Fra_29,64,10.877026496785604
Fra_29,65,15.885026241087964
Fra_29,66,26.099758407771553
Fra_29,67,16.45474035516556
Fra_29,68,11.655156607445129
Fra_29,69,16.45474035516556
Fra_29,70,21.538767020715248
Fra_29,71,10.884292609214302
Fra_29,72,10.110205238630346
Fra_29,73,10.504029404375228
Fra_29,74,10.110205238630346
Fra_29,75,24.282701780259096
Fra_29,76,23.689130867109043
Fra_29,77,26.77978994856792
Fra_29,78,25.947884356408537
Fra_29,79,24.60921827329727
Fra_29,80,26.099758407771553
Fra_29,81,26.78516351844216
Fra_29,82,26.746836388748516
Fra_29,83,26.486088676519984
Fra_29,84,33.28549757450873
Fra_29,85,153.2836400787747
Fra_29,86,28.115556218189774
Fra_29,87,41.54099188756548
Fra_29,88,42.46590418836795
Fra_29,89,36.17549020203949
Fra_29,90,26.390807609131116
Fra_29,91,26.577208399431797
Fra_29,92,26.771931609055102
Fra_29,93,35.30581480316104
Fra_29,94,26.957717683933257
Fra_29,95,27.222584607138266
Fra_29,96,27.058016654777422
Fra_30,1,71.29302544885259
Fra_30,2,9.486381449554953
Fra_30,3,9.49464216292355
Fra_30,4,23.72693756520646
Fra_30,5,8.78409996497407
Fra_30,6,8.78409996497407
Fra_30,7,8.977630761672092
Fra_30,8,15.62095841477307
Fra_30,9,11.082395188626455
Fra_30,10,11.082395188626455
Fra_30,11,11.082395188626458
Fra_30,12,11.082395188626458
Fra_30,13,11.082395188626458
Fra_30,14,8.78409996497407
Fra_30,15,19.859398402780563
Fra_30,16,40.799140012726355
Fra_30,17,23.634493265741746
Fra_30,18,24.833480931897306
Fra_30,19,27.209874704274018
Fra_30,20,29.889723843731616
Fra_30,21,25.390011852629858
Fra_30,22,22.661889948317466
Fra_30,23,26.28236395815295
Fra_30,24,16.843820164343825
Fra_30,25,17.849234870887635
Fra_30,26,21.309587788268367
Fra_30,27,23.468520066461554
Fra_30,28,17.86821812157929
Fra_30,29,131.64602454653829
Fra_30,30,12.167248447891286
Fra_30,31,12.167248447891286
Fra_30,32,11.066179040680925
Fra_30,33,12.9342302461564
Fra_30,34,11.589473585126044
Fra_30,35,11.589473585126044
Fra_30,36,9.762898851416189
Fra_30,37,16.88645241896502
Fra_30,38,16.88645241896502
Fra_30,39,14.28329461433967
Fra_30,40,31.836567138546997
Fra_30,41,6.509897906799981
Fra_30,42,11.589473585126044
Fra_30,43,11.589473585126044
Fra_30,44,11.589473585126036
Fra_30,45,27.11653583023891
Fra_30,46,13.458315184049777
Fra_30,47,11.589473585126044
Fra_30,48,11.589473585126044
Fra_30,49,6.225039718329821
Fra_30,50,6.509897906799981
Fra_30,51,7.4990113382847845
Fra_30,52,6.509897906799981
Fra_30,53,7.003031914094478
Fra_30,54,7.003031914094478
Fra_30,55,7.4990113382847845
Fra_30,56,7.171768665263006
Fra_30,57,6.748136240931519
Fra_30,58,7.375338321088744
Fra_30,59,6.554429295766507
Fra_30,60,7.003031914094478
Fra_30,61,6.665307729299066
Fra_30,62,6.9730257170308825
Fra_30,63,6.474457093151074
Fra_30,64,6.997131968359991
Fra_30,65,10.217018157580647
Fra_30,66,16.845079510211434
Fra_30,67,10.59319920909779
Fra_30,68,7.4990113382847845
Fra_30,69,10.59319920909779
Fra_30,70,19.110415302717985
Fra_30,71,7.003031914094478
Fra_30,72,6.554429295766507
Fra_30,73,7.673647795282989
Fra_30,74,6.554429295766507
Fra_30,75,23.529342982262353
Fra_30,76,22.573435802338278
Fra_30,77,26.536304959897244
Fra_30,78,25.063859822630228
Fra_30,79,22.80080483165866
Fra_30,80,16.845079510211434
Fra_30,81,26.600316663368474
Fra_30,82,26.071260216296203
Fra_30,83,22.35931094281746
Fra_30,84,21.489092897682625
Fra_30,85,99.29800857934768
Fra_30,86,18.18936538758919
Fra_30,87,26.907349740317542
Fra_30,88,27.506539144785947
Fra_30,89,26.74479402269739
Fra_30,90,20.997278914455606
Fra_30,91,23.662312531220273
Fra_30,92,26.442652918251788
Fra_30,93,33.858330094082525
Fra_30,94,26.758947550246607
Fra_30,95,27.209874704274018
Fra_30,96,27.046532983985525
Fra_31,1,70.42193366199287
Fra_31,2,10.069715703839636
Fra_31,3,10.077354033544802
Fra_31,4,23.478143455256788
Fra_31,5,9.07947736655708
Fra_31,6,9.07947736655708
Fra_31,7,9.199020108606296
Fra_31,8,15.478213219477365
Fra_31,9,11.0003914419925
Fra_31,10,11.0003914419925
Fra_31,11,11.000391441992504
Fra_31,12,11.000391441992504
Fra_31,13,11.000391441992504
Fra_31,14,9.07947736655708
Fra_31,15,19.661202539254344
Fra_31,16,40.326993670219366
Fra_31,17,23.38690858619428
Fra_31,18,24.570210134939522
Fra_31,19,26.91551401975619
Fra_31,20,30.531703480278576
Fra_31,21,25.46719607650923
Fra_31,22,23.455638066814554
Fra_31,23,29.63285635828725
Fra_31,24,19.230307574956292
Fra_31,25,20.11868018729485
Fra_31,26,23.879748730949814
Fra_31,27,24.050400079629622
Fra_31,28,20.03383162988287
Fra_31,29,147.2118577705707
Fra_31,30,13.66484463311351
Fra_31,31,13.66484463311351
Fra_31,32,12.823870902660268
Fra_31,33,14.521124447255744
Fra_31,34,13.223552305382018
Fra_31,35,13.223552305382015
Fra_31,36,11.409511062001577
Fra_31,37,19.301283759547573
Fra_31,38,19.30128375954758
Fra_31,39,16.027485332370905
Fra_31,40,35.64421864468808
Fra_31,41,7.727242898650196
Fra_31,42,13.223552305382018
Fra_31,43,13.223552305382015
Fra_31,44,13.223552305382011
Fra_31,45,30.369327864454597
Fra_31,46,15.106227449998674
Fra_31,47,13.223552305382015
Fra_31,48,13.223552305382015
Fra_31,49,7.389116487838262
Fra_31,50,7.727242898650196
Fra_31,51,8.901319642836427
Fra_31,52,7.727242898650196
Fra_31,53,8.312592517108719
Fra_31,54,8.312592517108719
Fra_31,55,8.901319642836427
Fra_31,56,8.512882887384166
Fra_31,57,7.869840569528783
Fra_31,58,8.221003486856276
Fra_31,59,7.7541693940740615
Fra_31,60,8.312592517108719
Fra_31,61,7.804754206450539
Fra_31,62,8.28889271666915
Fra_31,63,7.709507066109161
Fra_31,64,8.326982841263185
Fra_31,65,12.189099719309201
Fra_31,66,19.166661240246796
Fra_31,67,12.477488010931502
Fra_31,68,8.901319642836427
Fra_31,69,12.477488010931502
Fra_31,70,19.929755715525012
Fra_31,71,8.312592517108719
Fra_31,72,7.7541693940740615
Fra_31,73,8.393558125049974
Fra_31,74,7.7541693940740615
Fra_31,75,23.783530752496695
Fra_31,76,22.949877998977712
Fra_31,77,26.330956393667257
Fra_31,78,25.037043798081044
Fra_31,79,23.055478035896137
Fra_31,80,19.166661240246796
Fra_31,81,26.39086669797579
Fra_31,82,25.982581662929995
Fra_31,83,23.234489614242857
Fra_31,84,24.408880166246306
Fra_31,85,111.03603540043292
Fra_31,86,20.48900665708669
Fra_31,87,30.135551072521636
Fra_31,88,30.80517770395535
Fra_31,89,28.98297556354602
Fra_31,90,22.2317752769982
Fra_31,91,24.193291342695126
Fra_31,92,26.24335221657696
Fra_31,93,33.88357496529608
Fra_31,94,26.520457447490447
Fra_31,95,26.91551401975619
Fra_31,96,26.780571770026285
Fra_32,1,74.16775612859604
Fra_32,2,22.80454859763503
Fra_32,3,22.802724064610857
Fra_32,4,24.547994624405856
Fra_32,5,16.0390987194632
Fra_32,6,16.0390987194632
Fra_32,7,14.790230867760801
Fra_32,8,16.092038498976198
Fra_32,9,11.3398202163566
Fra_32,10,11.3398202163566
Fra_32,11,11.339820216356603
Fra_32,12,11.339820216356603
Fra_32,13,11.339820216356603
Fra_32,14,16.0390987194632
Fra_32,15,20.51347382637175
Fra_32,16,42.357292203583896
Fra_32,17,24.451559027198837
Fra_32,18,25.70231318185277
Fra_32,19,28.181308143847875
Fra_32,20,50.69893546018165
Fra_32,21,33.342861962126854
Fra_32,22,44.32052051830611
Fra_32,23,78.27357803540066
Fra_32,24,67.56443524428596
Fra_32,25,82.50527123908778
Fra_32,26,105.82087681496583
Fra_32,27,41.07473080336733
Fra_32,28,88.69616265487551
Fra_32,29,654.9388593758871
Fra_32,30,60.203477609166185
Fra_32,31,60.203477609166185
Fra_32,32,53.3217555935462
Fra_32,33,64.0697380791551
Fra_32,34,56.59236466103961
Fra_32,35,56.5923646610396
Fra_32,36,43.919801666398556
Fra_32,37,82.587645602389
Fra_32,38,82.58764560238902
Fra_32,39,70.8571054499775
Fra_32,40,158.20452919838826
Fra_32,41,25.400030018310773
Fra_32,42,56.59236466103961
Fra_32,43,56.5923646610396
Fra_32,44,56.59236466103961
Fra_32,45,134.71702427735528
Fra_32,46,66.71158549049798
Fra_32,47,56.5923646610396
Fra_32,48,56.5923646610396
Fra_32,49,24.288583012276185
Fra_32,50,25.400030018310773
Fra_32,51,29.259308798241467
Fra_32,52,25.400030018310773
Fra_32,53,27.324118347752368
Fra_32,54,27.324118347752368
Fra_32,55,29.259308798241467
Fra_32,56,27.98248789612823
Fra_32,57,24.32411535248149
Fra_32,58,23.94517345122199
Fra_32,59,25.171377743602395
Fra_32,60,27.324118347752368
Fra_32,61,26.29095450544025
Fra_32,62,27.203803912139932
Fra_32,63,25.255138340220885
Fra_32,64,27.295286293977593
Fra_32,65,39.84759710349755
Fra_32,66,67.72671757079505
Fra_32,67,41.56551259919062
Fra_32,68,29.259308798241467
Fra_32,69,41.56551259919062
Fra_32,70,31.824517505332473
Fra_32,71,27.324118347752368
Fra_32,72,25.171377743602395
Fra_32,73,23.20492472360202
Fra_32,74,25.171377743602395
Fra_32,75,27.473697781438197
Fra_32,76,28.41487177527343
Fra_32,77,28.706195865222654
Fra_32,78,30.69348914978409
Fra_32,79,33.373070221491766
Fra_32,80,67.72671757079505
Fra_32,81,28.41694757434013
Fra_32,82,30.60570834627133
Fra_32,83,45.53868015130747
Fra_32,84,87.8308074833587
Fra_32,85,493.9016537135961
Fra_32,86,84.76040095867515
Fra_32,87,133.67608641158483
Fra_32,88,136.65773275391123
Fra_32,89,79.45048725829021
Fra_32,90,51.01983890942929
Fra_32,91,40.29493151891495
Fra_32,92,29.10715160682926
Fra_32,93,42.90767495171727
Fra_32,94,28.725463648088194
Fra_32,95,28.181308143847875
Fra_32,96,27.924244004711248
Fra_33,1,76.43220229160171
Fra_33,2,24.46093306294468
Fra_33,3,24.45819974580788
Fra_33,4,25.194747212540033
Fra_33,5,16.98423062736473
Fra_33,6,16.98423062736473
Fra_33,7,15.576649107419694
Fra_33,8,16.463111690861204
Fra_33,9,11.533039596639894
Fra_33,10,11.533039596639894
Fra_33,11,11.533039596639897
Fra_33,12,11.533039596639897
Fra_33,13,11.533039596639897
Fra_33,14,16.98423062736473
Fra_33,15,21.0286937715666
Fra_33,16,43.58465996183287
Fra_33,17,25.095167641213397
Fra_33,18,26.386698633530216
Fra_33,19,28.946513295189128
Fra_33,20,53.80236739309885
Fra_33,21,34.850573251949164
Fra_33,22,47.31047474315344
Fra_33,23,82.68693278208613
Fra_33,24,73.55712095238218
Fra_33,25,65.62255235238086
Fra_33,26,69.79262088389363
Fra_33,27,43.62642682871576
Fra_33,28,58.4837579466953
Fra_33,29,431.9754863173689
Fra_33,30,39.895858793416075
Fra_33,31,39.895858793416075
Fra_33,32,35.00533919345026
Fra_33,33,42.35762213052955
Fra_33,34,37.32960886201539
Fra_33,35,37.32960886201539
Fra_33,36,34.236877155478275
Fra_33,37,53.94793299793133
Fra_33,38,53.947932997931346
Fra_33,39,46.703155305794446
Fra_33,40,104.3858724509518
Fra_33,41,27.003548145354
Fra_33,42,37.32960886201539
Fra_33,43,37.32960886201539
Fra_33,44,37.32960886201539
Fra_33,45,88.87513332820707
Fra_33,46,44.03976515994388
Fra_33,47,37.32960886201539
Fra_33,48,37.32960886201539
Fra_33,49,25.82193486706936
Fra_33,50,27.003548145354
Fra_33,51,31.106465357068867
Fra_33,52,27.003548145354
Fra_33,53,29.049105249126484
Fra_33,54,29.049105249126484
Fra_33,55,31.106465357068867
Fra_33,56,29.749038035984857
Fra_33,57,25.837027093320614
Fra_33,58,25.776627117995538
Fra_33,59,26.751706252164986
Fra_33,60,29.049105249126484
Fra_33,61,28.126559292241126
Fra_33,62,28.829553669058654
Fra_33,63,26.66240186830824
Fra_33,64,28.853944055483716
Fra_33,65,41.89021973462792
Fra_33,66,73.87706069271972
Fra_33,67,44.40823695489302
Fra_33,68,31.106465357068867
Fra_33,69,44.40823695489302
Fra_33,70,32.90377376625346
Fra_33,71,29.049105249126484
Fra_33,72,26.751706252164986
Fra_33,73,25.060733073014156
Fra_33,74,26.751706252164986
Fra_33,75,27.80852044877753
Fra_33,76,28.91073111682119
Fra_33,77,29.48814146252845
Fra_33,78,31.87447814532336
Fra_33,79,35.016576174367074
Fra_33,80,73.87706069271972
Fra_33,81,29.129895743041132
Fra_33,82,31.620110553962846
Fra_33,83,48.6746050757993
Fra_33,84,92.68770148807518
Fra_33,85,326.07440599749174
Fra_33,86,66.07572876736371
Fra_33,87,88.18771609367171
Fra_33,88,90.15674340106766
Fra_33,89,84.97902254980823
Fra_33,90,54.881002855954144
Fra_33,91,42.741336240639576
Fra_33,92,30.04294205243675
Fra_33,93,44.5671338623744
Fra_33,94,29.590928649532522
Fra_33,95,28.946513295189128
Fra_33,96,28.615623328386718
Fra_34,1,75.28918380080708
Fra_34,2,24.035334885991702
Fra_34,3,24.032733392813615
Fra_34,4,24.868287621985928
Fra_34,5,16.728781538469292
Fra_34,6,16.728781538469292
Fra_34,7,15.355895298831184
Fra_34,8,16.275806058829854
Fra_34,9,11.436445761558238
Fra_34,10,11.436445761558238
Fra_34,11,11.436445761558241
Fra_34,12,11.436445761558241
Fra_34,13,11.436445761558241
Fra_34,14,16.728781538469292
Fra_34,15,20.76862756473648
Fra_34,16,42.96512479000895
Fra_34,17,24.770295026146723
Fra_34,18,26.041243202141274
Fra_34,19,28.560262718106113
Fra_34,20,52.85328754471754
Fra_34,21,34.31055413928075
Fra_34,22,46.455036793548935
Fra_34,23,82.15706451809588
Fra_34,24,72.11016977963992
Fra_34,25,73.72530135947247
Fra_34,26,86.05838450518127
Fra_34,27,42.86424949671799
Fra_34,28,72.12621081058231
Fra_34,29,532.6685553763126
Fra_34,30,49.080246132855265
Fra_34,31,49.080246132855265
Fra_34,32,43.38746325602668
Fra_34,33,52.171673885877844
Fra_34,34,46.09301678666422
Fra_34,35,46.09301678666422
Fra_34,36,38.95126737651571
Fra_34,37,66.9637417985893
Fra_34,38,66.96374179858931
Fra_34,39,57.61286821092896
Fra_34,40,128.6762137396217
Fra_34,41,26.811029434527182
Fra_34,42,46.09301678666422
Fra_34,43,46.09301678666422
Fra_34,44,46.09301678666422
Fra_34,45,109.5674569362408
Fra_34,46,54.28407176234571
Fra_34,47,46.09301678666422
Fra_34,48,46.09301678666422
Fra_34,49,25.637840333087993
Fra_34,50,26.811029434527182
Fra_34,51,30.884695366818445
Fra_34,52,26.811029434527182
Fra_34,53,28.842002972672617
Fra_34,54,28.842002972672617
Fra_34,55,30.884695366818445
Fra_34,56,29.536945668707887
Fra_34,57,25.646354616366153
Fra_34,58,25.373538494579574
Fra_34,59,26.561971691625693
Fra_34,60,28.842002972672617
Fra_34,61,27.835032828409723
Fra_34,62,28.67580787109422
Fra_34,63,26.578059016178916
Fra_34,64,28.741205296740652
Fra_34,65,41.85887171713544
Fra_34,66,72.34909723017356
Fra_34,67,43.97484419483735
Fra_34,68,30.884695366818445
Fra_34,69,43.97484419483735
Fra_34,70,32.774198041164894
Fra_34,71,28.842002972672617
Fra_34,72,26.561971691625693
Fra_34,73,24.606207403273622
Fra_34,74,26.561971691625693
Fra_34,75,27.768321571580785
Fra_34,76,28.851198143930986
Fra_34,77,29.13831702701031
Fra_34,78,31.43073282408284
Fra_34,79,34.49957918669446
Fra_34,80,72.34909723017356
Fra_34,81,28.805270270280023
Fra_34,82,31.229740588512975
Fra_34,83,47.79478792083066
Fra_34,84,91.9762302842626
Fra_34,85,401.7897153023606
Fra_34,86,74.94763828983834
Fra_34,87,108.72057990135298
Fra_34,88,111.14636139754688
Fra_34,89,83.71093319673551
Fra_34,90,53.852216640591806
Fra_34,91,42.00156472333233
Fra_34,92,29.624626746370517
Fra_34,93,43.988636574093476
Fra_34,94,29.18583233937925
Fra_34,95,28.560262718106113
Fra_34,96,28.2666376187573
Fra_35,1,76.1692317203816
Fra_35,2,24.029088010850415
Fra_35,3,24.026650951621665
Fra_35,4,25.11963970929342
Fra_35,5,16.745172997958406
Fra_35,6,16.745172997958406
Fra_35,7,15.382520852238924
Fra_35,8,16.420018889262007
Fra_35,9,11.510796781912438
Fra_35,10,11.510796781912438
Fra_35,11,11.510796781912441
Fra_35,12,11.510796781912441
Fra_35,13,11.510796781912441
Fra_35,14,16.745172997958406
Fra_35,15,20.968861179604225
Fra_35,16,43.44212550649591
Fra_35,17,25.020425248289847
Fra_35,18,26.30722081855604
Fra_35,19,28.857649872849386
Fra_35,20,53.08174294314947
Fra_35,21,34.54653224213884
Fra_35,22,46.581814097948396
Fra_35,23,81.18384839754945
Fra_35,24,71.94057383978635
Fra_35,25,65.23448448374347
Fra_35,26,70.2392952685037
Fra_35,27,43.02331445396129
Fra_35,28,58.85976264380935
Fra_35,29,434.72332539836896
Fra_35,30,40.139271534553835
Fra_35,31,40.139271534553835
Fra_35,32,35.26739818259247
Fra_35,33,42.6230054734162
Fra_35,34,37.58280603028491
Fra_35,35,37.58280603028491
Fra_35,36,34.10169110639231
Fra_35,37,54.354582221428984
Fra_35,38,54.354582221429006
Fra_35,39,47.00554238885036
Fra_35,40,105.04872190915597
Fra_35,41,26.457427745925354
Fra_35,42,37.58280603028491
Fra_35,43,37.58280603028491
Fra_35,44,37.58280603028491
Fra_35,45,89.44105535058294
Fra_35,46,44.32016119476024
Fra_35,47,37.58280603028491
Fra_35,48,37.58280603028491
Fra_35,49,25.29971144266168
Fra_35,50,26.457427745925354
Fra_35,51,30.477367462445027
Fra_35,52,26.457427745925354
Fra_35,53,28.461615454218656
Fra_35,54,28.461615454218656
Fra_35,55,30.477367462445027
Fra_35,56,29.14739278376176
Fra_35,57,25.327034538936044
Fra_35,58,25.259762254704185
Fra_35,59,26.21348368905865
Fra_35,60,28.461615454218656
Fra_35,61,27.54592267788385
Fra_35,62,28.25463411670198
Fra_35,63,26.13978014186629
Fra_35,64,28.28499568772318
Fra_35,65,41.08499142557538
Fra_35,66,72.24304023808517
Fra_35,67,43.49380215467626
Fra_35,68,30.477367462445027
Fra_35,69,43.49380215467626
Fra_35,70,32.53620457550982
Fra_35,71,28.461615454218656
Fra_35,72,26.21348368905865
Fra_35,73,24.56387708829244
Fra_35,74,26.21348368905865
Fra_35,75,27.694487756697963
Fra_35,76,28.741853137146695
Fra_35,77,29.373847586167535
Fra_35,78,31.65024386523261
Fra_35,79,34.64636158434751
Fra_35,80,72.24304023808517
Fra_35,81,29.029375088224796
Fra_35,82,31.435597723393954
Fra_35,83,47.900868226673914
Fra_35,84,90.77260185930167
Fra_35,85,328.12259892251336
Fra_35,86,65.7651203081276
Fra_35,87,88.7493424090951
Fra_35,88,90.73067427312574
Fra_35,89,83.34132767011148
Fra_35,90,53.89689130503214
Fra_35,91,42.168386772314626
Fra_35,92,29.902739786334813
Fra_35,93,44.23081779349043
Fra_35,94,29.471891320337544
Fra_35,95,28.857649872849386
Fra_35,96,28.535333313703664
Fra_36,1,71.29302544885259
Fra_36,2,9.486381449554953
Fra_36,3,9.49464216292355
Fra_36,4,23.72693756520646
Fra_36,5,8.78409996497407
Fra_36,6,8.78409996497407
Fra_36,7,8.977630761672092
Fra_36,8,15.62095841477307
Fra_36,9,11.082395188626455
Fra_36,10,11.082395188626455
Fra_36,11,11.082395188626458
Fra_36,12,11.082395188626458
Fra_36,13,11.082395188626458
Fra_36,14,8.78409996497407
Fra_36,15,19.859398402780563
Fra_36,16,40.799140012726355
Fra_36,17,23.634493265741746
Fra_36,18,24.833480931897306
Fra_36,19,27.209874704274018
Fra_36,20,29.889723843731616
Fra_36,21,25.390011852629858
Fra_36,22,22.661889948317466
Fra_36,23,26.28236395815295
Fra_36,24,16.843820164343825
Fra_36,25,17.849234870887635
Fra_36,26,21.309587788268367
Fra_36,27,23.468520066461554
Fra_36,28,17.86821812157929
Fra_36,29,131.64602454653829
Fra_36,30,12.167248447891286
Fra_36,31,12.167248447891286
Fra_36,32,11.066179040680925
Fra_36,33,12.9342302461564
Fra_36,34,11.589473585126044
Fra_36,35,11.589473585126044
Fra_36,36,9.762898851416189
Fra_36,37,16.88645241896502
Fra_36,38,16.88645241896502
Fra_36,39,14.28329461433967
Fra_36,40,31.836567138546997
Fra_36,41,6.509897906799981
Fra_36,42,11.589473585126044
Fra_36,43,11.589473585126044
Fra_36,44,11.589473585126036
Fra_36,45,27.11653583023891
Fra_36,46,13.458315184049777
Fra_36,47,11.589473585126044
Fra_36,48,11.589473585126044
Fra_36,49,6.225039718329821
Fra_36,50,6.509897906799981
Fra_36,51,7.4990113382847845
Fra_36,52,6.509897906799981
Fra_36,53,7.003031914094478
Fra_36,54,7.003031914094478
Fra_36,55,7.4990113382847845
Fra_36,56,7.171768665263006
Fra_36,57,6.748136240931519
Fra_36,58,7.375338321088744
Fra_36,59,6.554429295766507
Fra_36,60,7.003031914094478
Fra_36,61,6.665307729299066
Fra_36,62,6.9730257170308825
Fra_36,63,6.474457093151074
Fra_36,64,6.997131968359991
Fra_36,65,10.217018157580647
Fra_36,66,16.845079510211434
Fra_36,67,10.59319920909779
Fra_36,68,7.4990113382847845
Fra_36,69,10.59319920909779
Fra_36,70,19.110415302717985
Fra_36,71,7.003031914094478
Fra_36,72,6.554429295766507
Fra_36,73,7.673647795282989
Fra_36,74,6.554429295766507
Fra_36,75,23.529342982262353
Fra_36,76,22.573435802338278
Fra_36,77,26.536304959897244
Fra_36,78,25.063859822630228
Fra_36,79,22.80080483165866
Fra_36,80,16.845079510211434
Fra_36,81,26.600316663368474
Fra_36,82,26.071260216296203
Fra_36,83,22.35931094281746
Fra_36,84,21.489092897682625
Fra_36,85,99.29800857934768
Fra_36,86,18.18936538758919
Fra_36,87,26.907349740317542
Fra_36,88,27.506539144785947
Fra_36,89,26.74479402269739
Fra_36,90,20.997278914455606
Fra_36,91,23.662312531220273
Fra_36,92,26.442652918251788
Fra_36,93,33.858330094082525
Fra_36,94,26.758947550246607
Fra_36,95,27.209874704274018
Fra_36,96,27.046532983985525
Fra_37,1,71.33601513624745
Fra_37,2,11.91139424760531
Fra_37,3,11.91773155378037
Fra_37,4,23.739215928030863
Fra_37,5,10.094322475958979
Fra_37,6,10.094322475958979
Fra_37,7,10.020007069979073
Fra_37,8,15.628003104454972
Fra_37,9,11.083254719265454
Fra_37,10,11.083254719265454
Fra_37,11,11.083254719265458
Fra_37,12,11.083254719265458
Fra_37,13,11.083254719265458
Fra_37,14,10.094322475958979
Fra_37,15,19.86917966618412
Fra_37,16,40.822441143531606
Fra_37,17,23.64671194136016
Fra_37,18,24.846473740958466
Fra_37,19,27.224401845959488
Fra_37,20,33.548877262236644
Fra_37,21,26.70742593317822
Fra_37,22,26.530915843269465
Fra_37,23,36.26629209078067
Fra_37,24,26.15866433918822
Fra_37,25,27.65248835765567
Fra_37,26,32.9708775728479
Fra_37,27,26.583104990115014
Fra_37,28,27.647300041266607
Fra_37,29,203.65602818161554
Fra_37,30,18.828968890374203
Fra_37,31,18.828968890374203
Fra_37,32,17.163865481432264
Fra_37,33,20.015158949598845
Fra_37,34,17.955222978180707
Fra_37,35,17.955222978180707
Fra_37,36,15.163592907310736
Fra_37,37,26.163931055644035
Fra_37,38,26.16393105564404
Fra_37,39,22.101653951481765
Fra_37,40,49.255437551108066
Fra_37,41,10.137390066089651
Fra_37,42,17.955222978180707
Fra_37,43,17.955222978180707
Fra_37,44,17.9552229781807
Fra_37,45,41.95385270118865
Fra_37,46,20.82569232200049
Fra_37,47,17.955222978180707
Fra_37,48,17.955222978180707
Fra_37,49,9.693801147893979
Fra_37,50,10.137390066089651
Fra_37,51,11.677664401896987
Fra_37,52,10.137390066089651
Fra_37,53,10.905311753705732
Fra_37,54,10.905311753705732
Fra_37,55,11.677664401896987
Fra_37,56,11.168073211653223
Fra_37,57,10.117992441146452
Fra_37,58,10.45020780927522
Fra_37,59,10.129461705586088
Fra_37,60,10.905311753705732
Fra_37,61,10.369338149755563
Fra_37,62,10.859583865736237
Fra_37,63,10.084239494714634
Fra_37,64,10.897916778876315
Fra_37,65,15.915372377767895
Fra_37,66,26.154566922867723
Fra_37,67,16.48703077603767
Fra_37,68,11.677664401896987
Fra_37,69,16.48703077603767
Fra_37,70,21.55191787030924
Fra_37,71,10.905311753705732
Fra_37,72,10.129461705586088
Fra_37,73,10.520733699494784
Fra_37,74,10.129461705586088
Fra_37,75,24.286781629223867
Fra_37,76,23.695172964668807
Fra_37,77,26.78279171135485
Fra_37,78,25.954575049298313
Fra_37,79,24.621093044897734
Fra_37,80,26.154566922867723
Fra_37,81,26.787755907270988
Fra_37,82,26.752348648194577
Fra_37,83,26.511465444201654
Fra_37,84,33.3555898875581
Fra_37,85,153.6139484598928
Fra_37,86,28.17545963655781
Fra_37,87,41.63025527455819
Fra_37,88,42.55716274447221
Fra_37,89,36.232088035860706
Fra_37,90,26.42344316168061
Fra_37,91,26.595643405397748
Fra_37,92,26.7755320426746
Fra_37,93,35.31636518558658
Fra_37,94,26.960582978180057
Fra_37,95,27.224401845959488
Fra_37,96,27.059658569164654
Fra_38,1,76.31093130859303
Fra_38,2,24.519638506610352
Fra_38,3,24.51683646494042
Fra_38,4,25.160110786464735
Fra_38,5,17.013202012763482
Fra_38,6,17.013202012763482
Fra_38,7,15.597810087816551
Fra_38,8,16.443239100607908
Fra_38,9,11.521200805235258
Fra_38,10,11.521200805235258
Fra_38,11,11.521200805235262
Fra_38,12,11.521200805235262
Fra_38,13,11.521200805235262
Fra_38,14,17.013202012763482
Fra_38,15,21.001101493048253
Fra_38,16,43.51892905730191
Fra_38,17,25.060699588684912
Fra_38,18,26.35004680323384
Fra_38,19,28.90553321695963
Fra_38,20,53.857891972446424
Fra_38,21,34.84920119046657
Fra_38,22,47.38513459667805
Fra_38,23,83.06029618035106
Fra_38,24,73.8028509988384
Fra_38,25,66.65600207459127
Fra_38,26,71.55669074263604
Fra_38,27,43.67860614994156
Fra_38,28,59.963615046435116
Fra_38,29,442.92498535918423
Fra_38,30,40.89584866304062
Fra_38,31,40.89584866304062
Fra_38,32,35.931798573467454
Fra_38,33,43.424578127661
Fra_38,34,38.29101436242239
Fra_38,35,38.29101436242239
Fra_38,36,34.8400559141595
Fra_38,37,55.37006975438336
Fra_38,38,55.37006975438337
Fra_38,39,47.88694395038744
Fra_38,40,107.01933506167491
Fra_38,41,27.139203448735604
Fra_38,42,38.29101436242239
Fra_38,43,38.29101436242239
Fra_38,44,38.29101436242239
Fra_38,45,91.11878221630172
Fra_38,46,45.15247965989093
Fra_38,47,38.29101436242239
Fra_38,48,38.29101436242239
Fra_38,49,25.951654205781335
Fra_38,50,27.139203448735604
Fra_38,51,31.262732117734117
Fra_38,52,27.139203448735604
Fra_38,53,29.19503663430308
Fra_38,54,29.19503663430308
Fra_38,55,31.262732117734117
Fra_38,56,29.898485610739094
Fra_38,57,25.961773734019616
Fra_38,58,25.86577472713011
Fra_38,59,26.885399747521323
Fra_38,60,29.19503663430308
Fra_38,61,28.24886549041192
Fra_38,62,28.974709294763098
Fra_38,63,26.797011403434773
Fra_38,64,28.999482362451413
Fra_38,65,42.10234851941374
Fra_38,66,74.1138332568765
Fra_38,67,44.61565500230308
Fra_38,68,31.262732117734117
Fra_38,69,44.61565500230308
Fra_38,70,32.99507727759679
Fra_38,71,29.19503663430308
Fra_38,72,26.885399747521323
Fra_38,73,25.134519450799132
Fra_38,74,26.885399747521323
Fra_38,75,27.836845959883977
Fra_38,76,28.952680096553834
Fra_38,77,29.45574596562091
Fra_38,78,31.86148343783067
Fra_38,79,35.03338500373702
Fra_38,80,74.1138332568765
Fra_38,81,29.097385690716226
Fra_38,82,31.59895897399643
Fra_38,83,48.75757903101762
Fra_38,84,93.08873289341247
Fra_38,85,334.27931377546054
Fra_38,86,67.17831988974737
Fra_38,87,90.41408890813295
Fra_38,88,92.43260153396402
Fra_38,89,85.2353167396948
Fra_38,90,55.00184102729184
Fra_38,91,42.78811462571723
Fra_38,92,30.012233209519298
Fra_38,93,44.552649099056985
Fra_38,94,29.55598539011082
Fra_38,95,28.90553321695963
Fra_38,96,28.57859694569599
Fra_39,1,76.0491606912154
Fra_39,2,24.89886115639054
Fra_39,3,24.89570968367489
Fra_39,4,25.08534600421805
Fra_39,5,17.212064321998163
Fra_39,6,17.212064321998163
Fra_39,7,15.751875258826086
Fra_39,8,16.400342934596573
Fra_39,9,11.500771774023642
Fra_39,10,11.500771774023642
Fra_39,11,11.500771774023645
Fra_39,12,11.500771774023645
Fra_39,13,11.500771774023645
Fra_39,14,17.212064321998163
Fra_39,15,20.941541921554663
Fra_39,16,43.37704499705128
Fra_39,17,24.986298250736336
Fra_39,18,26.27093165130986
Fra_39,19,28.817075284879117
Fra_39,20,54.35754311410052
Fra_39,21,34.98219732602991
Fra_39,22,47.94845761117621
Fra_39,23,84.9106144227152
Fra_39,24,75.3039187191857
Fra_39,25,70.88449262274769
Fra_39,26,78.40847743635948
Fra_39,27,44.114693420081274
Fra_39,28,65.70955396459848
Fra_39,29,485.35345889120157
Fra_39,30,44.77912550549926
Fra_39,31,44.77912550549926
Fra_39,32,39.460845745624205
Fra_39,33,47.56662674567388
Fra_39,34,41.98841282354939
Fra_39,35,41.98841282354939
Fra_39,36,37.21905116328295
Fra_39,37,60.823907172099254
Fra_39,38,60.82390717209927
Fra_39,39,52.48090558334155
Fra_39,40,117.25385532527736
Fra_39,41,27.81148542304505
Fra_39,42,41.98841282354939
Fra_39,43,41.98841282354939
Fra_39,44,41.98841282354939
Fra_39,45,99.83657029812487
Fra_39,46,49.471349149307365
Fra_39,47,41.98841282354939
Fra_39,48,41.98841282354939
Fra_39,49,26.594518664165854
Fra_39,50,27.81148542304505
Fra_39,51,32.03716056807969
Fra_39,52,27.81148542304505
Fra_39,53,29.918244922476337
Fra_39,54,29.918244922476337
Fra_39,55,32.03716056807969
Fra_39,56,30.6391194680746
Fra_39,57,26.583511500489276
Fra_39,58,26.378913015894614
Fra_39,59,27.547959373057328
Fra_39,60,29.918244922476337
Fra_39,61,28.92200003090273
Fra_39,62,29.716330714881824
Fra_39,63,27.509554869451726
Fra_39,64,29.760698081126524
Fra_39,65,43.268494202179646
Fra_39,66,75.5946848749275
Fra_39,67,45.679441223556395
Fra_39,68,32.03716056807969
Fra_39,69,45.679441223556395
Fra_39,70,33.44756017606934
Fra_39,71,29.918244922476337
Fra_39,72,27.547959373057328
Fra_39,73,25.59042136399765
Fra_39,74,27.547959373057328
Fra_39,75,27.977221824706596
Fra_39,76,29.160571289982492
Fra_39,77,29.429938180214176
Fra_39,78,31.938290467155138
Fra_39,79,35.28044512120404
Fra_39,80,75.5946848749275
Fra_39,81,29.066283750720515
Fra_39,82,31.654325438381502
Fra_39,83,49.37309238937093
Fra_39,84,95.31689344227703
Fra_39,85,366.19185534421376
Fra_39,86,71.65557910578686
Fra_39,87,99.06465725054338
Fra_39,88,101.2757130595391
Fra_39,89,86.83626505045558
Fra_39,90,55.83577705919162
Fra_39,91,43.19363357470205
Fra_39,92,29.979188471435577
Fra_39,93,44.72727673452681
Fra_39,94,29.500096024668764
Fra_39,95,28.817075284879117
Fra_39,96,28.498673300189477
Fra_40,1,71.3334602811635
Fra_40,2,11.904552374401066
Fra_40,3,11.910894666284566
Fra_40,4,23.7384862312225
Fra_40,5,10.090571192415075
Fra_40,6,10.090571192415075
Fra_40,7,10.016985092630179
Fra_40,8,15.627584442158517
Fra_40,9,11.083025316201065
Fra_40,10,11.083025316201065
Fra_40,11,11.083025316201068
Fra_40,12,11.083025316201068
Fra_40,13,11.083025316201068
Fra_40,14,10.090571192415075
Fra_40,15,19.868598370714242
Fra_40,16,40.82105636927278
Fra_40,17,23.645985791731853
Fra_40,18,24.845701584976503
Fra_40,19,27.223538505376208
Fra_40,20,33.53789569188656
Fra_40,21,26.7030471696064
Fra_40,22,26.51962178033149
Fra_40,23,36.24074342517829
Fra_40,24,26.13278623410539
Fra_40,25,27.624583266284013
Fra_40,26,32.937325227186754
Fra_40,27,26.573855589747254
Fra_40,28,27.61919168241571
Fra_40,29,203.44799516363346
Fra_40,30,18.809882555598193
Fra_40,31,18.809882555598193
Fra_40,32,17.147463408227292
Fra_40,33,19.994857896506424
Fra_40,34,17.93754518209506
Fra_40,35,17.937545182095057
Fra_40,36,15.149314105285189
Fra_40,37,26.138259289592536
Fra_40,38,26.138259289592536
Fra_40,39,22.079216670771086
Fra_40,40,49.2052323194494
Fra_40,41,10.128107388678334
Fra_40,42,17.93754518209506
Fra_40,43,17.93754518209506
Fra_40,44,17.937545182095057
Fra_40,45,41.91111420245181
Fra_40,46,20.804561241944125
Fra_40,47,17.937545182095057
Fra_40,48,17.937545182095057
Fra_40,49,9.684924659137138
Fra_40,50,10.128107388678334
Fra_40,51,11.666971315130695
Fra_40,52,10.128107388678334
Fra_40,53,10.895325900303668
Fra_40,54,10.895325900303668
Fra_40,55,11.666971315130695
Fra_40,56,11.157846750971142
Fra_40,57,10.109343700898691
Fra_40,58,10.44182512702663
Fra_40,59,10.120313271588685
Fra_40,60,10.895325900303668
Fra_40,61,10.359573619914318
Fra_40,62,10.849670216190102
Fra_40,63,10.07506741517896
Fra_40,64,10.887992145903244
Fra_40,65,15.900955422200195
Fra_40,66,26.128528289508587
Fra_40,67,16.471690122698934
Fra_40,68,11.666971315130695
Fra_40,69,16.471690122698934
Fra_40,70,21.545670115734275
Fra_40,71,10.895325900303668
Fra_40,72,10.120313271588685
Fra_40,73,10.512797760792964
Fra_40,74,10.120313271588685
Fra_40,75,24.284843359391743
Fra_40,76,23.692302462470327
Fra_40,77,26.781365622716937
Fra_40,78,25.95139641001627
Fra_40,79,24.61545153420574
Fra_40,80,26.128528289508587
Fra_40,81,26.786524305536854
Fra_40,82,26.749729863459322
Fra_40,83,26.49940935495451
Fra_40,84,33.322290170578285
Fra_40,85,153.45702432472348
Fra_40,86,28.14700049758813
Fra_40,87,41.58784769241117
Fra_40,88,42.51380728995729
Fra_40,89,36.20519932630151
Fra_40,90,26.407938541899945
Fra_40,91,26.586885234145
Fra_40,92,26.773821535269185
Fra_40,93,35.311352870633435
Fra_40,94,26.959221723524145
Fra_40,95,27.223538505376208
Fra_40,96,27.058878522366065
Fra_41,1,75.51097070585438
Fra_41,2,24.09923616369339
Fra_41,3,24.096623968132608
Fra_41,4,24.931632583414913
Fra_41,5,16.76826253771082
Fra_41,6,16.76826253771082
Fra_41,7,15.390711000624
Fra_41,8,16.312150122168042
Fra_41,9,11.45455374312325
Fra_41,10,11.45455374312325
Fra_41,11,11.454553743123254
Fra_41,12,11.454553743123254
Fra_41,13,11.454553743123254
Fra_41,14,16.76826253771082
Fra_41,15,20.819089809734933
Fra_41,16,43.085337008300584
Fra_41,17,24.83333205696516
Fra_41,18,26.108274043353887
Fra_41,19,28.635209292246326
Fra_41,20,53.00934596350787
Fra_41,21,34.40527923743499
Fra_41,22,46.59127057475413
Fra_41,23,82.1826142752855
Fra_41,24,72.31912251158408
Fra_41,25,71.96675967952775
Fra_41,26,82.60488533852276
Fra_41,27,42.988210309526686
Fra_41,28,69.2298441911174
Fra_41,29,511.2968455914727
Fra_41,30,47.12988675186149
Fra_41,31,47.12988675186149
Fra_41,32,41.61270598281169
Fra_41,33,50.08790295480295
Fra_41,34,44.234802808184384
Fra_41,35,44.234802808184384
Fra_41,36,37.9366141850262
Fra_41,37,64.20597669861824
Fra_41,38,64.20597669861826
Fra_41,39,55.296874454169064
Fra_41,40,123.51847370734365
Fra_41,41,26.820312508548344
Fra_41,42,44.234802808184384
Fra_41,43,44.234802808184384
Fra_41,44,44.234802808184384
Fra_41,45,105.17385540703766
Fra_41,46,52.10913962758035
Fra_41,47,44.234802808184384
Fra_41,48,44.234802808184384
Fra_41,49,25.646717201099946
Fra_41,50,26.820312508548344
Fra_41,51,30.895388910455456
Fra_41,52,26.820312508548344
Fra_41,53,28.851989252728284
Fra_41,54,28.851989252728284
Fra_41,55,30.895388910455456
Fra_41,56,29.547172566323706
Fra_41,57,25.657276702323465
Fra_41,58,25.42802635677472
Fra_41,59,26.571120516497285
Fra_41,60,28.851989252728284
Fra_41,61,27.860292697565498
Fra_41,62,28.67293954619392
Fra_41,63,26.56113327545933
Fra_41,64,28.72818424258043
Fra_41,65,41.80731709164543
Fra_41,66,72.5738344394921
Fra_41,67,44.01336191567219
Fra_41,68,30.895388910455456
Fra_41,69,44.01336191567219
Fra_41,70,32.78044606268019
Fra_41,71,28.851989252728284
Fra_41,72,26.571120516497285
Fra_41,73,24.672457215347894
Fra_41,74,26.571120516497285
Fra_41,75,27.77025992422704
Fra_41,76,28.854068768773978
Fra_41,77,29.20200404601805
Fra_41,78,31.508453361046126
Fra_41,79,34.58326329021186
Fra_41,80,72.5738344394921
Fra_41,81,28.864391947066036
Fra_41,82,31.296542212270086
Fra_41,83,47.9329988008333
Fra_41,84,92.00849397375372
Fra_41,85,385.7104619345436
Fra_41,86,73.02931400627955
Fra_41,87,104.36084406819623
Fra_41,88,106.68962118779142
Fra_41,89,83.87697120140697
Fra_41,90,54.00904410766756
Fra_41,91,42.12257696189124
Fra_41,92,29.703335791763248
Fra_41,93,44.08304294981501
Fra_41,94,29.26299026945971
Fra_41,95,28.635209292246326
Fra_41,96,28.334353461561065
Fra_42,1,71.29302544885259
Fra_42,2,9.486381449554953
Fra_42,3,9.49464216292355
Fra_42,4,23.72693756520646
Fra_42,5,8.78409996497407
Fra_42,6,8.78409996497407
Fra_42,7,8.977630761672092
Fra_42,8,15.62095841477307
Fra_42,9,11.082395188626455
Fra_42,10,11.082395188626455
Fra_42,11,11.082395188626458
Fra_42,12,11.082395188626458
Fra_42,13,11.082395188626458
Fra_42,14,8.78409996497407
Fra_42,15,19.859398402780563
Fra_42,16,40.799140012726355
Fra_42,17,23.634493265741746
Fra_42,18,24.833480931897306
Fra_42,19,27.209874704274018
Fra_42,20,29.889723843731616
Fra_42,21,25.390011852629858
Fra_42,22,22.661889948317466
Fra_42,23,26.28236395815295
Fra_42,24,16.843820164343825
Fra_42,25,17.849234870887635
Fra_42,26,21.309587788268367
Fra_42,27,23.468520066461554
Fra_42,28,17.86821812157929
Fra_42,29,131.64602454653829
Fra_42,30,12.167248447891286
Fra_42,31,12.167248447891286
Fra_42,32,11.066179040680925
Fra_42,33,12.9342302461564
Fra_42,34,11.589473585126044
Fra_42,35,11.589473585126044
Fra_42,36,9.762898851416189
Fra_42,37,16.88645241896502
Fra_42,38,16.88645241896502
Fra_42,39,14.28329461433967
Fra_42,40,31.836567138546997
Fra_42,41,6.509897906799981
Fra_42,42,11.589473585126044
Fra_42,43,11.589473585126044
Fra_42,44,11.589473585126036
Fra_42,45,27.11653583023891
Fra_42,46,13.458315184049777
Fra_42,47,11.589473585126044
Fra_42,48,11.589473585126044
Fra_42,49,6.225039718329821
Fra_42,50,6.509897906799981
Fra_42,51,7.4990113382847845
Fra_42,52,6.509897906799981
Fra_42,53,7.003031914094478
Fra_42,54,7.003031914094478
Fra_42,55,7.4990113382847845
Fra_42,56,7.171768665263006
Fra_42,57,6.748136240931519
Fra_42,58,7.375338321088744
Fra_42,59,6.554429295766507
Fra_42,60,7.003031914094478
Fra_42,61,6.665307729299066
Fra_42,62,6.9730257170308825
Fra_42,63,6.474457093151074
Fra_42,64,6.997131968359991
Fra_42,65,10.217018157580647
Fra_42,66,16.845079510211434
Fra_42,67,10.59319920909779
Fra_42,68,7.4990113382847845
Fra_42,69,10.59319920909779
Fra_42,70,19.110415302717985
Fra_42,71,7.003031914094478
Fra_42,72,6.554429295766507
Fra_42,73,7.673647795282989
Fra_42,74,6.554429295766507
Fra_42,75,23.529342982262353
Fra_42,76,22.573435802338278
Fra_42,77,26.536304959897244
Fra_42,78,25.063859822630228
Fra_42,79,22.80080483165866
Fra_42,80,16.845079510211434
Fra_42,81,26.600316663368474
Fra_42,82,26.071260216296203
Fra_42,83,22.35931094281746
Fra_42,84,21.489092897682625
Fra_42,85,99.29800857934768
Fra_42,86,18.18936538758919
Fra_42,87,26.907349740317542
Fra_42,88,27.506539144785947
Fra_42,89,26.74479402269739
Fra_42,90,20.997278914455606
Fra_42,91,23.662312531220273
Fra_42,92,26.442652918251788
Fra_42,93,33.858330094082525
Fra_42,94,26.758947550246607
Fra_42,95,27.209874704274018
Fra_42,96,27.046532983985525
Fra_43,1,78.11752156198203
Fra_43,2,25.649439688864557
Fra_43,3,25.64606525525487
Fra_43,4,25.676094315314206
Fra_43,5,17.66375067032285
Fra_43,6,17.66375067032285
Fra_43,7,16.142943373853893
Fra_43,8,16.739283768264563
Fra_43,9,9.972349240285284
Fra_43,10,9.972349240285284
Fra_43,11,9.972349240285288
Fra_43,12,9.972349240285288
Fra_43,13,9.972349240285288
Fra_43,14,17.66375067032285
Fra_43,15,21.412147401998087
Fra_43,16,44.49813124174834
Fra_43,17,25.574174834010496
Fra_43,18,26.896054081640752
Fra_43,19,29.51601899085025
Fra_43,20,56.04552896524938
Fra_43,21,35.94885880921835
Fra_43,22,49.46525951556772
Fra_43,23,85.78851090947731
Fra_43,24,77.8470467805302
Fra_43,25,64.84900727231211
Fra_43,26,65.18868617171078
Fra_43,27,45.46883403274333
Fra_43,28,54.609952052433066
Fra_43,29,401.2198987490359
Fra_43,30,37.29450954237222
Fra_43,31,37.29450954237222
Fra_43,32,32.19615013545227
Fra_43,33,39.56832874344467
Fra_43,34,34.61919780691658
Fra_43,35,34.61919780691658
Fra_43,36,33.21272591919639
Fra_43,37,49.8186171785934
Fra_43,38,49.81861717859341
Fra_43,39,43.589934938862385
Fra_43,40,97.5485098499573
Fra_43,41,28.130454327878237
Fra_43,42,34.61919780691658
Fra_43,43,34.61919780691658
Fra_43,44,34.61919780691658
Fra_43,45,83.03918330809319
Fra_43,46,41.12204800701829
Fra_43,47,34.61919780691658
Fra_43,48,34.61919780691658
Fra_43,49,26.899530221939237
Fra_43,50,28.130454327878237
Fra_43,51,32.40459358594712
Fra_43,52,28.130454327878237
Fra_43,53,30.26137617462966
Fra_43,54,30.26137617462966
Fra_43,55,32.40459358594712
Fra_43,56,30.990518403914503
Fra_43,57,26.901231604883193
Fra_43,58,27.083473849549527
Fra_43,59,27.862315441224986
Fra_43,60,30.26137617462966
Fra_43,61,22.490355677344617
Fra_43,62,23.194225543468956
Fra_43,63,13.812826344873708
Fra_43,64,17.782163466843222
Fra_43,65,8.344002222982319
Fra_43,66,78.28447781737333
Fra_43,67,46.415951599967016
Fra_43,68,32.40459358594712
Fra_43,69,46.415951599967016
Fra_43,70,33.662243865498596
Fra_43,71,30.26137617462966
Fra_43,72,27.862315441224986
Fra_43,73,26.3899265082755
Fra_43,74,27.862315441224986
Fra_43,75,28.04382413977458
Fra_43,76,29.259206726936636
Fra_43,77,23.877852071929155
Fra_43,78,28.569291005916547
Fra_43,79,29.277216453364645
Fra_43,80,78.28447781737333
Fra_43,81,23.14111131898371
Fra_43,82,22.552662194836156
Fra_43,83,49.46525951556772
Fra_43,84,97.63607432240049
Fra_43,85,304.9242704993671
Fra_43,86,64.94429201752051
Fra_43,87,82.39614747031334
Fra_43,88,84.23804939044568
Fra_43,89,83.59839856507513
Fra_43,90,55.0109482905205
Fra_43,91,44.5086948969483
Fra_43,92,30.73357923523222
Fra_43,93,28.357648498319598
Fra_43,94,30.23162820041482
Fra_43,95,29.51601899085025
Fra_43,96,29.130183981834175
Fra_44,1,82.48303222415129
Fra_44,2,26.909310834325318
Fra_44,3,26.90572408583675
Fra_44,4,26.922935757345982
Fra_44,5,18.441991976280264
Fra_44,6,18.441991976280264
Fra_44,7,16.829125881044966
Fra_44,8,17.454656914283195
Fra_44,9,12.354122323261164
Fra_44,10,12.354122323261164
Fra_44,11,12.354122323261167
Fra_44,12,12.354122323261167
Fra_44,13,12.354122323261167
Fra_44,14,18.441991976280264
Fra_44,15,22.4054137471449
Fra_44,16,46.86431115919301
Fra_44,17,26.814955168136507
Fra_44,18,28.215446008523994
Fra_44,19,30.991219108875182
Fra_44,20,59.12041030366608
Fra_44,21,37.81448636335369
Fra_44,22,52.15010965898825
Fra_44,23,86.3000171302268
Fra_44,24,81.96793173976141
Fra_44,25,64.34411973341321
Fra_44,26,61.099763069116044
Fra_44,27,47.911462736961724
Fra_44,28,51.137072899808615
Fra_44,29,382.53850254965005
Fra_44,30,34.90241878230474
Fra_44,31,34.90241878230474
Fra_44,32,28.417856535589785
Fra_44,33,37.01479230303866
Fra_44,34,31.499711343832963
Fra_44,35,31.499711343832963
Fra_44,36,31.139517446513707
Fra_44,37,44.985999539985684
Fra_44,38,44.9859995399857
Fra_44,39,40.75879749132652
Fra_44,40,91.57513881868641
Fra_44,41,28.3163014995073
Fra_44,42,31.499711343832963
Fra_44,43,31.499711343832963
Fra_44,44,31.49971134383296
Fra_44,45,77.91075106944874
Fra_44,46,38.45819441235287
Fra_44,47,31.499711343832963
Fra_44,48,31.499711343832963
Fra_44,49,27.07724514796315
Fra_44,50,28.3163014995073
Fra_44,51,32.61867836380189
Fra_44,52,28.3163014995073
Fra_44,53,30.461301533321237
Fra_44,54,30.461301533321237
Fra_44,55,32.61867836380189
Fra_44,56,31.195260926930853
Fra_44,57,27.11911769254915
Fra_44,58,28.15861909234931
Fra_44,59,28.045474944449744
Fra_44,60,30.461301533321237
Fra_44,61,31.230355397625406
Fra_44,62,31.19001190227998
Fra_44,63,29.916458073084776
Fra_44,64,31.978069570701756
Fra_44,65,48.87590827112234
Fra_44,66,82.71604701354357
Fra_44,67,47.17918329689525
Fra_44,68,32.61867836380189
Fra_44,69,47.17918329689525
Fra_44,70,33.78732927624164
Fra_44,71,30.461301533321237
Fra_44,72,28.045474944449744
Fra_44,73,27.69638810047888
Fra_44,74,28.045474944449744
Fra_44,75,28.08262996595944
Fra_44,76,29.316676645485312
Fra_44,77,32.48420275305368
Fra_44,78,35.05238359932028
Fra_44,79,39.15957021241969
Fra_44,80,82.71604701354357
Fra_44,81,32.04753264233899
Fra_44,82,35.524619453896676
Fra_44,83,53.933060451180225
Fra_44,84,102.69766310637792
Fra_44,85,286.874541249985
Fra_44,86,64.10493656358082
Fra_44,87,77.30516189901223
Fra_44,88,79.03980216368161
Fra_44,89,95.24694062758039
Fra_44,90,61.244994718404996
Fra_44,91,46.89313002685733
Fra_44,92,32.28311118601363
Fra_44,93,50.913462458601394
Fra_44,94,31.750516131284982
Fra_44,95,30.991219108875182
Fra_44,96,30.46305903906338
Fra_45,1,71.33507012883896
Fra_45,2,11.908863528385055
Fra_45,3,11.915202678708317
Fra_45,4,23.738946022745754
Fra_45,5,10.092934925345018
Fra_45,6,10.092934925345018
Fra_45,7,10.018889280167464
Fra_45,8,15.627848246759015
Fra_45,9,11.083169866078777
Fra_45,10,11.083169866078777
Fra_45,11,11.08316986607878
Fra_45,12,11.08316986607878
Fra_45,13,11.08316986607878
Fra_45,14,10.092934925345018
Fra_45,15,19.868964652608984
Fra_45,16,40.82192893368382
Fra_45,17,23.646443348130457
Fra_45,18,24.846188130581563
Fra_45,19,27.224082507593735
Fra_45,20,33.544815323302096
Fra_45,21,26.705806285926457
Fra_45,22,26.52673831742257
Fra_45,23,36.256841974246534
Fra_45,24,26.149092367308306
Fra_45,25,27.642166630115696
Fra_45,26,32.958466999966085
Fra_45,27,26.579683758152985
Fra_45,28,27.63690312775033
Fra_45,29,203.57907949500014
Fra_45,30,18.821909105309494
Fra_45,31,18.821909105309494
Fra_45,32,17.157798569539455
Fra_45,33,20.007649856150486
Fra_45,34,17.94868419311553
Fra_45,35,17.948684193115525
Fra_45,36,15.158311365596997
Fra_45,37,26.15443540586727
Fra_45,38,26.15443540586728
Fra_45,39,22.093354695437437
Fra_45,40,49.236867293968935
Fra_45,41,10.133956525385376
Fra_45,42,17.94868419311553
Fra_45,43,17.948684193115525
Fra_45,44,17.948684193115525
Fra_45,45,41.93804429068914
Fra_45,46,20.817876212457524
Fra_45,47,17.948684193115525
Fra_45,48,17.948684193115525
Fra_45,49,9.690517851048984
Fra_45,50,10.133956525385376
Fra_45,51,11.673709169258863
Fra_45,52,10.133956525385376
Fra_45,53,10.901618117419165
Fra_45,54,10.901618117419165
Fra_45,55,11.673709169258863
Fra_45,56,11.164290577887474
Fra_45,57,10.114793385489818
Fra_45,58,10.447107164985196
Fra_45,59,10.126077819761061
Fra_45,60,10.901618117419165
Fra_45,61,10.365726378153212
Fra_45,62,10.855916936709587
Fra_45,63,10.080846862714932
Fra_45,64,10.894245787224005
Fra_45,65,15.910039734869741
Fra_45,66,26.14493557368249
Fra_45,67,16.481356469441113
Fra_45,68,11.673709169258863
Fra_45,69,16.481356469441113
Fra_45,70,21.549606907782703
Fra_45,71,10.901618117419165
Fra_45,72,10.126077819761061
Fra_45,73,10.51779829978714
Fra_45,74,10.126077819761061
Fra_45,75,24.28606468861831
Fra_45,76,23.694111203529914
Fra_45,77,26.78226421985976
Fra_45,78,25.953399312291037
Fra_45,79,24.619006324037336
Fra_45,80,26.14493557368249
Fra_45,81,26.787300353932423
Fra_45,82,26.75137999404602
Fra_45,83,26.507006054811047
Fra_45,84,33.34327275871426
Fra_45,85,153.5559042791341
Fra_45,86,28.164932974073345
Fra_45,87,41.61456926576785
Fra_45,88,42.54112613011696
Fra_45,89,36.222142254631216
Fra_45,90,26.41770820604633
Fra_45,91,26.592403872646706
Fra_45,92,26.77489934840535
Fra_45,93,35.31451119598297
Fra_45,94,26.960079467925112
Fra_45,95,27.224082507593735
Fra_45,96,27.059370040078107
Fra_46,1,76.35556265107564
Fra_46,2,24.337580863466766
Fra_46,3,24.334931893151065
Fra_46,4,25.172858025385278
Fra_46,5,16.915911975217814
Fra_46,6,16.915911975217814
Fra_46,7,15.52114754580551
Fra_46,8,16.450552807148476
Fra_46,9,11.526455535164015
Fra_46,10,11.526455535164015
Fra_46,11,11.526455535164018
Fra_46,12,11.526455535164018
Fra_46,13,11.526455535164018
Fra_46,14,16.915911975217814
Fra_46,15,21.011256275353762
Fra_46,16,43.543119992668565
Fra_46,17,25.073384861113173
Fra_46,18,26.36353577108079
Fra_46,19,28.920615109272603
Fra_46,20,53.596116167595575
Fra_46,21,34.763312318043965
Fra_46,22,47.10210326431995
Fra_46,23,82.2592332256721
Fra_46,24,73.0956227453888
Fra_46,25,65.51796270499452
Fra_46,26,69.93181255603909
Fra_46,27,43.4538643850319
Fra_46,28,58.60090123119718
Fra_46,29,432.83344245764573
Fra_46,30,39.971972847821185
Fra_46,31,39.971972847821185
Fra_46,32,35.08655357665245
Fra_46,33,42.44045520817318
Fra_46,34,37.408399261573216
Fra_46,35,37.408399261573216
Fra_46,36,34.202228064375014
Fra_46,37,54.07370090147908
Fra_46,38,54.07370090147909
Fra_46,39,46.797330472710684
Fra_46,40,104.59250904878411
Fra_46,41,26.848150713920845
Fra_46,42,37.408399261573216
Fra_46,43,37.408399261573216
Fra_46,44,37.408399261573216
Fra_46,45,89.05152932707591
Fra_46,46,44.127189401138764
Fra_46,47,37.408399261573216
Fra_46,48,37.408399261573216
Fra_46,49,25.673337270509915
Fra_46,50,26.848150713920845
Fra_46,51,30.927456850800237
Fra_46,52,26.848150713920845
Fra_46,53,28.881936241674318
Fra_46,54,28.881936241674318
Fra_46,55,30.927456850800237
Fra_46,56,29.57784112239724
Fra_46,57,25.691890979869104
Fra_46,58,25.629173241882633
Fra_46,59,26.59855613374129
Fra_46,60,28.881936241674318
Fra_46,61,27.960776361551122
Fra_46,62,28.665641312895623
Fra_46,63,26.513037203710425
Fra_46,64,28.69147619752811
Fra_46,65,41.659441150540765
Fra_46,66,73.41046135361724
Fra_46,67,44.14784487324335
Fra_46,68,30.927456850800237
Fra_46,69,44.14784487324335
Fra_46,70,32.7991827123846
Fra_46,71,28.881936241674318
Fra_46,72,26.59855613374129
Fra_46,73,24.918871779416705
Fra_46,74,26.59855613374129
Fra_46,75,27.7760726818252
Fra_46,76,28.862677236588016
Fra_46,77,29.454715812405563
Fra_46,78,31.8097946560755
Fra_46,79,34.91015177141084
Fra_46,80,73.41046135361724
Fra_46,81,29.100404726705047
Fra_46,82,31.566460661168254
Fra_46,83,48.45330495840072
Fra_46,84,92.14161585537535
Fra_46,85,326.71325888010125
Fra_46,86,65.99376918262013
Fra_46,87,88.36277186569865
Fra_46,88,90.33563809815676
Fra_46,89,84.51112480359615
Fra_46,90,54.59964169269332
Fra_46,91,42.57737689895524
Fra_46,92,30.00241141048435
Fra_46,93,44.46960205155304
Fra_46,94,29.556430379680823
Fra_46,95,28.920615109272603
Fra_46,96,28.592223760006913
Fra_47,1,73.64589309391638
Fra_47,2,19.217708217988466
Fra_47,3,19.21864556277933
Fra_47,4,24.39894437368909
Fra_47,5,14.090854479875624
Fra_47,6,14.090854479875624
Fra_47,7,13.233188996166614
Fra_47,8,16.006521172413514
Fra_47,9,11.289787413993544
Fra_47,10,11.289787413993544
Fra_47,11,11.289787413993547
Fra_47,12,11.289787413993547
Fra_47,13,11.289787413993547
Fra_47,14,14.090854479875624
Fra_47,15,20.39473651721445
Fra_47,16,42.07443369563969
Fra_47,17,24.303233335052646
Fra_47,18,25.544590081812746
Fra_47,19,28.00495937965319
Fra_47,20,45.162816676196115
Fra_47,21,31.269637662373352
Fra_47,22,38.526638794211195
Fra_47,23,63.99967218381529
Fra_47,24,53.86264476819987
Fra_47,25,58.324037556610776
Fra_47,26,70.40199506529036
Fra_47,27,36.38094447201354
Fra_47,28,59.01030082792796
Fra_47,29,435.5977820431325
Fra_47,30,40.1261610338569
Fra_47,31,40.1261610338569
Fra_47,32,35.652622591934
Fra_47,33,42.670118247091175
Fra_47,34,37.77871768248311
Fra_47,35,37.778717682483105
Fra_47,36,31.05639044085429
Fra_47,37,54.99092092423325
Fra_47,38,54.990920924233265
Fra_47,39,47.14341164885959
Fra_47,40,105.24862347669743
Fra_47,41,20.213846697354008
Fra_47,42,37.77871768248311
Fra_47,43,37.778717682483105
Fra_47,44,37.778717682483105
Fra_47,45,89.62427658496857
Fra_47,46,44.40842502453633
Fra_47,47,37.778717682483105
Fra_47,48,37.778717682483105
Fra_47,49,19.329335168193605
Fra_47,50,20.213846697354008
Fra_47,51,23.285137147153982
Fra_47,52,20.213846697354008
Fra_47,53,21.745074278402633
Fra_47,54,21.745074278402633
Fra_47,55,23.285137147153982
Fra_47,56,22.26901779781903
Fra_47,57,19.5014977674641
Fra_47,58,19.452245239652406
Fra_47,59,20.06019551590137
Fra_47,60,21.745074278402633
Fra_47,61,20.917005545583635
Fra_47,62,21.62934147145066
Fra_47,63,20.057736685982846
Fra_47,64,21.686254856601792
Fra_47,65,31.608364635794455
Fra_47,66,53.99977431146766
Fra_47,67,33.0904982480296
Fra_47,68,23.285137147153982
Fra_47,69,33.0904982480296
Fra_47,70,28.333929700286923
Fra_47,71,21.745074278402633
Fra_47,72,20.06019551590137
Fra_47,73,19.01201696927476
Fra_47,74,20.06019551590137
Fra_47,75,26.390796563454842
Fra_47,76,26.811137209816746
Fra_47,77,28.18217590159884
Fra_47,78,29.23597305056277
Fra_47,79,30.560965282106494
Fra_47,80,53.99977431146766
Fra_47,81,27.984358510651692
Fra_47,82,29.43238424745742
Fra_47,83,39.32776832196832
Fra_47,84,69.06517764133731
Fra_47,85,328.56090554394166
Fra_47,86,59.507476050660216
Fra_47,87,88.9318243912505
Fra_47,88,90.91527375794948
Fra_47,89,64.96593189259366
Fra_47,90,42.94786191455387
Fra_47,91,35.86544253132949
Fra_47,92,28.469536467275667
Fra_47,93,40.52036683023378
Fra_47,94,28.27801005126418
Fra_47,95,28.00495937965319
Fra_47,96,27.76490910072345
Fra_48,1,74.986092217314
Fra_48,2,23.346177129628586
Fra_48,3,23.344069539656914
Fra_48,4,24.78172108343522
Fra_48,5,16.34990052290817
Fra_48,6,16.34990052290817
Fra_48,7,15.049978627346666
Fra_48,8,16.22613865531297
Fra_48,9,11.409606326371316
Fra_48,10,11.409606326371316
Fra_48,11,11.40960632637132
Fra_48,12,11.40960632637132
Fra_48,13,11.40960632637132
Fra_48,14,16.34990052290817
Fra_48,15,20.699666406998443
Fra_48,16,42.800844073843784
Fra_48,17,24.684149302234907
Fra_48,18,25.949639580179596
Fra_48,19,28.457841541216997
Fra_48,20,51.734787781972685
Fra_48,21,33.85705434799128
Fra_48,22,45.31031781015588
Fra_48,23,79.63288780345371
Fra_48,24,69.51112775382653
Fra_48,25,73.06842693107833
Fra_48,26,86.70990999918484
Fra_48,27,41.92390489179703
Fra_48,28,72.6735464270576
Fra_48,29,536.6763352491711
Fra_48,30,49.43051895243503
Fra_48,31,49.43051895243503
Fra_48,32,43.72215390459008
Fra_48,33,52.554971503385026
Fra_48,34,46.435113022041755
Fra_48,35,46.435113022041755
Fra_48,36,38.66370202731553
Fra_48,37,67.51697595284693
Fra_48,38,67.51697595284696
Fra_48,39,58.0516677567859
Fra_48,40,129.64645090818468
Fra_48,41,25.893912331980882
Fra_48,42,46.435113022041755
Fra_48,43,46.435113022041755
Fra_48,44,46.435113022041755
Fra_48,45,110.39479185030247
Fra_48,46,54.6899354944724
Fra_48,47,46.435113022041755
Fra_48,48,46.435113022041755
Fra_48,49,24.7608541696419
Fra_48,50,25.893912331980882
Fra_48,51,29.82823155601956
Fra_48,52,25.893912331980882
Fra_48,53,27.855412947753056
Fra_48,54,27.855412947753056
Fra_48,55,29.82823155601956
Fra_48,56,28.52658394067711
Fra_48,57,24.79134433117118
Fra_48,58,24.53468276453177
Fra_48,59,25.658117673139024
Fra_48,60,27.855412947753056
Fra_48,61,26.866556413645107
Fra_48,62,27.699138825912254
Fra_48,63,25.677559819535563
Fra_48,64,27.765667400144135
Fra_48,65,40.448880138944084
Fra_48,66,69.7305837637364
Fra_48,67,42.45384934365563
Fra_48,68,29.82823155601956
Fra_48,69,42.45384934365563
Fra_48,70,32.15692757927998
Fra_48,71,27.855412947753056
Fra_48,72,25.658117673139024
Fra_48,73,23.808667365105492
Fra_48,74,25.658117673139024
Fra_48,75,27.57682289790923
Fra_48,76,28.567596059912553
Fra_48,77,28.982876917365935
Fra_48,78,31.099354048731684
Fra_48,79,33.92399439434354
Fra_48,80,69.7305837637364
Fra_48,81,28.670047434384962
Fra_48,82,30.955929879994216
Fra_48,83,46.57446457651038
Fra_48,84,88.90500422462203
Fra_48,85,404.80239487100494
Fra_48,86,74.41213628252522
Fra_48,87,109.54158155999588
Fra_48,88,111.9855039351753
Fra_48,89,81.09357427019327
Fra_48,90,52.287647618086396
Fra_48,91,41.11032095613953
Fra_48,92,29.437832671495006
Fra_48,93,43.47233262740322
Fra_48,94,29.03382181106764
Fra_48,95,28.457841541216997
Fra_48,96,28.174097881036605
Fra_49,1,76.15538433926602
Fra_49,2,24.61542321529345
Fra_49,3,24.612516709847693
Fra_49,4,25.115684733581613
Fra_49,5,17.06142261020526
Fra_49,6,17.06142261020526
Fra_49,7,15.633746017295975
Fra_49,8,16.41774972870798
Fra_49,9,11.5083759547941
Fra_49,10,11.5083759547941
Fra_49,11,11.508375954794104
Fra_49,12,11.508375954794104
Fra_49,13,11.508375954794104
Fra_49,14,17.06142261020526
Fra_49,15,20.96571054301325
Fra_49,16,43.4346199939361
Fra_49,17,25.01648949838635
Fra_49,18,26.303035713017138
Fra_49,19,28.852970544395774
Fra_49,20,53.9599247792339
Fra_49,21,34.85847221933825
Fra_49,22,47.513525823302686
Fra_49,23,83.62392318455342
Fra_49,24,74.19678702280261
Fra_49,25,68.38309592150345
Fra_49,26,74.51489248000422
Fra_49,27,43.77177683197289
Fra_49,28,62.44465615261512
Fra_49,29,461.2456562172005
Fra_49,30,42.57115665889935
Fra_49,31,42.57115665889935
Fra_49,32,37.46292764832272
Fra_49,33,45.21235106688027
Fra_49,34,39.89066595029185
Fra_49,35,39.89066595029185
Fra_49,36,35.82675521507028
Fra_49,37,57.73478229472554
Fra_49,38,57.734782294725555
Fra_49,39,49.87092007106661
Fra_49,40,111.43714753482223
Fra_49,41,27.343987829326885
Fra_49,42,39.89066595029185
Fra_49,43,39.89066595029185
Fra_49,44,39.89066595029185
Fra_49,45,94.88214214978126
Fra_49,46,47.017100815051705
Fra_49,47,39.89066595029185
Fra_49,48,39.89066595029185
Fra_49,49,26.14747769197498
Fra_49,50,27.343987829326885
Fra_49,51,31.498631422752943
Fra_49,52,27.343987829326885
Fra_49,53,29.415333722417287
Fra_49,54,29.415333722417287
Fra_49,55,31.498631422752943
Fra_49,56,30.124090716208677
Fra_49,57,26.15037582220145
Fra_49,58,26.006139505250246
Fra_49,59,27.087222595232735
Fra_49,60,29.415333722417287
Fra_49,61,28.446844231051617
Fra_49,62,29.203367490251473
Fra_49,63,27.019679259984258
Fra_49,64,29.236297614087533
Fra_49,65,42.471774077805335
Fra_49,66,74.49620859197643
Fra_49,67,44.93168158893662
Fra_49,68,31.498631422752943
Fra_49,69,44.93168158893662
Fra_49,70,33.132908475863005
Fra_49,71,29.415333722417287
Fra_49,72,27.087222595232735
Fra_49,73,25.25322772475276
Fra_49,74,27.087222595232735
Fra_49,75,27.87960597075173
Fra_49,76,29.016006008750722
Fra_49,77,29.424831772145094
Fra_49,78,31.858077493171187
Fra_49,79,35.079949653580044
Fra_49,80,74.49620859197643
Fra_49,81,29.06628943999618
Fra_49,82,31.591214966789135
Fra_49,83,48.901086523733426
Fra_49,84,93.74467141242883
Fra_49,85,348.05094379699324
Fra_49,86,69.02190768823633
Fra_49,87,94.14844429505975
Fra_49,88,96.25003709597486
Fra_49,89,85.66585650615623
Fra_49,90,55.20634765923259
Fra_49,91,42.872823590297955
Fra_49,92,29.975541918414894
Fra_49,93,44.57064239449762
Fra_49,94,29.512750967868293
Fra_49,95,28.852970544395774
Fra_49,96,28.53110543973308
Fra_50,1,76.2493868266693
Fra_50,2,24.166689907011257
Fra_50,3,24.164157789974155
Fra_50,4,25.14253295501975
Fra_50,5,16.821263968465182
Fra_50,6,16.821263968465182
Fra_50,7,15.444256213594443
Fra_50,8,16.433153849863842
Fra_50,9,11.517334039416575
Fra_50,10,11.517334039416575
Fra_50,11,11.517334039416578
Fra_50,12,11.517334039416578
Fra_50,13,11.517334039416578
Fra_50,14,16.821263968465182
Fra_50,15,20.987098535008524
Fra_50,16,43.485570917000146
Fra_50,17,25.043207206062487
Fra_50,18,26.331446163153387
Fra_50,19,28.884736010395812
Fra_50,20,53.31037769397649
Fra_50,21,34.64242185545491
Fra_50,22,46.81342741203181
Fra_50,23,81.6667023540659
Fra_50,24,72.45626754678348
Fra_50,25,65.3730652086158
Fra_50,26,70.12464736631674
Fra_50,27,43.214798027283535
Fra_50,28,58.76319041627582
Fra_50,29,434.0220466822141
Fra_50,30,40.07742053024672
Fra_50,31,40.07742053024672
Fra_50,32,35.19906720577415
Fra_50,33,42.55521136108032
Fra_50,34,37.51755472695589
Fra_50,35,37.51755472695589
Fra_50,36,34.1542255452145
Fra_50,37,54.24793855123078
Fra_50,38,54.2479385512308
Fra_50,39,46.92779984753204
Fra_50,40,104.87878141354005
Fra_50,41,26.632864599844737
Fra_50,42,37.51755472695589
Fra_50,43,37.51755472695589
Fra_50,44,37.51755472695589
Fra_50,45,89.29590665548436
Fra_50,46,44.248306108084165
Fra_50,47,37.51755472695589
Fra_50,48,37.51755472695589
Fra_50,49,25.46747158258127
Fra_50,50,26.632864599844737
Fra_50,51,30.67946017964728
Fra_50,52,26.632864599844737
Fra_50,53,28.65034189885651
Fra_50,54,28.65034189885651
Fra_50,55,30.67946017964728
Fra_50,56,29.34066655697364
Fra_50,57,25.490820797505595
Fra_50,58,25.424892053313165
Fra_50,59,26.386383425597682
Fra_50,60,28.65034189885651
Fra_50,61,27.731102276212372
Fra_50,62,28.438558703601803
Fra_50,63,26.306108827063618
Fra_50,64,28.466394782224423
Fra_50,65,41.33972270911025
Fra_50,66,72.76403909541496
Fra_50,67,43.787100175743895
Fra_50,68,30.67946017964728
Fra_50,69,43.787100175743895
Fra_50,70,32.65428326747815
Fra_50,71,28.65034189885651
Fra_50,72,26.386383425597682
Fra_50,73,24.722338501133123
Fra_50,74,26.386383425597682
Fra_50,75,27.73111985607262
Fra_50,76,28.79610385087457
Fra_50,77,29.40840823666857
Fra_50,78,31.720182769208204
Fra_50,79,34.76271242222716
Fra_50,80,72.76403909541496
Fra_50,81,29.05954815495481
Fra_50,82,31.49213461321606
Fra_50,83,48.1467178939947
Fra_50,84,91.38507404684934
Fra_50,85,327.59831954870646
Fra_50,86,65.88022315841654
Fra_50,87,88.60529245666868
Fra_50,88,90.58347709916256
Fra_50,89,83.8629037446123
Fra_50,90,54.20984663024137
Fra_50,91,42.35022919636993
Fra_50,92,29.94626064707424
Fra_50,93,44.33448241439501
Fra_50,94,29.50863680683842
Fra_50,95,28.884736010395812
Fra_50,96,28.559806221949255
Fra_51,1,71.26556648514946
Fra_51,2,11.668064736732614
Fra_51,3,11.674583057294932
Fra_51,4,23.71909496062941
Fra_51,5,9.961367474935182
Fra_51,6,9.961367474935182
Fra_51,7,9.913211024892028
Fra_51,8,15.61645873380311
Fra_51,9,11.077000077595665
Fra_51,10,11.077000077595665
Fra_51,11,11.077000077595669
Fra_51,12,11.077000077595669
Fra_51,13,11.077000077595669
Fra_51,14,9.961367474935182
Fra_51,15,19.853150779849468
Fra_51,16,40.784256794359436
Fra_51,17,23.626688785396855
Fra_51,18,24.82518198640522
Fra_51,19,27.200595728770253
Fra_51,20,33.163837806390255
Fra_51,21,26.557248217066707
Fra_51,22,26.132416915244583
Fra_51,23,35.33568421817986
Fra_51,24,25.234938979157178
Fra_51,25,26.66211791831472
Fra_51,26,31.783061610845913
Fra_51,27,26.258027769597685
Fra_51,28,26.651977644423443
Fra_51,29,196.29820225788805
Fra_51,30,18.152610208626243
Fra_51,31,18.152610208626243
Fra_51,32,16.573803943302206
Fra_51,33,19.295867331775764
Fra_51,34,17.324147836220845
Fra_51,35,17.324147836220845
Fra_51,36,14.647729704730153
Fra_51,37,25.246697544062176
Fra_51,38,25.24669754406218
Fra_51,39,21.306854826930387
Fra_51,40,47.478793307999624
Fra_51,41,9.799269366863005
Fra_51,42,17.324147836220845
Fra_51,43,17.324147836220845
Fra_51,44,17.32414783622084
Fra_51,45,40.4412241675787
Fra_51,46,20.077064277697133
Fra_51,47,17.324147836220845
Fra_51,48,17.324147836220845
Fra_51,49,9.370475834285493
Fra_51,50,9.799269366863005
Fra_51,51,11.288169667338884
Fra_51,52,9.799269366863005
Fra_51,53,10.541577931547511
Fra_51,54,10.541577931547511
Fra_51,55,11.288169667338884
Fra_51,56,10.795575290716933
Fra_51,57,9.803197282899617
Fra_51,58,10.149624633687964
Fra_51,59,9.796230810773398
Fra_51,60,10.541577931547511
Fra_51,61,10.01631108738913
Fra_51,62,10.498184358708492
Fra_51,63,9.749543565594
Fra_51,64,10.535882077414879
Fra_51,65,15.388709873598529
Fra_51,66,25.22660579772564
Fra_51,67,15.930639271864173
Fra_51,68,11.288169667338884
Fra_51,69,15.930639271864173
Fra_51,70,21.324343965510156
Fra_51,71,10.541577931547511
Fra_51,72,9.796230810773398
Fra_51,73,10.237682332040233
Fra_51,74,9.796230810773398
Fra_51,75,24.21618032295335
Fra_51,76,23.59061517735439
Fra_51,77,26.73820239137974
Fra_51,78,25.847110941575167
Fra_51,79,24.424697006985202
Fra_51,80,25.22660579772564
Fra_51,81,26.749849494141852
Fra_51,82,26.665060551057707
Fra_51,83,26.085556659115028
Fra_51,84,32.169782704943344
Fra_51,85,148.0638376521807
Fra_51,86,27.165704950714925
Fra_51,87,40.12932759849352
Fra_51,88,41.02271931280942
Fra_51,89,35.276816882824434
Fra_51,90,25.87366410459593
Fra_51,91,26.288205711777106
Fra_51,92,26.721168631895935
Fra_51,93,35.14564184191863
Fra_51,94,26.91881710843413
Fra_51,95,27.200595728770253
Fra_51,96,27.038149229907358
Fra_52,1,73.65213229936403
Fra_52,2,19.437847573954677
Fra_52,3,19.4386107378507
Fra_52,4,24.400726364507456
Fra_52,5,14.209847170041225
Fra_52,6,14.209847170041225
Fra_52,7,13.32789231107386
Fra_52,8,16.00754358659942
Fra_52,9,11.290790566636911
Fra_52,10,11.290790566636911
Fra_52,11,11.290790566636915
Fra_52,12,11.290790566636915
Fra_52,13,11.290790566636915
Fra_52,14,14.209847170041225
Fra_52,15,20.396156097481498
Fra_52,16,42.07781544952223
Fra_52,17,24.305006663311147
Fra_52,18,25.54647576207671
Fra_52,19,28.007067741612424
Fra_52,20,45.495621166982986
Fra_52,21,31.389866204969216
Fra_52,22,38.87822672085504
Fra_52,23,64.90348413721982
Fra_52,24,54.70784708082678
Fra_52,25,60.34688068204096
Fra_52,26,73.58295664387633
Fra_52,27,36.664125834055795
Fra_52,28,61.67653402422697
Fra_52,29,455.29623482113584
Fra_52,30,41.92667752771418
Fra_52,31,41.92667752771418
Fra_52,32,37.2400510265998
Fra_52,33,44.590570248141475
Fra_52,34,39.46741840582671
Fra_52,35,39.467418405826706
Fra_52,36,32.1400977361775
Fra_52,37,57.47487029348293
Fra_52,38,57.47487029348294
Fra_52,39,49.273445001426246
Fra_52,40,110.00411368084374
Fra_52,41,20.542231550579544
Fra_52,42,39.46741840582671
Fra_52,43,39.467418405826706
Fra_52,44,39.46741840582671
Fra_52,45,93.67378797399776
Fra_52,46,46.41082993891605
Fra_52,47,39.467418405826706
Fra_52,48,39.467418405826706
Fra_52,49,19.643350654072663
Fra_52,50,20.542231550579544
Fra_52,51,23.66341677195224
Fra_52,52,20.542231550579544
Fra_52,53,22.098334750405037
Fra_52,54,22.098334750405037
Fra_52,55,23.66341677195224
Fra_52,56,22.630790015175897
Fra_52,57,19.806584029012132
Fra_52,58,19.731096673531244
Fra_52,59,20.38383136172082
Fra_52,60,22.098334750405037
Fra_52,61,21.255470762006503
Fra_52,62,21.983958422572737
Fra_52,63,20.39019375577397
Fra_52,64,22.044369942292207
Fra_52,65,32.138564353595925
Fra_52,66,54.84465899217399
Fra_52,67,33.62429547149549
Fra_52,68,23.66341677195224
Fra_52,69,33.62429547149549
Fra_52,70,28.554950843021857
Fra_52,71,22.098334750405037
Fra_52,72,20.38383136172082
Fra_52,73,19.270378638002292
Fra_52,74,20.38383136172082
Fra_52,75,26.459364976007524
Fra_52,76,26.912684360639993
Fra_52,77,28.20782047377207
Fra_52,78,29.319199321195303
Fra_52,79,30.729569126269055
Fra_52,80,54.84465899217399
Fra_52,81,28.0047522185461
Fra_52,82,29.49895201275038
Fra_52,83,39.70563183129146
Fra_52,84,70.28892153273759
Fra_52,85,343.40665688907643
Fra_52,86,61.64030452527975
Fra_52,87,92.95004765139764
Fra_52,88,95.02311825112801
Fra_52,89,65.87772553455329
Fra_52,90,43.44172655774673
Fra_52,91,36.132189251939906
Fra_52,92,28.50049539615635
Fra_52,93,40.66081461898718
Fra_52,94,28.2970750537555
Fra_52,95,28.007067741612424
Fra_52,96,27.766814051131693
Fra_53,1,71.33606855646197
Fra_53,2,11.911537306339365
Fra_53,3,11.917874508266783
Fra_53,4,23.73923118547551
Fra_53,5,10.094400912647128
Fra_53,6,10.094400912647128
Fra_53,7,10.020070257390032
Fra_53,8,15.62801185838776
Fra_53,9,11.083259515921434
Fra_53,10,11.083259515921434
Fra_53,11,11.083259515921435
Fra_53,12,11.083259515921435
Fra_53,13,11.083259515921435
Fra_53,14,10.094400912647128
Fra_53,15,19.869191820661644
Fra_53,16,40.82247009818286
Fra_53,17,23.64672712463578
Fra_53,18,24.846489886194433
Fra_53,19,27.224419897801035
Fra_53,20,33.549106879112806
Fra_53,21,26.70751749003037
Fra_53,22,26.53115199414482
Fra_53,23,36.26682629532502
Fra_53,24,26.159205432079347
Fra_53,25,27.653071833397803
Fra_53,26,32.97157912868674
Fra_53,27,26.583298388540843
Fra_53,28,27.647887767188102
Fra_53,29,203.66037800502022
Fra_53,30,18.829367972147477
Fra_53,31,18.829367972147477
Fra_53,32,17.164208437192848
Fra_53,33,20.015583430273768
Fra_53,34,17.955592608405272
Fra_53,35,17.955592608405272
Fra_53,36,15.163891466971307
Fra_53,37,26.164467834131838
Fra_53,38,26.164467834131845
Fra_53,39,22.102123099166672
Fra_53,40,49.25648730702576
Fra_53,41,10.137584160314926
Fra_53,42,17.955592608405272
Fra_53,43,17.955592608405272
Fra_53,44,17.955592608405265
Fra_53,45,41.95474633299713
Fra_53,46,20.826134157952712
Fra_53,47,17.955592608405272
Fra_53,48,17.955592608405272
Fra_53,49,9.69398674900151
Fra_53,50,10.137584160314926
Fra_53,51,11.677887986785237
Fra_53,52,10.137584160314926
Fra_53,53,10.905520550844088
Fra_53,54,10.905520550844088
Fra_53,55,11.677887986785237
Fra_53,56,11.168287039719782
Fra_53,57,10.118173280193592
Fra_53,58,10.450383085237611
Fra_53,59,10.129652992876437
Fra_53,60,10.905520550844088
Fra_53,61,10.369542319174663
Fra_53,62,10.859791153142986
Fra_53,63,10.084431276416481
Fra_53,64,10.89812429593876
Fra_53,65,15.915673826121402
Fra_53,66,26.155111372291678
Fra_53,67,16.487351538258853
Fra_53,68,11.677887986785237
Fra_53,69,16.487351538258853
Fra_53,70,21.552048506442567
Fra_53,71,10.905520550844088
Fra_53,72,10.129652992876437
Fra_53,73,10.520899634365295
Fra_53,74,10.129652992876437
Fra_53,75,24.286822157076422
Fra_53,76,23.695232984841397
Fra_53,77,26.78282152986057
Fra_53,78,25.9546415123996
Fra_53,79,24.621211004899877
Fra_53,80,26.155111372291678
Fra_53,81,26.78778165919298
Fra_53,82,26.752403405132902
Fra_53,83,26.51171752850867
Fra_53,84,33.35628616110969
Fra_53,85,153.6172296326727
Fra_53,86,28.176054697043718
Fra_53,87,41.63114198713461
Fra_53,88,42.55806927639005
Fra_53,89,36.23265025977734
Fra_53,90,26.423767352324255
Fra_53,91,26.595826532569898
Fra_53,92,26.775567808175772
Fra_53,93,35.316469989550434
Fra_53,94,26.960611441053025
Fra_53,95,27.224419897801035
Fra_53,96,27.05967487939202
Fra_54,1,73.03675232127965
Fra_54,2,17.06874107671737
Fra_54,3,17.071279412430826
Fra_54,4,24.224966569457287
Fra_54,5,12.91695355204207
Fra_54,6,12.91695355204207
Fra_54,7,12.290452426070885
Fra_54,8,15.906701704632663
Fra_54,9,11.236042643167213
Fra_54,10,11.236042643167213
Fra_54,11,11.236042643167217
Fra_54,12,11.236042643167217
Fra_54,13,11.236042643167217
Fra_54,14,12.91695355204207
Fra_54,15,20.256141270120004
Fra_54,16,41.74426919149585
Fra_54,17,24.130101266460603
Fra_54,18,25.360488958267908
Fra_54,19,27.799117587197006
Fra_54,20,41.765857545824105
Fra_54,21,29.946884521749112
Fra_54,22,35.009315257360925
Fra_54,23,55.766975030689636
Fra_54,24,45.70259947284497
Fra_54,25,50.02982014152484
Fra_54,26,60.759957238548836
Fra_54,27,33.51249464391695
Fra_54,28,50.93071255756987
Fra_54,29,375.88087280281377
Fra_54,30,34.63038803927018
Fra_54,31,34.63038803927018
Fra_54,32,30.849102780593817
Fra_54,33,36.82793882719042
Fra_54,34,32.646197435933786
Fra_54,35,32.64619743593378
Fra_54,36,26.732027811870488
Fra_54,37,47.541457286959556
Fra_54,38,47.54145728695957
Fra_54,39,40.6914492036992
Fra_54,40,90.82712984922965
Fra_54,41,17.222634824025988
Fra_54,42,32.646197435933786
Fra_54,43,32.646197435933786
Fra_54,44,32.646197435933786
Fra_54,45,77.34577006381686
Fra_54,46,38.32954326005943
Fra_54,47,32.64619743593378
Fra_54,48,32.64619743593378
Fra_54,49,16.469011859903844
Fra_54,50,17.222634824025988
Fra_54,51,19.83944075153643
Fra_54,52,17.222634824025988
Fra_54,53,18.527273859619797
Fra_54,54,18.527273859619797
Fra_54,55,19.83944075153643
Fra_54,56,18.973685076565694
Fra_54,57,16.716783234509403
Fra_54,58,16.796074989572226
Fra_54,59,17.112241689344003
Fra_54,60,18.527273859619797
Fra_54,61,17.796702864645457
Fra_54,62,18.433112767449966
Fra_54,63,17.0987027678135
Fra_54,64,18.485139179117965
Fra_54,65,26.95395605743394
Fra_54,66,45.80326104788727
Fra_54,67,28.169825624017548
Fra_54,68,19.83944075153643
Fra_54,69,28.169825624017548
Fra_54,70,26.32067890655678
Fra_54,71,18.527273859619797
Fra_54,72,17.112241689344003
Fra_54,73,16.51172785421249
Fra_54,74,17.112241689344003
Fra_54,75,25.76621644732512
Fra_54,76,25.886158361792603
Fra_54,77,27.79330580415034
Fra_54,78,28.2911457576536
Fra_54,79,28.830329807577492
Fra_54,80,45.80326104788727
Fra_54,81,27.65441281865962
Fra_54,82,28.66683123799379
Fra_54,83,35.5684168760041
Fra_54,84,58.65014430827429
Fra_54,85,283.5105898307675
Fra_54,86,51.07943461011015
Fra_54,87,76.74829247179966
Fra_54,88,78.45969805655236
Fra_54,89,56.55016124336102
Fra_54,90,38.09395973770404
Fra_54,91,33.15288427299703
Fra_54,92,27.99355447599563
Fra_54,93,39.02027439714742
Fra_54,94,27.913395980356935
Fra_54,95,27.799117587197006
Fra_54,96,27.57892661092571
Fra_55,1,78.84155761338342
Fra_55,2,26.04150992720258
Fra_55,3,26.03795445314421
Fra_55,4,25.882887569133388
Fra_55,5,17.891688613492317
Fra_55,6,17.891688613492317
Fra_55,7,16.3353523998274
Fra_55,8,16.857931044151538
Fra_55,9,11.645353660281259
Fra_55,10,11.645353660281259
Fra_55,11,11.645353660281263
Fra_55,12,11.645353660281263
Fra_55,13,11.645353660281263
Fra_55,14,17.891688613492317
Fra_55,15,21.57688429034476
Fra_55,16,44.89057091190611
Fra_55,17,25.779962830718922
Fra_55,18,27.114880101072973
Fra_55,19,29.760686373692213
Fra_55,20,56.8309395938753
Fra_55,21,36.35687686929172
Fra_55,22,50.20220279882483
Fra_55,23,86.63074043949615
Fra_55,24,79.23442410574322
Fra_55,25,64.33000938435711
Fra_55,26,63.188847664741964
Fra_55,27,46.10852323390906
Fra_55,28,52.926972657334744
Fra_55,29,391.93314391649193
Fra_55,30,36.16005917085951
Fra_55,31,36.16005917085951
Fra_55,32,30.95753221820452
Fra_55,33,38.3537929766469
Fra_55,34,33.430086585644965
Fra_55,35,33.430086585644965
Fra_55,36,32.66130336786828
Fra_55,37,48.014469310366
Fra_55,38,48.01446931036602
Fra_55,39,42.23703216692453
Fra_55,40,94.57941501464484
Fra_55,41,28.43646424460442
Fra_55,42,33.430086585644965
Fra_55,43,33.430086585644965
Fra_55,44,33.430086585644965
Fra_55,45,80.50467849745259
Fra_55,46,39.852789234395516
Fra_55,47,33.430086585644965
Fra_55,48,33.430086585644965
Fra_55,49,27.192149847176907
Fra_55,50,28.43646424460442
Fra_55,51,32.757098627963245
Fra_55,52,28.43646424460442
Fra_55,53,30.59056677693148
Fra_55,54,30.59056677693148
Fra_55,55,32.757098627963245
Fra_55,56,31.327640792538165
Fra_55,57,27.192976868199626
Fra_55,58,27.49436857977167
Fra_55,59,28.163899930448668
Fra_55,60,30.59056677693148
Fra_55,61,29.42062215407564
Fra_55,62,29.89496849614754
Fra_55,63,27.129043045780314
Fra_55,64,29.551395975016156
Fra_55,65,41.71625075412196
Fra_55,66,79.72274447937941
Fra_55,67,46.98930568521782
Fra_55,68,32.757098627963245
Fra_55,69,46.98930568521782
Fra_55,70,33.868205440214076
Fra_55,71,30.59056677693148
Fra_55,72,28.163899930448668
Fra_55,73,26.821724322122744
Fra_55,74,28.163899930448668
Fra_55,75,28.107720552807013
Fra_55,76,29.3538348282695
Fra_55,77,29.96316144065642
Fra_55,78,32.836497944129654
Fra_55,79,36.24932787883011
Fra_55,80,79.72274447937941
Fra_55,81,29.517888155002563
Fra_55,82,32.11113263370949
Fra_55,83,51.619862650646084
Fra_55,84,99.21965524448798
Fra_55,85,295.74376146251063
Fra_55,86,64.2867230326707
Fra_55,87,79.88090316496218
Fra_55,88,81.66763559127935
Fra_55,89,90.56826095284771
Fra_55,90,58.43762740952889
Fra_55,91,45.125018855665985
Fra_55,92,31.01468207319079
Fra_55,93,45.269159818470634
Fra_55,94,30.49771016816659
Fra_55,95,29.760686373692213
Fra_55,96,29.351246228185005
Fra_56,1,72.40303016799072
Fra_56,2,14.629020376877083
Fra_56,3,14.6333867956395
Fra_56,4,24.043968032378555
Fra_56,5,11.585523611597319
Fra_56,6,11.585523611597319
Fra_56,7,11.22209033883114
Fra_56,8,15.802854103382108
Fra_56,9,11.179662888893578
Fra_56,10,11.179662888893578
Fra_56,11,11.179662888893581
Fra_56,12,11.179662888893581
Fra_56,13,11.179662888893581
Fra_56,14,11.585523611597317
Fra_56,15,20.111953124506112
Fra_56,16,41.40078116720892
Fra_56,17,23.949982593995795
Fra_56,18,25.168958583555458
Fra_56,19,27.584969216554317
Fra_56,20,37.92492362298697
Fra_56,21,28.460892952291225
Fra_56,22,31.025086015516717
Fra_56,23,46.35814076449082
Fra_56,24,36.428939119458306
Fra_56,25,39.405246619163165
Fra_56,26,47.55475218774217
Fra_56,27,30.266925117257607
Fra_56,28,39.86459834971828
Fra_56,29,294.09843591053004
Fra_56,30,27.11662345429182
Fra_56,31,27.11662345429182
Fra_56,32,24.267664273894752
Fra_56,33,28.833932401134945
Fra_56,34,25.621661384963147
Fra_56,35,25.621661384963144
Fra_56,36,21.162763553002648
Fra_56,37,37.311966396474695
Fra_56,38,37.3119663964747
Fra_56,39,31.853656213779573
Fra_56,40,71.07855186463907
Fra_56,41,13.80409333661754
Fra_56,42,25.621661384963147
Fra_56,43,25.621661384963147
Fra_56,44,25.621661384963144
Fra_56,45,60.53107501769509
Fra_56,46,30.007383654848976
Fra_56,47,25.621661384963144
Fra_56,48,25.621661384963144
Fra_56,49,13.200057900480449
Fra_56,50,13.80409333661754
Fra_56,51,15.901486310239456
Fra_56,52,13.80409333661754
Fra_56,53,14.849773001891995
Fra_56,54,14.849773001891995
Fra_56,55,15.901486310239456
Fra_56,56,15.20757551981089
Fra_56,57,13.534887036292162
Fra_56,58,13.773571288204174
Fra_56,59,13.74313816681807
Fra_56,60,14.849773001891995
Fra_56,61,14.234842034423178
Fra_56,62,14.776429685940931
Fra_56,63,13.709104745930926
Fra_56,64,14.819821060852501
Fra_56,65,21.614813981946792
Fra_56,66,36.49237285189743
Fra_56,67,22.55277843383651
Fra_56,68,15.901486310239456
Fra_56,69,22.55277843383651
Fra_56,70,24.01981168137184
Fra_56,71,14.849773001891995
Fra_56,72,13.74313816681807
Fra_56,73,13.670852009799816
Fra_56,74,13.74313816681807
Fra_56,75,25.05240775385258
Fra_56,76,24.82903546282936
Fra_56,77,27.36643600279571
Fra_56,78,27.232449763006596
Fra_56,79,26.874481269250573
Fra_56,80,36.49237285189743
Fra_56,81,27.293631111771624
Fra_56,82,27.809908055642875
Fra_56,83,31.307887018914965
Fra_56,84,46.66445867174194
Fra_56,85,221.8292450657331
Fra_56,86,40.20378466765051
Fra_56,87,60.063623575950466
Fra_56,88,61.402584264503645
Fra_56,89,46.94457715212237
Fra_56,90,32.586795993063674
Fra_56,91,30.08477735727144
Fra_56,92,27.47150354331086
Fra_56,93,37.330835808037776
Fra_56,94,27.518280869002634
Fra_56,95,27.584969216554317
Fra_56,96,27.385438948954757
Fra_57,1,74.875444064498
Fra_57,2,24.38633227167388
Fra_57,3,24.38337628922865
Fra_57,4,24.75011866321648
Fra_57,5,16.90899218871573
Fra_57,6,16.90899218871573
Fra_57,7,15.492783860914646
Fra_57,8,16.208006820733555
Fra_57,9,11.402015436151114
Fra_57,10,11.402015436151114
Fra_57,11,11.402015436151117
Fra_57,12,11.402015436151117
Fra_57,13,11.402015436151117
Fra_57,14,16.90899218871573
Fra_57,15,20.674491096513645
Fra_57,16,42.7408709212492
Fra_57,17,24.652700506745482
Fra_57,18,25.916198296708433
Fra_57,19,28.420451146203668
Fra_57,20,53.269411359827885
Fra_57,21,34.387022497085766
Fra_57,22,46.94979473264886
Fra_57,23,84.05423483604658
Fra_57,24,73.52787675701369
Fra_57,25,84.79922065513817
Fra_57,26,105.7992373261884
Fra_57,27,43.235330787115004
Fra_57,28,88.67476539459581
Fra_57,29,654.860173763379
Fra_57,30,60.229537283566124
Fra_57,31,60.229537283566124
Fra_57,32,53.26670848062996
Fra_57,33,64.07688474710517
Fra_57,34,56.57586438181259
Fra_57,35,56.57586438181259
Fra_57,36,44.987042685213865
Fra_57,37,82.45356585430062
Fra_57,38,82.45356585430063
Fra_57,39,70.83596052255348
Fra_57,40,158.18214874463456
Fra_57,41,27.50033432151978
Fra_57,42,56.57586438181259
Fra_57,43,56.57586438181259
Fra_57,44,56.57586438181259
Fra_57,45,134.69497605355758
Fra_57,46,66.7058087464022
Fra_57,47,56.57586438181259
Fra_57,48,56.57586438181259
Fra_57,49,26.296982820573955
Fra_57,50,27.50033432151978
Fra_57,51,31.678733190006607
Fra_57,52,27.50033432151978
Fra_57,53,29.583523683328945
Fra_57,54,29.583523683328945
Fra_57,55,31.678733190006607
Fra_57,56,30.296333182939463
Fra_57,57,26.282328581272484
Fra_57,58,25.869104605345548
Fra_57,59,27.24130804937212
Fra_57,60,29.583523683328945
Fra_57,61,28.508302790399526
Fra_57,62,29.438199066970434
Fra_57,63,27.31271017530926
Fra_57,64,29.525270140629594
Fra_57,65,43.06482196189848
Fra_57,66,73.73571824869863
Fra_57,67,45.05020173658559
Fra_57,68,31.678733190006607
Fra_57,69,45.05020173658559
Fra_57,70,33.238138300039274
Fra_57,71,29.583523683328945
Fra_57,72,27.24130804937212
Fra_57,73,25.034994030144542
Fra_57,74,27.24130804937212
Fra_57,75,27.912251906374358
Fra_57,76,29.064353369073377
Fra_57,77,29.06465745652701
Fra_57,78,31.456077840894597
Fra_57,79,34.69452478753016
Fra_57,80,73.73571824869863
Fra_57,81,28.728766050495825
Fra_57,82,31.23456995769079
Fra_57,83,48.34084765579085
Fra_57,84,94.98079484182581
Fra_57,85,493.8745248354661
Fra_57,86,86.84066008589474
Fra_57,87,133.65405291181773
Fra_57,88,136.63565707885832
Fra_57,89,85.49002871291304
Fra_57,90,54.61104751254271
Fra_57,91,42.34293276344757
Fra_57,92,29.539698800771056
Fra_57,93,44.09175191470414
Fra_57,94,29.07827808584601
Fra_57,95,28.420451146203668
Fra_57,96,28.140314854392102
Fra_58,1,75.34094257613575
Fra_58,2,23.84661395651254
Fra_58,3,23.84417213254643
Fra_58,4,24.883070539967974
Fra_58,5,16.62805408084493
Fra_58,6,16.62805408084493
Fra_58,7,15.27660987460229
Fra_58,8,16.284287732752176
Fra_58,9,11.43995227232851
Fra_58,10,11.43995227232851
Fra_58,11,11.439952272328513
Fra_58,12,11.439952272328513
Fra_58,13,11.439952272328513
Fra_58,14,16.62805408084493
Fra_58,15,20.780404021966444
Fra_58,16,42.99317891338919
Fra_58,17,24.785006081855006
Fra_58,18,26.056886299959316
Fra_58,19,28.57775312355521
Fra_58,20,52.58341562990379
Fra_58,21,34.22301589870189
Fra_58,22,46.16250010380907
Fra_58,23,81.32076850417121
Fra_58,24,71.37614822634319
Fra_58,25,72.30867582164483
Fra_58,26,83.93063908078742
Fra_58,27,42.632325172944874
Fra_58,28,70.34199488058188
Fra_58,29,519.4930321412055
Fra_58,30,47.872553001710294
Fra_58,31,47.872553001710294
Fra_58,32,42.292534261852694
Fra_58,33,50.88443928956025
Fra_58,34,44.94449547823688
Fra_58,35,44.94449547823688
Fra_58,36,38.16331089410852
Fra_58,37,65.2744598956569
Fra_58,38,65.27445989565692
Fra_58,39,56.18651181918208
Fra_58,40,125.49762860780098
Fra_58,41,26.507175360954392
Fra_58,42,44.94449547823688
Fra_58,43,44.94449547823688
Fra_58,44,44.94449547823688
Fra_58,45,106.86004175299007
Fra_58,46,52.94248583209915
Fra_58,47,44.94449547823688
Fra_58,48,44.94449547823688
Fra_58,49,25.347282216256218
Fra_58,50,26.507175360954392
Fra_58,51,30.534673726613267
Fra_58,52,26.507175360954392
Fra_58,53,28.515131521703296
Fra_58,54,28.515131521703296
Fra_58,55,30.534673726613267
Fra_58,56,29.202198310936637
Fra_58,57,25.364655184465324
Fra_58,58,25.127616678738722
Fra_58,59,26.262511868371064
Fra_58,60,28.515131521703296
Fra_58,61,27.524871903596743
Fra_58,62,28.343305302149272
Fra_58,63,26.261502375224232
Fra_58,64,28.401986428329437
Fra_58,65,41.34569346792625
Fra_58,66,71.6194696916009
Fra_58,67,43.48700439065741
Fra_58,68,30.534673726613267
Fra_58,69,43.48700439065741
Fra_58,70,32.56968746795768
Fra_58,71,28.515131521703296
Fra_58,72,26.262511868371064
Fra_58,73,24.382448609485543
Fra_58,74,26.262511868371064
Fra_58,75,27.704875309465145
Fra_58,76,28.757236698589406
Fra_58,77,29.129993760448723
Fra_58,78,31.372656707033055
Fra_58,79,34.36300552618479
Fra_58,80,71.6194696916009
Fra_58,81,28.800609106963833
Fra_58,82,31.183509241692597
Fra_58,83,47.47803600676621
Fra_58,84,90.96328505256285
Fra_58,85,391.8768943534659
Fra_58,86,73.46331237528227
Fra_58,87,106.03404640146233
Fra_58,88,108.40001472641941
Fra_58,89,82.9420537705226
Fra_58,90,53.43193194339235
Fra_58,91,41.784202488838226
Fra_58,92,29.616186798882808
Fra_58,93,43.87951284242625
Fra_58,94,29.188082431706707
Fra_58,95,28.57775312355521
Fra_58,96,28.282440576524913
Fra_59,1,71.95114115113896
Fra_59,2,12.889325807700484
Fra_59,3,12.894995779837878
Fra_59,4,23.914903188191502
Fra_59,5,10.63611926511516
Fra_59,6,10.63611926511516
Fra_59,7,10.460272102339218
Fra_59,8,15.728803369652852
Fra_59,9,11.139460109809976
Fra_59,10,11.139460109809976
Fra_59,11,11.13946010980998
Fra_59,12,11.13946010980998
Fra_59,13,11.13946010980998
Fra_59,14,10.636119265115159
Fra_59,15,20.009136710364697
Fra_59,16,41.15584974925262
Fra_59,17,23.821545155925584
Fra_59,18,25.03238378925976
Fra_59,19,27.432266180739795
Fra_59,20,35.18606425823944
Fra_59,21,27.40127515940314
Fra_59,22,28.18404688556846
Fra_59,23,39.64897201568272
Fra_59,24,29.816158994982885
Fra_59,25,31.829169219041084
Fra_59,26,38.13850076467739
Fra_59,27,27.952602957436618
Fra_59,28,31.973671002769244
Fra_59,29,235.7817354272134
Fra_59,30,21.758774318768232
Fra_59,31,21.758774318768232
Fra_59,32,19.574630014594675
Fra_59,33,23.133636639295528
Fra_59,34,20.61266702767512
Fra_59,35,20.612667027675116
Fra_59,36,17.191481600074216
Fra_59,37,30.017611043100466
Fra_59,38,30.017611043100473
Fra_59,39,25.55168055358345
Fra_59,40,56.99640964606389
Fra_59,41,11.36642985303163
Fra_59,42,20.61266702767512
Fra_59,43,20.61266702767512
Fra_59,44,20.612667027675116
Fra_59,45,48.541000229210646
Fra_59,46,24.073091311486376
Fra_59,47,20.612667027675116
Fra_59,48,20.612667027675116
Fra_59,49,10.869060975107196
Fra_59,50,11.36642985303163
Fra_59,51,13.093444407886594
Fra_59,52,11.36642985303163
Fra_59,53,12.227453049140795
Fra_59,54,12.227453049140795
Fra_59,55,13.093444407886594
Fra_59,56,12.522071255638647
Fra_59,57,11.265968493245598
Fra_59,58,11.618310944292519
Fra_59,59,11.340727472218573
Fra_59,60,12.227453049140795
Fra_59,61,11.694981654951796
Fra_59,62,12.168954289877096
Fra_59,63,11.292080014064336
Fra_59,64,12.206188268759359
Fra_59,65,17.8076255306641
Fra_59,66,29.853046624991855
Fra_59,67,18.547423848696383
Fra_59,68,13.093444407886594
Fra_59,69,18.547423848696383
Fra_59,70,22.3791295261101
Fra_59,71,12.227453049140795
Fra_59,72,11.340727472218573
Fra_59,73,11.645105259955354
Fra_59,74,11.340727472218573
Fra_59,75,24.543411331620106
Fra_59,76,24.075231567818363
Fra_59,77,27.062047440936638
Fra_59,78,26.477524138767304
Fra_59,79,25.479822003342754
Fra_59,80,29.853046624991855
Fra_59,81,27.03636806679584
Fra_59,82,27.19886081296667
Fra_59,83,28.26982587745809
Fra_59,84,38.11781142187504
Fra_59,85,177.8460544840143
Fra_59,86,32.44867190314373
Fra_59,87,48.16626669058294
Fra_59,88,49.23964764975225
Fra_59,89,40.095111769305795
Fra_59,90,28.659796128388873
Fra_59,91,27.89699867453517
Fra_59,92,27.099244057835836
Fra_59,93,36.12614580453701
Fra_59,94,27.236535662074758
Fra_59,95,27.432266180739795
Fra_59,96,27.247468469483227
Fra_60,1,76.22007072427432
Fra_60,2,24.442819693194025
Fra_60,3,24.440062364013865
Fra_60,4,25.134159929682383
Fra_60,5,16.969687220335082
Fra_60,6,16.969687220335082
Fra_60,7,15.561809553630908
Fra_60,8,16.428349840889354
Fra_60,9,11.513006627662316
Fra_60,10,11.513006627662316
Fra_60,11,11.51300662766232
Fra_60,12,11.51300662766232
Fra_60,13,11.51300662766232
Fra_60,14,16.969687220335082
Fra_60,15,20.980428365094124
Fra_60,16,43.46968109834827
Fra_60,17,25.03487488342264
Fra_60,18,26.322585933086195
Fra_60,19,28.874829467711617
Fra_60,20,53.71778949987204
Fra_60,21,34.78312807485126
Fra_60,22,47.24866799174563
Fra_60,23,82.8403744517989
Fra_60,24,73.52258359935136
Fra_60,25,66.85983520654233
Fra_60,26,72.14383913951266
Fra_60,27,43.562952950933074
Fra_60,28,60.45645069408745
Fra_60,29,446.56487059088414
Fra_60,30,41.226582964446656
Fra_60,31,41.226582964446656
Fra_60,32,36.2462673129927
Fra_60,33,43.778681768479494
Fra_60,34,38.61321347728894
Fra_60,35,38.61321347728893
Fra_60,36,34.97889700831047
Fra_60,37,55.853616237789474
Fra_60,38,55.85361623778949
Fra_60,39,48.28153267182336
Fra_60,40,107.89498148686928
Fra_60,41,27.059298592111762
Fra_60,42,38.61321347728894
Fra_60,43,38.61321347728893
Fra_60,44,38.61321347728894
Fra_60,45,91.86507342185193
Fra_60,46,45.522551761528554
Fra_60,47,38.61321347728893
Fra_60,48,38.61321347728893
Fra_60,49,25.875245802256096
Fra_60,50,27.059298592111762
Fra_60,51,31.17068652279778
Fra_60,52,27.059298592111762
Fra_60,53,29.10907887136437
Fra_60,54,29.10907887136437
Fra_60,55,31.17068652279778
Fra_60,56,29.810456711493437
Fra_60,57,25.886611756847234
Fra_60,58,25.779133831156162
Fra_60,59,26.80665045197821
Fra_60,60,29.10907887136437
Fra_60,61,28.15749142146367
Fra_60,62,28.890991317407554
Fra_60,63,26.721362615228095
Fra_60,64,28.916956571561055
Fra_60,65,41.98660014850638
Fra_60,66,73.8272760043131
Fra_60,67,44.47632283872987
Fra_60,68,31.17068652279778
Fra_60,69,44.47632283872987
Fra_60,70,32.941296895987826
Fra_60,71,29.10907887136437
Fra_60,72,26.80665045197821
Fra_60,73,25.047888913943186
Fra_60,74,26.80665045197821
Fra_60,75,27.82016142306649
Fra_60,76,28.92797094676391
Fra_60,77,29.42172215310611
Fra_60,78,31.809230674096383
Fra_60,79,34.95785511767237
Fra_60,80,73.8272760043131
Fra_60,81,29.066292904560626
Fra_60,82,31.552782957171658
Fra_60,83,48.61365191090325
Fra_60,84,92.78724468676278
Fra_60,85,337.00378047430996
Fra_60,86,67.4180964237235
Fra_60,87,91.15464724649631
Fra_60,88,93.18958100853618
Fra_60,89,84.9531197558842
Fra_60,90,54.82304777028567
Fra_60,91,42.677461836615706
Fra_60,92,29.973321298647257
Fra_60,93,44.475257709348845
Fra_60,94,29.520457373580054
Fra_60,95,28.874829467711617
Fra_60,96,28.5508554474165
Fra_61,1,70.87240900881974
Fra_61,2,11.194584947191712
Fra_61,3,11.201409093083567
Fra_61,4,23.606804538576256
Fra_61,5,9.696907637848081
Fra_61,6,9.696907637848081
Fra_61,7,9.696875484051294
Fra_61,8,15.552032296099032
Fra_61,9,11.040951466389023
Fra_61,10,11.040951466389023
Fra_61,11,11.040951466389027
Fra_61,12,11.040951466389027
Fra_61,13,11.040951466389027
Fra_61,14,9.696907637848081
Fra_61,15,19.763697306979672
Fra_61,16,40.57115885533795
Fra_61,17,23.514944226147026
Fra_61,18,24.70635767456504
Fra_61,19,27.06773934600843
Fra_61,20,32.34540354116082
Fra_61,21,26.195383226588632
Fra_61,22,25.317217913442796
Fra_61,23,33.80053965516975
Fra_61,24,23.47988063084997
Fra_61,25,24.718029510118363
Fra_61,26,29.419964389125504
Fra_61,27,25.576867084241638
Fra_61,28,24.674783071796952
Fra_61,29,181.57294746269486
Fra_61,30,16.815331159368398
Fra_61,31,16.815331159368398
Fra_61,32,15.518178515493027
Fra_61,33,17.87232942117565
Fra_61,34,16.134663632060118
Fra_61,35,16.134663632060114
Fra_61,36,13.749504898654859
Fra_61,37,23.52785589202569
Fra_61,38,23.527855892025695
Fra_61,39,19.73166050775933
Fra_61,40,43.93523899747774
Fra_61,41,9.241500441474152
Fra_61,42,16.134663632060118
Fra_61,43,16.13466363206012
Fra_61,44,16.134663632060118
Fra_61,45,37.42695696134943
Fra_61,46,18.59458498140628
Fra_61,47,16.134663632060114
Fra_61,48,16.134663632060114
Fra_61,49,8.837113596673607
Fra_61,50,9.241500441474152
Fra_61,51,10.645653370537232
Fra_61,52,9.241500441474152
Fra_61,53,9.941557218302805
Fra_61,54,9.941557218302805
Fra_61,55,10.645653370537232
Fra_61,56,10.18109719001081
Fra_61,57,9.281035183339085
Fra_61,58,9.595536335468374
Fra_61,59,9.246528179342796
Fra_61,60,9.941557218302805
Fra_61,61,9.401580624092393
Fra_61,62,9.905660083008964
Fra_61,63,9.204867762766508
Fra_61,64,9.945208807067406
Fra_61,65,14.538735770326713
Fra_61,66,23.44482315285132
Fra_61,67,14.983530027258183
Fra_61,68,10.645653370537232
Fra_61,69,14.983530027258183
Fra_61,70,20.94893467345364
Fra_61,71,9.941557218302805
Fra_61,72,9.246528179342796
Fra_61,73,9.697092131758188
Fra_61,74,9.246528179342796
Fra_61,75,24.099715359939772
Fra_61,76,23.41813509907233
Fra_61,77,26.57457616838819
Fra_61,78,25.56797948387622
Fra_61,79,23.989343800013117
Fra_61,80,23.44482315285132
Fra_61,81,26.602163233716468
Fra_61,82,26.421885106027194
Fra_61,83,25.220898579288267
Fra_61,84,29.88250718255837
Fra_61,85,136.95540322555487
Fra_61,86,25.180616863020624
Fra_61,87,37.13851775781134
Fra_61,88,37.96471855662302
Fra_61,89,33.405630337721284
Fra_61,90,24.7833344563423
Fra_61,91,25.639247661968437
Fra_61,92,26.53422177686047
Fra_61,93,34.718941709732405
Fra_61,94,26.754169575881306
Fra_61,95,27.06773934600843
Fra_61,96,26.91811062862659
Fra_62,1,71.3371415452696
Fra_62,2,11.914410758308273
Fra_62,3,11.920745866336357
Fra_62,4,23.739537643760862
Fra_62,5,10.09597637783968
Fra_62,6,10.09597637783968
Fra_62,7,10.021339428347158
Fra_62,8,15.62818768830512
Fra_62,9,11.08335586068951
Fra_62,10,11.08335586068951
Fra_62,11,11.083355860689514
Fra_62,12,11.083355860689514
Fra_62,13,11.083355860689514
Fra_62,14,10.09597637783968
Fra_62,15,19.86943595330816
Fra_62,16,40.82305167609316
Fra_62,17,23.647032093175383
Fra_62,18,24.846814176496302
Fra_62,19,27.224782483839228
Fra_62,20,33.55371892233579
Fra_62,21,26.709356484474036
Fra_62,22,26.535895278098984
Fra_62,23,36.27755623159924
Fra_62,24,26.170073726445814
Fra_62,25,27.664791422076327
Fra_62,26,32.985670452922555
Fra_62,27,26.58718295449297
Fra_62,28,27.659692724203772
Fra_62,29,203.74774777456622
Fra_62,30,18.837383856774988
Fra_62,31,18.837383856774988
Fra_62,32,17.171096984837313
Fra_62,33,20.024109472665643
Fra_62,34,17.96301693452938
Fra_62,35,17.96301693452938
Fra_62,36,15.169888282546367
Fra_62,37,26.17524947016977
Fra_62,38,26.175249470169774
Fra_62,39,22.11154631507704
Fra_62,40,49.27757251533821
Fra_62,41,10.14148270196981
Fra_62,42,17.96301693452938
Fra_62,43,17.96301693452938
Fra_62,44,17.963016934529378
Fra_62,45,41.97269566056831
Fra_62,46,20.835008795318885
Fra_62,47,17.96301693452938
Fra_62,48,17.96301693452938
Fra_62,49,9.697714699422956
Fra_62,50,10.14148270196981
Fra_62,51,11.6823788725858
Fra_62,52,10.14148270196981
Fra_62,53,10.90971441256334
Fra_62,54,10.90971441256334
Fra_62,55,11.6823788725858
Fra_62,56,11.17258195175696
Fra_62,57,10.121805580727603
Fra_62,58,10.453903646653007
Fra_62,59,10.133495154941915
Fra_62,60,10.90971441256334
Fra_62,61,10.373643229358198
Fra_62,62,10.863954690665086
Fra_62,63,10.088283369142253
Fra_62,64,10.902292446283816
Fra_62,65,15.92172866346273
Fra_62,66,26.16604708537198
Fra_62,67,16.493794310468232
Fra_62,68,11.6823788725858
Fra_62,69,16.493794310468232
Fra_62,70,21.554672440290606
Fra_62,71,10.90971441256334
Fra_62,72,10.133495154941915
Fra_62,73,10.524232572291375
Fra_62,74,10.133495154941915
Fra_62,75,24.287636192224266
Fra_62,76,23.69643853921923
Fra_62,77,26.783420458996233
Fra_62,78,25.955976478282604
Fra_62,79,24.623580328259383
Fra_62,80,26.16604708537198
Fra_62,81,26.78829890766022
Fra_62,82,26.753503243134737
Fra_62,83,26.516780848501657
Fra_62,84,33.37027138627584
Fra_62,85,153.68313467822236
Fra_62,86,28.188006974799315
Fra_62,87,41.64895233625673
Fra_62,88,42.57627771323471
Fra_62,89,36.24394298811615
Fra_62,90,26.430278987209316
Fra_62,91,26.599504791970354
Fra_62,92,26.77628618759107
Fra_62,93,35.31857506309406
Fra_62,94,26.961183141193402
Fra_62,95,27.224782483839228
Fra_62,96,27.06000248368143
Fra_63,1,75.78984061713165
Fra_63,2,23.463709593141996
Fra_63,3,23.4616540385248
Fra_63,4,25.011281126099597
Fra_63,5,16.431406535900955
Fra_63,6,16.431406535900955
Fra_63,7,15.127195967356473
Fra_63,8,16.357848337382393
Fra_63,9,11.476366188700595
Fra_63,10,11.476366188700595
Fra_63,11,11.476366188700599
Fra_63,12,11.476366188700599
Fra_63,13,11.476366188700599
Fra_63,14,16.431406535900955
Fra_63,15,20.88253991190652
Fra_63,16,43.23648917232163
Fra_63,17,24.912593414563208
Fra_63,18,26.192557129128563
Fra_63,19,28.72944544418036
Fra_63,20,52.12880184514562
Fra_63,21,34.13892937293774
Fra_63,22,45.62238583503381
Fra_63,23,79.25377809325656
Fra_63,24,69.82997202654036
Fra_63,25,64.87050595153278
Fra_63,26,71.09125214596602
Fra_63,27,42.227045682498456
Fra_63,28,59.576319713012694
Fra_63,29,440.0030662005214
Fra_63,30,40.60958044812577
Fra_63,31,40.60958044812577
Fra_63,32,35.75692056106628
Fra_63,33,43.13228621701117
Fra_63,34,38.06319701222986
Fra_63,35,38.06319701222986
Fra_63,36,34.01600442350088
Fra_63,37,55.1082967983878
Fra_63,38,55.10829679838781
Fra_63,39,47.5810515607
Fra_63,40,106.3148600933726
Fra_63,41,25.756169202925648
Fra_63,42,38.06319701222986
Fra_63,43,38.06319701222986
Fra_63,44,38.06319701222986
Fra_63,45,90.52148511169484
Fra_63,46,44.856071708661915
Fra_63,47,38.06319701222986
Fra_63,48,38.06319701222986
Fra_63,49,24.629138363715022
Fra_63,50,25.756169202925648
Fra_63,51,29.669559745594228
Fra_63,52,25.756169202925648
Fra_63,53,27.707235581144367
Fra_63,54,27.707235581144367
Fra_63,55,29.669559745594228
Fra_63,56,28.374836267986
Fra_63,57,24.671734267110313
Fra_63,58,24.58729667225446
Fra_63,59,25.52236654564414
Fra_63,60,27.707235581144367
Fra_63,61,26.78735758761441
Fra_63,62,27.509023358164363
Fra_63,63,25.453643983839264
Fra_63,64,27.54119064551559
Fra_63,65,40.012971206163115
Fra_63,66,70.10702829498729
Fra_63,67,42.315190737735335
Fra_63,68,29.669559745594228
Fra_63,69,42.315190737735335
Fra_63,70,32.06421884594884
Fra_63,71,27.707235581144367
Fra_63,72,25.52236654564414
Fra_63,73,23.9147811733448
Fra_63,74,25.52236654564414
Fra_63,75,27.548061438278598
Fra_63,76,28.525001457379435
Fra_63,77,29.20628209289795
Fra_63,78,31.342093406148702
Fra_63,79,34.146098919533536
Fra_63,80,70.10702829498729
Fra_63,81,28.87985211039888
Fra_63,82,31.17225763210853
Fra_63,83,46.88120349820908
Fra_63,84,88.28704234327776
Fra_63,85,332.0429902444775
Fra_63,86,65.51416995492909
Fra_63,87,89.8215417970681
Fra_63,88,91.8264486147752
Fra_63,89,81.19477567545185
Fra_63,90,52.602499994850774
Fra_63,91,41.411316983490785
Fra_63,92,29.70805778022183
Fra_63,93,43.75674238714061
Fra_63,94,29.304615341108335
Fra_63,95,28.72944544418036
Fra_63,96,28.419497853069316
Fra_64,1,76.22007072427432
Fra_64,2,24.44281969319402
Fra_64,3,24.440062364013865
Fra_64,4,25.134159929682383
Fra_64,5,16.969687220335082
Fra_64,6,16.969687220335082
Fra_64,7,15.561809553630908
Fra_64,8,16.428349840889354
Fra_64,9,11.513006627662314
Fra_64,10,11.513006627662314
Fra_64,11,11.513006627662318
Fra_64,12,11.513006627662318
Fra_64,13,11.513006627662318
Fra_64,14,16.969687220335082
Fra_64,15,20.980428365094124
Fra_64,16,43.46968109834827
Fra_64,17,25.03487488342264
Fra_64,18,26.322585933086195
Fra_64,19,28.874829467711617
Fra_64,20,53.71778949987204
Fra_64,21,34.78312807485126
Fra_64,22,47.24866799174563
Fra_64,23,82.8403744517989
Fra_64,24,73.52258359935135
Fra_64,25,66.85983520654231
Fra_64,26,72.14383913951265
Fra_64,27,43.562952950933074
Fra_64,28,60.45645069408744
Fra_64,29,446.5648705908841
Fra_64,30,41.22658296444665
Fra_64,31,41.22658296444665
Fra_64,32,36.24626731299269
Fra_64,33,43.77868176847949
Fra_64,34,38.61321347728892
Fra_64,35,38.61321347728892
Fra_64,36,34.97889700831047
Fra_64,37,55.85361623778946
Fra_64,38,55.853616237789474
Fra_64,39,48.281532671823356
Fra_64,40,107.89498148686927
Fra_64,41,27.059298592111762
Fra_64,42,38.61321347728892
Fra_64,43,38.61321347728892
Fra_64,44,38.61321347728892
Fra_64,45,91.8650734218519
Fra_64,46,45.52255176152854
Fra_64,47,38.61321347728892
Fra_64,48,38.61321347728892
Fra_64,49,25.875245802256096
Fra_64,50,27.059298592111762
Fra_64,51,31.17068652279778
Fra_64,52,27.059298592111762
Fra_64,53,29.109078871364368
Fra_64,54,29.109078871364368
Fra_64,55,31.17068652279778
Fra_64,56,29.810456711493433
Fra_64,57,25.886611756847234
Fra_64,58,25.77913383115616
Fra_64,59,26.80665045197821
Fra_64,60,29.109078871364368
Fra_64,61,28.157491421463664
Fra_64,62,28.890991317407547
Fra_64,63,26.72136261522808
Fra_64,64,28.916956571561045
Fra_64,65,41.986600148506355
Fra_64,66,73.8272760043131
Fra_64,67,44.47632283872987
Fra_64,68,31.17068652279778
Fra_64,69,44.47632283872987
Fra_64,70,32.941296895987826
Fra_64,71,29.109078871364368
Fra_64,72,26.80665045197821
Fra_64,73,25.047888913943186
Fra_64,74,26.80665045197821
Fra_64,75,27.820161423066487
Fra_64,76,28.92797094676391
Fra_64,77,29.421722153106106
Fra_64,78,31.809230674096383
Fra_64,79,34.957855117672366
Fra_64,80,73.8272760043131
Fra_64,81,29.06629290456062
Fra_64,82,31.55278295717165
Fra_64,83,48.61365191090324
Fra_64,84,92.78724468676276
Fra_64,85,337.0037804743099
Fra_64,86,67.41809642372348
Fra_64,87,91.1546472464963
Fra_64,88,93.18958100853615
Fra_64,89,84.9531197558842
Fra_64,90,54.82304777028567
Fra_64,91,42.677461836615706
Fra_64,92,29.973321298647257
Fra_64,93,44.47525770934883
Fra_64,94,29.520457373580054
Fra_64,95,28.874829467711617
Fra_64,96,28.5508554474165
Fra_65,1,84.39716119761209
Fra_65,2,26.609801150709046
Fra_65,3,26.6067997495573
Fra_65,4,27.469633615671388
Fra_65,5,18.323275142426063
Fra_65,6,18.323275142426063
Fra_65,7,16.764304016078043
Fra_65,8,17.76832387597368
Fra_65,9,12.492101760118414
Fra_65,10,12.492101760118414
Fra_65,11,12.492101760118418
Fra_65,12,12.492101760118418
Fra_65,13,12.492101760118418
Fra_65,14,18.323275142426063
Fra_65,15,22.84092749037885
Fra_65,16,47.9018011315921
Fra_65,17,27.358995435368566
Fra_65,18,28.793954803951504
Fra_65,19,31.63804453345476
Fra_65,20,59.1872425221136
Fra_65,21,38.173793406598
Fra_65,22,51.97046158823531
Fra_65,23,83.00062728521378
Fra_65,24,80.49994514570135
Fra_65,25,65.31480769200189
Fra_65,26,63.895581105277365
Fra_65,27,47.89116877226642
Fra_65,28,53.45697785043587
Fra_65,29,400.2025558391596
Fra_65,30,36.40655926858339
Fra_65,31,36.40655926858339
Fra_65,32,28.847481752493564
Fra_65,33,38.63596835586224
Fra_65,34,32.440010978448015
Fra_65,35,32.440010978448015
Fra_65,36,30.75912464647273
Fra_65,37,46.32407347258676
Fra_65,38,46.32407347258677
Fra_65,39,42.5829370424245
Fra_65,40,95.82675141026513
Fra_65,41,27.117523760501815
Fra_65,42,32.440010978448015
Fra_65,43,32.44001097844801
Fra_65,44,32.44001097844801
Fra_65,45,81.50962220012083
Fra_65,46,40.15934182533488
Fra_65,47,32.440010978448015
Fra_65,48,32.440010978448015
Fra_65,49,25.930923170937394
Fra_65,50,27.117523760501815
Fra_65,51,31.237758419190264
Fra_65,52,27.117523760501815
Fra_65,53,29.17171467891108
Fra_65,54,29.17171467891108
Fra_65,55,31.237758419190264
Fra_65,56,29.8746017171706
Fra_65,57,26.02547374208866
Fra_65,58,27.547998675163768
Fra_65,59,26.86403358471044
Fra_65,60,29.17171467891108
Fra_65,61,30.06530282058897
Fra_65,62,29.717704306754072
Fra_65,63,28.339858455156136
Fra_65,64,30.351641947056322
Fra_65,65,46.022903599005375
Fra_65,66,81.38725684330663
Fra_65,67,45.435304841877816
Fra_65,68,31.237758419190264
Fra_65,69,45.435304841877816
Fra_65,70,32.98048565005824
Fra_65,71,29.17171467891108
Fra_65,72,26.86403358471044
Fra_65,73,27.268429605052333
Fra_65,74,26.86403358471044
Fra_65,75,27.832319131705923
Fra_65,76,28.945976040172262
Fra_65,77,32.88143103763851
Fra_65,78,35.3672427523311
Fra_65,79,39.167253476134306
Fra_65,80,81.38725684330663
Fra_65,81,32.42217163733907
Fra_65,82,35.75476628934321
Fra_65,83,53.65418058652306
Fra_65,84,101.34732022826735
Fra_65,85,300.4555156539365
Fra_65,86,65.24692891214977
Fra_65,87,80.87510431607681
Fra_65,88,82.69260754111343
Fra_65,89,94.11521856684058
Fra_65,90,60.66539029075262
Fra_65,91,46.9111208029468
Fra_65,92,32.85037311742612
Fra_65,93,51.0238281739982
Fra_65,94,32.35057888541913
Fra_65,95,31.63804453345476
Fra_65,96,31.047479731733937
Fra_66,1,76.16370474965868
Fra_66,2,24.32170591527869
Fra_66,3,24.319034823778683
Fra_66,4,25.11806114113049
Fra_66,5,16.90303239146547
Fra_66,6,16.90303239146547
Fra_66,7,15.50794398826113
Fra_66,8,16.419113188476924
Fra_66,9,11.508159526608567
Fra_66,10,11.508159526608567
Fra_66,11,11.508159526608571
Fra_66,12,11.508159526608571
Fra_66,13,11.508159526608571
Fra_66,14,16.90303239146547
Fra_66,15,20.967603651119127
Fra_66,16,43.43912979576676
Fra_66,17,25.018854353814724
Fra_66,18,26.305550397586703
Fra_66,19,28.85578219035042
Fra_66,20,53.52038453723167
Fra_66,21,34.70258610980438
Fra_66,22,47.047011448786996
Fra_66,23,82.40010858145872
Fra_66,24,73.06633629299137
Fra_66,25,66.63259780882154
Fra_66,26,72.04867879619047
Fra_66,27,43.39710663556563
Fra_66,28,60.376981940221874
Fra_66,29,445.97084578702055
Fra_66,30,41.170103964084106
Fra_66,31,41.170103964084106
Fra_66,32,36.204272343758404
Fra_66,33,43.71990988116799
Fra_66,34,38.564334823500914
Fra_66,35,38.564334823500914
Fra_66,36,34.87108148623708
Fra_66,37,55.789848135408704
Fra_66,38,55.78984813540872
Fra_66,39,48.21841006886785
Fra_66,40,107.75182134864514
Fra_66,41,26.899335402128195
Fra_66,42,38.564334823500914
Fra_66,43,38.564334823500914
Fra_66,44,38.564334823500914
Fra_66,45,91.74343517772398
Fra_66,46,45.46221312580535
Fra_66,47,38.564334823500914
Fra_66,48,38.564334823500914
Fra_66,49,25.722282234259385
Fra_66,50,26.899335402128195
Fra_66,51,30.986418536944736
Fra_66,52,26.899335402128195
Fra_66,53,28.936998242670466
Fra_66,54,28.936998242670466
Fra_66,55,30.986418536944736
Fra_66,56,29.634229832063987
Fra_66,57,25.7374449159131
Fra_66,58,25.632084720437764
Fra_66,59,26.649000603692567
Fra_66,60,28.936998242670466
Fra_66,61,27.988809780482146
Fra_66,62,28.721321001622982
Fra_66,63,26.565686085524433
Fra_66,64,28.748024161277947
Fra_66,65,41.744179075479444
Fra_66,66,73.36738300209281
Fra_66,67,44.21066143996979
Fra_66,68,30.986418536944736
Fra_66,69,44.21066143996979
Fra_66,70,32.83363283445021
Fra_66,71,28.936998242670466
Fra_66,72,26.649000603692567
Fra_66,73,24.90785111117767
Fra_66,74,26.649000603692567
Fra_66,75,27.786760302715475
Fra_66,76,28.878505187244627
Fra_66,77,29.394050743357948
Fra_66,78,31.750534134146946
Fra_66,79,34.8567023127264
Fra_66,80,73.36738300209281
Fra_66,81,29.04224063282548
Fra_66,82,31.5046891169142
Fra_66,83,48.39889216127515
Fra_66,84,92.23329348134563
Fra_66,85,336.5530168683481
Fra_66,86,67.20295261428069
Fra_66,87,91.03396282673512
Fra_66,88,93.06616446899352
Fra_66,89,84.48880327086239
Fra_66,90,54.54808529714116
Fra_66,91,42.52021890973124
Fra_66,92,29.93951118167279
Fra_66,93,44.38500006350391
Fra_66,94,29.492733380602257
Fra_66,95,28.85578219035042
Fra_66,96,28.533645822367895
Fra_67,1,71.60819121440541
Fra_67,2,11.142585924789508
Fra_67,3,11.149584800023828
Fra_67,4,23.816952632860804
Fra_67,5,9.685357730511464
Fra_67,6,9.685357730511464
Fra_67,7,9.699057492638465
Fra_67,8,15.672604405968258
Fra_67,9,11.109677692745697
Fra_67,10,11.109677692745697
Fra_67,11,11.1096776927457
Fra_67,12,11.1096776927457
Fra_67,13,11.1096776927457
Fra_67,14,9.685357730511464
Fra_67,15,19.931106748559866
Fra_67,16,40.96996513785538
Fra_67,17,23.724070754871825
Fra_67,18,24.92873374396895
Fra_67,19,27.316376007448
Fra_67,20,32.46605090957784
Fra_67,21,26.367491438936604
Fra_67,22,25.348711689118577
Fra_67,23,32.7933890907525
Fra_67,24,23.15827477606063
Fra_67,25,24.63413782726532
Fra_67,26,29.464006018683754
Fra_67,27,25.649936655883998
Fra_67,28,24.70305434968372
Fra_67,29,182.1025702294065
Fra_67,30,16.81519952460179
Fra_67,31,16.81519952460179
Fra_67,32,15.191945212701032
Fra_67,33,17.876625426387786
Fra_67,34,15.963413496264373
Fra_67,35,15.963413496264366
Fra_67,36,13.370647695074098
Fra_67,37,23.251484889900972
Fra_67,38,23.251484889900976
Fra_67,39,19.743503587021653
Fra_67,40,44.027521351651885
Fra_67,41,8.875569244142287
Fra_67,42,15.963413496264373
Fra_67,43,15.963413496264373
Fra_67,44,15.96341349626437
Fra_67,45,37.497609394636875
Fra_67,46,18.601906429241076
Fra_67,47,15.963413496264366
Fra_67,48,15.963413496264366
Fra_67,49,8.487194708516022
Fra_67,50,8.875569244142287
Fra_67,51,10.22412261274188
Fra_67,52,8.875569244142287
Fra_67,53,9.547906213330666
Fra_67,54,9.547906213330666
Fra_67,55,10.22412261274188
Fra_67,56,9.777961237306311
Fra_67,57,8.94876705941589
Fra_67,58,9.441000322357961
Fra_67,59,8.885888973858844
Fra_67,60,9.547906213330666
Fra_67,61,9.1146379683729
Fra_67,62,9.504045140679544
Fra_67,63,8.821224759209088
Fra_67,64,9.534565275684283
Fra_67,65,13.914613143902429
Fra_67,66,23.176503521475794
Fra_67,67,14.467219596145679
Fra_67,68,10.22412261274188
Fra_67,69,14.467219596145679
Fra_67,70,20.70264276747129
Fra_67,71,9.547906213330666
Fra_67,72,8.885888973858844
Fra_67,73,9.606750445067817
Fra_67,74,8.885888973858844
Fra_67,75,24.023307081488156
Fra_67,76,23.304977411921428
Fra_67,77,26.790597626840324
Fra_67,78,25.75045300296937
Fra_67,79,24.10356051427125
Fra_67,80,23.176503521475794
Fra_67,81,26.811013541695196
Fra_67,82,26.618521580059227
Fra_67,83,25.23521315107405
Fra_67,84,29.580223004213508
Fra_67,85,137.35683302938676
Fra_67,86,25.10862652981603
Fra_67,87,37.2082115791151
Fra_67,88,38.03715821128426
Fra_67,89,33.24127631530961
Fra_67,90,24.72617624196234
Fra_67,91,25.72230579688588
Fra_67,92,26.760585823680668
Fra_67,93,34.960053846802374
Fra_67,94,26.989715724373983
Fra_67,95,27.316376007448
Fra_67,96,27.14275920362077
Fra_68,1,75.09860418784082
Fra_68,2,23.486555543607416
Fra_68,3,23.48435654756473
Fra_68,4,24.813855832021034
Fra_68,5,16.428217197863102
Fra_68,6,16.428217197863102
Fra_68,7,15.113983354928768
Fra_68,8,16.244575912383038
Fra_68,9,11.419141028300896
Fra_68,10,11.419141028300896
Fra_68,11,11.4191410283009
Fra_68,12,11.4191410283009
Fra_68,13,11.4191410283009
Fra_68,14,16.428217197863102
Fra_68,15,20.725265784115738
Fra_68,16,42.86182744686352
Fra_68,17,24.71612783835285
Fra_68,18,25.983644166831333
Fra_68,19,28.495861760395186
Fra_68,20,51.976343901582425
Fra_68,21,33.96323886164968
Fra_68,22,45.55138037291963
Fra_68,23,80.092393437785
Fra_68,24,70.03214197945327
Fra_68,25,72.7960034594286
Fra_68,26,85.82021479809887
Fra_68,27,42.125087749583926
Fra_68,28,71.92712556496791
Fra_68,29,531.1749264366533
Fra_68,30,48.93106339247404
Fra_68,31,48.93106339247404
Fra_68,32,43.261482692519195
Fra_68,33,52.01972985531994
Fra_68,34,45.956009150296694
Fra_68,35,45.95600915029669
Fra_68,36,38.48641810702461
Fra_68,37,66.79735199779857
Fra_68,38,66.79735199779859
Fra_68,39,57.45449780221238
Fra_68,40,128.31848660086527
Fra_68,41,26.060865966216177
Fra_68,42,45.956009150296694
Fra_68,43,45.95600915029669
Fra_68,44,45.956009150296694
Fra_68,45,109.26333632618221
Fra_68,46,54.1302409196183
Fra_68,47,45.95600915029669
Fra_68,48,45.95600915029669
Fra_68,49,24.920502296096945
Fra_68,50,26.060865966216177
Fra_68,51,30.02055211373377
Fra_68,52,26.060865966216177
Fra_68,53,28.03501355677375
Fra_68,54,28.03501355677375
Fra_68,55,30.02055211373377
Fra_68,56,28.710511992960353
Fra_68,57,24.94758639040454
Fra_68,58,24.699447543878986
Fra_68,59,25.822656871879904
Fra_68,60,28.03501355677375
Fra_68,61,27.04680198219309
Fra_68,62,27.8734828582937
Fra_68,63,25.834443219974485
Fra_68,64,27.93706187318829
Fra_68,65,40.68774866105168
Fra_68,66,70.2592287995074
Fra_68,67,42.73679538412373
Fra_68,68,30.02055211373377
Fra_68,69,42.73679538412373
Fra_68,70,32.269296595877385
Fra_68,71,28.03501355677375
Fra_68,72,25.822656871879904
Fra_68,73,23.969103957323306
Fra_68,74,25.822656871879904
Fra_68,75,27.611683658254815
Fra_68,76,28.619223489465575
Fra_68,77,29.027358646044963
Fra_68,78,31.179107896469585
Fra_68,79,34.04907563921787
Fra_68,80,70.2592287995074
Fra_68,81,28.709700439693187
Fra_68,82,31.022405146980343
Fra_68,83,46.829584774426976
Fra_68,84,89.47356540551351
Fra_68,85,400.6658123778147
Fra_68,86,74.08188334610156
Fra_68,87,108.41883506793656
Fra_68,88,110.8378114262176
Fra_68,89,81.60953082996978
Fra_68,90,52.60938315698096
Fra_68,91,41.30192273562613
Fra_68,92,29.49197472579159
Fra_68,93,43.58942461834411
Fra_68,94,29.081317482272976
Fra_68,95,28.495861760395186
Fra_68,96,28.208449967369706
Fra_69,1,71.40122673110419
Fra_69,2,12.086030165804079
Fra_69,3,12.092240213880917
Fra_69,4,23.757841130271917
Fra_69,5,10.190072400951255
Fra_69,6,10.190072400951255
Fra_69,7,10.097141762971074
Fra_69,8,15.638689282402911
Fra_69,9,11.089110135405484
Fra_69,10,11.089110135405484
Fra_69,11,11.089110135405488
Fra_69,12,11.089110135405488
Fra_69,13,11.089110135405488
Fra_69,14,10.190072400951255
Fra_69,15,19.884016987060658
Fra_69,16,40.85778692048085
Fra_69,17,23.665246603331422
Fra_69,18,24.86618269563787
Fra_69,19,27.24643824900001
Fra_69,20,33.82917719824846
Fra_69,21,26.819192020346723
Fra_69,22,26.819192020346723
Fra_69,23,36.91841096861182
Fra_69,24,26.819192020346723
Fra_69,25,28.36475400605841
Fra_69,26,33.82728699718845
Fra_69,27,26.819192020346723
Fra_69,28,28.36475400605841
Fra_69,29,208.96598293033023
Fra_69,30,19.316139508588815
Fra_69,31,19.316139508588815
Fra_69,32,17.582521458970046
Fra_69,33,20.53333473879641
Fra_69,34,18.406441242388173
Fra_69,35,18.406441242388173
Fra_69,36,15.52805328651797
Fra_69,37,26.819192020346723
Fra_69,38,26.819192020346723
Fra_69,39,22.67435604662776
Fra_69,40,50.53690484337753
Fra_69,41,10.374326478775416
Fra_69,42,18.40644124238819
Fra_69,43,18.406441242388173
Fra_69,44,18.406441242388166
Fra_69,45,43.04473479539614
Fra_69,46,21.3650541982022
Fra_69,47,18.406441242388173
Fra_69,48,18.406441242388173
Fra_69,49,9.920369767064921
Fra_69,50,10.374326478775416
Fra_69,51,11.950600916512233
Fra_69,52,10.374326478775416
Fra_69,53,11.160196435985656
Fra_69,54,11.160196435985656
Fra_69,55,11.950600916512233
Fra_69,56,11.429099292935481
Fra_69,57,10.338747876001605
Fra_69,58,10.664172226292031
Fra_69,59,10.36297161194075
Fra_69,60,11.160196435985656
Fra_69,61,10.61857364180554
Fra_69,62,11.112625575148883
Fra_69,63,10.318352943427616
Fra_69,64,11.151238835613672
Fra_69,65,16.283359067675335
Fra_69,66,26.819192020346723
Fra_69,67,16.87859446066015
Fra_69,68,11.950600916512233
Fra_69,69,16.87859446066015
Fra_69,70,21.711389161914028
Fra_69,71,11.160196435985656
Fra_69,72,10.36297161194075
Fra_69,73,10.723295176533021
Fra_69,74,10.36297161194075
Fra_69,75,24.33625514645285
Fra_69,76,23.768441318547467
Fra_69,77,26.819192020346723
Fra_69,78,26.035708471838195
Fra_69,79,24.765090217940323
Fra_69,80,26.819192020346723
Fra_69,81,26.819192020346723
Fra_69,82,26.819192020346723
Fra_69,83,26.819192020346723
Fra_69,84,34.205551071713984
Fra_69,85,157.61937060303592
Fra_69,86,28.901867115438623
Fra_69,87,42.71269086284751
Fra_69,88,43.66379237383204
Fra_69,89,36.91841096861182
Fra_69,90,26.819192020346723
Fra_69,91,26.819192020346723
Fra_69,92,26.819192020346723
Fra_69,93,35.44430240365803
Fra_69,94,26.995328427217668
Fra_69,95,27.24643824900001
Fra_69,96,27.0795689335992
Fra_70,1,71.40122673110419
Fra_70,2,12.086030165803972
Fra_70,3,12.092240213880915
Fra_70,4,23.757841130271913
Fra_70,5,10.190072400951255
Fra_70,6,10.190072400951255
Fra_70,7,10.097141762971075
Fra_70,8,15.63868928240291
Fra_70,9,11.089110135405484
Fra_70,10,11.089110135405484
Fra_70,11,11.089110135405488
Fra_70,12,11.089110135405488
Fra_70,13,11.089110135405488
Fra_70,14,10.190072400951255
Fra_70,15,19.884016987060658
Fra_70,16,40.85778692048085
Fra_70,17,23.66524660333142
Fra_70,18,24.866182695637875
Fra_70,19,27.24643824900001
Fra_70,20,33.82917719824847
Fra_70,21,26.81919202034672
Fra_70,22,26.819192020346726
Fra_70,23,36.91841096861182
Fra_70,24,26.819192020346726
Fra_70,25,28.364754006058398
Fra_70,26,33.82728699718844
Fra_70,27,26.819192020346723
Fra_70,28,28.3647540060584
Fra_70,29,208.9659829303302
Fra_70,30,19.316139508588815
Fra_70,31,19.316139508588815
Fra_70,32,17.58252145897005
Fra_70,33,20.53333473879615
Fra_70,34,18.406441242388173
Fra_70,35,18.40644124238817
Fra_70,36,15.528053286517967
Fra_70,37,26.819192020346723
Fra_70,38,26.819192020346726
Fra_70,39,22.67435604662776
Fra_70,40,50.53690484337753
Fra_70,41,10.374326478775416
Fra_70,42,18.406441242388173
Fra_70,43,18.406441242388173
Fra_70,44,18.40644124238817
Fra_70,45,43.04473479539613
Fra_70,46,21.365054198202202
Fra_70,47,18.40644124238817
Fra_70,48,18.40644124238817
Fra_70,49,9.92036976706492
Fra_70,50,10.374326478775416
Fra_70,51,11.950600916512233
Fra_70,52,10.374326478775416
Fra_70,53,11.160196435985657
Fra_70,54,11.160196435985657
Fra_70,55,11.950600916512233
Fra_70,56,11.429099292935483
Fra_70,57,10.338747876001573
Fra_70,58,10.664172226292028
Fra_70,59,10.36297161194075
Fra_70,60,11.160196435985657
Fra_70,61,10.618573641805536
Fra_70,62,11.112625575148883
Fra_70,63,10.31835294342762
Fra_70,64,11.151238835613668
Fra_70,65,16.283359067675274
Fra_70,66,26.81919202034672
Fra_70,67,16.878594460660153
Fra_70,68,11.950600916512233
Fra_70,69,16.878594460660153
Fra_70,70,21.711389161914028
Fra_70,71,11.160196435985657
Fra_70,72,10.36297161194075
Fra_70,73,10.723295176533025
Fra_70,74,10.36297161194075
Fra_70,75,24.33625514645285
Fra_70,76,23.768441318547467
Fra_70,77,26.819192020346716
Fra_70,78,26.035708471838195
Fra_70,79,24.765090217940323
Fra_70,80,26.81919202034672
Fra_70,81,26.819192020346723
Fra_70,82,26.81919202034672
Fra_70,83,26.81919202034673
Fra_70,84,34.20555107171399
Fra_70,85,157.61937060303592
Fra_70,86,28.90186711543862
Fra_70,87,42.71269086284752
Fra_70,88,43.66379237383203
Fra_70,89,36.91841096861181
Fra_70,90,26.81919202034672
Fra_70,91,26.81919202034672
Fra_70,92,26.81919202034672
Fra_70,93,35.44430240365803
Fra_70,94,26.995328427217668
Fra_70,95,27.24643824900001
Fra_70,96,27.0795689335992
Fra_71,1,71.45375999829663
Fra_71,2,10.356024577343822
Fra_71,3,10.36362186097356
Fra_71,4,23.772845252284142
Fra_71,5,9.257227428413401
Fra_71,6,9.257227428413401
Fra_71,7,9.356280645920021
Fra_71,8,15.647297871759424
Fra_71,9,11.096266595692576
Fra_71,10,11.096266595692576
Fra_71,11,11.09626659569258
Fra_71,12,11.09626659569258
Fra_71,13,11.09626659569258
Fra_71,14,9.257227428413401
Fra_71,15,19.895969661178494
Fra_71,16,40.886260831426874
Fra_71,17,23.68017778775954
Fra_71,18,24.882059868777585
Fra_71,19,27.264190371938135
Fra_71,20,31.24122208101288
Fra_71,21,25.901976038450925
Fra_71,22,24.071953143442503
Fra_71,23,29.706302916266004
Fra_71,24,20.160212824417584
Fra_71,25,21.39419715733697
Fra_71,26,25.557859292103828
Fra_71,27,24.613040248704795
Fra_71,28,21.42907744713453
Fra_71,29,157.93070759500955
Fra_71,30,14.589095403810802
Fra_71,31,14.589095403810802
Fra_71,32,13.21841126129079
Fra_71,33,15.509380100615061
Fra_71,34,13.869842977803028
Fra_71,35,13.869842977803032
Fra_71,36,11.650116610803789
Fra_71,37,20.204681323946488
Fra_71,38,20.204681323946488
Fra_71,39,17.12806694089185
Fra_71,40,38.187598446401985
Fra_71,41,7.753928468663869
Fra_71,42,13.869842977803028
Fra_71,43,13.869842977803032
Fra_71,44,13.869842977803025
Fra_71,45,32.52474282177553
Fra_71,46,16.138218163343346
Fra_71,47,13.869842977803032
Fra_71,48,13.869842977803032
Fra_71,49,7.414634358566751
Fra_71,50,7.753928468663869
Fra_71,51,8.932059816486785
Fra_71,52,7.753928468663869
Fra_71,53,8.341299556931318
Fra_71,54,8.341299556931318
Fra_71,55,8.932059816486785
Fra_71,56,8.542281617990806
Fra_71,57,7.905325445740306
Fra_71,58,8.460551891912456
Fra_71,59,7.780469045040661
Fra_71,60,8.341299556931318
Fra_71,61,7.952702738723218
Fra_71,62,8.304029871250933
Fra_71,63,7.708592444795276
Fra_71,64,8.331526745529498
Fra_71,65,12.1615799083809
Fra_71,66,20.170039427332014
Fra_71,67,12.629893394266425
Fra_71,68,8.932059816486785
Fra_71,69,12.629893394266425
Fra_71,70,19.947716577973516
Fra_71,71,8.341299556931318
Fra_71,72,7.780469045040661
Fra_71,73,8.688874162825709
Fra_71,74,7.780469045040661
Fra_71,75,23.789102834022163
Fra_71,76,22.958130034893394
Fra_71,77,26.66836309516885
Fra_71,78,25.42305104812933
Fra_71,79,23.48382651616864
Fra_71,80,20.170039427332014
Fra_71,81,26.709535834195457
Fra_71,82,26.35719336887155
Fra_71,83,23.868719434183223
Fra_71,84,25.735725540434714
Fra_71,85,119.12443512289096
Fra_71,86,21.80338570051999
Fra_71,87,32.273771896260754
Fra_71,88,32.99264913831168
Fra_71,89,30.15497703136466
Fra_71,90,22.954857347559738
Fra_71,91,24.743036143253338
Fra_71,92,26.608087172000044
Fra_71,93,34.43495971544675
Fra_71,94,26.878572087777748
Fra_71,95,27.264190371938135
Fra_71,96,27.095608358751072
Fra_72,1,76.1266167373519
Fra_72,2,24.2420147662035
Fra_72,3,24.239400417874602
Fra_72,4,25.10746836646442
Fra_72,5,16.859174458904377
Fra_72,6,16.859174458904377
Fra_72,7,15.472501209794567
Fra_72,8,16.413035602119525
Fra_72,9,11.504970202823086
Fra_72,10,11.504970202823086
Fra_72,11,11.50497020282309
Fra_72,12,11.50497020282309
Fra_72,13,11.50497020282309
Fra_72,14,16.859174458904377
Fra_72,15,20.959165171114496
Fra_72,16,43.41902747173426
Fra_72,17,25.00831307242447
Fra_72,18,26.294341256707547
Fra_72,19,28.843249351842797
Fra_72,20,53.39049487003832
Fra_72,21,34.64959063848944
Fra_72,22,46.914324302010556
Fra_72,23,82.11041987956268
Fra_72,24,72.76613203273196
Fra_72,25,66.48307882222136
Fra_72,26,71.98606463918661
Fra_72,27,43.287982110932646
Fra_72,28,60.32469262665148
Fra_72,29,445.57998588640663
Fra_72,30,41.13294158243791
Fra_72,31,41.13294158243791
Fra_72,32,36.17664024928274
Fra_72,33,43.68123881241116
Fra_72,34,38.53217336216547
Fra_72,35,38.53217336216547
Fra_72,36,34.80014040100249
Fra_72,37,55.74788962795782
Fra_72,38,55.74788962795783
Fra_72,39,48.17687629088885
Fra_72,40,107.65762400699505
Fra_72,41,26.794081890604154
Fra_72,42,38.53217336216547
Fra_72,43,38.53217336216547
Fra_72,44,38.53217336216547
Fra_72,45,91.66339893731536
Fra_72,46,45.422511158802344
Fra_72,47,38.53217336216547
Fra_72,48,38.53217336216547
Fra_72,49,25.62163437478275
Fra_72,50,26.794081890604154
Fra_72,51,30.865172814260116
Fra_72,52,26.794081890604154
Fra_72,53,28.82377162824024
Fra_72,54,28.82377162824024
Fra_72,55,30.865172814260116
Fra_72,56,29.51827504342306
Fra_72,57,25.639295249024872
Fra_72,58,25.53532849001261
Fra_72,59,26.545269238214043
Fra_72,60,28.82377162824024
Fra_72,61,27.8778196517859
Fra_72,62,28.609680338920814
Fra_72,63,26.463253135700985
Fra_72,64,28.636869029935898
Fra_72,65,41.58466944575694
Fra_72,66,73.06477992563525
Fra_72,67,44.0358600053475
Fra_72,68,30.865172814260116
Fra_72,69,44.0358600053475
Fra_72,70,32.7627914081012
Fra_72,71,28.82377162824024
Fra_72,72,26.545269238214043
Fra_72,73,24.815708221999927
Fra_72,74,26.545269238214043
Fra_72,75,27.764782838986832
Fra_72,76,28.845957418660223
Fra_72,77,29.37584334798715
Fra_72,78,31.711912642886283
Fra_72,79,34.79014520091742
Fra_72,80,73.06477992563525
Fra_72,81,29.026414578965806
Fra_72,82,31.473044051757135
Fra_72,83,48.257583290248725
Fra_72,84,91.86880144046368
Fra_72,85,336.25642080521965
Fra_72,86,67.06139103734029
Fra_72,87,90.95455418923932
Fra_72,88,92.98495813540944
Fra_72,89,84.1832896054245
Fra_72,90,54.367163887417156
Fra_72,91,42.41675529276665
Fra_72,92,29.917264603963524
Fra_72,93,44.32561181194409
Fra_72,94,29.47449138621173
Fra_72,95,28.843249351842797
Fra_72,96,28.52232213303315
Fra_73,1,72.21351881998565
Fra_73,2,14.543432312901883
Fra_73,3,14.547832552784637
Fra_73,4,23.98984135151263
Fra_73,5,11.535058827190724
Fra_73,6,11.535058827190724
Fra_73,7,11.179040342248753
Fra_73,8,15.771799012759272
Fra_73,9,11.161702684058236
Fra_73,10,11.161702684058236
Fra_73,11,11.16170268405824
Fra_73,12,11.16170268405824
Fra_73,13,11.16170268405824
Fra_73,14,11.535058827190724
Fra_73,15,20.0688344017349
Fra_73,16,41.298062841569866
Fra_73,17,23.89611903211377
Fra_73,18,25.11168241085533
Fra_73,19,27.520929248592076
Fra_73,20,37.744968607918295
Fra_73,21,28.363268635225467
Fra_73,22,30.859325853795493
Fra_73,23,46.20814641690175
Fra_73,24,36.131281331623015
Fra_73,25,38.41074886816517
Fra_73,26,45.913736195935364
Fra_73,27,30.121310838437516
Fra_73,28,38.49135606683121
Fra_73,29,283.8693213554473
Fra_73,30,26.194642191745785
Fra_73,31,26.194642191745785
Fra_73,32,23.539399652947456
Fra_73,33,27.84919919087736
Fra_73,34,24.801330940505522
Fra_73,35,24.801330940505522
Fra_73,36,20.71589876351214
Fra_73,37,36.110780561256284
Fra_73,38,36.11078056125629
Fra_73,39,30.759357594811824
Fra_73,40,68.61842936078543
Fra_73,41,13.749595416301089
Fra_73,42,24.801330940505522
Fra_73,43,24.801330940505522
Fra_73,44,24.801330940505522
Fra_73,45,58.438219158246696
Fra_73,46,28.9797715253087
Fra_73,47,24.801330940505522
Fra_73,48,24.801330940505522
Fra_73,49,13.147944684053211
Fra_73,50,13.749595416301089
Fra_73,51,15.83870797973152
Fra_73,52,13.749595416301089
Fra_73,53,14.79114678675132
Fra_73,54,14.79114678675132
Fra_73,55,15.83870797973152
Fra_73,56,15.147536716922865
Fra_73,57,13.48230159087296
Fra_73,58,13.68765702981651
Fra_73,59,13.689428379768598
Fra_73,60,14.79114678675132
Fra_73,61,14.155491333110414
Fra_73,62,14.718936975173712
Fra_73,63,13.656704951295843
Fra_73,64,14.762828094584235
Fra_73,65,21.53383546420738
Fra_73,66,36.181335717114784
Fra_73,67,22.444265801067605
Fra_73,68,15.83870797973152
Fra_73,69,22.444265801067605
Fra_73,70,23.983131571108814
Fra_73,71,14.79114678675132
Fra_73,72,13.689428379768598
Fra_73,73,13.57784222807149
Fra_73,74,13.689428379768598
Fra_73,75,25.04102831339783
Fra_73,76,24.812182954318175
Fra_73,77,27.29985641374171
Fra_73,78,27.14862770876514
Fra_73,79,26.769554853495666
Fra_73,80,36.181335717114784
Fra_73,81,27.231213988975938
Fra_73,82,27.7297350511278
Fra_73,83,31.134635192791936
Fra_73,84,46.17803799450667
Fra_73,85,214.11993339207606
Fra_73,86,39.14800602574779
Fra_73,87,57.98704453084574
Fra_73,88,59.279382163836786
Fra_73,89,46.572312489867805
Fra_73,90,32.37957934142501
Fra_73,91,29.944003116300586
Fra_73,92,27.400169322744013
Fra_73,93,37.205911406913266
Fra_73,94,27.44995377490858
Fra_73,95,27.520929248592076
Fra_73,96,27.327577459574652
Fra_74,1,82.48303222415129
Fra_74,2,26.909310834325318
Fra_74,3,26.90572408583675
Fra_74,4,26.922935757345982
Fra_74,5,18.441991976280264
Fra_74,6,18.441991976280264
Fra_74,7,16.829125881044966
Fra_74,8,17.454656914283195
Fra_74,9,12.354122323261164
Fra_74,10,12.354122323261164
Fra_74,11,12.354122323261167
Fra_74,12,12.354122323261167
Fra_74,13,12.354122323261167
Fra_74,14,18.441991976280264
Fra_74,15,22.4054137471449
Fra_74,16,46.86431115919301
Fra_74,17,26.814955168136507
Fra_74,18,28.215446008523994
Fra_74,19,30.991219108875182
Fra_74,20,59.12041030366608
Fra_74,21,37.81448636335369
Fra_74,22,52.15010965898825
Fra_74,23,86.3000171302268
Fra_74,24,81.96793173976141
Fra_74,25,64.34411973341321
Fra_74,26,61.099763069116044
Fra_74,27,47.911462736961724
Fra_74,28,51.137072899808615
Fra_74,29,382.53850254965005
Fra_74,30,34.90241878230474
Fra_74,31,34.90241878230474
Fra_74,32,28.417856535589785
Fra_74,33,37.01479230303866
Fra_74,34,31.499711343832963
Fra_74,35,31.499711343832963
Fra_74,36,31.139517446513707
Fra_74,37,44.985999539985684
Fra_74,38,44.9859995399857
Fra_74,39,40.75879749132652
Fra_74,40,91.57513881868641
Fra_74,41,28.3163014995073
Fra_74,42,31.499711343832963
Fra_74,43,31.499711343832963
Fra_74,44,31.49971134383296
Fra_74,45,77.91075106944874
Fra_74,46,38.45819441235287
Fra_74,47,31.499711343832963
Fra_74,48,31.499711343832963
Fra_74,49,27.07724514796315
Fra_74,50,28.3163014995073
Fra_74,51,32.61867836380189
Fra_74,52,28.3163014995073
Fra_74,53,30.461301533321237
Fra_74,54,30.461301533321237
Fra_74,55,32.61867836380189
Fra_74,56,31.195260926930853
Fra_74,57,27.11911769254915
Fra_74,58,28.15861909234931
Fra_74,59,28.045474944449744
Fra_74,60,30.461301533321237
Fra_74,61,31.230355397625406
Fra_74,62,31.19001190227998
Fra_74,63,29.916458073084776
Fra_74,64,31.978069570701756
Fra_74,65,48.87590827112234
Fra_74,66,82.71604701354357
Fra_74,67,47.17918329689525
Fra_74,68,32.61867836380189
Fra_74,69,47.17918329689525
Fra_74,70,33.78732927624164
Fra_74,71,30.461301533321237
Fra_74,72,28.045474944449744
Fra_74,73,27.69638810047888
Fra_74,74,28.045474944449744
Fra_74,75,28.08262996595944
Fra_74,76,29.316676645485312
Fra_74,77,32.48420275305368
Fra_74,78,35.05238359932028
Fra_74,79,39.15957021241969
Fra_74,80,82.71604701354357
Fra_74,81,32.04753264233899
Fra_74,82,35.524619453896676
Fra_74,83,53.933060451180225
Fra_74,84,102.69766310637792
Fra_74,85,286.874541249985
Fra_74,86,64.10493656358082
Fra_74,87,77.30516189901223
Fra_74,88,79.03980216368161
Fra_74,89,95.24694062758039
Fra_74,90,61.244994718404996
Fra_74,91,46.89313002685733
Fra_74,92,32.28311118601363
Fra_74,93,50.913462458601394
Fra_74,94,31.750516131284982
Fra_74,95,30.991219108875182
Fra_74,96,30.46305903906338
Fra_75,1,72.58625246463092
Fra_75,2,15.70156105508929
Fra_75,3,15.705106538131655
Fra_75,4,24.096298485843008
Fra_75,5,12.168699876707597
Fra_75,6,12.168699876707597
Fra_75,7,11.688583539721316
Fra_75,8,15.832878611603816
Fra_75,9,11.194870177618625
Fra_75,10,11.194870177618625
Fra_75,11,11.194870177618629
Fra_75,12,11.194870177618629
Fra_75,13,11.194870177618629
Fra_75,14,12.168699876707597
Fra_75,15,20.15364092577763
Fra_75,16,41.5000907216432
Fra_75,17,24.002058660242668
Fra_75,18,25.224334011018495
Fra_75,19,27.64688397854784
Fra_75,20,39.587683944832776
Fra_75,21,29.088221037613195
Fra_75,22,32.76180032753912
Fra_75,23,50.59708537584299
Fra_75,24,40.52156719881318
Fra_75,25,42.98771165485375
Fra_75,26,51.31398452779978
Fra_75,27,31.675624635770873
Fra_75,28,43.01601399869522
Fra_75,29,317.3316280998076
Fra_75,30,29.269959082904684
Fra_75,31,29.269959082904684
Fra_75,32,26.207124635559186
Fra_75,33,31.119194490301048
Fra_75,34,27.662768163876983
Fra_75,35,27.662768163876983
Fra_75,36,23.082681367866407
Fra_75,37,40.26490450273148
Fra_75,38,40.26490450273149
Fra_75,39,34.37190060974083
Fra_75,40,76.69706535594739
Fra_75,41,15.344242478025283
Fra_75,42,27.662768163876983
Fra_75,43,27.662768163876983
Fra_75,44,27.66276816387698
Fra_75,45,65.31593386289467
Fra_75,46,32.38279217388073
Fra_75,47,27.662768163876983
Fra_75,48,27.662768163876983
Fra_75,49,14.672813650981553
Fra_75,50,15.344242478025283
Fra_75,51,17.67564560419735
Fra_75,52,15.344242478025283
Fra_75,53,16.50659062701593
Fra_75,54,16.50659062701593
Fra_75,55,17.67564560419735
Fra_75,56,16.904313857387887
Fra_75,57,14.967360309652921
Fra_75,58,15.113783068000723
Fra_75,59,15.26101411381024
Fra_75,60,16.50659062701593
Fra_75,61,15.824797728293486
Fra_75,62,16.422473233765608
Fra_75,63,15.233365657512477
Fra_75,64,16.468645658253703
Fra_75,65,24.0130474666187
Fra_75,66,40.59448343641103
Fra_75,67,25.07260281014787
Fra_75,68,17.67564560419735
Fra_75,69,25.07260281014787
Fra_75,70,25.056417115126052
Fra_75,71,16.50659062701593
Fra_75,72,15.26101411381024
Fra_75,73,14.92353909200034
Fra_75,74,15.26101411381024
Fra_75,75,25.373998657584607
Fra_75,76,25.3052990773555
Fra_75,77,27.522981365366952
Fra_75,78,27.67011501115335
Fra_75,79,27.711705868558706
Fra_75,80,40.59448343641103
Fra_75,81,27.422084685645665
Fra_75,82,28.155372867825537
Fra_75,83,33.16692130797653
Fra_75,84,51.80092940716177
Fra_75,85,239.3628371691946
Fra_75,86,43.80623593590132
Fra_75,87,64.811535853559
Fra_75,88,66.25632571957017
Fra_75,89,51.11452819337238
Fra_75,90,34.99911819326709
Fra_75,91,31.414671492894072
Fra_75,92,27.670776893243517
Fra_75,93,38.03134445969554
Fra_75,94,27.660926807129396
Fra_75,95,27.64688397854784
Fra_75,96,27.441380269001517
Fra_76,1,74.00961564497126
Fra_76,2,20.082582460261953
Fra_76,3,20.082896953240496
Fra_76,4,24.502827833185986
Fra_76,5,14.565965943864782
Fra_76,6,14.565965943864782
Fra_76,7,13.616551655437787
Fra_76,8,16.066124129721775
Fra_76,9,11.321781480382851
Fra_76,10,11.321781480382851
Fra_76,11,11.321781480382855
Fra_76,12,11.321781480382855
Fra_76,13,11.321781480382855
Fra_76,14,14.565965943864782
Fra_76,15,20.477492784897972
Fra_76,16,42.271577412017685
Fra_76,17,24.406611799418318
Fra_76,18,25.654518251647684
Fra_76,19,28.127869066919388
Fra_76,20,46.56200367815288
Fra_76,21,31.834239593696996
Fra_76,22,39.960643328365045
Fra_76,23,67.18536824141194
Fra_76,24,57.12712602233676
Fra_76,25,60.20497004516382
Fra_76,26,71.5622245570757
Fra_76,27,37.55789072621033
Fra_76,28,59.98104856207112
Fra_76,29,442.8087128373564
Fra_76,30,40.801532750161954
Fra_76,31,40.801532750161954
Fra_76,32,36.204757777028114
Fra_76,33,43.380297790822205
Fra_76,34,38.38942229475113
Fra_76,35,38.38942229475113
Fra_76,36,31.979143493223113
Fra_76,37,55.834406160713634
Fra_76,38,55.83440616071364
Fra_76,39,47.91677355324445
Fra_76,40,106.98846827957853
Fra_76,41,21.371315713286354
Fra_76,42,38.38942229475113
Fra_76,43,38.38942229475113
Fra_76,44,38.38942229475113
Fra_76,45,91.10423654110355
Fra_76,46,45.142389041531274
Fra_76,47,38.38942229475113
Fra_76,48,38.38942229475113
Fra_76,49,20.4361559970408
Fra_76,50,21.371315713286354
Fra_76,51,24.6184719242053
Fra_76,52,21.371315713286354
Fra_76,53,22.99022321532878
Fra_76,54,22.99022321532878
Fra_76,55,24.6184719242053
Fra_76,56,23.544168366740458
Fra_76,57,20.58038849737956
Fra_76,58,20.50698873456608
Fra_76,59,21.20092554745309
Fra_76,60,22.99022321532878
Fra_76,61,22.136557290722592
Fra_76,62,22.861690550957483
Fra_76,63,21.193663342325696
Fra_76,64,22.916954617747916
Fra_76,65,33.386438159080086
Fra_76,66,57.28749004784652
Fra_76,67,35.0081176519973
Fra_76,68,24.6184719242053
Fra_76,69,35.0081176519973
Fra_76,70,29.112970274384132
Fra_76,71,22.99022321532878
Fra_76,72,21.20092554745309
Fra_76,73,20.0135700177763
Fra_76,74,21.20092554745309
Fra_76,75,26.632481928117173
Fra_76,76,27.169063830303692
Fra_76,77,28.371757138476656
Fra_76,78,29.646958597482186
Fra_76,79,31.279295978668582
Fra_76,80,57.28749004784652
Fra_76,81,28.148732283863193
Fra_76,82,29.770457760231572
Fra_76,83,40.856788992695584
Fra_76,84,73.05776935470205
Fra_76,85,334.0151762107477
Fra_76,86,61.32304534654039
Fra_76,87,90.40026656469091
Fra_76,88,92.41670729021374
Fra_76,89,68.2942105245784
Fra_76,90,44.909806118062534
Fra_76,91,36.98063066797157
Fra_76,92,28.698680924777833
Fra_76,93,41.16077813130162
Fra_76,94,28.46335819306075
Fra_76,95,28.127869066919388
Fra_76,96,27.875960648542122
Fra_77,1,72.61153998783381
Fra_77,2,15.778247798630057
Fra_77,3,15.781736792931904
Fra_77,4,24.103520901348467
Fra_77,5,12.21067072429284
Fra_77,6,12.21067072429284
Fra_77,7,11.72234369155792
Fra_77,8,15.837022460154097
Fra_77,9,11.197129565045007
Fra_77,10,11.197129565045007
Fra_77,11,11.19712956504501
Fra_77,12,11.19712956504501
Fra_77,13,11.19712956504501
Fra_77,14,12.21067072429284
Fra_77,15,20.1593944899522
Fra_77,16,41.513796982879285
Fra_77,17,24.009245966360325
Fra_77,18,25.231976680237906
Fra_77,19,27.655429177517743
Fra_77,20,39.70986526441122
Fra_77,21,29.136389506206665
Fra_77,22,32.88786896373608
Fra_77,23,50.8870507322908
Fra_77,24,40.812174370786025
Fra_77,25,43.30081385411325
Fra_77,26,51.690410217204104
Fra_77,27,31.778660349099496
Fra_77,28,43.33140194265963
Fra_77,29,319.6644267691919
Fra_77,30,29.484192345315748
Fra_77,31,29.484192345315748
Fra_77,32,26.392680331221563
Fra_77,33,31.347047176835915
Fra_77,34,27.861953167673143
Fra_77,35,27.861953167673136
Fra_77,36,23.244394318911922
Fra_77,37,40.55430724142951
Fra_77,38,40.55430724142952
Fra_77,39,34.62370467006306
Fra_77,40,77.26020248529177
Fra_77,41,15.449596507321889
Fra_77,42,27.861953167673143
Fra_77,43,27.861953167673143
Fra_77,44,27.861953167673143
Fra_77,45,65.7953543045918
Fra_77,46,32.619951124348084
Fra_77,47,27.861953167673136
Fra_77,48,27.861953167673136
Fra_77,49,14.77355762980377
Fra_77,50,15.449596507321889
Fra_77,51,17.797007117317854
Fra_77,52,15.449596507321889
Fra_77,53,16.61992537358268
Fra_77,54,16.61992537358268
Fra_77,55,17.797007117317854
Fra_77,56,17.020379383589052
Fra_77,57,15.065480996509649
Fra_77,58,15.208142591099907
Fra_77,59,15.364844543402183
Fra_77,60,16.61992537358268
Fra_77,61,15.935188501634167
Fra_77,62,16.53503876361858
Fra_77,63,15.337567076651892
Fra_77,64,16.58137581075409
Fra_77,65,24.176932558726836
Fra_77,66,40.88664820904895
Fra_77,67,25.24631993159811
Fra_77,68,17.797007117317854
Fra_77,69,25.24631993159811
Fra_77,70,25.12732619548754
Fra_77,71,16.61992537358268
Fra_77,72,15.364844543402183
Fra_77,73,15.012621743310413
Fra_77,74,15.364844543402183
Fra_77,75,25.395997109930814
Fra_77,76,25.337877929265797
Fra_77,77,27.537961871039254
Fra_77,78,27.704827873824645
Fra_77,79,27.77424428097372
Fra_77,80,40.88664820904895
Fra_77,81,27.434923758390777
Fra_77,82,28.183768645107982
Fra_77,83,33.30158206881638
Fra_77,84,52.17450182457218
Fra_77,85,241.12250204431732
Fra_77,86,44.12555071294676
Fra_77,87,65.28724607271603
Fra_77,88,66.74266344285564
Fra_77,89,51.415771457107766
Fra_77,90,35.172632706954715
Fra_77,91,31.51217355852861
Fra_77,92,27.688887718405198
Fra_77,93,38.08629274896946
Fra_77,94,27.675094109999023
Fra_77,95,27.655429177517743
Fra_77,96,27.44910104018834
Fra_78,1,75.85924833918473
Fra_78,2,23.56822714466732
Fra_78,3,23.56610093211565
Fra_78,4,25.03110479186286
Fra_78,5,16.48939400426952
Fra_78,6,16.48939400426952
Fra_78,7,15.174371859894078
Fra_78,8,16.36922213172755
Fra_78,9,11.482621069642848
Fra_78,10,11.482621069642848
Fra_78,11,11.482621069642851
Fra_78,12,11.482621069642851
Fra_78,13,11.482621069642851
Fra_78,14,16.48939400426952
Fra_78,15,20.898331960018112
Fra_78,16,43.27410932051203
Fra_78,17,24.932320714122053
Fra_78,18,26.213534282828764
Fra_78,19,28.75289980901604
Fra_78,20,52.30476873275262
Fra_78,21,34.214082166383946
Fra_78,22,45.799635573093795
Fra_78,23,79.61136001096199
Fra_78,24,70.220264586555
Fra_78,25,64.94077865947749
Fra_78,26,70.93929447340165
Fra_78,27,42.37410818062398
Fra_78,28,59.4485037034431
Fra_78,29,439.0619057992043
Fra_78,30,40.52578062139345
Fra_78,31,40.52578062139345
Fra_78,32,35.669461123657584
Fra_78,33,43.04149351810799
Fra_78,34,37.97747684238159
Fra_78,35,37.97747684238159
Fra_78,36,34.03373716283027
Fra_78,37,54.97355032909217
Fra_78,38,54.973550329092184
Fra_78,39,47.47838426328753
Fra_78,40,106.08905426950749
Fra_78,41,25.886090571103487
Fra_78,42,37.97747684238159
Fra_78,43,37.97747684238159
Fra_78,44,37.97747684238159
Fra_78,45,90.32879093121781
Fra_78,46,44.76050072299149
Fra_78,47,37.97747684238159
Fra_78,48,37.97747684238159
Fra_78,49,24.753374671065096
Fra_78,50,25.886090571103487
Fra_78,51,29.81922135734292
Fra_78,52,25.886090571103487
Fra_78,53,27.846998677386143
Fra_78,54,27.846998677386143
Fra_78,55,29.81922135734292
Fra_78,56,28.517966930031047
Fra_78,57,24.793131858258263
Fra_78,58,24.711698192609404
Fra_78,59,25.650409028320336
Fra_78,60,27.846998677386143
Fra_78,61,26.927621653448824
Fra_78,62,27.647006015613822
Fra_78,63,25.58044555370069
Fra_78,64,27.678714882161074
Fra_78,65,40.21077908089808
Fra_78,66,70.5019657295499
Fra_78,67,42.53345752373914
Fra_78,68,29.81922135734292
Fra_78,69,42.53345752373914
Fra_78,70,32.15166310221796
Fra_78,71,27.846998677386143
Fra_78,72,25.650409028320336
Fra_78,73,24.03480392521401
Fra_78,74,25.650409028320336
Fra_78,75,27.575189674813032
Fra_78,76,28.565177320059853
Fra_78,77,29.236887106320154
Fra_78,78,31.39875683126085
Fra_78,79,34.238256212500076
Fra_78,80,70.5019657295499
Fra_78,81,28.907121945705924
Fra_78,82,31.220488173090793
Fra_78,83,47.069563401497355
Fra_78,84,88.74698052581576
Fra_78,85,331.3439334937589
Fra_78,86,65.56378872750483
Fra_78,87,89.63031508465616
Fra_78,88,91.63101850950702
Fra_78,89,81.5915428187384
Fra_78,90,52.84166117404853
Fra_78,91,41.5511270129822
Fra_78,92,29.74381664614409
Fra_78,93,43.84368152492194
Fra_78,94,29.335301556965174
Fra_78,95,28.75289980901604
Fra_78,96,28.440689376504444
Fra_79,1,72.64361013663421
Fra_79,2,15.875503479094784
Fra_79,3,15.878920833232451
Fra_79,4,24.1126805148899
Fra_79,5,12.2638990027816
Fra_79,6,12.2638990027816
Fra_79,7,11.765158999495938
Fra_79,8,15.842277772766076
Fra_79,9,11.199994965914067
Fra_79,10,11.199994965914067
Fra_79,11,11.19999496591407
Fra_79,12,11.19999496591407
Fra_79,13,11.19999496591407
Fra_79,14,12.2638990027816
Fra_79,15,20.16669127650304
Fra_79,16,41.53117954082343
Fra_79,17,24.018361053465448
Fra_79,18,25.241669268046216
Fra_79,19,27.666266371824793
Fra_79,20,39.86481808711602
Fra_79,21,29.19747773311139
Fra_79,22,33.04775176006422
Fra_79,23,51.25479066686674
Fra_79,24,41.1807282688026
Fra_79,25,43.69789640108303
Fra_79,26,52.16780089618057
Fra_79,27,31.9093323264096
Fra_79,28,43.73138331733259
Fra_79,29,322.62292926261927
Fra_79,30,29.7558873052522
Fra_79,31,29.7558873052522
Fra_79,32,26.628005820511042
Fra_79,33,31.636014566132918
Fra_79,34,28.1145636214247
Fra_79,35,28.1145636214247
Fra_79,36,23.449481956849347
Fra_79,37,40.9213336527866
Fra_79,38,40.921333652786615
Fra_79,39,34.94304767642505
Fra_79,40,77.97438439184548
Fra_79,41,15.583208619870302
Fra_79,42,28.1145636214247
Fra_79,43,28.1145636214247
Fra_79,44,28.1145636214247
Fra_79,45,66.4033650132636
Fra_79,46,32.92072090594326
Fra_79,47,28.1145636214247
Fra_79,48,28.1145636214247
Fra_79,49,14.901323183023125
Fra_79,50,15.583208619870302
Fra_79,51,17.950920244877985
Fra_79,52,15.583208619870302
Fra_79,53,16.763658793320143
Fra_79,54,16.763658793320143
Fra_79,55,17.950920244877985
Fra_79,56,17.1675760333358
Fra_79,57,15.189919637757237
Fra_79,58,15.32781124833607
Fra_79,59,15.496524395964173
Fra_79,60,16.763658793320143
Fra_79,61,16.075188314933953
Fra_79,62,16.677796647149034
Fra_79,63,15.469717425667664
Fra_79,64,16.724342472058332
Fra_79,65,24.384774949928826
Fra_79,66,41.257177487758206
Fra_79,67,25.466631501433277
Fra_79,68,17.950920244877985
Fra_79,69,25.466631501433277
Fra_79,70,25.217254526555834
Fra_79,71,16.763658793320143
Fra_79,72,15.496524395964173
Fra_79,73,15.125598164928277
Fra_79,74,15.496524395964173
Fra_79,75,25.423895992492742
Fra_79,76,25.379195088725183
Fra_79,77,27.556960451570895
Fra_79,78,27.748851428928187
Fra_79,79,27.853556761511836
Fra_79,80,41.257177487758206
Fra_79,81,27.451206530336897
Fra_79,82,28.219780744649864
Fra_79,83,33.472361571539906
Fra_79,84,52.64827392624954
Fra_79,85,243.3541446583887
Fra_79,86,44.530512176820736
Fra_79,87,65.89055140205949
Fra_79,88,67.35944678805858
Fra_79,89,51.79781426199524
Fra_79,90,35.39268732552417
Fra_79,91,31.63582765182001
Fra_79,92,27.711856233477718
Fra_79,93,38.15597928169951
Fra_79,94,27.6930613702753
Fra_79,95,27.666266371824793
Fra_79,96,27.458892678492674
Fra_80,1,74.00961564497126
Fra_80,2,20.082582460261953
Fra_80,3,20.082896953240496
Fra_80,4,24.502827833185986
Fra_80,5,14.565965943864782
Fra_80,6,14.565965943864782
Fra_80,7,13.616551655437787
Fra_80,8,16.066124129721775
Fra_80,9,11.321781480382851
Fra_80,10,11.321781480382851
Fra_80,11,11.321781480382855
Fra_80,12,11.321781480382855
Fra_80,13,11.321781480382855
Fra_80,14,14.565965943864782
Fra_80,15,20.477492784897972
Fra_80,16,42.271577412017685
Fra_80,17,24.406611799418318
Fra_80,18,25.654518251647684
Fra_80,19,28.127869066919388
Fra_80,20,46.56200367815288
Fra_80,21,31.834239593696996
Fra_80,22,39.960643328365045
Fra_80,23,67.18536824141194
Fra_80,24,57.12712602233676
Fra_80,25,60.20497004516382
Fra_80,26,71.5622245570757
Fra_80,27,37.55789072621033
Fra_80,28,59.98104856207112
Fra_80,29,442.8087128373564
Fra_80,30,40.801532750161954
Fra_80,31,40.801532750161954
Fra_80,32,36.204757777028114
Fra_80,33,43.380297790822205
Fra_80,34,38.38942229475113
Fra_80,35,38.38942229475113
Fra_80,36,31.979143493223113
Fra_80,37,55.834406160713634
Fra_80,38,55.83440616071364
Fra_80,39,47.91677355324445
Fra_80,40,106.98846827957853
Fra_80,41,21.371315713286354
Fra_80,42,38.38942229475113
Fra_80,43,38.38942229475113
Fra_80,44,38.38942229475113
Fra_80,45,91.10423654110355
Fra_80,46,45.142389041531274
Fra_80,47,38.38942229475113
Fra_80,48,38.38942229475113
Fra_80,49,20.4361559970408
Fra_80,50,21.371315713286354
Fra_80,51,24.6184719242053
Fra_80,52,21.371315713286354
Fra_80,53,22.99022321532878
Fra_80,54,22.99022321532878
Fra_80,55,24.6184719242053
Fra_80,56,23.544168366740458
Fra_80,57,20.58038849737956
Fra_80,58,20.50698873456608
Fra_80,59,21.20092554745309
Fra_80,60,22.99022321532878
Fra_80,61,22.136557290722592
Fra_80,62,22.861690550957483
Fra_80,63,21.193663342325696
Fra_80,64,22.916954617747916
Fra_80,65,33.386438159080086
Fra_80,66,57.28749004784652
Fra_80,67,35.0081176519973
Fra_80,68,24.6184719242053
Fra_80,69,35.0081176519973
Fra_80,70,29.112970274384132
Fra_80,71,22.99022321532878
Fra_80,72,21.20092554745309
Fra_80,73,20.0135700177763
Fra_80,74,21.20092554745309
Fra_80,75,26.632481928117173
Fra_80,76,27.169063830303692
Fra_80,77,28.371757138476656
Fra_80,78,29.646958597482186
Fra_80,79,31.279295978668582
Fra_80,80,57.28749004784652
Fra_80,81,28.148732283863193
Fra_80,82,29.770457760231572
Fra_80,83,40.856788992695584
Fra_80,84,73.05776935470205
Fra_80,85,334.0151762107477
Fra_80,86,61.32304534654039
Fra_80,87,90.40026656469091
Fra_80,88,92.41670729021374
Fra_80,89,68.2942105245784
Fra_80,90,44.909806118062534
Fra_80,91,36.98063066797157
Fra_80,92,28.698680924777833
Fra_80,93,41.16077813130162
Fra_80,94,28.46335819306075
Fra_80,95,28.127869066919388
Fra_80,96,27.875960648542122
Fra_81,1,74.967791256266
Fra_81,2,23.29219798902567
Fra_81,3,23.290130070162938
Fra_81,4,24.776494112656884
Fra_81,5,16.320346345524985
Fra_81,6,16.320346345524985
Fra_81,7,15.026198452421257
Fra_81,8,16.22313968976387
Fra_81,9,11.407907233027576
Fra_81,10,11.407907233027576
Fra_81,11,11.40790723302758
Fra_81,12,11.40790723302758
Fra_81,13,11.40790723302758
Fra_81,14,16.320346345524985
Fra_81,15,20.695502466030355
Fra_81,16,42.79092464634657
Fra_81,17,24.678947740648823
Fra_81,18,25.944108465464844
Fra_81,19,28.45165725214128
Fra_81,20,51.64864991543094
Fra_81,21,33.8230126432131
Fra_81,22,45.22150129720526
Fra_81,23,79.42932332067348
Fra_81,24,69.30665478591577
Fra_81,25,73.05906024289733
Fra_81,26,86.84019739661775
Fra_81,27,41.85128377316425
Fra_81,28,72.7827704061032
Fra_81,29,537.4807488442608
Fra_81,30,49.50244149023379
Fra_81,31,49.50244149023379
Fra_81,32,43.78451573590962
Fra_81,33,52.63255347002279
Fra_81,34,46.50201867730995
Fra_81,35,46.50201867730995
Fra_81,36,38.66082960671261
Fra_81,37,67.61940079392542
Fra_81,38,67.61940079392544
Fra_81,39,58.13894967466603
Fra_81,40,129.84117025913764
Fra_81,41,25.81995060515495
Fra_81,42,46.50201867730995
Fra_81,43,46.50201867730995
Fra_81,44,46.50201867730995
Fra_81,45,110.56062154281204
Fra_81,46,54.77138459513905
Fra_81,47,46.50201867730995
Fra_81,48,46.50201867730995
Fra_81,49,24.69012883819749
Fra_81,50,25.81995060515495
Fra_81,51,29.743032089605897
Fra_81,52,25.81995060515495
Fra_81,53,27.77584851513077
Fra_81,54,27.77584851513077
Fra_81,55,29.743032089605897
Fra_81,56,28.44510241785248
Fra_81,57,24.722454945059408
Fra_81,58,24.468324195510938
Fra_81,59,25.58522555955808
Fra_81,60,27.77584851513077
Fra_81,61,26.78874246320171
Fra_81,62,27.619875282404497
Fra_81,63,25.603919032506177
Fra_81,64,27.686098150737948
Fra_81,65,40.3325936663881
Fra_81,66,69.52497823361647
Fra_81,67,42.33183668101047
Fra_81,68,29.743032089605897
Fra_81,69,42.33183668101047
Fra_81,70,32.10714725226079
Fra_81,71,27.77584851513077
Fra_81,72,25.58522555955808
Fra_81,73,23.745982783329627
Fra_81,74,25.58522555955808
Fra_81,75,27.561379316549445
Fra_81,76,28.54472471686683
Fra_81,77,28.971956774751945
Fra_81,78,31.074631311101648
Fra_81,79,33.87961800969403
Fra_81,80,69.52497823361647
Fra_81,81,28.660628440184958
Fra_81,82,30.935442041108864
Fra_81,83,46.479554359178266
Fra_81,84,88.6694229185299
Fra_81,85,405.41002207659284
Fra_81,86,74.41578456022285
Fra_81,87,109.70613089771665
Fra_81,88,112.15372070137425
Fra_81,89,80.8902422621502
Fra_81,90,52.165375837831824
Fra_81,91,41.04159077253632
Fra_81,92,29.424925730655616
Fra_81,93,43.432836587555805
Fra_81,94,29.02368634870339
Fra_81,95,28.45165725214128
Fra_81,96,28.16851024275282
Fra_82,1,76.03192674110416
Fra_82,2,24.047571912977475
Fra_82,3,24.04509525500633
Fra_82,4,25.08042378437449
Fra_82,5,16.752068803470987
Fra_82,6,16.752068803470987
Fra_82,7,15.385882645799438
Fra_82,8,16.397518819375357
Fra_82,9,11.49678460831516
Fra_82,10,11.49678460831516
Fra_82,11,11.496784608315163
Fra_82,12,11.496784608315163
Fra_82,13,11.496784608315163
Fra_82,14,16.752068803470987
Fra_82,15,20.937620753113183
Fra_82,16,43.367703907358184
Fra_82,17,24.981399958639
Fra_82,18,26.26572302020007
Fra_82,19,28.811251561790208
Fra_82,20,53.07243556875609
Fra_82,21,34.5191426427793
Fra_82,22,46.58992153330299
Fra_82,23,81.40811034616358
Fra_82,24,72.03434128714451
Fra_82,25,66.14863338354832
Fra_82,26,71.88985854383789
Fra_82,27,43.02092639889811
Fra_82,28,60.244562371403326
Fra_82,29,444.97724033839677
Fra_82,30,41.07427220031397
Fra_82,31,41.07427220031397
Fra_82,32,36.13873578896135
Fra_82,33,43.62105876833295
Fra_82,34,38.48440015948874
Fra_82,35,38.48440015948874
Fra_82,36,34.64486198643985
Fra_82,37,55.691035808037746
Fra_82,38,55.69103580803776
Fra_82,39,48.11349246588705
Fra_82,40,107.51224271305749
Fra_82,41,26.538909548420126
Fra_82,42,38.48440015948874
Fra_82,43,38.48440015948874
Fra_82,44,38.48440015948874
Fra_82,45,91.54006655876069
Fra_82,46,45.36129886705115
Fra_82,47,38.48440015948874
Fra_82,48,38.48440015948874
Fra_82,49,25.377627788526524
Fra_82,50,26.538909548420126
Fra_82,51,30.571229604297343
Fra_82,52,26.538909548420126
Fra_82,53,28.5492696189165
Fra_82,54,28.5492696189165
Fra_82,55,30.571229604297343
Fra_82,56,29.237158959251353
Fra_82,57,25.401295669390674
Fra_82,58,25.299752353114933
Fra_82,59,26.293787125134543
Fra_82,60,28.5492696189165
Fra_82,61,27.608141421489172
Fra_82,62,28.339046954343914
Fra_82,63,26.21496725365198
Fra_82,64,28.367431598700417
Fra_82,65,41.198083132084356
Fra_82,66,72.3268332656857
Fra_82,67,43.611573670539634
Fra_82,68,30.571229604297343
Fra_82,69,43.611573670539634
Fra_82,70,32.59104632878377
Fra_82,71,28.5492696189165
Fra_82,72,26.293787125134543
Fra_82,73,24.59105055145353
Fra_82,74,26.293787125134543
Fra_82,75,27.71150156776178
Fra_82,76,28.76704992928255
Fra_82,77,29.330113224032154
Fra_82,78,31.61649986284542
Fra_82,79,34.62682635135074
Fra_82,80,72.3268332656857
Fra_82,81,28.986540547242843
Fra_82,82,31.394558120253077
Fra_82,83,47.91219671218264
Fra_82,84,90.98375653561496
Fra_82,85,335.7959035478157
Fra_82,86,66.74883380849019
Fra_82,87,90.83219899199864
Fra_82,88,92.85980391510843
Fra_82,89,83.4389037412824
Fra_82,90,53.9253676252432
Fra_82,91,42.16347718115806
Fra_82,92,29.861653718210864
Fra_82,93,44.179031195747804
Fra_82,94,29.428615228474857
Fra_82,95,28.811251561790208
Fra_82,96,28.493411441035203
Fra_83,1,75.7529159741673
Fra_83,2,23.408106655033407
Fra_83,3,23.406088690167408
Fra_83,4,25.000735011648626
Fra_83,5,16.400557424266438
Fra_83,6,16.400557424266438
Fra_83,7,15.102098572759063
Fra_83,8,16.351797522243647
Fra_83,9,11.473038615935701
Fra_83,10,11.473038615935701
Fra_83,11,11.473038615935705
Fra_83,12,11.473038615935705
Fra_83,13,11.473038615935705
Fra_83,14,16.400557424266438
Fra_83,15,20.874138602643697
Fra_83,16,43.21647539720978
Fra_83,17,24.902098566564824
Fra_83,18,26.18139736350197
Fra_83,19,28.716967811693728
Fra_83,20,52.03518813320937
Fra_83,21,34.09894837394097
Fra_83,22,45.52808965155763
Fra_83,23,79.06354587915706
Fra_83,24,69.62233787570133
Fra_83,25,64.83312113937895
Fra_83,26,71.17209304722564
Fra_83,27,42.14880899533892
Fra_83,28,59.64431734179079
Fra_83,29,440.5037599383787
Fra_83,30,40.65416163579547
Fra_83,31,40.65416163579547
Fra_83,32,35.80344864763448
Fra_83,33,43.18058758595994
Fra_83,34,38.10879981510068
Fra_83,35,38.10879981510068
Fra_83,36,34.0065706739246
Fra_83,37,55.17998140526274
Fra_83,38,55.17998140526275
Fra_83,39,47.63567017068955
Fra_83,40,106.43498792899207
Fra_83,41,25.687051531411658
Fra_83,42,38.10879981510068
Fra_83,43,38.10879981510068
Fra_83,44,38.10879981510068
Fra_83,45,90.62399767953276
Fra_83,46,44.906915107915715
Fra_83,47,38.10879981510068
Fra_83,48,38.10879981510068
Fra_83,49,24.563045122841974
Fra_83,50,25.687051531411658
Fra_83,51,29.58994033991694
Fra_83,52,25.687051531411658
Fra_83,53,27.63288214790008
Fra_83,54,27.63288214790008
Fra_83,55,29.58994033991694
Fra_83,56,28.298691302599956
Fra_83,57,24.607151212411658
Fra_83,58,24.521115538694005
Fra_83,59,25.45424843403886
Fra_83,60,27.63288214790008
Fra_83,61,26.712737640460755
Fra_83,62,27.435617111555533
Fra_83,63,25.386186033110604
Fra_83,64,27.46802827702311
Fra_83,65,39.90773817251697
Fra_83,66,69.89692308863418
Fra_83,67,42.199073641456174
Fra_83,68,29.58994033991694
Fra_83,69,42.199073641456174
Fra_83,70,32.01769883568908
Fra_83,71,27.63288214790008
Fra_83,72,25.45424843403886
Fra_83,73,23.85092952788993
Fra_83,74,25.45424843403886
Fra_83,75,27.533629320084046
Fra_83,76,28.503628051922874
Fra_83,77,29.1900003426819
Fra_83,78,31.311948680468163
Fra_83,79,34.097071591756595
Fra_83,80,69.89692308863418
Fra_83,81,28.86534466219825
Fra_83,82,31.14659916856777
Fra_83,83,46.78099674927716
Fra_83,84,88.04235698733314
Fra_83,85,332.414885765158
Fra_83,86,65.48777295748447
Fra_83,87,89.92327367750175
Fra_83,88,91.9304166841496
Fra_83,89,80.98369707104791
Fra_83,90,52.47526716121815
Fra_83,91,41.33693858193698
Fra_83,92,29.68903420016572
Fra_83,93,43.710491097986555
Fra_83,94,29.28829039150729
Fra_83,95,28.716967811693728
Fra_83,96,28.40822404356273
Fra_84,1,76.04367987886764
Fra_84,2,24.0671874872691
Fra_84,3,24.064697337725022
Fra_84,4,25.08378061943262
Fra_84,5,16.762923144614792
Fra_84,6,16.762923144614792
Fra_84,7,15.394694094111152
Fra_84,8,16.399444797751794
Fra_84,9,11.497815220064314
Fra_84,10,11.497815220064314
Fra_84,11,11.497815220064318
Fra_84,12,11.497815220064318
Fra_84,13,11.497815220064318
Fra_84,14,16.762923144614792
Fra_84,15,20.94029489529121
Fra_84,16,43.37407430493478
Fra_84,17,24.984740475552076
Fra_84,18,26.269275180824728
Fra_84,19,28.815223200289704
Fra_84,20,53.105116476270204
Fra_84,21,34.53290087523877
Fra_84,22,46.62298949443775
Fra_84,23,81.47659088397707
Fra_84,24,72.10780095626117
Fra_84,25,66.16417114852486
Fra_84,26,71.86564068566825
Fra_84,27,43.04828500785984
Fra_84,28,60.22419320472861
Fra_84,29,444.827754338554
Fra_84,30,41.06100809125801
Fra_84,31,41.06100809125801
Fra_84,32,36.125004729337746
Fra_84,33,43.60664459992126
Fra_84,34,38.47089102291829
Fra_84,35,38.47089102291828
Fra_84,36,34.64999185010466
Fra_84,37,55.66960325104731
Fra_84,38,55.66960325104733
Fra_84,39,48.0971325356352
Fra_84,40,107.47625189824076
Fra_84,41,26.563790798633715
Fra_84,42,38.47089102291829
Fra_84,43,38.47089102291829
Fra_84,44,38.47089102291829
Fra_84,45,91.5093544399608
Fra_84,46,45.34609885367236
Fra_84,47,38.47089102291828
Fra_84,48,38.47089102291828
Fra_84,49,25.40142029234744
Fra_84,50,26.563790798633715
Fra_84,51,30.59989130992371
Fra_84,52,26.563790798633715
Fra_84,53,28.576035659152915
Fra_84,54,28.576035659152915
Fra_84,55,30.59989130992371
Fra_84,56,29.26456992224787
Fra_84,57,25.424528572817273
Fra_84,58,25.323252813351054
Fra_84,59,26.318308549855647
Fra_84,60,28.576035659152915
Fra_84,61,27.634724799606396
Fra_84,62,28.36539587427205
Fra_84,63,26.239095556659922
Fra_84,64,28.393632178321383
Fra_84,65,41.235572316874425
Fra_84,66,72.40107278559059
Fra_84,67,43.65321124550481
Fra_84,68,30.59989130992371
Fra_84,69,43.65321124550481
Fra_84,70,32.607792784355226
Fra_84,71,28.576035659152915
Fra_84,72,26.318308549855647
Fra_84,73,24.613626720939624
Fra_84,74,26.318308549855647
Fra_84,75,27.716696898218448
Fra_84,76,28.774744011525662
Fra_84,77,29.33538574632403
Fra_84,78,31.626726079126428
Fra_84,79,34.64375780115465
Fra_84,80,72.40107278559059
Fra_84,81,28.99119699774785
Fra_84,82,31.403103911621965
Fra_84,83,47.947347911820515
Fra_84,84,91.07049167469263
Fra_84,85,335.68446652958147
Fra_84,86,66.76067955510035
Fra_84,87,90.80172081863417
Fra_84,88,92.82865563205272
Fra_84,89,83.51332548830362
Fra_84,90,53.970112465297326
Fra_84,91,42.18946412124096
Fra_84,92,29.867961325631367
Fra_84,93,44.194626764072126
Fra_84,94,29.433959810022422
Fra_84,95,28.815223200289704
Fra_84,96,28.4969999019007
Fra_85,1,73.22083545297862
Fra_85,2,17.73377585442351
Fra_85,3,17.73581793405609
Fra_85,4,24.277542887588922
Fra_85,5,13.280137951191996
Fra_85,6,13.280137951191996
Fra_85,7,12.58205105257837
Fra_85,8,15.936867277286886
Fra_85,9,11.251602792670843
Fra_85,10,11.251602792670843
Fra_85,11,11.251602792670846
Fra_85,12,11.251602792670846
Fra_85,13,11.251602792670846
Fra_85,14,13.280137951191994
Fra_85,15,20.298024933584692
Fra_85,16,41.844045332954174
Fra_85,17,24.182422002184772
Fra_85,18,25.416124556628425
Fra_85,19,27.861323243905623
Fra_85,20,42.81590866815722
Fra_85,21,30.355029494003105
Fra_85,22,36.09712378854497
Fra_85,23,58.3194890687987
Fra_85,24,48.228597753559185
Fra_85,25,51.541382307687925
Fra_85,26,61.7668543863159
Fra_85,27,34.39934547743676
Fra_85,28,51.77442037804527
Fra_85,29,382.10050914201156
Fra_85,30,35.21734793445005
Fra_85,31,35.21734793445005
Fra_85,32,31.37359523492517
Fra_85,33,37.44582174555737
Fra_85,34,33.200378183107915
Fra_85,35,33.200378183107915
Fra_85,36,27.518537966336655
Fra_85,37,48.318450273074575
Fra_85,38,48.31845027307459
Fra_85,39,41.36516039138003
Fra_85,40,92.33321506598378
Fra_85,41,18.150047815858137
Fra_85,42,33.200378183107915
Fra_85,43,33.200378183107915
Fra_85,44,33.20037818310791
Fra_85,45,78.62803197514287
Fra_85,46,38.96855613316994
Fra_85,47,33.200378183107915
Fra_85,48,33.200378183107915
Fra_85,49,17.355843388155588
Fra_85,50,18.150047815858137
Fra_85,51,20.907764808317314
Fra_85,52,18.150047815858137
Fra_85,53,19.524939702053715
Fra_85,54,19.524939702053715
Fra_85,55,20.907764808317314
Fra_85,56,19.995389491873354
Fra_85,57,17.58012302886674
Fra_85,58,17.618604778343858
Fra_85,59,18.026242700923568
Fra_85,60,19.524939702053715
Fra_85,61,18.760899476065873
Fra_85,62,19.421533463445925
Fra_85,63,18.010918565411544
Fra_85,64,19.473041964758707
Fra_85,65,28.383839640441003
Fra_85,66,48.34022552688114
Fra_85,67,29.6949548574559
Fra_85,68,20.907764808317314
Fra_85,69,29.6949548574559
Fra_85,70,26.944879070567353
Fra_85,71,19.524939702053715
Fra_85,72,18.026242700923568
Fra_85,73,17.28566122926752
Fra_85,74,18.026242700923568
Fra_85,75,25.959864954575217
Fra_85,76,26.172944265685494
Fra_85,77,27.909926092155665
Fra_85,78,28.580716124311444
Fra_85,79,29.362304595707023
Fra_85,80,48.34022552688114
Fra_85,81,27.75272171856077
Fra_85,82,28.898682405651446
Fra_85,83,36.730624367707506
Fra_85,84,61.73697950074362
Fra_85,85,288.21568832221055
Fra_85,86,52.545411241803635
Fra_85,87,78.02063480441159
Fra_85,88,79.76045387719549
Fra_85,89,59.10737779171801
Fra_85,90,39.594704844027305
Fra_85,91,33.991455124568986
Fra_85,92,28.13945245268626
Fra_85,93,39.47613235976605
Fra_85,94,28.024790985375258
Fra_85,95,27.861323243905623
Fra_85,96,27.635130760608455
Fra_86,1,76.01198303677621
Fra_86,2,23.99134842640127
Fra_86,3,23.988912929204126
Fra_86,4,25.074727626699467
Fra_86,5,16.721266017758623
Fra_86,6,16.721266017758623
Fra_86,7,15.361084371962445
Fra_86,8,16.394250658646307
Fra_86,9,11.495142035246246
Fra_86,10,11.495142035246246
Fra_86,11,11.49514203524625
Fra_86,12,11.49514203524625
Fra_86,13,11.49514203524625
Fra_86,14,16.721266017758623
Fra_86,15,20.933083045651337
Fra_86,16,43.35689408548117
Fra_86,17,24.97573149095338
Fra_86,18,26.259695417814292
Fra_86,19,28.804512154363398
Fra_86,20,52.98247792804271
Fra_86,21,34.48344572609891
Fra_86,22,46.497275202348995
Fra_86,23,81.1970313462504
Fra_86,24,71.82151261385667
Fra_86,25,66.00103966847495
Fra_86,26,71.7672965316672
Fra_86,27,42.94511843308136
Fra_86,28,60.1419121967599
Fra_86,29,444.21500422793156
Fra_86,30,41.00369231929976
Fra_86,31,41.00369231929976
Fra_86,32,36.07815345753952
Fra_86,33,43.546408084578694
Fra_86,34,38.419066389942074
Fra_86,35,38.419066389942074
Fra_86,36,34.56993578480413
Fra_86,37,55.59818504565402
Fra_86,38,55.598185045654034
Fra_86,39,48.031584734322266
Fra_86,40,107.32877137617672
Fra_86,41,26.462217548337165
Fra_86,42,38.419066389942074
Fra_86,43,38.419066389942074
Fra_86,44,38.419066389942074
Fra_86,45,91.38390542265388
Fra_86,46,45.283866570478935
Fra_86,47,38.419066389942074
Fra_86,48,38.419066389942074
Fra_86,49,25.30429165431528
Fra_86,50,26.462217548337165
Fra_86,51,30.482885027099424
Fra_86,52,26.462217548337165
Fra_86,53,28.466768090962322
Fra_86,54,28.466768090962322
Fra_86,55,30.482885027099424
Fra_86,56,29.152669572329202
Fra_86,57,25.329853226321397
Fra_86,58,25.23074078174563
Fra_86,59,26.218204222724037
Fra_86,60,28.466768090962322
Fra_86,61,27.528192617445775
Fra_86,62,28.257701139287988
Fra_86,63,26.140330682603313
Fra_86,64,28.28643966003107
Fra_86,65,41.08185855102705
Fra_86,66,72.11276129503902
Fra_86,67,43.484954704211845
Fra_86,68,30.482885027099424
Fra_86,69,43.484954704211845
Fra_86,70,32.53942837707111
Fra_86,71,28.466768090962322
Fra_86,72,26.218204222724037
Fra_86,73,24.52579473111461
Fra_86,74,26.218204222724037
Fra_86,75,27.69548789158419
Fra_86,76,28.74333429799546
Fra_86,77,29.319234509174695
Fra_86,78,31.5910200894381
Fra_86,79,34.58127292754129
Fra_86,80,72.11276129503902
Fra_86,81,28.97727582494648
Fra_86,82,31.3741710429771
Fra_86,83,47.813396943292325
Fra_86,84,90.72060584190541
Fra_86,85,335.2220988868729
Fra_86,86,66.60342973898246
Fra_86,87,90.67724821102334
Fra_86,88,92.70138621159198
Fra_86,89,83.22195055110652
Fra_86,90,53.79826615417215
Fra_86,91,42.09171462377457
Fra_86,92,29.847930633430266
Fra_86,93,44.13970727122872
Fra_86,94,29.41777123250382
Fra_86,95,28.804512154363398
Fra_86,96,28.487322241373448
Fra_87,1,72.6926423338486
Fra_87,2,16.028256627602254
Fra_87,3,16.031561218720576
Fra_87,4,24.126684689936486
Fra_87,5,12.347471129710533
Fra_87,6,12.347471129710533
Fra_87,7,11.832361641386907
Fra_87,8,15.850312644260361
Fra_87,9,11.204353668612656
Fra_87,10,11.204353668612656
Fra_87,11,11.20435366861266
Fra_87,12,11.20435366861266
Fra_87,13,11.20435366861266
Fra_87,14,12.347471129710533
Fra_87,15,20.177847366841725
Fra_87,16,41.557755813185395
Fra_87,17,24.032297151839874
Fra_87,18,25.256488309887672
Fra_87,19,27.682835407778477
Fra_87,20,40.10783066886764
Fra_87,21,29.293061055585163
Fra_87,22,33.29866131030025
Fra_87,23,51.83381645751864
Fra_87,24,41.75981320511773
Fra_87,25,44.29576572801929
Fra_87,26,52.8691699145448
Fra_87,27,32.114316211354534
Fra_87,28,44.31903317986759
Fra_87,29,326.9688204381518
Fra_87,30,30.155370566740864
Fra_87,31,30.155370566740864
Fra_87,32,26.974611542154825
Fra_87,33,32.06075419012566
Fra_87,34,28.486299936965022
Fra_87,35,28.486299936965022
Fra_87,36,23.758658547760866
Fra_87,37,41.460861533254615
Fra_87,38,41.46086153325462
Fra_87,39,35.41223468421305
Fra_87,40,79.0236146750814
Fra_87,41,15.793587890204996
Fra_87,42,28.486299936965022
Fra_87,43,28.486299936965022
Fra_87,44,28.48629993696502
Fra_87,45,67.29662310290928
Fra_87,46,33.362718409072514
Fra_87,47,28.486299936965022
Fra_87,48,28.486299936965022
Fra_87,49,15.10249673942848
Fra_87,50,15.793587890204996
Fra_87,51,18.19326452679553
Fra_87,52,15.793587890204996
Fra_87,53,16.989974592017823
Fra_87,54,16.989974592017823
Fra_87,55,18.19326452679553
Fra_87,56,17.399344869100677
Fra_87,57,15.385839619076425
Fra_87,58,15.515927950660966
Fra_87,59,15.703861221730879
Fra_87,60,16.989974592017823
Fra_87,61,16.29538504700854
Fra_87,62,16.902528095828664
Fra_87,63,15.677696422131818
Fra_87,64,16.94936423368761
Fra_87,65,24.711784309155778
Fra_87,66,41.839268434811906
Fra_87,67,25.813368847296385
Fra_87,68,18.19326452679553
Fra_87,69,25.813368847296385
Fra_87,70,25.35885139462204
Fra_87,71,16.989974592017823
Fra_87,72,15.703861221730879
Fra_87,73,15.30309606743026
Fra_87,74,15.703861221730879
Fra_87,75,25.467824244539543
Fra_87,76,25.44425112064907
Fra_87,77,27.58633685373135
Fra_87,78,27.8175888168951
Fra_87,79,27.97778054518895
Fra_87,80,41.839268434811906
Fra_87,81,27.476329459521818
Fra_87,82,28.27586151283973
Fra_87,83,33.740391483256246
Fra_87,84,53.389171817184554
Fra_87,85,246.6326205370425
Fra_87,86,45.13862005873551
Fra_87,87,66.77689699236302
Fra_87,88,68.26559243469362
Fra_87,89,52.396651073419505
Fra_87,90,35.738178974729955
Fra_87,91,31.829777919655626
Fra_87,92,27.747507202616312
Fra_87,93,38.26476373108989
Fra_87,94,27.72084562714838
Fra_87,95,27.682835407778477
Fra_87,96,27.473863159090634
Fra_88,1,73.63585465546606
Fra_88,2,19.14748702506752
Fra_88,3,19.148478472695448
Fra_88,4,24.3960772770212
Fra_88,5,14.052716827599767
Fra_88,6,14.052716827599767
Fra_88,7,13.202712022730958
Fra_88,8,16.00487618060132
Fra_88,9,11.288822194388318
Fra_88,10,11.288822194388318
Fra_88,11,11.288822194388322
Fra_88,12,11.288822194388322
Fra_88,13,11.288822194388322
Fra_88,14,14.052716827599767
Fra_88,15,20.392452513384857
Fra_88,16,42.06899269381842
Fra_88,17,24.30038017582836
Fra_88,18,25.54155615619102
Fra_88,19,28.001567174998872
Fra_88,20,45.054481772166106
Fra_88,21,31.229097708456496
Fra_88,22,38.41323705951971
Fra_88,23,63.720033535150876
Fra_88,24,53.594369135190504
Fra_88,25,57.846905790054926
Fra_88,26,69.70162016063544
Fra_88,27,36.28908594869451
Fra_88,28,58.42328991621021
Fra_88,29,431.26052317088556
Fra_88,30,39.72916921100699
Fra_88,31,39.72916921100699
Fra_88,32,35.30322826472108
Fra_88,33,42.24697097050116
Fra_88,34,37.406702156612795
Fra_88,35,37.40670215661279
Fra_88,36,30.80252335824898
Fra_88,37,54.445183796464185
Fra_88,38,54.4451837964642
Fra_88,39,46.674493613675494
Fra_88,40,104.20147373286552
Fra_88,41,20.112244703430445
Fra_88,42,37.406702156612795
Fra_88,43,37.406702156612795
Fra_88,44,37.40670215661279
Fra_88,45,88.73261190892163
Fra_88,46,43.96740551241222
Fra_88,47,37.40670215661279
Fra_88,48,37.40670215661279
Fra_88,49,19.232179044289566
Fra_88,50,20.112244703430445
Fra_88,51,23.16809775339801
Fra_88,52,20.112244703430445
Fra_88,53,21.635775789214478
Fra_88,54,21.635775789214478
Fra_88,55,23.16809775339801
Fra_88,56,22.157085781867117
Fra_88,57,19.407020274632302
Fra_88,58,19.36426371127848
Fra_88,59,19.960062860824824
Fra_88,60,21.635775789214478
Fra_88,61,20.811737560018926
Fra_88,62,21.520121356025275
Fra_88,63,19.95589167082123
Fra_88,64,21.57634845128464
Fra_88,65,31.44689190702256
Fra_88,66,53.73101912051058
Fra_88,67,32.9244846895484
Fra_88,68,23.16809775339801
Fra_88,69,32.9244846895484
Fra_88,70,28.265545946954333
Fra_88,71,21.635775789214478
Fra_88,72,19.960062860824824
Fra_88,73,18.929923432020637
Fra_88,74,19.960062860824824
Fra_88,75,26.36958155500638
Fra_88,76,26.779718607833257
Fra_88,77,28.171961982784165
Fra_88,78,29.20748165744039
Fra_88,79,30.505938999004016
Fra_88,80,53.73101912051058
Fra_88,81,27.97593208242825
Fra_88,82,29.40945119198038
Fra_88,83,39.20619749430318
Fra_88,84,68.6972964987841
Fra_88,85,325.2914724909227
Fra_88,86,59.009057625700045
Fra_88,87,88.04705062571804
Fra_88,88,90.01076177478998
Fra_88,89,64.68220346509503
Fra_88,90,42.789843868683384
Fra_88,91,35.77875975329542
Fra_88,92,28.45711010404421
Fra_88,93,40.473671398380176
Fra_88,94,28.269308107639407
Fra_88,95,28.001567174998872
Fra_88,96,27.761844170808168
Fra_89,1,75.72806843699617
Fra_89,2,23.409234623761993
Fra_89,3,23.40721125840295
Fra_89,4,24.993638261354125
Fra_89,5,16.40060838482352
Fra_89,6,16.40060838482352
Fra_89,7,15.10175529312038
Fra_89,8,16.34772577389334
Fra_89,9,11.470585549461527
Fra_89,10,11.470585549461527
Fra_89,11,11.47058554946153
Fra_89,12,11.47058554946153
Fra_89,13,11.47058554946153
Fra_89,14,16.40060838482352
Fra_89,15,20.868485146646957
Fra_89,16,43.20300761577431
Fra_89,17,24.895036314778206
Fra_89,18,26.173887671627746
Fra_89,19,28.7085712934845
Fra_89,20,52.0301691738698
Fra_89,21,34.09279807226995
Fra_89,22,45.52602579597037
Fra_89,23,79.09495988107818
Fra_89,24,69.63078430132309
Fra_89,25,65.00002062340518
Fra_89,26,71.47967209100746
Fra_89,27,42.14553689077931
Fra_89,28,59.90235623062679
Fra_89,29,442.4131687803161
Fra_89,30,40.82828564413042
Fra_89,31,40.82828564413042
Fra_89,32,35.9650690791378
Fra_89,33,43.36649278803501
Fra_89,34,38.27636269991275
Fra_89,35,38.276362699912745
Fra_89,36,34.105385179645296
Fra_89,37,55.42846342685914
Fra_89,38,55.42846342685915
Fra_89,39,47.84210237869246
Fra_89,40,106.89410785289846
Fra_89,41,25.698465280003095
Fra_89,42,38.27636269991275
Fra_89,43,38.276362699912745
Fra_89,44,38.27636269991275
Fra_89,45,91.01517050533283
Fra_89,46,45.10087049606243
Fra_89,47,38.276362699912745
Fra_89,48,38.276362699912745
Fra_89,49,24.57395943199612
Fra_89,50,25.698465280003095
Fra_89,51,29.603088292669025
Fra_89,52,25.698465280003095
Fra_89,53,27.645160504149228
Fra_89,54,27.645160504149228
Fra_89,55,29.603088292669025
Fra_89,56,28.311265503558737
Fra_89,57,24.617495301150907
Fra_89,58,24.525536561124166
Fra_89,59,25.465497120277206
Fra_89,60,27.645160504149228
Fra_89,61,26.7209243203024
Fra_89,62,27.44763987718649
Fra_89,63,25.397123211105647
Fra_89,64,27.47993191093529
Fra_89,65,39.92460396292295
Fra_89,66,69.90357221694887
Fra_89,67,42.21497723786274
Fra_89,68,29.603088292669025
Fra_89,69,42.21497723786274
Fra_89,70,32.02538091886615
Fra_89,71,27.645160504149228
Fra_89,72,25.465497120277206
Fra_89,73,23.853242582585207
Fra_89,74,25.465497120277206
Fra_89,75,27.53601256832008
Fra_89,76,28.50715754982233
Fra_89,77,29.182161993487718
Fra_89,78,31.3052336906867
Fra_89,79,34.09220473948411
Fra_89,80,69.90357221694887
Fra_89,81,28.857738043783172
Fra_89,82,31.13902015510671
Fra_89,83,46.779325049216965
Fra_89,84,88.0710678497856
Fra_89,85,333.8451452600887
Fra_89,86,65.66795415535947
Fra_89,87,90.31143516993431
Fra_89,88,92.32720379336104
Fra_89,89,80.99339842935376
Fra_89,90,52.47558665479722
Fra_89,91,41.33337619619256
Fra_89,92,29.681307150419983
Fra_89,93,43.70061628957878
Fra_89,94,29.280287346886077
Fra_89,95,28.7085712934845
Fra_89,96,28.40063760864322
Fra_90,1,72.691552418369
Fra_90,2,16.033860128272273
Fra_90,3,16.037160059469855
Fra_90,4,24.126373397193568
Fra_90,5,12.350471965374574
Fra_90,6,12.350471965374574
Fra_90,7,11.834730666410067
Fra_90,8,15.850134040581233
Fra_90,9,11.20430905162384
Fra_90,10,11.20430905162384
Fra_90,11,11.20430905162384
Fra_90,12,11.20430905162384
Fra_90,13,11.20430905162384
Fra_90,14,12.350471965374574
Fra_90,15,20.177599382940482
Fra_90,16,41.557165060735315
Fra_90,17,24.031987372343824
Fra_90,18,25.25615890382363
Fra_90,19,27.68246710185311
Fra_90,20,40.11596448979823
Fra_90,21,29.29578178291946
Fra_90,22,33.30741674044578
Fra_90,23,51.85816665621523
Fra_90,24,41.78153383890002
Fra_90,25,44.41521438022113
Fra_90,26,53.07734184169538
Fra_90,27,32.12128734695153
Fra_90,28,44.49350975139727
Fra_90,29,328.25867981405213
Fra_90,30,30.27291286843071
Fra_90,31,30.27291286843071
Fra_90,32,27.077622817726432
Fra_90,33,32.18625291346325
Fra_90,34,28.596217231942006
Fra_90,35,28.596217231942006
Fra_90,36,23.822462220367846
Fra_90,37,41.62306131486906
Fra_90,38,41.62306131486907
Fra_90,39,35.55161032670875
Fra_90,40,79.3348590260564
Fra_90,41,15.802435124848081
Fra_90,42,28.596217231942006
Fra_90,43,28.59621723194201
Fra_90,44,28.596217231942006
Fra_90,45,67.56165238579246
Fra_90,46,33.493653820418274
Fra_90,47,28.596217231942006
Fra_90,48,28.596217231942006
Fra_90,49,15.110956839393035
Fra_90,50,15.802435124848081
Fra_90,51,18.203456009649912
Fra_90,52,15.802435124848081
Fra_90,53,16.999492017243842
Fra_90,54,16.999492017243842
Fra_90,55,18.203456009649912
Fra_90,56,17.409091614916953
Fra_90,57,15.394046107941833
Fra_90,58,15.523176111029759
Fra_90,59,15.712580510208264
Fra_90,60,16.999492017243842
Fra_90,61,16.30454085469055
Fra_90,62,16.91227840650859
Fra_90,63,15.68705424172044
Fra_90,64,16.95936490617251
Fra_90,65,24.727082115577534
Fra_90,66,41.8608908568055
Fra_90,67,25.827617240867795
Fra_90,68,18.203456009649912
Fra_90,69,25.827617240867795
Fra_90,70,25.36480607216472
Fra_90,71,16.999492017243842
Fra_90,72,15.712580510208264
Fra_90,73,15.309722142637428
Fra_90,74,15.712580510208264
Fra_90,75,25.46967159172684
Fra_90,76,25.44698696994859
Fra_90,77,27.586782842910893
Fra_90,78,27.819479008215943
Fra_90,79,27.982000999604054
Fra_90,80,41.8608908568055
Fra_90,81,27.47666502184636
Fra_90,82,28.27746477888711
Fra_90,83,33.74987449508124
Fra_90,84,53.4292314585415
Fra_90,85,247.6043976061528
Fra_90,86,45.26645999135592
Fra_90,87,67.03987807921567
Fra_90,88,68.53444034261558
Fra_90,89,52.42284239140602
Fra_90,90,35.75072158580706
Fra_90,91,31.836320379418893
Fra_90,92,27.74789945042486
Fra_90,93,38.26835091298241
Fra_90,94,27.720924329294167
Fra_90,95,27.68246710185311
Fra_90,96,27.47353038676005
Fra_91,1,75.73506449389615
Fra_91,2,23.416639721439587
Fra_91,3,23.414611726557396
Fra_91,4,24.99563641789267
Fra_91,5,16.404763492122925
Fra_91,6,16.404763492122925
Fra_91,7,15.105166935752326
Fra_91,8,16.348872212791687
Fra_91,9,11.471190896465384
Fra_91,10,11.471190896465384
Fra_91,11,11.471190896465387
Fra_91,12,11.471190896465387
Fra_91,13,11.471190896465387
Fra_91,14,16.404763492122925
Fra_91,15,20.870076930152994
Fra_91,16,43.20679959582409
Fra_91,17,24.897024757938624
Fra_91,18,26.176002095737125
Fra_91,19,28.710935411857633
Fra_91,20,52.04319823551602
Fra_91,21,34.09868794668095
Fra_91,22,45.53890691115871
Fra_91,23,79.11805713850315
Fra_91,24,69.65809280096293
Fra_91,25,64.97748749198377
Fra_91,26,71.41753250489143
Fra_91,27,42.15635088962461
Fra_91,28,59.850225968051575
Fra_91,29,442.0286342251304
Fra_91,30,40.79333720911375
Fra_91,31,40.79333720911375
Fra_91,32,35.93286439321699
Fra_91,33,43.329072938480685
Fra_91,34,38.24285401905412
Fra_91,35,38.24285401905412
Fra_91,36,34.09127581377209
Fra_91,37,55.37829271928002
Fra_91,38,55.37829271928003
Fra_91,39,47.80039897016909
Fra_91,40,106.80135024185928
Fra_91,41,25.706857279534454
Fra_91,42,38.24285401905412
Fra_91,43,38.24285401905412
Fra_91,44,38.24285401905412
Fra_91,45,90.93614124232467
Fra_91,46,45.06176190873439
Fra_91,47,38.24285401905412
Fra_91,48,38.24285401905412
Fra_91,49,24.581984216892415
Fra_91,50,25.706857279534454
Fra_91,51,29.612755372020732
Fra_91,52,25.706857279534454
Fra_91,53,27.654188209557603
Fra_91,54,27.654188209557603
Fra_91,55,29.612755372020732
Fra_91,56,28.320510729849467
Fra_91,57,24.625362777678962
Fra_91,58,24.534100465503084
Fra_91,59,25.47376775712227
Fra_91,60,27.654188209557603
Fra_91,61,26.73014735646395
Fra_91,62,27.456391777927667
Fra_91,63,25.404985381590286
Fra_91,64,27.488526342723468
Fra_91,65,39.9365510277697
Fra_91,66,69.93135982229978
Fra_91,67,42.2293413704466
Fra_91,68,29.612755372020732
Fra_91,69,42.2293413704466
Fra_91,70,32.03102919803626
Fra_91,71,27.654188209557603
Fra_91,72,25.47376775712227
Fra_91,73,23.861663584342505
Fra_91,74,25.47376775712227
Fra_91,75,27.53776486012147
Fra_91,76,28.509752625794164
Fra_91,77,29.18483943265266
Fra_91,78,31.309739341870934
Fra_91,79,34.0990373408139
Fra_91,80,69.93135982229978
Fra_91,81,28.86014926355608
Fra_91,82,31.142850464996982
Fra_91,83,46.792934632909564
Fra_91,84,88.09991043744142
Fra_91,85,333.55617408895256
Fra_91,86,65.64170553615608
Fra_91,87,90.23301433073905
Fra_91,88,92.24704019439498
Fra_91,89,81.02032975997417
Fra_91,90,52.49264901020116
Fra_91,91,41.34369357141565
Fra_91,92,29.684499466803885
Fra_91,93,43.70721981722967
Fra_91,94,29.283138230597178
Fra_91,95,28.710935411857633
Fra_91,96,28.402773640476045
Fra_92,1,75.73247161022447
Fra_92,2,23.41389523877879
Fra_92,3,23.41186895969382
Fra_92,4,24.994895859670184
Fra_92,5,16.403223523248315
Fra_92,6,16.403223523248315
Fra_92,7,15.10390251029086
Fra_92,8,16.348447318777446
Fra_92,9,11.470966542320696
Fra_92,10,11.470966542320696
Fra_92,11,11.4709665423207
Fra_92,12,11.4709665423207
Fra_92,13,11.4709665423207
Fra_92,14,16.403223523248315
Fra_92,15,20.86948698219793
Fra_92,16,43.205394209433585
Fra_92,17,24.896287799695372
Fra_92,18,26.175218446343386
Fra_92,19,28.71005922059515
Fra_92,20,52.03836939525878
Fra_92,21,34.0965050371639
Fra_92,22,45.53413290292476
Fra_92,23,79.10949681623931
Fra_92,24,69.64797170506155
Fra_92,25,64.98583873745997
Fra_92,26,71.44056272327235
Fra_92,27,42.15234299754582
Fra_92,28,59.86954652369737
Fra_92,29,442.1711507002869
Fra_92,30,40.80628982339416
Fra_92,31,40.80628982339416
Fra_92,32,35.94480011722161
Fra_92,33,43.34294151020577
Fra_92,34,38.25527303060641
Fra_92,35,38.25527303060641
Fra_92,36,34.0965050371639
Fra_92,37,55.39688702323487
Fra_92,38,55.39688702323488
Fra_92,39,47.81585511761958
Fra_92,40,106.83572813479755
Fra_92,41,25.703747030594304
Fra_92,42,38.25527303060641
Fra_92,43,38.25527303060641
Fra_92,44,38.25527303060641
Fra_92,45,90.96543112497955
Fra_92,46,45.07625636167542
Fra_92,47,38.25527303060641
Fra_92,48,38.25527303060641
Fra_92,49,24.57901006530609
Fra_92,50,25.703747030594304
Fra_92,51,29.609172552074707
Fra_92,52,25.703747030594304
Fra_92,53,27.650842354845214
Fra_92,54,27.650842354845214
Fra_92,55,29.609172552074707
Fra_92,56,28.317084257390224
Fra_92,57,24.62244692783393
Fra_92,58,24.530926505063935
Fra_92,59,25.470702487708753
Fra_92,60,27.650842354845214
Fra_92,61,26.726729108126463
Fra_92,62,27.453148142140655
Fra_92,63,25.402071498274918
Fra_92,64,27.485341068193794
Fra_92,65,39.932123197949366
Fra_92,66,69.92106115989301
Fra_92,67,42.224017725232116
Fra_92,68,29.609172552074707
Fra_92,69,42.224017725232116
Fra_92,70,32.028935828722204
Fra_92,71,27.650842354845214
Fra_92,72,25.470702487708753
Fra_92,73,23.858542586576412
Fra_92,74,25.470702487708753
Fra_92,75,27.537115424465792
Fra_92,76,28.50879083685926
Fra_92,77,29.18384711821155
Fra_92,78,31.308069454168038
Fra_92,79,34.0965050371639
Fra_92,80,69.92106115989301
Fra_92,81,28.859255615538725
Fra_92,82,31.14143087277325
Fra_92,83,46.78789063915133
Fra_92,84,88.08922077672928
Fra_92,85,333.6632727935469
Fra_92,86,65.65143381840318
Fra_92,87,90.26207871892004
Fra_92,88,92.27675048546357
Fra_92,89,81.01034845072779
Fra_92,90,52.48632534769228
Fra_92,91,41.33986973834316
Fra_92,92,29.68331632819523
Fra_92,93,43.704772413032366
Fra_92,94,29.282081634012833
Fra_92,95,28.71005922059515
Fra_92,96,28.401981982812206
Fra_93,1,72.88956030996476
Fra_93,2,16.632940432726976
Fra_93,3,16.635799154793155
Fra_93,4,24.182926791331486
Fra_93,5,12.678360467087277
Fra_93,6,12.678360467087277
Fra_93,7,12.09848183683373
Fra_93,8,15.882581453795657
Fra_93,9,11.221906748307113
Fra_93,10,11.221906748307113
Fra_93,11,11.221906748307116
Fra_93,12,11.221906748307116
Fra_93,13,11.221906748307116
Fra_93,14,12.678360467087277
Fra_93,15,20.222651288665944
Fra_93,16,41.664488655349246
Fra_93,17,24.088265850832684
Fra_93,18,25.316002993976603
Fra_93,19,27.749378234972824
Fra_93,20,41.070574968991586
Fra_93,21,29.672201307031997
Fra_93,22,34.292342183848426
Fra_93,23,54.12289325960431
Fra_93,24,44.05169399497136
Fra_93,25,46.71685490344474
Fra_93,26,55.74767668492321
Fra_93,27,32.926294436708595
Fra_93,28,46.73080322793102
Fra_93,29,344.8063873480519
Fra_93,30,31.794186731370303
Fra_93,31,31.794186731370303
Fra_93,32,28.395160034727763
Fra_93,33,33.80349559816652
Fra_93,34,30.010582382427714
Fra_93,35,30.010582382427707
Fra_93,36,25.009830855275858
Fra_93,37,43.67446927338876
Fra_93,38,43.674469273388766
Fra_93,39,37.33779848023824
Fra_93,40,83.32984596031953
Fra_93,41,16.62528539856759
Fra_93,42,30.010582382427714
Fra_93,43,30.010582382427714
Fra_93,44,30.01058238242771
Fra_93,45,70.96269882352209
Fra_93,46,35.17647278621125
Fra_93,47,30.010582382427707
Fra_93,48,30.010582382427707
Fra_93,49,15.897801074045622
Fra_93,50,16.62528539856759
Fra_93,51,19.15133009626006
Fra_93,52,16.62528539856759
Fra_93,53,17.884674367240432
Fra_93,54,17.884674367240432
Fra_93,55,19.15133009626006
Fra_93,56,18.315602268962756
Fra_93,57,16.160406777246553
Fra_93,58,16.26026156984023
Fra_93,59,16.52353095966484
Fra_93,60,17.884674367240432
Fra_93,61,17.166399393285733
Fra_93,62,17.791066004157226
Fra_93,63,16.500112273737216
Fra_93,64,17.83913061512804
Fra_93,65,26.00508268316216
Fra_93,66,44.14325230458205
Fra_93,67,27.18445943969274
Fra_93,68,19.15133009626006
Fra_93,69,27.18445943969274
Fra_93,70,25.91862975194429
Fra_93,71,17.884674367240432
Fra_93,72,16.52353095966484
Fra_93,73,16.005621523772284
Fra_93,74,16.52353095966484
Fra_93,75,25.641486876394488
Fra_93,76,25.701438720781805
Fra_93,77,27.703602103104245
Fra_93,78,28.090549424613886
Fra_93,79,28.470260583025233
Fra_93,80,44.14325230458205
Fra_93,81,27.576731604623717
Fra_93,82,28.49887504124819
Fra_93,83,34.80183264404802
Fra_93,84,56.32886413246653
Fra_93,85,260.0883286615465
Fra_93,86,47.60474194427498
Fra_93,87,70.41460179109873
Fra_93,88,71.98456246378063
Fra_93,89,54.769743967764114
Fra_93,90,37.10611329387561
Fra_93,91,32.59810217864435
Fra_93,92,27.88952802978296
Fra_93,93,38.69680158250775
Fra_93,94,27.8317499158383
Fra_93,95,27.749378234972824
Fra_93,96,27.53398603565575
Fra_94,1,74.31868368186811
Fra_94,2,20.79435050570356
Fra_94,3,20.79415417231615
Fra_94,4,24.59110131746581
Fra_94,5,14.957188405134325
Fra_94,6,14.957188405134325
Fra_94,7,13.932372893255959
Fra_94,8,16.11677089043289
Fra_94,9,11.348825405786652
Fra_94,10,11.348825405786652
Fra_94,11,11.348825405786656
Fra_94,12,11.348825405786656
Fra_94,13,11.348825405786656
Fra_94,14,14.957188405134325
Fra_94,15,20.547813740031707
Fra_94,16,42.43909746605552
Fra_94,17,24.4944561713063
Fra_94,18,25.747928142104055
Fra_94,19,28.232309816190497
Fra_94,20,47.716127518043535
Fra_94,21,32.3015390376095
Fra_94,22,41.142302508654275
Fra_94,23,69.79663071498302
Fra_94,24,59.81209526725277
Fra_94,25,61.94972330547187
Fra_94,26,72.88646171764131
Fra_94,27,38.52833350973955
Fra_94,28,61.08939006376231
Fra_94,29,451.02924418666964
Fra_94,30,41.56517995736778
Fra_94,31,41.56517995736778
Fra_94,32,36.83480857730097
Fra_94,33,44.18686847760451
Fra_94,34,39.082966159537165
Fra_94,35,39.082966159537165
Fra_94,36,32.83745935265437
Fra_94,37,56.81045774526121
Fra_94,38,56.810457745261225
Fra_94,39,48.800213490276185
Fra_94,40,108.9731195667592
Fra_94,41,22.320073959829678
Fra_94,42,39.082966159537165
Fra_94,43,39.082966159537165
Fra_94,44,39.082966159537165
Fra_94,45,92.79277483610005
Fra_94,46,45.97828969309097
Fra_94,47,39.082966159537165
Fra_94,48,39.082966159537165
Fra_94,49,21.343398760657095
Fra_94,50,22.320073959829678
Fra_94,51,25.711384432201438
Fra_94,52,22.320073959829678
Fra_94,53,24.01085124581801
Fra_94,54,24.01085124581801
Fra_94,55,25.711384432201438
Fra_94,56,24.589388239752875
Fra_94,57,21.464850748045986
Fra_94,58,21.373843303333082
Fra_94,59,22.13596312480244
Fra_94,60,24.01085124581801
Fra_94,61,23.13668138416464
Fra_94,62,23.87090135771498
Fra_94,63,22.122874271446207
Fra_94,64,23.924077695359514
Fra_94,65,34.839119566506945
Fra_94,66,59.99228320706477
Fra_94,67,36.581114174797484
Fra_94,68,25.711384432201438
Fra_94,69,36.581114174797484
Fra_94,70,29.75153697370196
Fra_94,71,24.01085124581801
Fra_94,72,22.13596312480244
Fra_94,73,20.837433968707998
Fra_94,74,22.13596312480244
Fra_94,75,26.830587432140113
Fra_94,76,27.462450372984353
Fra_94,77,28.529994854400325
Fra_94,78,29.98737598263763
Fra_94,79,31.87169621334247
Fra_94,80,59.99228320706477
Fra_94,81,28.28607597451528
Fra_94,82,30.0503539248504
Fra_94,83,42.11632950082865
Fra_94,84,76.36820284036808
Fra_94,85,340.23204715438084
Fra_94,86,63.03029712182376
Fra_94,87,92.0756814893189
Fra_94,88,94.12971259419575
Fra_94,89,71.04141575060557
Fra_94,90,46.52491309444315
Fra_94,91,37.90032882245103
Fra_94,92,28.890345913738624
Fra_94,93,41.68942904737227
Fra_94,94,28.61906414215028
Fra_94,95,28.232309816190497
Fra_94,96,27.97032511337701
Fra_95,1,78.00099142810551
Fra_95,2,25.62434938948795
Fra_95,3,25.620973822400337
Fra_95,4,25.642811931784177
Fra_95,5,17.647587458489905
Fra_95,6,17.647587458489905
Fra_95,7,16.12829263535982
Fra_95,8,16.720188057607018
Fra_95,9,11.18621765840253
Fra_95,10,11.18621765840253
Fra_95,11,11.186217658402533
Fra_95,12,11.186217658402533
Fra_95,13,11.186217658402533
Fra_95,14,17.647587458489905
Fra_95,15,21.385633789013923
Fra_95,16,44.434969956873886
Fra_95,17,25.541054241796612
Fra_95,18,26.86083508212996
Fra_95,19,29.47664094769534
Fra_95,20,55.97629516639018
Fra_95,21,35.903657160740934
Fra_95,22,49.40719343867985
Fra_95,23,85.81017932559453
Fra_95,24,77.76987459505588
Fra_95,25,64.84654041519592
Fra_95,26,65.2443527651871
Fra_95,27,45.414571611180456
Fra_95,28,54.65786494394533
Fra_95,29,403.10347069625254
Fra_95,30,37.32855464080795
Fra_95,31,37.32855464080795
Fra_95,32,32.27244328635184
Fra_95,33,39.60451192413488
Fra_95,34,34.67541213696891
Fra_95,35,34.67541213696891
Fra_95,36,33.26067156611805
Fra_95,37,49.90717052291926
Fra_95,38,49.90717052291927
Fra_95,39,43.629770689256056
Fra_95,40,97.62789463368034
Fra_95,41,28.138327181981882
Fra_95,42,34.67541213696891
Fra_95,43,34.67541213696891
Fra_95,44,34.67541213696891
Fra_95,45,83.10793345515401
Fra_95,46,41.159692156805924
Fra_95,47,34.67541213696891
Fra_95,48,34.67541213696891
Fra_95,49,26.90705857802
Fra_95,50,28.138327181981882
Fra_95,51,32.41366264095122
Fra_95,52,28.138327181981882
Fra_95,53,30.26984540860724
Fra_95,54,30.26984540860724
Fra_95,55,32.41366264095122
Fra_95,56,30.999191702509204
Fra_95,57,26.907336163168765
Fra_95,58,27.065621238379542
Fra_95,59,27.870074440374367
Fra_95,60,30.26984540860724
Fra_95,61,27.4671470328026
Fra_95,62,28.071255571983134
Fra_95,63,23.761019589596586
Fra_95,64,26.530407395556317
Fra_95,65,33.48404140274164
Fra_95,66,78.19898263574494
Fra_95,67,46.41641414783601
Fra_95,68,32.41366264095122
Fra_95,69,46.41641414783601
Fra_95,70,33.66754273112373
Fra_95,71,30.26984540860724
Fra_95,72,27.870074440374367
Fra_95,73,26.36508493966726
Fra_95,74,27.870074440374367
Fra_95,75,28.04546803139395
Fra_95,76,29.261641266457016
Fra_95,77,28.286461860192116
Fra_95,78,31.523064744875533
Fra_95,79,34.213023787599994
Fra_95,80,78.19898263574494
Fra_95,81,27.787479979885553
Fra_95,82,29.560905200778336
Fra_95,83,50.46046840740465
Fra_95,84,97.53622967038903
Fra_95,85,305.1556517152261
Fra_95,86,64.94723673656006
Fra_95,87,82.46442630311462
Fra_95,88,84.30767824853115
Fra_95,89,87.68761604895663
Fra_95,90,56.84572213783313
Fra_95,91,44.45534630159144
Fra_95,92,30.69334130395865
Fra_95,93,40.81452361549967
Fra_95,94,30.19174476636879
Fra_95,95,29.47664094769534
Fra_95,96,29.09460507231379
Fra_96,1,77.53293043146742
Fra_96,2,25.374084784626433
Fra_96,3,25.370823709937447
Fra_96,4,25.50912817903002
Fra_96,5,17.501958637690024
Fra_96,6,17.501958637690024
Fra_96,7,16.00527853257327
Fra_96,8,16.643487232982935
Fra_96,9,11.692421469548743
Fra_96,10,11.692421469548743
Fra_96,11,11.692421469548746
Fra_96,12,11.692421469548746
Fra_96,13,11.692421469548746
Fra_96,14,17.501958637690024
Fra_96,15,21.279137832088352
Fra_96,16,44.181273054932554
Fra_96,17,25.40802034845792
Fra_96,18,26.719372616901126
Fra_96,19,29.318473051447377
Fra_96,20,55.47336130528049
Fra_96,21,35.64160893097283
Fra_96,22,48.935874705343196
Fra_96,23,85.27891954045253
Fra_96,24,76.88526538778581
Fra_96,25,65.13374660439761
Fra_96,26,66.43785343271158
Fra_96,27,45.005128372025624
Fra_96,28,55.66262841733997
Fra_96,29,410.4711239430927
Fra_96,30,38.00609422484608
Fra_96,31,38.00609422484608
Fra_96,32,33.025297323066866
Fra_96,33,40.32995176093712
Fra_96,34,35.39247220652292
Fra_96,35,35.39247220652292
Fra_96,36,33.59216005905366
Fra_96,37,50.99696475731794
Fra_96,38,50.996964757317954
Fra_96,39,44.43792395524525
Fra_96,40,99.39873302939662
Fra_96,41,27.945302885377565
Fra_96,42,35.39247220652292
Fra_96,43,35.39247220652292
Fra_96,44,35.39247220652292
Fra_96,45,84.61990821469713
Fra_96,46,41.91786262822263
Fra_96,47,35.39247220652292
Fra_96,48,35.39247220652292
Fra_96,49,26.722480581534153
Fra_96,50,27.945302885377565
Fra_96,51,32.19131024625572
Fra_96,52,27.945302885377565
Fra_96,53,30.062199247535546
Fra_96,54,30.062199247535546
Fra_96,55,32.19131024625572
Fra_96,56,30.78654234581572
Fra_96,57,26.72319196680653
Fra_96,58,26.80404993373265
Fra_96,59,27.679841605693838
Fra_96,60,30.062199247535546
Fra_96,61,29.451204902586337
Fra_96,62,30.054429925426724
Fra_96,63,28.04029470278931
Fra_96,64,30.25415437062798
Fra_96,65,44.48371446947954
Fra_96,66,77.28146432180267
Fra_96,67,46.053554639835
Fra_96,68,32.19131024625572
Fra_96,69,46.053554639835
Fra_96,70,33.537626718883686
Fra_96,71,30.062199247535546
Fra_96,72,27.679841605693838
Fra_96,73,26.08969608525348
Fra_96,74,27.679841605693838
Fra_96,75,28.005163585338497
Fra_96,76,29.201951950195014
Fra_96,77,30.116786476096564
Fra_96,78,32.64810071053169
Fra_96,79,36.16282044739298
Fra_96,80,77.28146432180267
Fra_96,81,29.735025253056982
Fra_96,82,32.52053355617614
Fra_96,83,50.440078498792914
Fra_96,84,96.52021036390023
Fra_96,85,310.62632023751564
Fra_96,86,65.31921897288521
Fra_96,87,83.96492853878306
Fra_96,88,85.84104220435896
Fra_96,89,88.62182556258568
Fra_96,90,57.10116478642009
Fra_96,91,44.06076861760984
Fra_96,92,30.512039732003526
Fra_96,93,46.10835097196859
Fra_96,94,30.01998027688159
Fra_96,95,29.318473051447377
Fra_96,96,28.95169697382097
Fra_97,1,73.22592839867417
Fra_97,2,17.744094902855366
Fra_97,3,17.746129687563013
Fra_97,4,24.2789974930742
Fra_97,5,13.285823551559773
Fra_97,6,13.285823551559773
Fra_97,7,12.58665014137209
Fra_97,8,15.937701854697565
Fra_97,9,11.252043340163933
Fra_97,10,11.252043340163933
Fra_97,11,11.252043340163937
Fra_97,12,11.252043340163937
Fra_97,13,11.252043340163937
Fra_97,14,13.285823551559773
Fra_97,15,20.29918371017431
Fra_97,16,41.84680579484695
Fra_97,17,24.18386953658586
Fra_97,18,25.417663801851894
Fra_97,19,27.86304425999574
Fra_97,20,42.83280633466973
Fra_97,21,30.361970775873218
Fra_97,22,36.114350315125634
Fra_97,23,58.35668756519086
Fra_97,24,48.26742255135654
Fra_97,25,51.55188436077641
Fra_97,26,61.75839038660039
Fra_97,27,34.41353094190693
Fra_97,28,51.767300826928256
Fra_97,29,382.04837817497213
Fra_97,30,35.21281357554306
Fra_97,31,35.21281357554306
Fra_97,32,31.368958460957796
Fra_97,33,37.44084427631456
Fra_97,34,33.19579008294985
Fra_97,35,33.19579008294985
Fra_97,36,27.522945546426513
Fra_97,37,48.310936474593795
Fra_97,38,48.3109364745938
Fra_97,39,41.35944137140376
Fra_97,40,92.32063846459957
Fra_97,41,18.163563263105694
Fra_97,42,33.19579008294985
Fra_97,43,33.19579008294985
Fra_97,44,33.19579008294985
Fra_97,45,78.61729936033726
Fra_97,46,38.96327588300931
Fra_97,47,33.19579008294985
Fra_97,48,33.19579008294985
Fra_97,49,17.368767430457254
Fra_97,50,18.163563263105694
Fra_97,51,20.923333791671958
Fra_97,52,18.163563263105694
Fra_97,53,19.53947896361556
Fra_97,54,19.53947896361556
Fra_97,55,20.923333791671958
Fra_97,56,20.010279074237737
Fra_97,57,17.592729708859068
Fra_97,58,17.631098613114816
Fra_97,59,18.03956269165586
Fra_97,60,19.53947896361556
Fra_97,61,18.775191416642336
Fra_97,62,19.43586592335287
Fra_97,63,18.024065393090467
Fra_97,64,19.487309572085685
Fra_97,65,28.404305767576233
Fra_97,66,48.3793819088309
Fra_97,67,29.717435792661988
Fra_97,68,20.923333791671958
Fra_97,69,29.717435792661988
Fra_97,70,26.953975713015645
Fra_97,71,19.53947896361556
Fra_97,72,18.03956269165586
Fra_97,73,17.297581078423566
Fra_97,74,18.03956269165586
Fra_97,75,25.962687048084103
Fra_97,76,26.17712367635749
Fra_97,77,27.912372670662602
Fra_97,78,28.585797755495392
Fra_97,79,29.37098524728152
Fra_97,80,48.3793819088309
Fra_97,81,27.754856703774013
Fra_97,82,28.90286601247609
Fra_97,83,36.748963321307194
Fra_97,84,61.78300423488153
Fra_97,85,288.17675638874
Fra_97,86,52.55415493020067
Fra_97,87,78.0099839128652
Fra_97,88,79.74956889880778
Fra_97,89,59.14657749384928
Fra_97,90,39.61815605435382
Fra_97,91,34.004909975454794
Fra_97,92,28.14242519087246
Fra_97,93,39.483934542252165
Fra_97,94,28.02724768897152
Fra_97,95,27.86304425999574
Fra_97,96,27.63668573568714
Fra_98,1,75.82756421003819
Fra_98,2,23.588084882985157
Fra_98,3,23.585937115449646
Fra_98,4,25.02205543009702
Fra_98,5,16.499403574291712
Fra_98,6,16.499403574291712
Fra_98,7,15.18184072538489
Fra_98,8,16.364030075883353
Fra_98,9,11.479330811108813
Fra_98,10,11.479330811108813
Fra_98,11,11.479330811108817
Fra_98,12,11.479330811108817
Fra_98,13,11.479330811108817
Fra_98,14,16.499403574291712
Fra_98,15,20.891123002901303
Fra_98,16,43.25693599168754
Fra_98,17,24.92331534283992
Fra_98,18,26.203958362062256
Fra_98,19,28.742193059067734
Fra_98,20,52.3260740489548
Fra_98,21,34.21615740113262
Fra_98,22,45.826340692990016
Fra_98,23,79.72760271554642
Fra_98,24,70.30184078900827
Fra_98,25,65.22555135457357
Fra_98,26,71.41534978726472
Fra_98,27,42.393530925368616
Fra_98,28,59.84786121295681
Fra_98,29,442.0190678260649
Fra_98,30,40.795760469023755
Fra_98,31,40.795760469023755
Fra_98,32,35.91971123251092
Fra_98,33,43.329496962367514
Fra_98,34,38.237103712225384
Fra_98,35,38.23710371222538
Fra_98,36,34.199590371406664
Fra_98,37,55.3573453686034
Fra_98,38,55.35734536860341
Fra_98,39,47.797844584066425
Fra_98,40,106.79972436783059
Fra_98,41,25.9283254003063
Fra_98,42,38.237103712225384
Fra_98,43,38.23710371222538
Fra_98,44,38.23710371222538
Fra_98,45,90.93426569370946
Fra_98,46,45.06081983828963
Fra_98,47,38.23710371222538
Fra_98,48,38.23710371222538
Fra_98,49,24.79376140109503
Fra_98,50,25.9283254003063
Fra_98,51,29.867873343533294
Fra_98,52,25.9283254003063
Fra_98,53,27.89243285485376
Fra_98,54,27.89243285485376
Fra_98,55,29.867873343533294
Fra_98,56,28.56449583555245
Fra_98,57,24.83203334888708
Fra_98,58,24.74073036146485
Fra_98,59,25.692033069556803
Fra_98,60,27.89243285485376
Fra_98,61,26.965724450186844
Fra_98,62,27.691448887929912
Fra_98,63,25.62082394393416
Fra_98,64,27.722680722407492
Fra_98,65,40.27295336161479
Fra_98,66,70.5811858682175
Fra_98,67,42.598676857740834
Fra_98,68,29.867873343533294
Fra_98,69,42.598676857740834
Fra_98,70,32.180089474877754
Fra_98,71,27.89243285485376
Fra_98,72,25.692033069556803
Fra_98,73,24.059391696264424
Fra_98,74,25.692033069556803
Fra_98,75,27.584008520032064
Fra_98,76,28.57823768666606
Fra_98,77,29.228164120760397
Fra_98,78,31.396532231536646
Fra_98,79,34.24524626696338
Fra_98,80,70.5811858682175
Fra_98,81,28.898223056710762
Fra_98,82,31.215107485020717
Fra_98,83,47.098804946808
Fra_98,84,88.87342753318349
Fra_98,85,333.5581167097911
Fra_98,86,65.86667706581177
Fra_98,87,90.23112771684758
Fra_98,88,92.24518527570996
Fra_98,89,81.67538074131701
Fra_98,90,52.883042690460265
Fra_98,91,41.568800170898655
Fra_98,92,29.73638848278329
Fra_98,93,43.840630323421664
Fra_98,94,29.326521764444394
Fra_98,95,28.742193059067734
Fra_98,96,28.43101559748578
Fra_99,1,75.7226917082665
Fra_99,2,23.360018818678512
Fra_99,3,23.358033672861776
Fra_99,4,24.99210260408021
Fra_99,5,16.373916170416187
Fra_99,6,16.373916170416187
Fra_99,7,15.080450193777835
Fra_99,8,16.34684469315748
Fra_99,9,11.470329864891221
Fra_99,10,11.470329864891221
Fra_99,11,11.470329864891225
Fra_99,12,11.470329864891225
Fra_99,13,11.470329864891225
Fra_99,14,16.373916170416187
Fra_99,15,20.867261802092916
Fra_99,16,43.20009333872262
Fra_99,17,24.893508122594984
Fra_99,18,26.172262658421285
Fra_99,19,28.706754380992376
Fra_99,20,51.95468902964072
Fra_99,21,34.06483606550654
Fra_99,22,45.44680385040752
Fra_99,23,78.89718421693968
Fra_99,24,69.44248400254368
Fra_99,25,64.78992408271617
Fra_99,26,71.22178872450448
Fra_99,27,42.08147108997102
Fra_99,28,59.686161524815866
Fra_99,29,440.8112483648411
Fra_99,30,40.68127159520066
Fra_99,31,40.68127159520066
Fra_99,32,35.83304189622333
Fra_99,33,43.2101397441224
Fra_99,34,38.137212855000065
Fra_99,35,38.137212855000065
Fra_99,36,33.991946326641
Fra_99,37,55.225619733716876
Fra_99,38,55.22561973371689
Fra_99,39,47.66933534098325
Fra_99,40,106.50870093828786
Fra_99,41,25.626606822947885
Fra_99,42,38.137212855000065
Fra_99,43,38.137212855000065
Fra_99,44,38.137212855000065
Fra_99,45,90.686941924562
Fra_99,46,44.938136040470106
Fra_99,47,38.137212855000065
Fra_99,48,38.137212855000065
Fra_99,49,24.50524533606547
Fra_99,50,25.626606822947885
Fra_99,51,29.520311666687565
Fra_99,52,25.626606822947885
Fra_99,53,27.567858666968405
Fra_99,54,27.567858666968405
Fra_99,55,29.520311666687565
Fra_99,56,28.232101092991808
Fra_99,57,24.550693542739705
Fra_99,58,24.463673588054576
Fra_99,59,25.394677859583805
Fra_99,60,27.567858666968405
Fra_99,61,26.647760237367248
Fra_99,62,27.371431419633407
Fra_99,63,25.32721208925897
Fra_99,64,27.40406338023148
Fra_99,65,39.81575870434946
Fra_99,66,69.7150555413397
Fra_99,67,42.09774556795591
Fra_99,68,29.520311666687565
Fra_99,69,42.09774556795591
Fra_99,70,31.977016208565082
Fra_99,71,27.567858666968405
Fra_99,72,25.394677859583805
Fra_99,73,23.79563986858744
Fra_99,74,25.394677859583805
Fra_99,75,27.521008160289796
Fra_99,76,28.48493660538827
Fra_99,77,29.176467403341675
Fra_99,78,31.286369341585765
Fra_99,79,34.055065049874216
Fra_99,80,69.7150555413397
Fra_99,81,28.853328470393627
Fra_99,82,31.1249537375022
Fra_99,83,46.694581662232906
Fra_99,84,87.82918635879273
Fra_99,85,332.64251223657
Fra_99,86,65.45319574898392
Fra_99,87,89.98574066389793
Fra_99,88,91.99425072280164
Fra_99,89,80.80079742531693
Fra_99,90,52.365382850532896
Fra_99,91,41.27295165124884
Fra_99,92,29.673123701394875
Fra_99,93,43.67122053300264
Fra_99,94,29.274728564373923
Fra_99,95,28.706754380992376
Fra_99,96,28.398995989101348
Fra_100,1,73.61037945367687
Fra_100,2,18.969282111184196
Fra_100,3,18.970410859120197
Fra_100,4,24.388801258293277
Fra_100,5,13.955932413139852
Fra_100,6,13.955932413139852
Fra_100,7,13.125368613987698
Fra_100,8,16.00070157729378
Fra_100,9,11.286372693468849
Fra_100,10,11.286372693468849
Fra_100,11,11.286372693468852
Fra_100,12,11.286372693468852
Fra_100,13,11.286372693468852
Fra_100,14,13.955932413139852
Fra_100,15,20.38665624748811
Fra_100,16,42.05518470764425
Fra_100,17,24.293139527062607
Fra_100,18,25.53385676471601
Fra_100,19,27.99295855539068
Fra_100,20,44.77955320088774
Fra_100,21,31.126216816006924
Fra_100,22,38.125450060690724
Fra_100,23,63.01037624750246
Fra_100,24,52.91354851553442
Fra_100,25,56.63605730068391
Fra_100,26,67.92423295915738
Fra_100,27,36.05597056633495
Fra_100,28,56.93359393384319
Fra_100,29,420.2535776652821
Fra_100,30,38.72169709809262
Fra_100,31,38.72169709809262
Fra_100,32,34.41654742945708
Fra_100,33,41.17312245201096
Fra_100,34,36.46261402604382
Fra_100,35,36.462614026043816
Fra_100,36,30.15826825930084
Fra_100,37,53.0602309950126
Fra_100,38,53.06023099501262
Fra_100,39,45.48448964760091
Fra_100,40,101.5440533422322
Fra_100,41,19.854402678474894
Fra_100,42,36.46261402604382
Fra_100,43,36.46261402604382
Fra_100,44,36.462614026043816
Fra_100,45,86.46977614384407
Fra_100,46,42.8482014529268
Fra_100,47,36.462614026043816
Fra_100,48,36.462614026043816
Fra_100,49,18.985619594451457
Fra_100,50,19.854402678474894
Fra_100,51,22.87107922925061
Fra_100,52,19.854402678474894
Fra_100,53,21.358401864859644
Fra_100,54,21.358401864859644
Fra_100,55,22.87107922925061
Fra_100,56,21.87302858440591
Fra_100,57,19.167258562054105
Fra_100,58,19.140987232554295
Fra_100,59,19.705949673159076
Fra_100,60,21.358401864859644
Fra_100,61,20.544592108312408
Fra_100,62,21.24294632589399
Fra_100,63,19.697432914975757
Fra_100,64,21.297431778410257
Fra_100,65,31.03711200257522
Fra_100,66,53.048981495286505
Fra_100,67,32.50318122456851
Fra_100,68,22.87107922925061
Fra_100,69,32.50318122456851
Fra_100,70,28.09200402368656
Fra_100,71,21.358401864859644
Fra_100,72,19.705949673159076
Fra_100,73,18.721589293447714
Fra_100,74,19.705949673159076
Fra_100,75,26.315742840562297
Fra_100,76,26.699985566739702
Fra_100,77,28.146041452997324
Fra_100,78,29.135177185719158
Fra_100,79,30.36629520154486
Fra_100,80,53.048981495286505
Fra_100,81,27.954547784420278
Fra_100,82,29.351252477228222
Fra_100,83,38.897679253959765
Fra_100,84,67.76370046315697
Fra_100,85,316.9944184047424
Fra_100,86,57.74418859110585
Fra_100,87,85.80170237493256
Fra_100,88,87.71532255821303
Fra_100,89,63.96216727821957
Fra_100,90,42.38883113897855
Fra_100,91,35.558779198249674
Fra_100,92,28.4255749093626
Fra_100,93,40.35516934698981
Fra_100,94,28.24722461617825
Fra_100,95,27.99295855539068
Fra_100,96,27.754066097709657
Fra_101,1,73.23456547058976
Fra_101,2,17.761594866282383
Fra_101,3,17.763617279605157
Fra_101,4,24.281464342896715
Fra_101,5,13.295465700170057
Fra_101,6,13.295465700170057
Fra_101,7,12.594449686671165
Fra_101,8,15.939117205566408
Fra_101,9,11.252790459926741
Fra_101,10,11.252790459926741
Fra_101,11,11.252790459926745
Fra_101,12,11.252790459926745
Fra_101,13,11.252790459926745
Fra_101,14,13.295465700170057
Fra_101,15,20.301148866949372
Fra_101,16,41.8514872325283
Fra_101,17,24.186324394632635
Fra_101,18,25.420274191297533
Fra_101,19,27.865962912702212
Fra_101,20,42.861462905856826
Fra_101,21,30.373742421259447
Fra_101,22,36.143564596570926
Fra_101,23,58.419772095775514
Fra_101,24,48.333265109030506
Fra_101,25,51.56969467983558
Fra_101,26,61.74403638037169
Fra_101,27,34.43758791877473
Fra_101,28,51.755226856640675
Fra_101,29,381.95996982776694
Fra_101,30,35.205123804963925
Fra_101,31,35.205123804963925
Fra_101,32,31.361095005777567
Fra_101,33,37.43240303967515
Fra_101,34,33.18800917316014
Fra_101,35,33.18800917316013
Fra_101,36,27.530420314171305
Fra_101,37,48.29819390443556
Fra_101,38,48.29819390443557
Fra_101,39,41.34974254683846
Fra_101,40,92.29930994136319
Fra_101,41,18.18648396496055
Fra_101,42,33.18800917316014
Fra_101,43,33.18800917316014
Fra_101,44,33.18800917316014
Fra_101,45,78.59909803413824
Fra_101,46,38.95432116346272
Fra_101,47,33.18800917316013
Fra_101,48,33.18800917316013
Fra_101,49,17.390685175015037
Fra_101,50,18.18648396496055
Fra_101,51,20.949737063359443
Fra_101,52,18.18648396496055
Fra_101,53,19.564135941172054
Fra_101,54,19.564135941172054
Fra_101,55,20.949737063359443
Fra_101,56,20.035530157081418
Fra_101,57,17.61410924208436
Fra_101,58,17.65228677334091
Fra_101,59,18.062151920905357
Fra_101,60,19.564135941172054
Fra_101,61,18.79942896519549
Fra_101,62,19.46017218820351
Fra_101,63,18.046360956977203
Fra_101,64,19.51150585414235
Fra_101,65,28.439014052814436
Fra_101,66,48.4457867965083
Fra_101,67,29.755560969272047
Fra_101,68,20.949737063359443
Fra_101,69,29.755560969272047
Fra_101,70,26.96940261126168
Fra_101,71,19.564135941172054
Fra_101,72,18.062151920905357
Fra_101,73,17.317795822608925
Fra_101,74,18.062151920905357
Fra_101,75,25.967473006161477
Fra_101,76,26.184211494036557
Fra_101,77,27.916521796880488
Fra_101,78,28.594415639252354
Fra_101,79,29.385706671071624
Fra_101,80,48.4457867965083
Fra_101,81,27.758477402271094
Fra_101,82,28.90996094636532
Fra_101,83,36.78006415578853
Fra_101,84,61.86105708728072
Fra_101,85,288.1107321408295
Fra_101,86,52.56898325746139
Fra_101,87,77.99192118026396
Fra_101,88,79.73110918084606
Fra_101,89,59.21305584775729
Fra_101,90,39.65792671012146
Fra_101,91,34.02772791259038
Fra_101,92,28.147466625640373
Fra_101,93,39.49716617974849
Fra_101,94,28.03141398621967
Fra_101,95,27.865962912702212
Fra_101,96,27.63932280122533
Fra_102,1,73.71551611542242
Fra_102,2,19.24018491088495
Fra_102,3,19.241116971265885
Fra_102,4,24.418829531520785
Fra_102,5,14.104553172922333
Fra_102,6,14.104553172922333
Fra_102,7,13.245155751434588
Fra_102,8,16.01793024772782
Fra_102,9,11.29564281981952
Fra_102,10,11.29564281981952
Fra_102,11,11.295642819819523
Fra_102,12,11.295642819819523
Fra_102,13,11.295642819819523
Fra_102,14,14.104553172922333
Fra_102,15,20.41057755150825
Fra_102,16,42.11217053974066
Fra_102,17,24.32302182775654
Fra_102,18,25.5656323056461
Fra_102,19,28.028486498813155
Fra_102,20,45.21544163467785
Fra_102,21,31.30067497951402
Fra_102,22,38.573254524836656
Fra_102,23,64.01768936532466
Fra_102,24,53.93752966304598
Fra_102,25,57.42478774042754
Fra_102,26,68.66079804760292
Fra_102,27,36.4229540970651
Fra_102,28,57.550456737429606
Fra_102,29,424.8217430273768
Fra_102,30,39.14376756394016
Fra_102,31,39.14376756394016
Fra_102,32,34.775500396548836
Fra_102,33,41.6204658164414
Fra_102,34,36.85156423267528
Fra_102,35,36.85156423267527
Fra_102,36,30.555952187367378
Fra_102,37,53.616893380491064
Fra_102,38,53.61689338049108
Fra_102,39,45.97665688621633
Fra_102,40,102.6467817908917
Fra_102,41,20.220392936849073
Fra_102,42,36.85156423267528
Fra_102,43,36.85156423267527
Fra_102,44,36.85156423267527
Fra_102,45,87.40832620223064
Fra_102,46,43.312813995731716
Fra_102,47,36.85156423267527
Fra_102,48,36.85156423267527
Fra_102,49,19.33559495927572
Fra_102,50,20.220392936849073
Fra_102,51,23.2926780218189
Fra_102,52,20.220392936849073
Fra_102,53,21.752116404831888
Fra_102,54,21.752116404831888
Fra_102,55,23.2926780218189
Fra_102,56,22.276229602974524
Fra_102,57,19.508300112948767
Fra_102,58,19.47241972172524
Fra_102,59,20.06664708556152
Fra_102,60,21.752116404831888
Fra_102,61,20.92934713667809
Fra_102,62,21.633025063625563
Fra_102,63,20.057451671506126
Fra_102,64,21.687316198556275
Fra_102,65,31.601460438308017
Fra_102,66,54.07960581519487
Fra_102,67,33.10848645944428
Fra_102,68,23.2926780218189
Fra_102,69,33.10848645944428
Fra_102,70,28.338335681012296
Fra_102,71,21.752116404831888
Fra_102,72,20.06664708556152
Fra_102,73,19.03565327482025
Fra_102,74,20.06664708556152
Fra_102,75,26.39216345125724
Fra_102,76,26.813161517463097
Fra_102,77,28.20303331790885
Fra_102,78,29.26167274099815
Fra_102,79,30.58974838828187
Fra_102,80,54.07960581519487
Fra_102,81,28.003757948349588
Fra_102,82,29.455023130429197
Fra_102,83,39.37543743866821
Fra_102,84,69.04090398660745
Fra_102,85,320.44368019985393
Fra_102,86,58.528828555719514
Fra_102,87,86.7329762452459
Fra_102,88,88.66743822924091
Fra_102,89,65.01297076410849
Fra_102,90,43.002767682338735
Fra_102,91,35.90634554192168
Fra_102,92,28.494562880818
Fra_102,93,40.55321928826706
Fra_102,94,28.302418366137307
Fra_102,95,28.028486498813155
Fra_102,96,27.786166359256455
Fra_103,1,75.4927375858291
Fra_103,2,22.961207219395742
Fra_103,3,22.959498007156242
Fra_103,4,24.9264249888345
Fra_103,5,16.153434685768033
Fra_103,6,16.153434685768033
Fra_103,7,14.901601158455701
Fra_103,8,16.309162273679377
Fra_103,9,11.45028142828824
Fra_103,10,11.45028142828824
Fra_103,11,11.450281428288244
Fra_103,12,11.450281428288244
Fra_103,13,11.450281428288244
Fra_103,14,16.153434685768033
Fra_103,15,20.81494130435043
Fra_103,16,43.07545435177427
Fra_103,17,24.828149777386006
Fra_103,18,26.10276343228799
Fra_103,19,28.629047928113987
Fra_103,20,51.292674579349594
Fra_103,21,33.78756086522252
Fra_103,22,44.77588551115751
Fra_103,23,77.49518856152739
Fra_103,24,67.9474585319563
Fra_103,25,64.42176540066559
Fra_103,26,71.61699011661602
Fra_103,27,41.526942128772205
Fra_103,28,60.01875398395612
Fra_103,29,443.24675725422003
Fra_103,30,40.89591153868157
Fra_103,31,40.89591153868157
Fra_103,32,36.06068161721307
Fra_103,33,43.44443837482657
Fra_103,34,38.358674298212925
Fra_103,35,38.358674298212925
Fra_103,36,33.85620438309282
Fra_103,37,55.582426379005575
Fra_103,38,55.58242637900559
Fra_103,39,47.93670718818387
Fra_103,40,107.09541995517289
Fra_103,41,25.117215310929083
Fra_103,42,38.358674298212925
Fra_103,43,38.358674298212925
Fra_103,44,38.358674298212925
Fra_103,45,91.18778928207118
Fra_103,46,45.185867612993455
Fra_103,47,38.358674298212925
Fra_103,48,38.358674298212925
Fra_103,49,24.018143627268344
Fra_103,50,25.117215310929083
Fra_103,51,28.933523244051187
Fra_103,52,25.117215310929083
Fra_103,53,27.01988002482868
Fra_103,54,27.01988002482868
Fra_103,55,28.933523244051187
Fra_103,56,27.67091900741235
Fra_103,57,24.075159072619453
Fra_103,58,23.984794098667816
Fra_103,59,24.89265302126939
Fra_103,60,27.01988002482868
Fra_103,61,26.105012686115483
Fra_103,62,26.832090999024732
Fra_103,63,24.833436820702914
Fra_103,64,26.8678382823866
Fra_103,65,39.04875479210169
Fra_103,66,68.20482444410527
Fra_103,67,41.24643103661819
Fra_103,68,28.933523244051187
Fra_103,69,41.24643103661819
Fra_103,70,31.634167587564445
Fra_103,71,27.01988002482868
Fra_103,72,24.89265302126939
Fra_103,73,23.336277314505306
Fra_103,74,24.89265302126939
Fra_103,75,27.414644645030606
Fra_103,76,28.32741637815803
Fra_103,77,29.07221101675695
Fra_103,78,31.08107913334444
Fra_103,79,33.71296324515351
Fra_103,80,68.20482444410527
Fra_103,81,28.76150710835662
Fra_103,82,30.95416278750527
Fra_103,83,45.98122858683699
Fra_103,84,86.05818976406144
Fra_103,85,334.4565591125331
Fra_103,86,65.15586041574167
Fra_103,87,90.4827822931213
Fra_103,88,92.50219342133606
Fra_103,89,79.2861209599427
Fra_103,90,51.45648327218963
Fra_103,91,40.74638517736226
Fra_103,92,29.54773501784638
Fra_103,93,43.35813599857953
Fra_103,94,29.16899734347477
Fra_103,95,28.629047928113987
Fra_103,96,28.32878653645703
Fra_104,1,74.1074304438593
Fra_104,2,20.250019987002364
Fra_104,3,20.250218861929483
Fra_104,4,24.530764895842708
Fra_104,5,14.658561682370564
Fra_104,6,14.658561682370564
Fra_104,7,13.691682155721233
Fra_104,8,16.08215297166554
Fra_104,9,11.330198751907625
Fra_104,10,11.330198751907625
Fra_104,11,11.330198751907629
Fra_104,12,11.330198751907629
Fra_104,13,11.330198751907629
Fra_104,14,14.658561682370564
Fra_104,15,20.499748176148014
Fra_104,16,42.32459467177688
Fra_104,17,24.434413055271044
Fra_104,18,25.684080899862234
Fra_104,19,28.16092279511542
Fra_104,20,46.840288000980934
Fra_104,21,31.950996692759738
Fra_104,22,40.24251986884944
Fra_104,23,67.77261592988526
Fra_104,24,57.75458907026656
Fra_104,25,60.364911151978426
Fra_104,26,71.40646646807657
Fra_104,27,37.790946019252935
Fra_104,28,59.8499150556978
Fra_104,29,441.8503363872319
Fra_104,30,40.71710516501747
Fra_104,31,40.71710516501747
Fra_104,32,36.11355706206265
Fra_104,33,43.28801233485873
Fra_104,34,38.30144057929735
Fra_104,35,38.30144057929734
Fra_104,36,32.03838492786894
Fra_104,37,55.6919446646885
Fra_104,38,55.69194466468851
Fra_104,39,47.81129182324542
Fra_104,40,106.75738481204768
Fra_104,41,21.584682271739062
Fra_104,42,38.30144057929735
Fra_104,43,38.30144057929735
Fra_104,44,38.30144057929735
Fra_104,45,90.90692706829138
Fra_104,46,45.04473423814722
Fra_104,47,38.30144057929734
Fra_104,48,38.30144057929734
Fra_104,49,20.640186124693656
Fra_104,50,21.584682271739062
Fra_104,51,24.86425738258804
Fra_104,52,21.584682271739062
Fra_104,53,23.21975259345989
Fra_104,54,23.21975259345989
Fra_104,55,24.86425738258804
Fra_104,56,23.779228212537383
Fra_104,57,20.779589006557075
Fra_104,58,20.707889245478615
Fra_104,59,21.41120646003526
Fra_104,60,23.21975259345989
Fra_104,61,22.363585261147296
Fra_104,62,23.087108196927062
Fra_104,63,21.399481243759418
Fra_104,64,23.14067498085805
Fra_104,65,33.7051627484526
Fra_104,66,57.92142874833833
Fra_104,67,35.364862025183484
Fra_104,68,24.86425738258804
Fra_104,69,35.364862025183484
Fra_104,70,29.256577752340036
Fra_104,71,23.21975259345989
Fra_104,72,21.41120646003526
Fra_104,73,20.20637880768819
Fra_104,74,21.41120646003526
Fra_104,75,26.677033940980213
Fra_104,76,27.235043627724355
Fra_104,77,28.415479938263235
Fra_104,78,29.73320588437927
Fra_104,79,31.422707169388897
Fra_104,80,57.92142874833833
Fra_104,81,28.18719698881784
Fra_104,82,29.841845435660762
Fra_104,83,41.15636023959047
Fra_104,84,73.80189176062007
Fra_104,85,333.3013751046865
Fra_104,86,61.45370404340701
Fra_104,87,90.20445391455527
Fra_104,88,92.21660716432632
Fra_104,89,68.93001488225437
Fra_104,90,45.2913178807133
Fra_104,91,37.20195668180487
Fra_104,92,28.751726976142066
Fra_104,93,41.29148326245136
Fra_104,94,28.508162215047804
Fra_104,95,28.16092279511542
Fra_104,96,27.905825403379527
Fra_105,1,75.77197832449775
Fra_105,2,23.4665367657813
Fra_105,3,23.464475723166018
Fra_105,4,25.006179444205053
Fra_105,5,16.432531766210055
Fra_105,6,16.432531766210055
Fra_105,7,15.127814696704744
Fra_105,8,16.3549212561162
Fra_105,9,11.474565132296604
Fra_105,10,11.474565132296604
Fra_105,11,11.474565132296608
Fra_105,12,11.474565132296608
Fra_105,13,11.474565132296608
Fra_105,14,16.432531766210055
Fra_105,15,20.878475779324244
Fra_105,16,43.226807510454194
Fra_105,17,24.90751653281038
Fra_105,18,26.187158593534317
Fra_105,19,28.723409390613924
Fra_105,20,52.12822661907662
Fra_105,21,34.13559372712675
Fra_105,22,45.6241135695341
Fra_105,23,79.28470058282572
Fra_105,24,69.84379479875253
Fra_105,25,64.9918105515497
Fra_105,26,71.30926912404429
Fra_105,27,42.22727631562208
Fra_105,28,59.75923097591509
Fra_105,29,441.35718817067726
Fra_105,30,40.73308749667
Fra_105,31,40.73308749667
Fra_105,32,35.871954983645225
Fra_105,33,43.26411753758234
Fra_105,34,38.18225813731795
Fra_105,35,38.18225813731795
Fra_105,36,34.08796414471572
Fra_105,37,55.284753611249016
Fra_105,38,55.28475361124903
Fra_105,39,47.72739270305107
Fra_105,40,106.64026371529515
Fra_105,41,25.767404368780987
Fra_105,42,38.18225813731795
Fra_105,43,38.18225813731795
Fra_105,44,38.18225813731795
Fra_105,45,90.79873927837734
Fra_105,46,44.99359107241495
Fra_105,47,38.18225813731795
Fra_105,48,38.18225813731795
Fra_105,49,24.63988190450365
Fra_105,50,25.767404368780987
Fra_105,51,29.68250198176182
Fra_105,52,25.767404368780987
Fra_105,53,27.71932182676166
Fra_105,54,27.71932182676166
Fra_105,55,29.68250198176182
Fra_105,56,28.387213729442994
Fra_105,57,24.681984900926196
Fra_105,58,24.593035770749164
Fra_105,59,25.533439231758617
Fra_105,60,27.71932182676166
Fra_105,61,26.796190288635117
Fra_105,62,27.520774161342985
Fra_105,63,25.4642388347893
Fra_105,64,27.55275750831152
Fra_105,65,40.02914034063945
Fra_105,66,70.11955199993162
Fra_105,67,42.33154285736609
Fra_105,68,29.68250198176182
Fra_105,69,42.33154285736609
Fra_105,70,32.07178073308149
Fra_105,71,27.71932182676166
Fra_105,72,25.533439231758617
Fra_105,73,23.91881263408595
Fra_105,74,25.533439231758617
Fra_105,75,27.550407397539203
Fra_105,76,28.52847573175729
Fra_105,77,29.200714492780104
Fra_105,78,31.337911428012777
Fra_105,79,34.14396409407574
Fra_105,80,70.11955199993162
Fra_105,81,28.874395673115878
Fra_105,82,31.167163959499984
Fra_105,83,46.88341897116082
Fra_105,84,88.31666744606278
Fra_105,85,333.05657397430844
Fra_105,86,65.64461161573355
Fra_105,87,90.09666203801672
Fra_105,88,92.10768123963112
Fra_105,89,81.20922739923255
Fra_105,90,52.60718415910727
Fra_105,91,41.41118793879026
Fra_105,92,29.70276843797299
Fra_105,93,43.750485204928964
Fra_105,94,29.29901815986729
Fra_105,95,28.723409390613924
Fra_105,96,28.414044148758627
Fra_106,1,89.0227564509805
Fra_106,2,25.88601994783195
Fra_106,3,25.88443306989172
Fra_106,4,28.790758290945764
Fra_106,5,18.036389550710627
Fra_106,6,18.036389550710627
Fra_106,7,16.607658505215007
Fra_106,8,18.526316900085718
Fra_106,9,12.825536464382564
Fra_106,10,12.825536464382564
Fra_106,11,12.825536464382568
Fra_106,12,12.825536464382568
Fra_106,13,12.825536464382568
Fra_106,14,18.036389550710627
Fra_106,15,23.893369792548988
Fra_106,16,50.40895125485146
Fra_106,17,28.673697899330527
Fra_106,18,30.191952313661194
Fra_106,19,33.201132838985075
Fra_106,20,59.348746159908664
Fra_106,21,39.042078133895004
Fra_106,22,51.53633239690435
Fra_106,23,75.02747489177241
Fra_106,24,76.95247686344872
Fra_106,25,67.6605271685904
Fra_106,26,70.65182523336618
Fra_106,27,47.84212731891181
Fra_106,28,59.06315250045702
Fra_106,29,442.8886873298037
Fra_106,30,40.04139536907357
Fra_106,31,40.04139536907357
Fra_106,32,29.885694115187317
Fra_106,33,42.553627175506364
Fra_106,34,34.7122954414721
Fra_106,35,34.712295441472094
Fra_106,36,29.839885057771497
Fra_106,37,49.55760084566896
Fra_106,38,49.557600845668965
Fra_106,39,46.99106803361078
Fra_106,40,106.10100110578598
Fra_106,41,24.220613104914197
Fra_106,42,34.7122954414721
Fra_106,43,34.712295441472094
Fra_106,44,34.712295441472094
Fra_106,45,90.20648717125331
Fra_106,46,44.27025572291945
Fra_106,47,34.712295441472094
Fra_106,48,34.712295441472094
Fra_106,49,23.160774675574842
Fra_106,50,24.220613104914197
Fra_106,51,27.900691361724192
Fra_106,52,24.220613104914197
Fra_106,53,26.055358928973853
Fra_106,54,26.055358928973853
Fra_106,55,27.900691361724192
Fra_106,56,26.68315795518655
Fra_106,57,23.382624521234536
Fra_106,58,26.072401710432278
Fra_106,59,24.009017218774193
Fra_106,60,26.055358928973853
Fra_106,61,27.249890826421783
Fra_106,62,26.159794092872417
Fra_106,63,24.5299209795388
Fra_106,64,26.421292425059626
Fra_106,65,39.128464900174116
Fra_106,66,78.1761641795464
Fra_106,67,41.22112909101616
Fra_106,68,27.900691361724192
Fra_106,69,41.22112909101616
Fra_106,70,31.03070478407158
Fra_106,71,26.055358928973853
Fra_106,72,24.009017218774193
Fra_106,73,26.234244964137204
Fra_106,74,24.009017218774193
Fra_106,75,27.227429585158603
Fra_106,76,28.05015815949068
Fra_106,77,33.841354477048725
Fra_106,78,36.12811677066497
Fra_106,79,39.18582049469022
Fra_106,80,78.1761641795464
Fra_106,81,33.327506847779915
Fra_106,82,36.310928452070655
Fra_106,83,52.98025244682934
Fra_106,84,98.08414429079895
Fra_106,85,333.2746681823337
Fra_106,86,68.00661462829697
Fra_106,87,89.50206150032328
Fra_106,88,91.51980751018216
Fra_106,89,91.38035155167508
Fra_106,90,59.26474512705035
Fra_106,91,46.95459647759442
Fra_106,92,34.221191977460464
Fra_106,93,51.2905328403776
Fra_106,94,33.800662691541994
Fra_106,95,33.201132838985075
Fra_106,96,32.45976365798346
Fra_107,1,72.87723802616986
Fra_107,2,16.595339778011052
Fra_107,3,16.598226211222972
Fra_107,4,24.179407401439917
Fra_107,5,12.65778325373072
Fra_107,6,12.65778325373072
Fra_107,7,12.081931280382433
Fra_107,8,15.880562209861406
Fra_107,9,11.220813834495322
Fra_107,10,11.220813834495322
Fra_107,11,11.220813834495326
Fra_107,12,11.220813834495326
Fra_107,13,11.220813834495326
Fra_107,14,12.65778325373072
Fra_107,15,20.21984765107667
Fra_107,16,41.6578097710883
Fra_107,17,24.084763569292807
Fra_107,18,25.31227881987238
Fra_107,19,27.745214269765704
Fra_107,20,41.01068833837779
Fra_107,21,29.648604411359813
Fra_107,22,34.23054074580465
Fra_107,23,53.98063649426277
Fra_107,24,43.90919229596379
Fra_107,25,46.575049884113696
Fra_107,26,55.58505758584576
Fra_107,27,32.875789024138655
Fra_107,28,46.594555238382114
Fra_107,29,343.7987171699899
Fra_107,30,31.70150920238474
Fra_107,31,31.70150920238474
Fra_107,32,28.314846963422813
Fra_107,33,33.704987159493356
Fra_107,34,29.92439297561937
Fra_107,35,29.92439297561937
Fra_107,36,24.93665295277582
Fra_107,37,43.549526958936205
Fra_107,38,43.54952695893622
Fra_107,39,37.22902164886684
Fra_107,40,83.08655894342492
Fra_107,41,16.57359879846117
Fra_107,42,29.92439297561937
Fra_107,43,29.924392975619373
Fra_107,44,29.92439297561937
Fra_107,45,70.75558126084636
Fra_107,46,35.073980039242365
Fra_107,47,29.92439297561937
Fra_107,48,29.92439297561937
Fra_107,49,15.848376160909611
Fra_107,50,16.57359879846117
Fra_107,51,19.09179023775774
Fra_107,52,16.57359879846117
Fra_107,53,17.82907243380639
Fra_107,54,17.82907243380639
Fra_107,55,19.09179023775774
Fra_107,56,18.25866061728647
Fra_107,57,16.112269717347417
Fra_107,58,16.213986479088035
Fra_107,59,16.47259183632018
Fra_107,60,17.82907243380639
Fra_107,61,17.112283122901367
Fra_107,62,17.73587117694892
Fra_107,63,16.44905184211562
Fra_107,64,17.783878662819127
Fra_107,65,25.924834229086112
Fra_107,66,43.99999241686312
Fra_107,67,27.099242817014538
Fra_107,68,19.09179023775774
Fra_107,69,27.099242817014538
Fra_107,70,25.883841815450282
Fra_107,71,17.82907243380639
Fra_107,72,16.47259183632018
Fra_107,73,15.961939926135106
Fra_107,74,16.47259183632018
Fra_107,75,25.63069445376984
Fra_107,76,25.68545556283468
Fra_107,77,27.69630808327606
Fra_107,78,28.073569097581952
Fra_107,79,28.439644511066177
Fra_107,80,43.99999241686312
Fra_107,81,27.570488177241455
Fra_107,82,28.485018742491224
Fra_107,83,34.73582387969279
Fra_107,84,56.14720635567798
Fra_107,85,259.32808670127304
Fra_107,86,47.46085675726185
Fra_107,87,70.20908721497298
Fra_107,88,71.77445631774405
Fra_107,89,54.622566467188804
Fra_107,90,37.02105471986198
Fra_107,91,32.550310630297076
Fra_107,92,27.880672289969702
Fra_107,93,38.66996714853391
Fra_107,94,27.824828405669567
Fra_107,95,27.745214269765704
Fra_107,96,27.530223803470488
Fra_108,1,74.31868368186811
Fra_108,2,20.79435050570356
Fra_108,3,20.79415417231615
Fra_108,4,24.59110131746581
Fra_108,5,14.957188405134325
Fra_108,6,14.957188405134325
Fra_108,7,13.932372893255959
Fra_108,8,16.11677089043289
Fra_108,9,11.348825405786652
Fra_108,10,11.348825405786652
Fra_108,11,11.348825405786656
Fra_108,12,11.348825405786656
Fra_108,13,11.348825405786656
Fra_108,14,14.957188405134325
Fra_108,15,20.547813740031707
Fra_108,16,42.43909746605552
Fra_108,17,24.4944561713063
Fra_108,18,25.747928142104055
Fra_108,19,28.232309816190497
Fra_108,20,47.716127518043535
Fra_108,21,32.3015390376095
Fra_108,22,41.142302508654275
Fra_108,23,69.79663071498302
Fra_108,24,59.81209526725277
Fra_108,25,61.94972330547187
Fra_108,26,72.88646171764131
Fra_108,27,38.52833350973955
Fra_108,28,61.08939006376231
Fra_108,29,451.02924418666964
Fra_108,30,41.56517995736778
Fra_108,31,41.56517995736778
Fra_108,32,36.83480857730097
Fra_108,33,44.18686847760451
Fra_108,34,39.082966159537165
Fra_108,35,39.082966159537165
Fra_108,36,32.83745935265437
Fra_108,37,56.81045774526121
Fra_108,38,56.810457745261225
Fra_108,39,48.800213490276185
Fra_108,40,108.9731195667592
Fra_108,41,22.320073959829678
Fra_108,42,39.082966159537165
Fra_108,43,39.082966159537165
Fra_108,44,39.082966159537165
Fra_108,45,92.79277483610005
Fra_108,46,45.97828969309097
Fra_108,47,39.082966159537165
Fra_108,48,39.082966159537165
Fra_108,49,21.343398760657095
Fra_108,50,22.320073959829678
Fra_108,51,25.711384432201438
Fra_108,52,22.320073959829678
Fra_108,53,24.01085124581801
Fra_108,54,24.01085124581801
Fra_108,55,25.711384432201438
Fra_108,56,24.589388239752875
Fra_108,57,21.464850748045986
Fra_108,58,21.373843303333082
Fra_108,59,22.13596312480244
Fra_108,60,24.01085124581801
Fra_108,61,23.13668138416464
Fra_108,62,23.87090135771498
Fra_108,63,22.122874271446207
Fra_108,64,23.924077695359514
Fra_108,65,34.839119566506945
Fra_108,66,59.99228320706477
Fra_108,67,36.581114174797484
Fra_108,68,25.711384432201438
Fra_108,69,36.581114174797484
Fra_108,70,29.75153697370196
Fra_108,71,24.01085124581801
Fra_108,72,22.13596312480244
Fra_108,73,20.837433968707998
Fra_108,74,22.13596312480244
Fra_108,75,26.830587432140113
Fra_108,76,27.462450372984353
Fra_108,77,28.529994854400325
Fra_108,78,29.98737598263763
Fra_108,79,31.87169621334247
Fra_108,80,59.99228320706477
Fra_108,81,28.28607597451528
Fra_108,82,30.0503539248504
Fra_108,83,42.11632950082865
Fra_108,84,76.36820284036808
Fra_108,85,340.23204715438084
Fra_108,86,63.03029712182376
Fra_108,87,92.0756814893189
Fra_108,88,94.12971259419575
Fra_108,89,71.04141575060557
Fra_108,90,46.52491309444315
Fra_108,91,37.90032882245103
Fra_108,92,28.890345913738624
Fra_108,93,41.68942904737227
Fra_108,94,28.61906414215028
Fra_108,95,28.232309816190497
Fra_108,96,27.97032511337701
Fra_109,1,75.71944118748794
Fra_109,2,23.353636502126978
Fra_109,3,23.351655849993346
Fra_109,4,24.991174216927245
Fra_109,5,16.370397376844153
Fra_109,6,16.370397376844153
Fra_109,7,15.077602315813031
Fra_109,8,16.346312032615447
Fra_109,9,11.470045599578388
Fra_109,10,11.470045599578388
Fra_109,11,11.470045599578391
Fra_109,12,11.470045599578391
Fra_109,13,11.470045599578391
Fra_109,14,16.370397376844153
Fra_109,15,20.866522224723077
Fra_109,16,43.19833150200232
Fra_109,17,24.892584248489566
Fra_109,18,26.171280250816476
Fra_109,19,28.705655959981126
Fra_109,20,51.944210673922086
Fra_109,21,34.060515549066366
Fra_109,22,45.43613364822378
Fra_109,23,78.87428523401907
Fra_109,24,69.41848755326765
Fra_109,25,64.77935556232791
Fra_109,26,71.21938626884221
Fra_109,27,42.0726783140685
Fra_109,28,59.68416600118024
Fra_109,29,440.7961922558092
Fra_109,30,40.679775916818016
Fra_109,31,40.679775916818016
Fra_109,32,35.83223162174649
Fra_109,33,43.208623219672184
Fra_109,34,38.13607683527747
Fra_109,35,38.13607683527747
Fra_109,36,33.987127925955775
Fra_109,37,55.22439723914891
Fra_109,38,55.22439723914892
Fra_109,39,47.66776372420141
Fra_109,40,106.50505369771257
Fra_109,41,25.618286863118772
Fra_109,42,38.13607683527747
Fra_109,43,38.13607683527747
Fra_109,44,38.13607683527747
Fra_109,45,90.6838528140605
Fra_109,46,44.936605271731366
Fra_109,47,38.13607683527747
Fra_109,48,38.13607683527747
Fra_109,49,24.497289438579422
Fra_109,50,25.618286863118772
Fra_109,51,29.510727572745417
Fra_109,52,25.618286863118772
Fra_109,53,27.558908458371988
Fra_109,54,27.558908458371988
Fra_109,55,29.510727572745417
Fra_109,56,28.2229352307843
Fra_109,57,24.542931813941912
Fra_109,58,24.455958261230702
Fra_109,59,25.386478220623513
Fra_109,60,27.558908458371988
Fra_109,61,26.63893922772852
Fra_109,62,27.362600691038185
Fra_109,63,25.319103071405383
Fra_109,64,27.395266352398338
Fra_109,65,39.80311959764742
Fra_109,66,69.69084675121621
Fra_109,67,42.083894357491275
Fra_109,68,29.510727572745417
Fra_109,69,42.083894357491275
Fra_109,70,31.9714164160933
Fra_109,71,27.558908458371988
Fra_109,72,25.386478220623513
Fra_109,73,23.788271456740485
Fra_109,74,25.386478220623513
Fra_109,75,27.519270910741344
Fra_109,76,28.48236380640771
Fra_109,77,29.174915262949465
Fra_109,78,31.28319296853394
Fra_109,79,34.04966538609268
Fra_109,80,69.69084675121621
Fra_109,81,28.85196973830914
Fra_109,82,31.122323509712693
Fra_109,83,46.6832228704779
Fra_109,84,87.80020139526988
Fra_109,85,332.63088787532945
Fra_109,86,65.44337835568567
Fra_109,87,89.98267628904756
Fra_109,88,91.99111549553427
Fra_109,89,80.77636698007299
Fra_109,90,52.35086650012411
Fra_109,91,41.26460992603021
Fra_109,92,29.67125320009402
Fra_109,93,43.66633314163982
Fra_109,94,29.273176360670348
Fra_109,95,28.705655959981126
Fra_109,96,28.39800354207647
Fra_110,1,75.72831781858928
Fra_110,2,23.371065546104823
Fra_110,3,23.369072622470746
Fra_110,4,24.99370948768461
Fra_110,5,16.380006616282646
Fra_110,6,16.380006616282646
Fra_110,7,15.085379396421821
Fra_110,8,16.347766639878703
Fra_110,9,11.470821880823406
Fra_110,10,11.470821880823406
Fra_110,11,11.47082188082341
Fra_110,12,11.47082188082341
Fra_110,13,11.47082188082341
Fra_110,14,16.380006616282646
Fra_110,15,20.86854188739568
Fra_110,16,43.20314278477585
Fra_110,17,24.89510719486541
Fra_110,18,26.173963042434536
Fra_110,19,28.70865556489833
Fra_110,20,51.97282531895902
Fra_110,21,34.07231416018737
Fra_110,22,45.465272194018425
Fra_110,23,78.93681854416577
Fra_110,24,69.48401786132541
Fra_110,25,64.80821643206716
Fra_110,26,71.22594697529661
Fra_110,27,42.096689921241996
Fra_110,28,59.68961544401568
Fra_110,29,440.8373079830442
Fra_110,30,40.68386036548145
Fra_110,31,40.68386036548145
Fra_110,32,35.83444434644883
Fra_110,33,43.212764595475726
Fra_110,34,38.13917911601609
Fra_110,35,38.13917911601609
Fra_110,36,34.00028617606262
Fra_110,37,55.227735668294024
Fra_110,38,55.22773566829404
Fra_110,39,47.6720555479909
Fra_110,40,106.5150137045335
Fra_110,41,25.641007288309964
Fra_110,42,38.13917911601609
Fra_110,43,38.13917911601609
Fra_110,44,38.13917911601609
Fra_110,45,90.69228866056702
Fra_110,46,44.940785546315496
Fra_110,47,38.13917911601609
Fra_110,48,38.13917911601609
Fra_110,49,24.51901567012059
Fra_110,50,25.641007288309964
Fra_110,51,29.536900137746997
Fra_110,52,25.641007288309964
Fra_110,53,27.583349988023244
Fra_110,54,27.583349988023244
Fra_110,55,29.536900137746997
Fra_110,56,28.24796567454555
Fra_110,57,24.56412780312055
Fra_110,58,24.477027534343534
Fra_110,59,25.408870069552908
Fra_110,60,27.583349988023244
Fra_110,61,26.663027936535293
Fra_110,62,27.386715940697144
Fra_110,63,25.34124744917895
Fra_110,64,27.419289570886555
Fra_110,65,39.83763489389958
Fra_110,66,69.75695692677796
Fra_110,67,42.121719707328666
Fra_110,68,29.536900137746997
Fra_110,69,42.121719707328666
Fra_110,70,31.986708517083514
Fra_110,71,27.583349988023244
Fra_110,72,25.408870069552908
Fra_110,73,23.808393362805557
Fra_110,74,25.408870069552908
Fra_110,75,27.52401505004186
Fra_110,76,28.489389692105533
Fra_110,77,29.17915389996115
Fra_110,78,31.29186711453771
Fra_110,79,34.064410968947136
Fra_110,80,69.75695692677796
Fra_110,81,28.855680209430933
Fra_110,82,31.12950622392703
Fra_110,83,46.714241839755694
Fra_110,84,87.87935450525072
Fra_110,85,332.6626320706613
Fra_110,86,65.47018802238931
Fra_110,87,89.9910445866088
Fra_110,88,91.99967727925088
Fra_110,89,80.84308245886768
Fra_110,90,52.390508236416835
Fra_110,91,41.28738978887665
Fra_110,92,29.67636122774665
Fra_110,93,43.6796797938016
Fra_110,94,29.277415170574812
Fra_110,95,28.70865556489833
Fra_110,96,28.40071374967938
Fra_111,1,72.97062224440693
Fra_111,2,16.903952591572242
Fra_111,3,16.906610176804193
Fra_111,4,24.206079037896732
Fra_111,5,12.82649959897938
Fra_111,6,12.82649959897938
Fra_111,7,12.217514188985225
Fra_111,8,15.895865015686086
Fra_111,9,11.229182097419894
Fra_111,10,11.229182097419894
Fra_111,11,11.229182097419898
Fra_111,12,11.229182097419898
Fra_111,13,11.229182097419898
Fra_111,14,12.82649959897938
Fra_111,15,20.241094970879722
Fra_111,16,41.70842558190596
Fra_111,17,24.111305550397194
Fra_111,18,25.340502410003086
Fra_111,19,27.77677080929241
Fra_111,20,41.50012119035358
Fra_111,21,29.84017088608112
Fra_111,22,34.73658050670198
Fra_111,23,55.15657532587444
Fra_111,24,45.080078103589365
Fra_111,25,47.920543611403005
Fra_111,26,57.25936207652286
Fra_111,27,33.28884774061112
Fra_111,28,47.997489367619785
Fra_111,29,354.17261261055813
Fra_111,30,32.65375449154471
Fra_111,31,32.65375449154471
Fra_111,32,29.14319169492991
Fra_111,33,34.718168728528155
Fra_111,34,30.81162271968687
Fra_111,35,30.811622719686866
Fra_111,36,25.636033748420324
Fra_111,37,44.84105945597318
Fra_111,38,44.84105945597319
Fra_111,39,38.34926543033135
Fra_111,40,85.59097192805493
Fra_111,41,17.00085637031159
Fra_111,42,30.81162271968687
Fra_111,43,30.81162271968687
Fra_111,44,30.811622719686866
Fra_111,45,72.88779459062984
Fra_111,46,36.12879986687196
Fra_111,47,30.811622719686866
Fra_111,48,30.811622719686866
Fra_111,49,16.256937922215855
Fra_111,50,17.00085637031159
Fra_111,51,19.58396529511579
Fra_111,52,17.00085637031159
Fra_111,53,18.288695373220172
Fra_111,54,18.288695373220172
Fra_111,55,19.58396529511579
Fra_111,56,18.729358085919962
Fra_111,57,16.51009780726099
Fra_111,58,16.594728387722903
Fra_111,59,16.89367053191278
Fra_111,60,18.288695373220172
Fra_111,61,17.559128143455425
Fra_111,62,18.192722738778244
Fra_111,63,16.87234587224861
Fra_111,64,18.241674660066202
Fra_111,65,26.591258170373333
Fra_111,66,45.17654161894147
Fra_111,67,27.80277401002247
Fra_111,68,19.58396529511579
Fra_111,69,27.80277401002247
Fra_111,70,26.17140975850543
Fra_111,71,18.288695373220172
Fra_111,72,16.89367053191278
Fra_111,73,16.32077121557085
Fra_111,74,16.89367053191278
Fra_111,75,25.719907988331915
Fra_111,76,25.81757733600085
Fra_111,77,27.754286777665122
Fra_111,78,28.21111331188873
Fra_111,79,28.689811363183356
Fra_111,80,45.17654161894147
Fra_111,81,27.61995615718839
Fra_111,82,28.59722230295768
Fra_111,83,35.27661734245778
Fra_111,84,57.66238432775226
Fra_111,85,267.15219431918206
Fra_111,86,48.83833420600908
Fra_111,87,72.32480510534478
Fra_111,88,73.93742348994547
Fra_111,89,55.83830600604237
Fra_111,90,37.718750784738795
Fra_111,91,32.94103069939
Fra_111,92,27.950899797195934
Fra_111,93,38.88858934211641
Fra_111,94,27.879113430917
Fra_111,95,27.77677080929241
Fra_111,96,27.558735816121303
Fra_112,1,72.95695600807525
Fra_112,2,16.839895064225683
Fra_112,3,16.842601186429583
Fra_112,4,24.202175799276198
Fra_112,5,12.791608217900661
Fra_112,6,12.791608217900661
Fra_112,7,12.189562177527986
Fra_112,8,15.89362553919974
Fra_112,9,11.227914336254791
Fra_112,10,11.227914336254791
Fra_112,11,11.227914336254795
Fra_112,12,11.227914336254795
Fra_112,13,11.227914336254795
Fra_112,14,12.791608217900661
Fra_112,15,20.23798554940225
Fra_112,16,41.70101825285388
Fra_112,17,24.107421286082186
Fra_112,18,25.336372052003245
Fra_112,19,27.772152693564475
Fra_112,20,41.40007675185893
Fra_112,21,29.801963060794023
Fra_112,22,34.63243209078755
Fra_112,23,54.90633584899247
Fra_112,24,44.83609625658859
Fra_112,25,47.54547907673869
Fra_112,26,56.732853239812705
Fra_112,27,33.20419613175804
Fra_112,28,47.556237905239215
Fra_112,29,350.91134179761036
Fra_112,30,32.355075897858036
Fra_112,31,32.355075897858036
Fra_112,32,28.88134651320622
Fra_112,33,34.39995345406076
Fra_112,34,30.532272080625695
Fra_112,35,30.53227208062569
Fra_112,36,25.438047886472525
Fra_112,37,44.43208237673247
Fra_112,38,44.43208237673248
Fra_112,39,37.99682778192671
Fra_112,40,84.80366500629331
Fra_112,41,16.90993607037798
Fra_112,42,30.532272080625695
Fra_112,43,30.532272080625695
Fra_112,44,30.532272080625695
Fra_112,45,72.21742293449664
Fra_112,46,35.797235018585766
Fra_112,47,30.53227208062569
Fra_112,48,30.53227208062569
Fra_112,49,16.169996085893352
Fra_112,50,16.90993607037798
Fra_112,51,19.479230571185603
Fra_112,52,16.90993607037798
Fra_112,53,18.190887731504464
Fra_112,54,18.190887731504464
Fra_112,55,19.479230571185603
Fra_112,56,18.629193787272655
Fra_112,57,16.425504435612112
Fra_112,58,16.515011719528108
Fra_112,59,16.80406509523643
Fra_112,60,18.190887731504464
Fra_112,61,17.4645063568528
Fra_112,62,18.095170453180607
Fra_112,63,16.781586273975453
Fra_112,64,18.14365551232288
Fra_112,65,26.447717472025456
Fra_112,66,44.93179687730945
Fra_112,67,27.65371882103546
Fra_112,68,19.479230571185603
Fra_112,69,27.65371882103546
Fra_112,70,26.11021537517214
Fra_112,71,18.190887731504464
Fra_112,72,16.80406509523643
Fra_112,73,16.246062719159916
Fra_112,74,16.80406509523643
Fra_112,75,25.700923371428832
Fra_112,76,25.78946185710599
Fra_112,77,27.743736444831047
Fra_112,78,28.183970914498875
Fra_112,79,28.63881317842645
Fra_112,80,44.93179687730945
Fra_112,81,27.611094504316274
Fra_112,82,28.57520201114521
Fra_112,83,35.165113688500504
Fra_112,84,57.334981601915366
Fra_112,85,264.69358035319163
Fra_112,86,48.44877868170252
Fra_112,87,71.65961587902888
Fra_112,88,73.25738979171898
Fra_112,89,55.581941286923325
Fra_112,90,37.574292432350845
Fra_112,91,32.86106318825452
Fra_112,92,27.93813503348024
Fra_112,93,38.84466767975703
Fra_112,94,27.869707201948653
Fra_112,95,27.772152693564475
Fra_112,96,27.55456324916584
Fra_113,1,75.71672262354576
Fra_113,2,23.348298669568027
Fra_113,3,23.346321775713662
Fra_113,4,24.990397762934062
Fra_113,5,16.36745444370297
Fra_113,6,16.36745444370297
Fra_113,7,15.075220501059457
Fra_113,8,16.345866543464126
Fra_113,9,11.469807855080774
Fra_113,10,11.469807855080774
Fra_113,11,11.469807855080777
Fra_113,12,11.469807855080777
Fra_113,13,11.469807855080777
Fra_113,14,16.36745444370297
Fra_113,15,20.86590368126279
Fra_113,16,43.19685799479959
Fra_113,17,24.89181156897105
Fra_113,18,26.170458616969807
Fra_113,19,28.704737298647157
Fra_113,20,51.9354471304865
Fra_113,21,34.05690209725159
Fra_113,22,45.42720965453482
Fra_113,23,78.85513373383662
Fra_113,24,69.39841819017501
Fra_113,25,64.77051660992353
Fra_113,26,71.2173769817828
Fra_113,27,42.065324500587614
Fra_113,28,59.682497050580736
Fra_113,29,440.7836001212204
Fra_113,30,40.67852501039486
Fra_113,31,40.67852501039486
Fra_113,32,35.831553950958806
Fra_113,33,43.20735487869884
Fra_113,34,38.135126728366544
Fra_113,35,38.13512672836654
Fra_113,36,33.98309807004805
Fra_113,37,55.22337480924338
Fra_113,38,55.223374809243396
Fra_113,39,47.66644930691092
Fra_113,40,106.50200333828009
Fra_113,41,25.611328488035575
Fra_113,42,38.135126728366544
Fra_113,43,38.13512672836654
Fra_113,44,38.13512672836654
Fra_113,45,90.68126924515089
Fra_113,46,44.93532501758723
Fra_113,47,38.13512672836654
Fra_113,48,38.13512672836654
Fra_113,49,24.490635546016424
Fra_113,50,25.611328488035575
Fra_113,51,29.502711942639998
Fra_113,52,25.611328488035575
Fra_113,53,27.55142297649877
Fra_113,54,27.55142297649877
Fra_113,55,29.502711942639998
Fra_113,56,28.2152693876179
Fra_113,57,24.536440313817106
Fra_113,58,24.449505569266744
Fra_113,59,25.379620475561705
Fra_113,60,27.55142297649877
Fra_113,61,26.63156180104145
Fra_113,62,27.355215135929075
Fra_113,63,25.312321117052157
Fra_113,64,27.387908982827128
Fra_113,65,39.79254891618309
Fra_113,66,69.67059979745099
Fra_113,67,42.07230993644252
Fra_113,68,29.502711942639998
Fra_113,69,42.07230993644252
Fra_113,70,31.9667330453551
Fra_113,71,27.55142297649877
Fra_113,72,25.379620475561705
Fra_113,73,23.782108906145115
Fra_113,74,25.379620475561705
Fra_113,75,27.517817966950805
Fra_113,76,28.480212053191575
Fra_113,77,29.173617134682946
Fra_113,78,31.280536417835094
Fra_113,79,34.04514939242366
Fra_113,80,69.67059979745099
Fra_113,81,28.850833366538684
Fra_113,82,31.1201237260732
Fra_113,83,46.673722976831044
Fra_113,84,87.77595990226916
Fra_113,85,332.62116587338727
Fra_113,86,65.43516760631769
Fra_113,87,89.98011340773044
Fra_113,88,91.98849335699678
Fra_113,89,80.75593464566906
Fra_113,90,52.338725791147446
Fra_113,91,41.25763334752456
Fra_113,92,29.669688811573895
Fra_113,93,43.662245585572364
Fra_113,94,29.271878179453555
Fra_113,95,28.704737298647157
Fra_113,96,28.397173511788967
Fra_114,1,74.91341866007086
Fra_114,2,21.880803795615734
Fra_114,3,21.879850010495705
Fra_114,4,24.76096465654206
Fra_114,5,15.557117804590755
Fra_114,6,15.557117804590755
Fra_114,7,14.418542178242404
Fra_114,8,16.214229690863995
Fra_114,9,11.400245698319864
Fra_114,10,11.400245698319864
Fra_114,11,11.400245698319868
Fra_114,12,11.400245698319868
Fra_114,13,11.400245698319868
Fra_114,14,15.557117804590755
Fra_114,15,20.683131297093148
Fra_114,16,42.761453788265484
Fra_114,17,24.66349377585636
Fra_114,18,25.92767539038723
Fra_114,19,28.43328358030044
Fra_114,20,49.51103419798247
Fra_114,21,33.04827500293329
Fra_114,22,42.96510939812106
Fra_114,23,73.6501234553116
Fra_114,24,63.890129895434235
Fra_114,25,63.13429732494772
Fra_114,26,72.14759213736808
Fra_114,27,40.03297601831821
Fra_114,28,60.46672916898442
Fra_114,29,446.4928714234215
Fra_114,30,41.171746365519844
Fra_114,31,41.171746365519844
Fra_114,32,36.393956312293625
Fra_114,33,43.75282020668619
Fra_114,34,38.66465010596813
Fra_114,35,38.66465010596812
Fra_114,36,33.31673389635798
Fra_114,37,56.112986258262715
Fra_114,38,56.11298625826273
Fra_114,39,48.29860882854705
Fra_114,40,107.87877337367865
Fra_114,41,23.720175654846837
Fra_114,42,38.66465010596813
Fra_114,43,38.66465010596812
Fra_114,44,38.66465010596812
Fra_114,45,91.85781536602828
Fra_114,46,45.51648907967076
Fra_114,47,38.66465010596812
Fra_114,48,38.66465010596812
Fra_114,49,22.682235219532842
Fra_114,50,23.720175654846837
Fra_114,51,27.3242174805843
Fra_114,52,23.720175654846837
Fra_114,53,25.517012631688758
Fra_114,54,25.517012631688758
Fra_114,55,27.3242174805843
Fra_114,56,26.13184030401905
Fra_114,57,22.771506919933024
Fra_114,58,22.682233674795924
Fra_114,59,23.515816951339676
Fra_114,60,25.517012631688758
Fra_114,61,24.623217493587443
Fra_114,62,25.35294570391679
Fra_114,63,23.47928945666184
Fra_114,64,25.39726177936437
Fra_114,65,36.945357292338244
Fra_114,66,64.10945259323786
Fra_114,67,38.9170731031234
Fra_114,68,27.3242174805843
Fra_114,69,38.9170731031234
Fra_114,70,30.69388274129216
Fra_114,71,25.517012631688758
Fra_114,72,23.515816951339676
Fra_114,73,22.09010271555944
Fra_114,74,23.515816951339676
Fra_114,75,27.122935723167153
Fra_114,76,27.895406815997106
Fra_114,77,28.80362610628798
Fra_114,78,30.537376612406703
Fra_114,79,32.79609888636951
Fra_114,80,64.10945259323786
Fra_114,81,28.526148954236508
Fra_114,82,30.505170071894227
Fra_114,83,44.05501234158642
Fra_114,84,81.21908491200602
Fra_114,85,336.85965291916756
Fra_114,86,64.0366681793535
Fra_114,87,91.14778584641134
Fra_114,88,93.18158343388086
Fra_114,89,75.17317503526117
Fra_114,90,48.99804597847002
Fra_114,91,39.328532504628555
Fra_114,92,29.22188179490043
Fra_114,93,42.52819570531492
Fra_114,94,28.89677452263191
Fra_114,95,28.43328358030044
Fra_114,96,28.15190923478981
Fra_115,1,82.22089340313153
Fra_115,2,26.922972757588227
Fra_115,3,26.9193276313074
Fra_115,4,26.848065811787226
Fra_115,5,18.443480889888757
Fra_115,6,18.443480889888757
Fra_115,7,16.826260651885313
Fra_115,8,17.411700411001323
Fra_115,9,12.331045203173412
Fra_115,10,12.331045203173412
Fra_115,11,12.331045203173415
Fra_115,12,12.331045203173415
Fra_115,13,12.331045203173415
Fra_115,14,18.443480889888757
Fra_115,15,22.345770399819756
Fra_115,16,46.72222752639956
Fra_115,17,26.740449178092568
Fra_115,18,28.136219574106285
Fra_115,19,30.902636752850167
Fra_115,20,59.070111067574864
Fra_115,21,37.75055006513123
Fra_115,22,52.131142526052784
Fra_115,23,86.63871922995531
Fra_115,24,82.06381379775277
Fra_115,25,64.1330262582128
Fra_115,26,60.64611402723395
Fra_115,27,47.87919946683717
Fra_115,28,50.759979486344704
Fra_115,29,379.65489612692403
Fra_115,30,34.65551244760771
Fra_115,31,34.65551244760771
Fra_115,32,28.3196515085422
Fra_115,33,36.74947526421067
Fra_115,34,31.33083449306996
Fra_115,35,31.33083449306996
Fra_115,36,31.14748845484254
Fra_115,37,44.744940994928264
Fra_115,38,44.74494099492828
Fra_115,39,40.461453159916864
Fra_115,40,90.88730990147545
Fra_115,41,28.439363203756237
Fra_115,42,31.33083449306996
Fra_115,43,31.33083449306996
Fra_115,44,31.33083449306996
Fra_115,45,77.32792248581386
Fra_115,46,38.18029718876316
Fra_115,47,31.33083449306996
Fra_115,48,31.33083449306996
Fra_115,49,27.194921954531008
Fra_115,50,28.439363203756237
Fra_115,51,32.76043805476532
Fra_115,52,28.439363203756237
Fra_115,53,30.59368533635415
Fra_115,54,30.59368533635415
Fra_115,55,32.76043805476532
Fra_115,56,31.33083449306996
Fra_115,57,27.2307062141958
Fra_115,58,28.207498306995923
Fra_115,59,28.166756965686073
Fra_115,60,30.59368533635415
Fra_115,61,31.33083449306996
Fra_115,62,31.33083449306996
Fra_115,63,30.05723767452664
Fra_115,64,32.126508848014005
Fra_115,65,49.115530215999335
Fra_115,66,82.79296163340692
Fra_115,67,47.35126340992646
Fra_115,68,32.76043805476532
Fra_115,69,47.35126340992646
Fra_115,70,33.87015659983116
Fra_115,71,30.59368533635415
Fra_115,72,28.166756965686073
Fra_115,73,27.72286046564405
Fra_115,74,28.166756965686073
Fra_115,75,28.108325870089896
Fra_115,76,29.35473127961105
Fra_115,77,32.411860760927475
Fra_115,78,34.98903821693539
Fra_115,79,39.120943661699506
Fra_115,80,82.79296163340692
Fra_115,81,31.97813289652708
Fra_115,82,35.46128981348269
Fra_115,83,53.920851550281185
Fra_115,84,102.75288739333078
Fra_115,85,284.6859863010758
Fra_115,86,63.87099669778303
Fra_115,87,76.72698680341304
Fra_115,88,78.44829768884001
Fra_115,89,95.28188289769781
Fra_115,90,61.25665721551593
Fra_115,91,46.857672366714745
Fra_115,92,32.20182361401084
Fra_115,93,50.838992951103165
Fra_115,94,31.666221213727326
Fra_115,95,30.902636752850167
Fra_115,96,30.383022973845048
Fra_116,1,82.48303222415129
Fra_116,2,26.90931083432527
Fra_116,3,26.9057240858367
Fra_116,4,26.922935757345982
Fra_116,5,18.44199197628024
Fra_116,6,18.44199197628024
Fra_116,7,16.829125881044945
Fra_116,8,17.454656914283195
Fra_116,9,12.354122323261164
Fra_116,10,12.354122323261164
Fra_116,11,12.354122323261167
Fra_116,12,12.354122323261167
Fra_116,13,12.354122323261167
Fra_116,14,18.44199197628024
Fra_116,15,22.4054137471449
Fra_116,16,46.86431115919301
Fra_116,17,26.814955168136507
Fra_116,18,28.215446008523994
Fra_116,19,30.991219108875182
Fra_116,20,59.120410303666006
Fra_116,21,37.814486363353666
Fra_116,22,52.15010965898817
Fra_116,23,86.3000171302266
Fra_116,24,81.96793173976123
Fra_116,25,64.34411973341305
Fra_116,26,61.09976306911588
Fra_116,27,47.91146273696166
Fra_116,28,51.13707289980847
Fra_116,29,382.538502549649
Fra_116,30,34.90241878230465
Fra_116,31,34.90241878230465
Fra_116,32,28.417856535589696
Fra_116,33,37.01479230303856
Fra_116,34,31.49971134383287
Fra_116,35,31.49971134383287
Fra_116,36,31.13951744651362
Fra_116,37,44.98599953998555
Fra_116,38,44.98599953998556
Fra_116,39,40.758797491326405
Fra_116,40,91.57513881868617
Fra_116,41,28.31630149950723
Fra_116,42,31.49971134383287
Fra_116,43,31.49971134383287
Fra_116,44,31.49971134383287
Fra_116,45,77.91075106944852
Fra_116,46,38.45819441235277
Fra_116,47,31.49971134383287
Fra_116,48,31.49971134383287
Fra_116,49,27.077245147963083
Fra_116,50,28.31630149950723
Fra_116,51,32.618678363801806
Fra_116,52,28.31630149950723
Fra_116,53,30.46130153332116
Fra_116,54,30.46130153332116
Fra_116,55,32.618678363801806
Fra_116,56,31.19526092693077
Fra_116,57,27.119117692549082
Fra_116,58,28.158619092349248
Fra_116,59,28.045474944449673
Fra_116,60,30.46130153332116
Fra_116,61,31.23035539762533
Fra_116,62,31.190011902279906
Fra_116,63,29.9164580730847
Fra_116,64,31.978069570701678
Fra_116,65,48.87590827112223
Fra_116,66,82.71604701354339
Fra_116,67,47.17918329689513
Fra_116,68,32.618678363801806
Fra_116,69,47.17918329689513
Fra_116,70,33.78732927624159
Fra_116,71,30.46130153332116
Fra_116,72,28.045474944449673
Fra_116,73,27.696388100478824
Fra_116,74,28.045474944449673
Fra_116,75,28.082629965959427
Fra_116,76,29.316676645485288
Fra_116,77,32.48420275305367
Fra_116,78,35.052383599320265
Fra_116,79,39.15957021241965
Fra_116,80,82.71604701354339
Fra_116,81,32.04753264233899
Fra_116,82,35.52461945389667
Fra_116,83,53.93306045118014
Fra_116,84,102.69766310637769
Fra_116,85,286.8745412499842
Fra_116,86,64.10493656358067
Fra_116,87,77.30516189901203
Fra_116,88,79.0398021636814
Fra_116,89,95.2469406275802
Fra_116,90,61.24499471840489
Fra_116,91,46.89313002685727
Fra_116,92,32.28311118601362
Fra_116,93,50.913462458601366
Fra_116,94,31.750516131284975
Fra_116,95,30.991219108875182
Fra_116,96,30.46305903906338
Fra_117,1,74.31868368186827
Fra_117,2,20.794350505703648
Fra_117,3,20.79415417231624
Fra_117,4,24.591101317465856
Fra_117,5,14.957188405134376
Fra_117,6,14.957188405134376
Fra_117,7,13.932372893256002
Fra_117,8,16.116770890432917
Fra_117,9,11.348825405786666
Fra_117,10,11.348825405786666
Fra_117,11,11.34882540578667
Fra_117,12,11.34882540578667
Fra_117,13,11.34882540578667
Fra_117,14,14.957188405134376
Fra_117,15,20.547813740031742
Fra_117,16,42.439097466055614
Fra_117,17,24.494456171306346
Fra_117,18,25.747928142104104
Fra_117,19,28.23230981619055
Fra_117,20,47.71612751804372
Fra_117,21,32.301539037609594
Fra_117,22,41.14230250865444
Fra_117,23,69.79663071498322
Fra_117,24,59.812095267253085
Fra_117,25,61.94972330547219
Fra_117,26,72.88646171764168
Fra_117,27,38.528333509739696
Fra_117,28,61.089390063762615
Fra_117,29,451.0292441866719
Fra_117,30,41.56517995736798
Fra_117,31,41.56517995736798
Fra_117,32,36.83480857730109
Fra_117,33,44.18686847760473
Fra_117,34,39.08296615953732
Fra_117,35,39.08296615953732
Fra_117,36,32.83745935265448
Fra_117,37,56.81045774526143
Fra_117,38,56.810457745261445
Fra_117,39,48.80021349027643
Fra_117,40,108.97311956675975
Fra_117,41,22.32007395982975
Fra_117,42,39.08296615953732
Fra_117,43,39.08296615953732
Fra_117,44,39.08296615953732
Fra_117,45,92.7927748361005
Fra_117,46,45.9782896930912
Fra_117,47,39.08296615953732
Fra_117,48,39.08296615953732
Fra_117,49,21.343398760657166
Fra_117,50,22.32007395982975
Fra_117,51,25.71138443220152
Fra_117,52,22.32007395982975
Fra_117,53,24.010851245818085
Fra_117,54,24.010851245818085
Fra_117,55,25.71138443220152
Fra_117,56,24.589388239752953
Fra_117,57,21.464850748046054
Fra_117,58,21.373843303333178
Fra_117,59,22.135963124802508
Fra_117,60,24.010851245818085
Fra_117,61,23.13668138416473
Fra_117,62,23.870901357715056
Fra_117,63,22.12287427144628
Fra_117,64,23.92407769535959
Fra_117,65,34.83911956650706
Fra_117,66,59.99228320706511
Fra_117,67,36.58111417479762
Fra_117,68,25.71138443220152
Fra_117,69,36.58111417479762
Fra_117,70,29.751536973702006
Fra_117,71,24.010851245818085
Fra_117,72,22.135963124802508
Fra_117,73,20.837433968708098
Fra_117,74,22.135963124802508
Fra_117,75,26.830587432140128
Fra_117,76,27.462450372984375
Fra_117,77,28.529994854400385
Fra_117,78,29.987375982637708
Fra_117,79,31.871696213342574
Fra_117,80,59.99228320706511
Fra_117,81,28.286075974515335
Fra_117,82,30.050353924850473
Fra_117,83,42.11632950082882
Fra_117,84,76.3682028403685
Fra_117,85,340.23204715438254
Fra_117,86,63.030297121824084
Fra_117,87,92.07568148931935
Fra_117,88,94.12971259419622
Fra_117,89,71.04141575060594
Fra_117,90,46.52491309444336
Fra_117,91,37.90032882245117
Fra_117,92,28.890345913738688
Fra_117,93,41.68942904737239
Fra_117,94,28.619064142150336
Fra_117,95,28.23230981619055
Fra_117,96,27.97032511337706
Fra_118,1,73.68980795895995
Fra_118,2,19.16061136592986
Fra_118,3,19.161602137784413
Fra_118,4,24.411486978184833
Fra_118,5,14.061014303429452
Fra_118,6,14.061014303429452
Fra_118,7,13.210142422861786
Fra_118,8,16.013717470302655
Fra_118,9,11.293352476334515
Fra_118,10,11.293352476334515
Fra_118,11,11.293352476334519
Fra_118,12,11.293352476334519
Fra_118,13,11.293352476334519
Fra_118,14,14.061014303429452
Fra_118,15,20.404728282411003
Fra_118,16,42.098236288230716
Fra_118,17,24.31571496781878
Fra_118,18,25.557862508085975
Fra_118,19,28.019799158801302
Fra_118,20,45.08880450542016
Fra_118,21,31.250837746066725
Fra_118,22,38.44252269469926
Fra_118,23,63.71623659174686
Fra_118,24,53.635894964019656
Fra_118,25,57.10103395044867
Fra_118,26,68.27236941748893
Fra_118,27,36.31614055957519
Fra_118,28,57.22500633309211
Fra_118,29,422.41483922623684
Fra_118,30,38.922674248345004
Fra_118,31,38.922674248345004
Fra_118,32,34.583772080439054
Fra_118,33,41.38532548554989
Fra_118,34,36.645879898963244
Fra_118,35,36.64587989896324
Fra_118,36,30.38850969354193
Fra_118,37,53.31805380418673
Fra_118,38,53.31805380418675
Fra_118,39,45.716811791362375
Fra_118,40,102.06570588760519
Fra_118,41,20.110865147984498
Fra_118,42,36.645879898963244
Fra_118,43,36.645879898963244
Fra_118,44,36.64587989896324
Fra_118,45,86.91362846409274
Fra_118,46,43.06807522436113
Fra_118,47,36.64587989896324
Fra_118,48,36.64587989896324
Fra_118,49,19.23085985502307
Fra_118,50,20.110865147984498
Fra_118,51,23.16650858839434
Fra_118,52,20.110865147984498
Fra_118,53,21.634291730485213
Fra_118,54,21.634291730485213
Fra_118,55,23.16650858839434
Fra_118,56,22.15556596501885
Fra_118,57,19.406298251868407
Fra_118,58,19.374444224115166
Fra_118,59,19.958703256113406
Fra_118,60,21.634291730485213
Fra_118,61,20.81466953512713
Fra_118,62,21.51601053716044
Fra_118,63,19.949143506556748
Fra_118,64,21.57013884276226
Fra_118,65,31.43113676275247
Fra_118,66,53.77639322689575
Fra_118,67,32.927948710138104
Fra_118,68,23.16650858839434
Fra_118,69,32.927948710138104
Fra_118,70,28.264617429947126
Fra_118,71,21.634291730485213
Fra_118,72,19.958703256113406
Fra_118,73,18.943196064815062
Fra_118,74,19.958703256113406
Fra_118,75,26.36929349687572
Fra_118,76,26.779292004950808
Fra_118,77,28.18766489318297
Fra_118,78,29.2258095656795
Fra_118,79,30.524984667792452
Fra_118,80,53.77639322689575
Fra_118,81,27.990606354299704
Fra_118,82,29.425736773616567
Fra_118,83,39.23578592170552
Fra_118,84,68.65336946109097
Fra_118,85,318.6280371614552
Fra_118,86,58.19872575337831
Fra_118,87,86.24210668311824
Fra_118,88,88.16560329888713
Fra_118,89,64.70047536245161
Fra_118,90,42.822771077170785
Fra_118,91,35.80527836175306
Fra_118,92,28.47593868602866
Fra_118,93,40.49644513668374
Fra_118,94,28.287890736229585
Fra_118,95,28.019799158801302
Fra_118,96,27.77831716057894
Fra_119,1,75.71809545656433
Fra_119,2,23.35099419299162
Fra_119,3,23.349015401263973
Fra_119,4,24.990789860269974
Fra_119,5,16.368940579719514
Fra_119,6,16.368940579719514
Fra_119,7,15.076423280912142
Fra_119,8,16.34609150864036
Fra_119,9,11.469927912398992
Fra_119,10,11.469927912398992
Fra_119,11,11.469927912398996
Fra_119,12,11.469927912398996
Fra_119,13,11.469927912398996
Fra_119,14,16.368940579719514
Fra_119,15,20.866216036205973
Fra_119,16,43.19760209329572
Fra_119,17,24.892201760255254
Fra_119,18,26.170873529437518
Fra_119,19,28.705201208505073
Fra_119,20,51.93987258526489
Fra_119,21,34.05872683489541
Fra_119,22,45.431716134225766
Fra_119,23,78.86480494715566
Fra_119,24,69.40855291016021
Fra_119,25,64.77498014507256
Fra_119,26,71.21839164087419
Fra_119,27,42.06903806340014
Fra_119,28,59.68333984498929
Fra_119,29,440.7899589557038
Fra_119,30,40.679156698917794
Fra_119,31,40.679156698917794
Fra_119,32,35.8318961642939
Fra_119,33,43.207995371401736
Fra_119,34,38.13560651775775
Fra_119,35,38.13560651775775
Fra_119,36,33.9851330853606
Fra_119,37,55.22389112063563
Fra_119,38,55.22389112063564
Fra_119,39,47.667113067445996
Fra_119,40,106.50354372292331
Fra_119,41,25.614842360533416
Fra_119,42,38.13560651775775
Fra_119,43,38.13560651775775
Fra_119,44,38.13560651775775
Fra_119,45,90.68257390775253
Fra_119,46,44.93597152625833
Fra_119,47,38.13560651775775
Fra_119,48,38.13560651775775
Fra_119,49,24.493995659520102
Fra_119,50,25.614842360533416
Fra_119,51,29.506759712678765
Fra_119,52,25.614842360533416
Fra_119,53,27.555203029826288
Fra_119,54,27.555203029826288
Fra_119,55,29.506759712678765
Fra_119,56,28.219140520627132
Fra_119,57,24.539718421634742
Fra_119,58,24.45276407955945
Fra_119,59,25.383083531444978
Fra_119,60,27.555203029826288
Fra_119,61,26.635287288160285
Fra_119,62,27.358944727776148
Fra_119,63,25.31574589979215
Fra_119,64,27.391624341410644
Fra_119,65,39.79788694789835
Fra_119,66,69.68082419799707
Fra_119,67,42.07815989107128
Fra_119,68,29.506759712678765
Fra_119,69,42.07815989107128
Fra_119,70,31.96909807561538
Fra_119,71,27.555203029826288
Fra_119,72,25.383083531444978
Fra_119,73,23.785220899504864
Fra_119,74,25.383083531444978
Fra_119,75,27.518551681239764
Fra_119,76,28.48129865550288
Fra_119,77,29.174272669511083
Fra_119,78,31.281877935118665
Fra_119,79,34.04742989983582
Fra_119,80,69.68082419799707
Fra_119,81,28.851407216821787
Fra_119,82,31.121234583010267
Fra_119,83,46.678520277151705
Fra_119,84,87.78820148375092
Fra_119,85,332.62607533498505
Fra_119,86,65.43931390858602
Fra_119,87,89.98140762341575
Fra_119,88,91.98981749666785
Fra_119,89,80.7662526605892
Fra_119,90,52.34485666263211
Fra_119,91,41.26115641247102
Fra_119,92,29.670478803738874
Fra_119,93,43.6643097385789
Fra_119,94,29.27253374102077
Fra_119,95,28.705201208505073
Fra_119,96,28.397592664330283
Fra_120,1,73.64434873666917
Fra_120,2,19.044618921577133
Fra_120,3,19.045693828893192
Fra_120,4,24.398503287006193
Fra_120,5,13.997369410998672
Fra_120,6,13.997369410998672
Fra_120,7,13.158838419500452
Fra_120,8,16.006268099683194
Fra_120,9,11.289342400700988
Fra_120,10,11.289342400700988
Fra_120,11,11.289342400700992
Fra_120,12,11.289342400700992
Fra_120,13,11.289342400700992
Fra_120,14,13.997369410998672
Fra_120,15,20.39438513608238
Fra_120,16,42.07359662813797
Fra_120,17,24.30279439256699
Fra_120,18,25.544123329434413
Fra_120,19,28.00443750806252
Fra_120,20,44.90205047417855
Fra_120,21,31.176019556634458
Fra_120,22,38.25071746539723
Fra_120,23,63.28541210442661
Fra_120,24,53.1975302445218
Fra_120,25,56.78891586882254
Fra_120,26,68.00489995515477
Fra_120,27,36.15892515913759
Fra_120,28,57.00103387425148
Fra_120,29,420.7554141928943
Fra_120,30,38.76896258963309
Fra_120,31,38.76896258963309
Fra_120,32,34.45364390403608
Fra_120,33,41.222639523124066
Fra_120,34,36.5045434303759
Fra_120,35,36.5045434303759
Fra_120,36,30.231860757031733
Fra_120,37,53.1169702057316
Fra_120,38,53.11697020573161
Fra_120,39,45.53815077692362
Fra_120,40,101.66518124610567
Fra_120,41,19.954332325529887
Fra_120,42,36.5045434303759
Fra_120,43,36.5045434303759
Fra_120,44,36.5045434303759
Fra_120,45,86.57276239990168
Fra_120,46,42.89925704678342
Fra_120,47,36.5045434303759
Fra_120,48,36.5045434303759
Fra_120,49,19.081176549546896
Fra_120,50,19.954332325529887
Fra_120,51,22.986192179872063
Fra_120,52,19.954332325529887
Fra_120,53,21.465901324530016
Fra_120,54,21.465901324530016
Fra_120,55,22.986192179872063
Fra_120,56,21.983118223558495
Fra_120,57,19.260430801610703
Fra_120,58,19.232588046446747
Fra_120,59,19.80443416636702
Fra_120,60,21.465901324530016
Fra_120,61,20.650055518520034
Fra_120,62,21.349183607769643
Fra_120,63,19.79518194050717
Fra_120,64,21.403401745990458
Fra_120,65,31.18981044698237
Fra_120,66,53.335152137135324
Fra_120,67,32.66900958611113
Fra_120,68,22.986192179872063
Fra_120,69,32.66900958611113
Fra_120,70,28.159262195213806
Fra_120,71,21.465901324530016
Fra_120,72,19.80443416636702
Fra_120,73,18.808740907160885
Fra_120,74,19.80443416636702
Fra_120,75,26.33660865455526
Fra_120,76,26.730887025322623
Fra_120,77,28.163131246190904
Fra_120,78,29.1715278678981
Fra_120,79,30.42921838448262
Fra_120,80,53.335152137135324
Fra_120,81,27.96940975453635
Fra_120,82,29.381180838288557
Fra_120,83,39.031162464295186
Fra_120,84,68.10986232771799
Fra_120,85,317.37483732425295
Fra_120,86,57.89046506996614
Fra_120,87,85.90388461505819
Fra_120,88,87.8198078091538
Fra_120,89,64.25161897240224
Fra_120,90,42.55986698184544
Fra_120,91,35.65637314964149
Fra_120,92,28.446259741333883
Fra_120,93,40.4114868502453
Fra_120,94,28.264114235007447
Fra_120,95,28.00443750806252
Fra_120,96,27.764437578509085
Fra_121,1,75.20569478499304
Fra_121,2,22.414729609839718
Fra_121,3,22.41340358319138
Fra_121,4,24.844442172294674
Fra_121,5,15.851946672113975
Fra_121,6,15.851946672113975
Fra_121,7,14.657464857889373
Fra_121,8,16.262124772830838
Fra_121,9,11.425515649465819
Fra_121,10,11.425515649465819
Fra_121,11,11.425515649465822
Fra_121,12,11.425515649465822
Fra_121,13,11.425515649465822
Fra_121,14,15.851946672113975
Fra_121,15,20.749631658870037
Fra_121,16,42.91987234468604
Fra_121,17,24.746565493234275
Fra_121,18,26.016010247288353
Fra_121,19,28.532049980693753
Fra_121,20,50.39312183068682
Fra_121,21,33.41525038236087
Fra_121,22,43.86090828949385
Fra_121,23,75.54388112357947
Fra_121,24,65.89423626567807
Fra_121,25,63.71644351910961
Fra_121,26,71.7844826084854
Fra_121,27,40.77241643786338
Fra_121,28,60.16072915194101
Fra_121,29,444.26351969359376
Fra_121,30,40.97839764742848
Fra_121,31,40.97839764742848
Fra_121,32,36.17730419596953
Fra_121,33,43.539511840266215
Fra_121,34,38.45907316899455
Fra_121,35,38.45907316899455
Fra_121,36,33.55226822936583
Fra_121,37,55.770221378215204
Fra_121,38,55.77022137821522
Fra_121,39,48.05210059858519
Fra_121,40,107.34096867686455
Fra_121,41,24.408240613045642
Fra_121,42,38.45907316899455
Fra_121,43,38.45907316899455
Fra_121,44,38.45907316899455
Fra_121,45,91.39833956439003
Fra_121,46,45.28954212224597
Fra_121,47,38.45907316899455
Fra_121,48,38.45907316899455
Fra_121,49,23.34019203466268
Fra_121,50,24.408240613045642
Fra_121,51,28.11682698028468
Fra_121,52,24.408240613045642
Fra_121,53,26.25719948718507
Fra_121,54,26.25719948718507
Fra_121,55,28.11682698028468
Fra_121,56,26.889861824098677
Fra_121,57,23.413649078241495
Fra_121,58,23.32522808688204
Fra_121,59,24.193931311786308
Fra_121,60,26.25719948718507
Fra_121,61,25.353759717506758
Fra_121,62,26.081280498987248
Fra_121,63,24.145885148272782
Fra_121,64,26.12124229362803
Fra_121,65,37.98044522769218
Fra_121,66,66.13279132047225
Fra_121,67,40.06505505907198
Fra_121,68,28.11682698028468
Fra_121,69,40.06505505907198
Fra_121,70,31.15698845960773
Fra_121,71,26.25719948718507
Fra_121,72,24.193931311786308
Fra_121,73,22.705713332993028
Fra_121,74,24.193931311786308
Fra_121,75,27.266607154578818
Fra_121,76,28.10817861530546
Fra_121,77,28.938099249604694
Fra_121,78,30.807668521686043
Fra_121,79,33.250386663349516
Fra_121,80,66.13279132047225
Fra_121,81,28.64413024469882
Fra_121,82,30.72868458824518
Fra_121,83,45.00775722614317
Fra_121,84,83.6029988674906
Fra_121,85,335.2023259501751
Fra_121,86,64.53123843956804
Fra_121,87,90.6917814868546
Fra_121,88,92.71563552925261
Fra_121,89,77.2036838115893
Fra_121,90,50.21344060339209
Fra_121,91,40.030407882948765
Fra_121,92,29.38481154709265
Fra_121,93,42.940398581355915
Fra_121,94,29.033252309936625
Fra_121,95,28.532049980693753
Fra_121,96,28.24114680328513
Fra_122,1,73.68980795895986
Fra_122,2,19.16061136592989
Fra_122,3,19.161602137784442
Fra_122,4,24.41148697818481
Fra_122,5,14.061014303429465
Fra_122,6,14.061014303429465
Fra_122,7,13.210142422861793
Fra_122,8,16.01371747030264
Fra_122,9,11.293352476334503
Fra_122,10,11.293352476334503
Fra_122,11,11.293352476334507
Fra_122,12,11.293352476334507
Fra_122,13,11.293352476334507
Fra_122,14,14.061014303429465
Fra_122,15,20.404728282410982
Fra_122,16,42.098236288230666
Fra_122,17,24.31571496781876
Fra_122,18,25.55786250808595
Fra_122,19,28.019799158801273
Fra_122,20,45.08880450542017
Fra_122,21,31.25083774606672
Fra_122,22,38.44252269469929
Fra_122,23,63.71623659174707
Fra_122,24,53.63589496401978
Fra_122,25,57.10103395044883
Fra_122,26,68.27236941748917
Fra_122,27,36.3161405595752
Fra_122,28,57.2250063330923
Fra_122,29,422.41483922623826
Fra_122,30,38.92267424834513
Fra_122,31,38.92267424834513
Fra_122,32,34.58377208043921
Fra_122,33,41.385325485550034
Fra_122,34,36.645879898963386
Fra_122,35,36.645879898963386
Fra_122,36,30.388509693542055
Fra_122,37,53.31805380418695
Fra_122,38,53.31805380418697
Fra_122,39,45.71681179136253
Fra_122,40,102.06570588760553
Fra_122,41,20.110865147984573
Fra_122,42,36.645879898963386
Fra_122,43,36.645879898963386
Fra_122,44,36.645879898963386
Fra_122,45,86.91362846409304
Fra_122,46,43.06807522436128
Fra_122,47,36.645879898963386
Fra_122,48,36.645879898963386
Fra_122,49,19.23085985502314
Fra_122,50,20.110865147984573
Fra_122,51,23.166508588394425
Fra_122,52,20.110865147984573
Fra_122,53,21.634291730485295
Fra_122,54,21.634291730485295
Fra_122,55,23.166508588394425
Fra_122,56,22.155565965018933
Fra_122,57,19.406298251868474
Fra_122,58,19.37444422411521
Fra_122,59,19.95870325611348
Fra_122,60,21.634291730485295
Fra_122,61,20.814669535127177
Fra_122,62,21.5160105371605
Fra_122,63,19.949143506556783
Fra_122,64,21.570138842762304
Fra_122,65,31.43113676275249
Fra_122,66,53.77639322689586
Fra_122,67,32.92794871013822
Fra_122,68,23.166508588394425
Fra_122,69,32.92794871013822
Fra_122,70,28.264617429947176
Fra_122,71,21.634291730485295
Fra_122,72,19.95870325611348
Fra_122,73,18.943196064815098
Fra_122,74,19.95870325611348
Fra_122,75,26.369293496875738
Fra_122,76,26.779292004950833
Fra_122,77,28.18766489318293
Fra_122,78,29.225809565679477
Fra_122,79,30.524984667792438
Fra_122,80,53.77639322689586
Fra_122,81,27.990606354299665
Fra_122,82,29.425736773616524
Fra_122,83,39.235785921705556
Fra_122,84,68.65336946109113
Fra_122,85,318.6280371614563
Fra_122,86,58.19872575337848
Fra_122,87,86.24210668311854
Fra_122,88,88.16560329888742
Fra_122,89,64.70047536245171
Fra_122,90,42.82277107717083
Fra_122,91,35.805278361753075
Fra_122,92,28.475938686028638
Fra_122,93,40.496445136683676
Fra_122,94,28.287890736229564
Fra_122,95,28.019799158801273
Fra_122,96,27.778317160578915
Fra_123,1,75.63014063745433
Fra_123,2,23.187081471794144
Fra_123,3,23.18521727765059
Fra_123,4,24.965668924375098
Fra_123,5,16.27846930858896
Fra_123,6,16.27846930858896
Fra_123,7,15.003134168509405
Fra_123,8,16.331678414612327
Fra_123,9,11.462280208199155
Fra_123,10,11.462280208199155
Fra_123,11,11.462280208199159
Fra_123,12,11.462280208199159
Fra_123,13,11.462280208199159
Fra_123,14,16.27846930858896
Fra_123,15,20.846204044831744
Fra_123,16,43.149929107767576
Fra_123,17,24.867202941494135
Fra_123,18,26.14429087113139
Fra_123,19,28.675479379932682
Fra_123,20,51.669554895755525
Fra_123,21,33.946549193047666
Fra_123,22,45.15698546852707
Fra_123,23,78.28152202724279
Fra_123,24,68.7930084223208
Fra_123,25,64.56348105522282
Fra_123,26,71.26859376785876
Fra_123,27,41.842369826519715
Fra_123,28,59.725915475753276
Fra_123,29,441.0956148817442
Fra_123,30,40.70393547952878
Fra_123,31,40.70393547952878
Fra_123,32,35.867713459259534
Fra_123,33,43.23654303193185
Fra_123,34,38.16617764540392
Fra_123,35,38.16617764540392
Fra_123,36,33.89483029807078
Fra_123,37,55.28096045709108
Fra_123,38,55.2809604570911
Fra_123,39,47.70174406911542
Fra_123,40,106.5770749240862
Fra_123,41,25.4029163339711
Fra_123,42,38.16617764540392
Fra_123,43,38.16617764540392
Fra_123,44,38.16617764540392
Fra_123,45,90.74564494205733
Fra_123,46,44.967094493272654
Fra_123,47,38.16617764540392
Fra_123,48,38.16617764540392
Fra_123,49,24.29134302938896
Fra_123,50,25.4029163339711
Fra_123,51,29.262633660500835
Fra_123,52,25.4029163339711
Fra_123,53,27.327223305921116
Fra_123,54,27.327223305921116
Fra_123,55,29.262633660500835
Fra_123,56,27.985667667686425
Fra_123,57,24.34195818356498
Fra_123,58,24.255154624743028
Fra_123,59,25.174222318194847
Fra_123,60,27.327223305921116
Fra_123,61,26.410289749840448
Fra_123,62,27.134363576883167
Fra_123,63,25.1099181658148
Fra_123,64,27.168184030526568
Fra_123,65,39.477776744478085
Fra_123,66,69.0595034021479
Fra_123,67,41.724796604176824
Fra_123,68,29.262633660500835
Fra_123,69,41.724796604176824
Fra_123,70,31.826460155181493
Fra_123,71,27.327223305921116
Fra_123,72,25.174222318194847
Fra_123,73,23.596160846822137
Fra_123,74,25.174222318194847
Fra_123,75,27.47430045869633
Fra_123,76,28.415764316841056
Fra_123,77,29.13332158055676
Fra_123,78,31.199249234674227
Fra_123,79,33.90810938451269
Fra_123,80,69.0595034021479
Fra_123,81,28.815488089989923
Fra_123,82,31.052806361775907
Fra_123,83,46.38623307253944
Fra_123,84,87.0519509358829
Fra_123,85,332.8491093440457
Fra_123,86,65.25201141166887
Fra_123,87,90.04401507575211
Fra_123,88,92.0537528260332
Fra_123,89,80.14139814171307
Fra_123,90,51.971792751852526
Fra_123,91,41.04603514902175
Fra_123,92,29.621021961858343
Fra_123,93,43.53785510991425
Fra_123,94,29.2312128500288
Fra_123,95,28.675479379932682
Fra_123,96,28.370738352515
Fra_124,1,72.96254442395794
Fra_124,2,16.866089555125384
Fra_124,3,16.86877582952493
Fra_124,4,24.203771916902987
Fra_124,5,12.80587604873965
Fra_124,6,12.80587604873965
Fra_124,7,12.200992351936435
Fra_124,8,15.894541308959711
Fra_124,9,11.228432750868627
Fra_124,10,11.228432750868627
Fra_124,11,11.228432750868631
Fra_124,12,11.228432750868631
Fra_124,13,11.228432750868631
Fra_124,14,12.80587604873965
Fra_124,15,20.239257058247034
Fra_124,16,41.70404726788905
Fra_124,17,24.109009644710245
Fra_124,18,25.338061043594436
Fra_124,19,27.7740411397069
Fra_124,20,41.44098705923838
Fra_124,21,29.817587056493497
Fra_124,22,34.67502060217561
Fra_124,23,55.00866411502844
Fra_124,24,44.93586564413265
Fra_124,25,47.69885097457846
Fra_124,26,56.94815394689749
Fra_124,27,33.23881198237855
Fra_124,28,47.73667505126385
Fra_124,29,352.24494507844037
Fra_124,30,32.4772119531874
Fra_124,31,32.4772119531874
Fra_124,32,28.988420599795333
Fra_124,33,34.53007847537303
Fra_124,34,30.64650452255441
Fra_124,35,30.6465045225544
Fra_124,36,25.519008533470362
Fra_124,37,44.59932183826206
Fra_124,38,44.59932183826207
Fra_124,39,38.14094706277098
Fra_124,40,85.12561161977692
Fra_124,41,16.94711532265105
Fra_124,42,30.64650452255441
Fra_124,43,30.64650452255441
Fra_124,44,30.646504522554405
Fra_124,45,72.49155222067714
Fra_124,46,35.93281896571669
Fra_124,47,30.6465045225544
Fra_124,48,30.6465045225544
Fra_124,49,16.205548459434564
Fra_124,50,16.94711532265105
Fra_124,51,19.522058836442035
Fra_124,52,16.94711532265105
Fra_124,53,18.23088336491348
Fra_124,54,18.23088336491348
Fra_124,55,19.522058836442035
Fra_124,56,18.670153108028117
Fra_124,57,16.46009647179611
Fra_124,58,16.547609567526287
Fra_124,59,16.840706671844313
Fra_124,60,18.23088336491348
Fra_124,61,17.503199226071196
Fra_124,62,18.13506166601973
Fra_124,63,16.81869981190772
Fra_124,64,18.183737635063352
Fra_124,65,26.506414328934444
Fra_124,66,45.03187822876008
Fra_124,67,27.714670670930435
Fra_124,68,19.522058836442035
Fra_124,69,27.714670670930435
Fra_124,70,26.135239065341494
Fra_124,71,18.23088336491348
Fra_124,72,16.840706671844313
Fra_124,73,16.276612618764673
Fra_124,74,16.840706671844313
Fra_124,75,25.70868658670268
Fra_124,76,25.800958876840568
Fra_124,77,27.748050701232437
Fra_124,78,28.195070020425636
Fra_124,79,28.65966742525508
Fra_124,80,45.03187822876008
Fra_124,81,27.61471822341895
Fra_124,82,28.58420657871727
Fra_124,83,35.21070991379759
Fra_124,84,57.468863568293386
Fra_124,85,265.6989601083232
Fra_124,86,48.60807625466644
Fra_124,87,71.93162595898472
Fra_124,88,73.53547009324721
Fra_124,89,55.686774295316496
Fra_124,90,37.63336453759368
Fra_124,91,32.893763611287994
Fra_124,92,27.943354817958966
Fra_124,93,38.86262818545606
Fra_124,94,27.873553609846674
Fra_124,95,27.7740411397069
Fra_124,96,27.55626950090037
Fra_125,1,73.63126880500272
Fra_125,2,19.015610351330658
Fra_125,3,19.016705990071337
Fra_125,4,24.39476750392771
Fra_125,5,13.981414022697505
Fra_125,6,13.981414022697505
Fra_125,7,13.145950812508747
Fra_125,8,16.00412470052785
Fra_125,9,11.288198909751399
Fra_125,10,11.288198909751399
Fra_125,11,11.288198909751403
Fra_125,12,11.288198909751403
Fra_125,13,11.288198909751403
Fra_125,14,13.981414022697505
Fra_125,15,20.39140911404819
Fra_125,16,42.06650708603723
Fra_125,17,24.299076769764216
Fra_125,18,25.540170170782336
Fra_125,19,28.000017517314287
Fra_125,20,44.854882685434575
Fra_125,21,31.156842924488412
Fra_125,22,38.2024830327199
Fra_125,23,63.1795090679924
Fra_125,24,53.08818258444596
Fra_125,25,56.73005741054051
Fra_125,26,67.97383898764451
Fra_125,27,36.119282313602504
Fra_125,28,56.97506600756678
Fra_125,29,420.5621811626209
Fra_125,30,38.75076292967373
Fra_125,31,38.75076292967373
Fra_125,32,34.439359841794825
Fra_125,33,41.203572888523006
Fra_125,34,36.48839844010349
Fra_125,35,36.48839844010349
Fra_125,36,30.20352383741836
Fra_125,37,53.09512267367828
Fra_125,38,53.0951226736783
Fra_125,39,45.51748846548078
Fra_125,40,101.61854073544477
Fra_125,41,19.91585424063116
Fra_125,42,36.48839844010349
Fra_125,43,36.48839844010349
Fra_125,44,36.48839844010349
Fra_125,45,86.5331073623754
Fra_125,46,42.879598001316445
Fra_125,47,36.48839844010349
Fra_125,48,36.48839844010349
Fra_125,49,19.04438217731417
Fra_125,50,19.91585424063116
Fra_125,51,22.941867737451908
Fra_125,52,19.91585424063116
Fra_125,53,21.424508470080248
Fra_125,54,21.424508470080248
Fra_125,55,22.941867737451908
Fra_125,56,21.940728015981232
Fra_125,57,19.224554668255696
Fra_125,58,19.197316993284637
Fra_125,59,19.766512540477777
Fra_125,60,21.424508470080248
Fra_125,61,20.609446648467223
Fra_125,62,21.308276757081256
Fra_125,63,19.757543507729594
Fra_125,64,21.36259782513779
Fra_125,65,31.131013644622314
Fra_125,66,53.22496163234421
Fra_125,67,32.60515708625647
Fra_125,68,22.941867737451908
Fra_125,69,32.60515708625647
Fra_125,70,28.133364318953575
Fra_125,71,21.424508470080248
Fra_125,72,19.766512540477777
Fra_125,73,18.77518302628823
Fra_125,74,19.766512540477777
Fra_125,75,26.32857423648251
Fra_125,76,26.718988364796044
Fra_125,77,28.156550791513183
Fra_125,78,29.15753097432116
Fra_125,79,30.404989703139965
Fra_125,80,53.22496163234421
Fra_125,81,27.96368712702046
Fra_125,82,29.369656870660336
Fra_125,83,38.979764521330196
Fra_125,84,67.97657209798311
Fra_125,85,317.2283563557589
Fra_125,86,57.83414105664142
Fra_125,87,85.86453916526891
Fra_125,88,87.77957558103317
Fra_125,89,64.14016509268707
Fra_125,90,42.49400933222381
Fra_125,91,35.618794428431826
Fra_125,92,28.438295010704234
Fra_125,93,40.38980169738611
Fra_125,94,28.257610857817884
Fra_125,95,28.000017517314287
Fra_125,96,27.76044402173701
Fra_126,1,73.36699692303095
Fra_126,2,18.142108110929225
Fra_126,3,18.14385149235904
Fra_126,4,24.31928833094995
Fra_126,5,13.503877793220365
Fra_126,6,13.503877793220365
Fra_126,7,12.76219642785924
Fra_126,8,15.960818654055736
Fra_126,9,11.264531567197368
Fra_126,10,11.264531567197368
Fra_126,11,11.264531567197372
Fra_126,12,11.264531567197372
Fra_126,13,11.264531567197372
Fra_126,14,13.503877793220365
Fra_126,15,20.331280440304276
Fra_126,16,41.923267298471075
Fra_126,17,24.223964513859176
Fra_126,18,25.4602990595748
Fra_126,19,27.910714354031736
Fra_126,20,43.46959669325792
Fra_126,21,30.614642376357413
Fra_126,22,36.770187524855636
Fra_126,23,59.85106696571327
Fra_126,24,49.77408288794034
Fra_126,25,52.94529966951514
Fra_126,26,63.27897558807791
Fra_126,27,34.95016324275675
Fra_126,28,53.041146220547255
Fra_126,29,391.4732978709714
Fra_126,30,36.080367768299354
Fra_126,31,36.080367768299354
Fra_126,32,32.11629177935296
Fra_126,33,38.36240462758792
Fra_126,34,34.000259606628376
Fra_126,35,34.000259606628376
Fra_126,36,28.23632265198786
Fra_126,37,49.473675189104085
Fra_126,38,49.4736751891041
Fra_126,39,42.37625441365237
Fra_126,40,94.59598851664235
Fra_126,41,18.706520853183246
Fra_126,42,34.000259606628376
Fra_126,43,34.000259606628376
Fra_126,44,34.000259606628376
Fra_126,45,80.55423194175165
Fra_126,46,39.92173908425422
Fra_126,47,34.000259606628376
Fra_126,48,34.000259606628376
Fra_126,49,17.887966442790592
Fra_126,50,18.706520853183246
Fra_126,51,21.54878831991368
Fra_126,52,18.706520853183246
Fra_126,53,20.12356636187432
Fra_126,54,20.12356636187432
Fra_126,55,21.54878831991368
Fra_126,56,20.608439949697463
Fra_126,57,18.098520606246705
Fra_126,58,18.119654189181396
Fra_126,59,18.5746681850513
Fra_126,60,20.12356636187432
Fra_126,61,19.344735218444818
Fra_126,62,20.015234687235903
Fra_126,63,18.559542631846384
Fra_126,64,20.06692692453217
Fra_126,65,29.245018461472228
Fra_126,66,49.89483536974065
Fra_126,67,30.61384867956857
Fra_126,68,21.54878831991368
Fra_126,69,30.61384867956857
Fra_126,70,27.319416158385785
Fra_126,71,20.12356636187432
Fra_126,72,18.5746681850513
Fra_126,73,17.75953991747562
Fra_126,74,18.5746681850513
Fra_126,75,26.07605932962926
Fra_126,76,26.34502361372873
Fra_126,77,27.99251182547576
Fra_126,78,28.768270594577462
Fra_126,79,29.69698064342448
Fra_126,80,49.89483536974065
Fra_126,81,27.82373923825945
Fra_126,82,29.052168595698976
Fra_126,83,37.449113175597205
Fra_126,84,63.69103587245714
Fra_126,85,295.2889663864267
Fra_126,86,53.96079712597138
Fra_126,87,79.93191824049318
Fra_126,88,81.71446399288887
Fra_126,89,60.70016678125215
Fra_126,90,40.519265707906186
Fra_126,91,34.51290335918064
Fra_126,92,28.239536046117312
Fra_126,93,39.77117155718774
Fra_126,94,28.103976110274843
Fra_126,95,27.910714354031736
Fra_126,96,27.679756691647622
Fra_127,1,78.84689077547948
Fra_127,2,26.047268176870663
Fra_127,3,26.04370908347608
Fra_127,4,25.88441078326182
Fra_127,5,17.89491724723614
Fra_127,6,17.89491724723614
Fra_127,7,16.338001750425462
Fra_127,8,16.858804985653947
Fra_127,9,11.652537174675695
Fra_127,10,11.652537174675695
Fra_127,11,11.652537174675698
Fra_127,12,11.652537174675698
Fra_127,13,11.652537174675698
Fra_127,14,17.89491724723614
Fra_127,15,21.578097722365243
Fra_127,16,44.89346157511248
Fra_127,17,25.781478640244906
Fra_127,18,27.116491947099437
Fra_127,19,29.762488564080094
Fra_127,20,56.841042149599836
Fra_127,21,36.3614277677449
Fra_127,22,50.21220260736569
Fra_127,23,86.64881621183362
Fra_127,24,79.25567706665312
Fra_127,25,64.31933136400438
Fra_127,26,63.15333916704344
Fra_127,27,46.116911950591884
Fra_127,28,52.89717313586238
Fra_127,29,391.7330198060106
Fra_127,30,36.140105107547704
Fra_127,31,36.140105107547704
Fra_127,32,30.938786426783977
Fra_127,33,38.33241105507824
Fra_127,34,33.410766550598396
Fra_127,35,33.410766550598396
Fra_127,36,32.65397091974361
Fra_127,37,47.985416827944924
Fra_127,38,47.98541682794494
Fra_127,39,42.21317976681885
Fra_127,40,94.52644304145116
Fra_127,41,28.443031772090215
Fra_127,42,33.410766550598396
Fra_127,43,33.410766550598396
Fra_127,44,33.410766550598396
Fra_127,45,80.45953670501127
Fra_127,46,39.83043164559778
Fra_127,47,33.410766550598396
Fra_127,48,33.410766550598396
Fra_127,49,27.198429994736145
Fra_127,50,28.443031772090215
Fra_127,51,32.76466402511471
Fra_127,52,28.443031772090215
Fra_127,53,30.597631803946985
Fra_127,54,30.597631803946985
Fra_127,55,32.76466402511471
Fra_127,56,31.334876050065272
Fra_127,57,27.199132435890835
Fra_127,58,27.50104079520568
Fra_127,59,28.17037248023874
Fra_127,60,30.597631803946985
Fra_127,61,29.455174080526792
Fra_127,62,29.92853709967348
Fra_127,63,27.189749786665537
Fra_127,64,29.60608685048575
Fra_127,65,41.86350406246966
Fra_127,66,79.74436227208156
Fra_127,67,47.000531965356295
Fra_127,68,32.76466402511471
Fra_127,69,47.000531965356295
Fra_127,70,33.87262574893293
Fra_127,71,30.597631803946985
Fra_127,72,28.17037248023874
Fra_127,73,26.828276800117987
Fra_127,74,28.17037248023874
Fra_127,75,28.109091885649175
Fra_127,76,29.355865718846772
Fra_127,77,29.989616818508864
Fra_127,78,32.85641132933509
Fra_127,79,36.28194867500757
Fra_127,80,79.74436227208156
Fra_127,81,29.545432218948573
Fra_127,82,32.15277205361521
Fra_127,83,51.63621873144982
Fra_127,84,99.24297908839995
Fra_127,85,295.57887597735237
Fra_127,86,64.27371908325925
Fra_127,87,79.8361083966798
Fra_127,88,81.62184681235692
Fra_127,89,90.61247998363197
Fra_127,90,58.46131757581077
Fra_127,91,45.13302050837103
Fra_127,92,31.017130519216124
Fra_127,93,45.34295292282973
Fra_127,94,30.499892189029417
Fra_127,95,29.762488564080094
Fra_127,96,29.352874545988833
Fra_128,1,75.62245098992695
Fra_128,2,23.163683192972208
Fra_128,3,23.16183623909606
Fra_128,4,24.963472670155667
Fra_128,5,16.26566395467272
Fra_128,6,16.26566395467272
Fra_128,7,14.992834302813538
Fra_128,8,16.3304183175082
Fra_128,9,11.461561667918112
Fra_128,10,11.461561667918112
Fra_128,11,11.461561667918115
Fra_128,12,11.461561667918115
Fra_128,13,11.461561667918115
Fra_128,14,16.26566395467272
Fra_128,15,20.844454451557084
Fra_128,16,43.14576118997753
Fra_128,17,24.86501736363929
Fra_128,18,26.141966822548454
Fra_128,19,28.67288088234149
Fra_128,20,51.63228255273708
Fra_128,21,33.93185932796772
Fra_128,22,45.11852406417108
Fra_128,23,78.19302129395267
Fra_128,24,68.70433550961704
Fra_128,25,64.46669117915948
Fra_128,26,71.15138675288041
Fra_128,27,41.8109370082047
Fra_128,28,59.62771303932448
Fra_128,29,440.369813751215
Fra_128,30,40.637242587063874
Fra_128,31,40.637242587063874
Fra_128,32,35.80993782683608
Fra_128,33,43.16560391664688
Fra_128,34,38.10416399355995
Fra_128,35,38.10416399355995
Fra_128,36,33.84481768601921
Fra_128,37,55.19082667070027
Fra_128,38,55.19082667070028
Fra_128,39,47.623338971242546
Fra_128,40,106.40173384467168
Fra_128,41,25.370761082867865
Fra_128,42,38.10416399355995
Fra_128,43,38.10416399355995
Fra_128,44,38.10416399355995
Fra_128,45,90.59636970689762
Fra_128,46,44.89325389919383
Fra_128,47,38.10416399355995
Fra_128,48,38.10416399355995
Fra_128,49,24.260594818259346
Fra_128,50,25.370761082867865
Fra_128,51,29.225592742799705
Fra_128,52,25.370761082867865
Fra_128,53,27.292632248902162
Fra_128,54,27.292632248902162
Fra_128,55,29.225592742799705
Fra_128,56,27.950243145583713
Fra_128,57,24.31201092543191
Fra_128,58,24.226360993376275
Fra_128,59,25.14253208709523
Fra_128,60,27.292632248902162
Fra_128,61,26.37647204042237
Fra_128,62,27.09988138883956
Fra_128,63,25.077857640930475
Fra_128,64,27.133551486696646
Fra_128,65,39.427107329148804
Fra_128,66,68.97035711542941
Fra_128,67,41.671779159393836
Fra_128,68,29.225592742799705
Fra_128,69,41.671779159393836
Fra_128,70,31.80481789527225
Fra_128,71,27.292632248902162
Fra_128,72,25.14253208709523
Fra_128,73,23.568979358058552
Fra_128,74,25.14253208709523
Fra_128,75,27.467586280189845
Fra_128,76,28.405820879738318
Fra_128,77,29.12864392253565
Fra_128,78,31.188587675730943
Fra_128,79,33.88890495446658
Fra_128,80,68.97035711542941
Fra_128,81,28.81145743556524
Fra_128,82,31.04396801987255
Fra_128,83,46.345122492547816
Fra_128,84,86.93780322933831
Fra_128,85,332.3012200099818
Fra_128,86,65.15322252228206
Fra_128,87,89.89589504734508
Fra_128,88,91.90232384124943
Fra_128,89,80.04932413064375
Fra_128,90,51.9188039361667
Fra_128,91,41.016290944833585
Fra_128,92,29.61550430363449
Fra_128,93,43.52077635739822
Fra_128,94,29.226898644124557
Fra_128,95,28.67288088234149
Fra_128,96,28.36839055401414
Fra_129,1,75.70904551710338
Fra_129,2,23.333224862368155
Fra_129,3,23.33125858173113
Fra_129,4,24.988205090596733
Fra_129,5,16.359143728392517
Fra_129,6,16.359143728392517
Fra_129,7,15.068494359693137
Fra_129,8,16.344608501458733
Fra_129,9,11.469136474950274
Fra_129,10,11.469136474950274
Fra_129,11,11.469136474950277
Fra_129,12,11.469136474950277
Fra_129,13,11.469136474950277
Fra_129,14,16.359143728392517
Fra_129,15,20.864156941408638
Fra_129,16,43.19269687448772
Fra_129,17,24.88962955558617
Fra_129,18,26.168138358689447
Fra_129,19,28.702143038958813
Fra_129,20,51.91069926462948
Fra_129,21,34.04669786634308
Fra_129,22,45.4020086841344
Fra_129,23,78.80105072951817
Fra_129,24,69.34174318088209
Fra_129,25,64.74555579241567
Fra_129,26,71.21170284243762
Fra_129,27,42.044557650865244
Fra_129,28,59.67778400660949
Fra_129,29,440.74804048031393
Fra_129,30,40.67499250501212
Fra_129,31,40.67499250501212
Fra_129,32,35.829640238101746
Fra_129,33,43.20377313890397
Fra_129,34,38.13244366773564
Fra_129,35,38.13244366773564
Fra_129,36,33.971717932075556
Fra_129,37,55.22048751161857
Fra_129,38,55.220487511618586
Fra_129,39,47.66273744959862
Fra_129,40,106.49338925579156
Fra_129,41,25.591678339165327
Fra_129,42,38.13244366773564
Fra_129,43,38.13244366773564
Fra_129,44,38.13244366773564
Fra_129,45,90.67397335881526
Fra_129,46,44.93170963551574
Fra_129,47,38.13244366773564
Fra_129,48,38.13244366773564
Fra_129,49,24.471845242552433
Fra_129,50,25.591678339165327
Fra_129,51,29.480076151528277
Fra_129,52,25.591678339165327
Fra_129,53,27.530284300958048
Fra_129,54,27.530284300958048
Fra_129,55,29.480076151528277
Fra_129,56,28.193621379622538
Fra_129,57,24.518108599542064
Fra_129,58,24.431283447551525
Fra_129,59,25.360254501499153
Fra_129,60,27.530284300958048
Fra_129,61,26.61072826865101
Fra_129,62,27.334358649228054
Fra_129,63,25.293169172657283
Fra_129,64,27.367132090860384
Fra_129,65,39.762697771059344
Fra_129,66,69.61342327981559
Fra_129,67,42.0395960347827
Fra_129,68,29.480076151528277
Fra_129,69,42.0395960347827
Fra_129,70,31.953507409898545
Fra_129,71,27.530284300958048
Fra_129,72,25.360254501499153
Fra_129,73,23.764706131047163
Fra_129,74,25.360254501499153
Fra_129,75,27.5137149168216
Fra_129,76,28.474135595610093
Fra_129,77,29.169951276866197
Fra_129,78,31.273034434097443
Fra_129,79,34.03239642253726
Fra_129,80,69.61342327981559
Fra_129,81,28.84762430203796
Fra_129,82,31.113911632663108
Fra_129,83,46.64689568997431
Fra_129,84,87.70750297940882
Fra_129,85,332.5937113623576
Fra_129,86,65.41198080688713
Fra_129,87,89.97287594225709
Fra_129,88,91.98108855170803
Fra_129,89,80.69823462116533
Fra_129,90,52.304440956551566
Fra_129,91,41.23793179298012
Fra_129,92,29.665271046370847
Fra_129,93,43.650702504855694
Fra_129,94,29.26821217210752
Fra_129,95,28.702143038958813
Fra_129,96,28.39482954232454
Fra_130,1,75.7144309072956
Fra_130,2,23.34379894181637
Fra_130,3,23.341825216145594
Fra_130,4,24.989743221686723
Fra_130,5,16.36497358695439
Fra_130,6,16.36497358695439
Fra_130,7,15.07321266026872
Fra_130,8,16.34549100154234
Fra_130,9,11.469607439368598
Fra_130,10,11.469607439368598
Fra_130,11,11.469607439368602
Fra_130,12,11.469607439368602
Fra_130,13,11.469607439368602
Fra_130,14,16.36497358695439
Fra_130,15,20.86538225666895
Fra_130,16,43.19561584619723
Fra_130,17,24.891160209559825
Fra_130,18,26.169765989656952
Fra_130,19,28.703962878345763
Fra_130,20,51.92805957024278
Fra_130,21,34.05385600143819
Fra_130,22,45.419686836684235
Fra_130,23,78.8389892527379
Fra_130,24,69.38149996183633
Fra_130,25,64.7630654808389
Fra_130,26,71.21568317729549
Fra_130,27,42.059125325503885
Fra_130,28,59.68109014557862
Fra_130,29,440.7729851053262
Fra_130,30,40.67747051153524
Fra_130,31,40.67747051153524
Fra_130,32,35.830982682749244
Fra_130,33,43.20628568272604
Fra_130,34,38.134325799827465
Fra_130,35,38.13432579982746
Fra_130,36,33.979700950662576
Fra_130,37,55.22251291330194
Fra_130,38,55.22251291330195
Fra_130,39,47.665341269164685
Fra_130,40,106.4994319224784
Fra_130,41,25.605462662698752
Fra_130,42,38.134325799827465
Fra_130,43,38.13432579982746
Fra_130,44,38.134325799827465
Fra_130,45,90.67909132806734
Fra_130,46,44.93424577895674
Fra_130,47,38.13432579982746
Fra_130,48,38.13432579982746
Fra_130,49,24.485026395730923
Fra_130,50,25.605462662698752
Fra_130,51,29.49595486421281
Fra_130,52,25.605462662698752
Fra_130,53,27.54511280656609
Fra_130,54,27.54511280656609
Fra_130,55,29.49595486421281
Fra_130,56,28.208807175314604
Fra_130,57,24.5309680583766
Fra_130,58,24.444066028632534
Fra_130,59,25.37383948010572
Fra_130,60,27.54511280656609
Fra_130,61,26.625342720312933
Fra_130,62,27.348989203039928
Fra_130,63,25.306604012239234
Fra_130,64,27.381706810002708
Fra_130,65,39.78363796061955
Fra_130,66,69.65353186234105
Fra_130,67,42.06254441077196
Fra_130,68,29.49595486421281
Fra_130,69,42.06254441077196
Fra_130,70,31.96278502093712
Fra_130,71,27.54511280656609
Fra_130,72,25.37383948010572
Fra_130,73,23.776913951146305
Fra_130,74,25.37383948010572
Fra_130,75,27.516593153054224
Fra_130,76,28.478398151471293
Fra_130,77,29.17252282838507
Fra_130,78,31.278296977992902
Fra_130,79,34.04134246483377
Fra_130,80,69.65353186234105
Fra_130,81,28.84987541899435
Fra_130,82,31.11826933529171
Fra_130,83,46.66571468233912
Fra_130,84,87.75552461929765
Fra_130,85,332.6129703443122
Fra_130,86,65.42824604473174
Fra_130,87,89.97795293003509
Fra_130,88,91.98628292618731
Fra_130,89,80.73871043694143
Fra_130,90,52.32849132153758
Fra_130,91,41.251752176924526
Fra_130,92,29.668370051129298
Fra_130,93,43.65879982565573
Fra_130,94,29.270783828519235
Fra_130,95,28.703962878345763
Fra_130,96,28.396473806378886
Fra_131,1,74.29597339493026
Fra_131,2,20.68009189002569
Fra_131,3,20.6799824333025
Fra_131,4,24.584614991098558
Fra_131,5,14.894990497448127
Fra_131,6,14.894990497448127
Fra_131,7,13.88257071853916
Fra_131,8,16.113049371767385
Fra_131,9,11.34669764805113
Fra_131,10,11.34669764805113
Fra_131,11,11.346697648051133
Fra_131,12,11.346697648051133
Fra_131,13,11.346697648051133
Fra_131,14,14.894990497448127
Fra_131,15,20.542646563623347
Fra_131,16,42.42678811005339
Fra_131,17,24.488001376072596
Fra_131,18,25.741064393149628
Fra_131,19,28.224635520887215
Fra_131,20,47.53812977012582
Fra_131,21,32.23384130940977
Fra_131,22,40.95679310908178
Fra_131,23,69.34848819793858
Fra_131,24,59.37663227751168
Fra_131,25,61.356156008256576
Fra_131,26,72.0887613149353
Fra_131,27,38.37765775973673
Fra_131,28,60.42083090737698
Fra_131,29,446.08799387728476
Fra_131,30,41.11206567603955
Fra_131,31,41.11206567603955
Fra_131,32,36.43595847592649
Fra_131,33,43.70436732278183
Fra_131,34,38.658326449312746
Fra_131,35,38.658326449312746
Fra_131,36,32.523150961547856
Fra_131,37,56.18974553069389
Fra_131,38,56.189745530693905
Fra_131,39,48.266182598660116
Fra_131,40,107.78038248826499
Fra_131,41,22.15724892290754
Fra_131,42,38.658326449312746
Fra_131,43,38.658326449312746
Fra_131,44,38.658326449312746
Fra_131,45,91.77716221236227
Fra_131,46,45.47570824717786
Fra_131,47,38.658326449312746
Fra_131,48,38.658326449312746
Fra_131,49,21.187698573574277
Fra_131,50,22.15724892290754
Fra_131,51,25.523819770586652
Fra_131,52,22.15724892290754
Fra_131,53,23.835691981217522
Fra_131,54,23.835691981217522
Fra_131,55,25.523819770586652
Fra_131,56,24.41000854525741
Fra_131,57,21.31337460823719
Fra_131,58,21.231453304342303
Fra_131,59,21.975492816786478
Fra_131,60,23.835691981217522
Fra_131,61,22.967347175766577
Fra_131,62,23.696091646675107
Fra_131,63,21.9601170270457
Fra_131,64,23.748346224780605
Fra_131,65,34.581502919724855
Fra_131,66,59.55557969527591
Fra_131,67,36.31436448367659
Fra_131,68,25.523819770586652
Fra_131,69,36.31436448367659
Fra_131,70,29.641946731116462
Fra_131,71,23.835691981217522
Fra_131,72,21.975492816786478
Fra_131,73,20.704111109305423
Fra_131,74,21.975492816786478
Fra_131,75,26.7965887437234
Fra_131,76,27.41209963841263
Fra_131,77,28.511597217768763
Fra_131,78,29.93936464616142
Fra_131,79,31.780988797316176
Fra_131,80,59.55557969527591
Fra_131,81,28.27066711240908
Fra_131,82,30.01142810055895
Fra_131,83,41.917656653238396
Fra_131,84,75.79384245410581
Fra_131,85,336.50774402223544
Fra_131,86,62.41711133355089
Fra_131,87,91.06791880760474
Fra_131,88,93.09946465981484
Fra_131,89,70.5873399923821
Fra_131,90,46.267344363559204
Fra_131,91,37.75802183857138
Fra_131,92,28.868105612899633
Fra_131,93,41.61147839555601
Fra_131,94,28.60282881854797
Fra_131,95,28.224635520887215
Fra_131,96,27.963391222397362
Fra_132,1,73.77244569677977
Fra_132,2,19.359671095615255
Fra_132,3,19.36051831659719
Fra_132,4,24.435089292819498
Fra_132,5,14.170341926660324
Fra_132,6,14.170341926660324
Fra_132,7,13.298341436135047
Fra_132,8,16.027259257978567
Fra_132,9,11.300614270629099
Fra_132,10,11.300614270629099
Fra_132,11,11.300614270629103
Fra_132,12,11.300614270629103
Fra_132,13,11.300614270629103
Fra_132,14,14.170341926660324
Fra_132,15,20.423530500563118
Fra_132,16,42.14302732661868
Fra_132,17,24.339202547595427
Fra_132,18,25.58283818048101
Fra_132,19,28.047724231036614
Fra_132,20,45.410550812156686
Fra_132,21,31.380493865220146
Fra_132,22,38.772406344224116
Fra_132,23,64.45061654586179
Fra_132,24,54.38742712759717
Fra_132,25,57.584797535558934
Fra_132,26,68.6345719953504
Fra_132,27,36.5868224717349
Fra_132,28,57.528192970695656
Fra_132,29,424.6634244866325
Fra_132,30,39.131771687497256
Fra_132,31,39.131771687497256
Fra_132,32,34.75775328297658
Fra_132,33,41.606102379030624
Fra_132,34,36.836550453617534
Fra_132,35,36.836550453617534
Fra_132,36,30.628053811995585
Fra_132,37,53.58629369656091
Fra_132,38,53.58629369656092
Fra_132,39,45.95852068840804
Fra_132,40,102.60843530350031
Fra_132,41,20.377689737475034
Fra_132,42,36.836550453617534
Fra_132,43,36.836550453617534
Fra_132,44,36.836550453617534
Fra_132,45,87.3754142114239
Fra_132,46,43.296832784541145
Fra_132,47,36.836550453617534
Fra_132,48,36.836550453617534
Fra_132,49,19.48600881299223
Fra_132,50,20.377689737475034
Fra_132,51,23.473874487302314
Fra_132,52,20.377689737475034
Fra_132,53,21.92132866138939
Fra_132,54,21.92132866138939
Fra_132,55,23.473874487302314
Fra_132,56,22.449518997374554
Fra_132,57,19.654996110968828
Fra_132,58,19.61733382139631
Fra_132,59,20.221669105046423
Fra_132,60,21.92132866138939
Fra_132,61,21.09565918120785
Fra_132,62,21.800107645852584
Fra_132,63,20.211024223050813
Fra_132,64,21.853864374361578
Fra_132,65,31.841081715261208
Fra_132,66,54.53319533150127
Fra_132,67,33.36987851835819
Fra_132,68,23.473874487302314
Fra_132,69,33.36987851835819
Fra_132,70,28.444205115249027
Fra_132,71,21.92132866138939
Fra_132,72,20.221669105046423
Fra_132,73,19.17375664512715
Fra_132,74,20.221669105046423
Fra_132,75,26.42500781607065
Fra_132,76,26.86180274369593
Fra_132,77,28.230970088527684
Fra_132,78,29.32010385998187
Fra_132,79,30.69008582964639
Fra_132,80,54.53319533150127
Fra_132,81,28.02812183609349
Fra_132,82,29.503230536525795
Fra_132,83,39.58755346491664
Fra_132,84,69.57898468116616
Fra_132,85,320.32766071642544
Fra_132,86,58.67162805352184
Fra_132,87,86.70030510476768
Fra_132,88,88.63407720080235
Fra_132,89,65.46861407635157
Fra_132,90,43.2742439421598
Fra_132,91,36.06173708741883
Fra_132,92,28.528337362762123
Fra_132,93,40.643429039092865
Fra_132,94,28.330199931838614
Fra_132,95,28.047724231036614
Fra_132,96,27.803548064372254
Fra_133,1,75.56371999867311
Fra_133,2,23.050625395948387
Fra_133,3,23.048857835720565
Fra_133,4,24.946698404899262
Fra_133,5,16.203305411854124
Fra_133,6,16.203305411854124
Fra_133,7,14.942348034660805
Fra_133,8,16.320794111491217
Fra_133,9,11.456416550597252
Fra_133,10,11.456416550597252
Fra_133,11,11.456416550597256
Fra_133,12,11.456416550597256
Fra_133,13,11.456416550597256
Fra_133,14,16.203305411854124
Fra_133,15,20.83109163525816
Fra_133,16,43.11392800875529
Fra_133,17,24.84832464093379
Fra_133,18,26.124216506098726
Fra_133,19,28.65303441489836
Fra_133,20,51.446355637171735
Fra_133,21,33.85501182014916
Fra_133,22,44.92933094256014
Fra_133,23,77.78862209431654
Fra_133,24,68.27944731424564
Fra_133,25,64.28824589385006
Fra_133,26,71.12516335204003
Fra_133,27,41.65496137426653
Fra_133,28,59.60606512130223
Fra_133,29,440.20441040068727
Fra_133,30,40.61998724296018
Fra_133,31,40.61998724296018
Fra_133,32,35.804079035602754
Fra_133,33,43.14860618594028
Fra_133,34,38.09288887352529
Fra_133,35,38.09288887352528
Fra_133,36,33.76457861171075
Fra_133,37,55.18229032720031
Fra_133,38,55.18229032720033
Fra_133,39,47.606457398455
Fra_133,40,106.36151426852639
Fra_133,41,25.223829443695802
Fra_133,42,38.09288887352529
Fra_133,43,38.09288887352528
Fra_133,44,38.09288887352529
Fra_133,45,90.56242566178906
Fra_133,46,44.87643219782916
Fra_133,47,38.09288887352528
Fra_133,48,38.09288887352528
Fra_133,49,24.120092570325475
Fra_133,50,25.223829443695802
Fra_133,51,29.056336320674692
Fra_133,52,25.223829443695802
Fra_133,53,27.134570329492128
Fra_133,54,27.134570329492128
Fra_133,55,29.056336320674692
Fra_133,56,27.788372753630373
Fra_133,57,24.174923971911753
Fra_133,58,24.0898283239908
Fra_133,59,24.99772533107707
Fra_133,60,27.134570329492128
Fra_133,61,26.220529751306643
Fra_133,62,26.94394011925196
Fra_133,63,24.934672942213012
Fra_133,64,26.978213818760228
Fra_133,65,39.20395375358499
Fra_133,66,68.54162442707477
Fra_133,67,41.42702465391517
Fra_133,68,29.056336320674692
Fra_133,69,41.42702465391517
Fra_133,70,31.70592478715614
Fra_133,71,27.134570329492128
Fra_133,72,24.99772533107707
Fra_133,73,23.43849939277482
Fra_133,74,24.99772533107707
Fra_133,75,27.436906213332826
Fra_133,76,28.360384894560692
Fra_133,77,29.10079528802976
Fra_133,78,31.132000462953336
Fra_133,79,33.79300574546813
Fra_133,80,68.54162442707477
Fra_133,81,28.787047629419874
Fra_133,82,30.9970329110689
Fra_133,83,46.14374697897124
Fra_133,84,86.42559280921157
Fra_133,85,332.1713068826943
Fra_133,86,64.98879703096324
Fra_133,87,89.86222912619672
Fra_133,88,91.86786126612591
Fra_133,89,79.616869127706
Fra_133,90,51.661562141726755
Fra_133,91,40.86829579496661
Fra_133,92,29.582005154418763
Fra_133,93,43.433751971500804
Fra_133,94,29.199027945554622
Fra_133,95,28.65303441489836
Fra_133,96,28.35045884352562
Fra_134,1,75.56588774193575
Fra_134,2,23.05373323108381
Fra_134,3,23.05196358866461
Fra_134,4,24.947317537996103
Fra_134,5,16.20503200581753
Fra_134,6,16.20503200581753
Fra_134,7,14.943754272485547
Fra_134,8,16.321149338047185
Fra_134,9,11.456610680162331
Fra_134,10,11.456610680162331
Fra_134,11,11.456610680162335
Fra_134,12,11.456610680162335
Fra_134,13,11.456610680162335
Fra_134,14,16.20503200581753
Fra_134,15,20.831584852797718
Fra_134,16,43.1151029619214
Fra_134,17,24.848940764319543
Fra_134,18,26.12487166495221
Fra_134,19,28.653766942055977
Fra_134,20,51.45161610363202
Fra_134,21,33.85727474991398
Fra_134,22,44.934617615589836
Fra_134,23,77.79914296225837
Fra_134,24,68.29103549710143
Fra_134,25,64.28893467644545
Fra_134,26,71.1180290430131
Fra_134,27,41.65935401012614
Fra_134,28,59.60007125242809
Fra_134,29,440.1602399261344
Fra_134,30,40.61601831240354
Fra_134,31,40.61601831240354
Fra_134,32,35.80015502420875
Fra_134,33,43.1443287037535
Fra_134,34,38.0889435138379
Fra_134,35,38.0889435138379
Fra_134,36,33.764324405989996
Fra_134,37,55.17621593796668
Fra_134,38,55.176215937966695
Fra_134,39,47.60165154223522
Fra_134,40,106.35089140956106
Fra_134,41,25.227652023892787
Fra_134,42,38.0889435138379
Fra_134,43,38.0889435138379
Fra_134,44,38.0889435138379
Fra_134,45,90.553366980389
Fra_134,46,44.871943879789065
Fra_134,47,38.0889435138379
Fra_134,48,38.0889435138379
Fra_134,49,24.123747883188045
Fra_134,50,25.227652023892787
Fra_134,51,29.06073970343877
Fra_134,52,25.227652023892787
Fra_134,53,27.138682475565222
Fra_134,54,27.138682475565222
Fra_134,55,29.06073970343877
Fra_134,56,27.7925839810981
Fra_134,57,24.17849706565559
Fra_134,58,24.09351491403861
Fra_134,59,25.001492630217435
Fra_134,60,27.138682475565222
Fra_134,61,26.224664917474712
Fra_134,62,26.947991973272014
Fra_134,63,24.93838758586761
Fra_134,64,26.98224589746942
Fra_134,65,39.20973289608579
Fra_134,66,68.55335822453739
Fra_134,67,41.43345983508326
Fra_134,68,29.06073970343877
Fra_134,69,41.43345983508326
Fra_134,70,31.708497594747705
Fra_134,71,27.138682475565222
Fra_134,72,25.001492630217435
Fra_134,73,23.442064144671342
Fra_134,74,25.001492630217435
Fra_134,75,27.437704387345384
Fra_134,76,28.361566959214358
Fra_134,77,29.10173089648423
Fra_134,78,31.13370997927575
Fra_134,79,33.79576133933209
Fra_134,80,68.55335822453739
Fra_134,81,28.7878825767939
Fra_134,82,30.998487891392646
Fra_134,83,46.149361107873474
Fra_134,84,86.43907862914826
Fra_134,85,332.13832788532005
Fra_134,86,64.98875698458295
Fra_134,87,89.8532397672582
Fra_134,88,91.85867334099946
Fra_134,89,79.62860707903326
Fra_134,90,51.668679548125425
Fra_134,91,40.87247363886287
Fra_134,92,29.58310137813299
Fra_134,93,43.43635963560373
Fra_134,94,29.19997423183143
Fra_134,95,28.653766942055977
Fra_134,96,28.351120697578637
Fra_135,1,75.7144309072956
Fra_135,2,23.343798941816278
Fra_135,3,23.3418252161455
Fra_135,4,24.989743221686723
Fra_135,5,16.364973586954342
Fra_135,6,16.364973586954342
Fra_135,7,15.073212660268679
Fra_135,8,16.34549100154234
Fra_135,9,11.469607439368597
Fra_135,10,11.469607439368597
Fra_135,11,11.4696074393686
Fra_135,12,11.4696074393686
Fra_135,13,11.4696074393686
Fra_135,14,16.364973586954342
Fra_135,15,20.86538225666895
Fra_135,16,43.19561584619723
Fra_135,17,24.891160209559825
Fra_135,18,26.169765989656952
Fra_135,19,28.703962878345763
Fra_135,20,51.92805957024264
Fra_135,21,34.05385600143814
Fra_135,22,45.419686836684086
Fra_135,23,78.83898925273752
Fra_135,24,69.38149996183597
Fra_135,25,64.76306548083845
Fra_135,26,71.21568317729489
Fra_135,27,42.05912532550377
Fra_135,28,59.681090145578125
Fra_135,29,440.77298510532256
Fra_135,30,40.67747051153491
Fra_135,31,40.67747051153491
Fra_135,32,35.83098268274894
Fra_135,33,43.20628568272568
Fra_135,34,38.13432579982714
Fra_135,35,38.13432579982714
Fra_135,36,33.97970095066233
Fra_135,37,55.22251291330147
Fra_135,38,55.222512913301486
Fra_135,39,47.66534126916429
Fra_135,40,106.4994319224775
Fra_135,41,25.605462662698613
Fra_135,42,38.13432579982714
Fra_135,43,38.13432579982714
Fra_135,44,38.13432579982714
Fra_135,45,90.67909132806659
Fra_135,46,44.934245778956374
Fra_135,47,38.13432579982714
Fra_135,48,38.13432579982714
Fra_135,49,24.48502639573079
Fra_135,50,25.605462662698613
Fra_135,51,29.49595486421265
Fra_135,52,25.605462662698613
Fra_135,53,27.545112806565943
Fra_135,54,27.545112806565943
Fra_135,55,29.49595486421265
Fra_135,56,28.208807175314448
Fra_135,57,24.53096805837647
Fra_135,58,24.444066028632413
Fra_135,59,25.37383948010558
Fra_135,60,27.545112806565943
Fra_135,61,26.625342720312787
Fra_135,62,27.348989203039775
Fra_135,63,25.306604012239085
Fra_135,64,27.381706810002548
Fra_135,65,39.7836379606193
Fra_135,66,69.6535318623407
Fra_135,67,42.062544410771736
Fra_135,68,29.49595486421265
Fra_135,69,42.062544410771736
Fra_135,70,31.962785020937027
Fra_135,71,27.545112806565943
Fra_135,72,25.37383948010558
Fra_135,73,23.776913951146195
Fra_135,74,25.37383948010558
Fra_135,75,27.516593153054195
Fra_135,76,28.47839815147125
Fra_135,77,29.172522828385056
Fra_135,78,31.278296977992866
Fra_135,79,34.04134246483369
Fra_135,80,69.6535318623407
Fra_135,81,28.849875418994337
Fra_135,82,31.11826933529168
Fra_135,83,46.665714682338965
Fra_135,84,87.75552461929718
Fra_135,85,332.6129703443095
Fra_135,86,65.42824604473128
Fra_135,87,89.97795293003435
Fra_135,88,91.98628292618655
Fra_135,89,80.73871043694106
Fra_135,90,52.32849132153737
Fra_135,91,41.25175217692441
Fra_135,92,29.668370051129287
Fra_135,93,43.658799825655656
Fra_135,94,29.270783828519228
Fra_135,95,28.703962878345763
Fra_135,96,28.396473806378886
Fra_136,1,75.71143814181441
Fra_136,2,23.337922721368177
Fra_136,3,23.335953133046637
Fra_136,4,24.988888452493153
Fra_136,5,16.361733821804233
Fra_136,6,16.361733821804233
Fra_136,7,15.070590609388667
Fra_136,8,16.34500057917867
Fra_136,9,11.469345715333064
Fra_136,10,11.469345715333064
Fra_136,11,11.469345715333068
Fra_136,12,11.469345715333068
Fra_136,13,11.469345715333068
Fra_136,14,16.361733821804233
Fra_136,15,20.864701325281672
Fra_136,16,43.19399371716647
Fra_136,17,24.89030959554441
Fra_136,18,26.168861483650556
Fra_136,19,28.702951558403445
Fra_136,20,51.91841211267155
Fra_136,21,34.04987808733016
Fra_136,22,45.40986274542332
Fra_136,23,78.81790608166743
Fra_136,24,69.35940634977847
Fra_136,25,64.75333500835085
Fra_136,26,71.21347122823617
Fra_136,27,42.05102978697372
Fra_136,28,59.679252860213474
Fra_136,29,440.75912289478345
Fra_136,30,40.67609343538628
Fra_136,31,40.67609343538628
Fra_136,32,35.83023666029591
Fra_136,33,43.20488941353209
Fra_136,34,38.133279862623965
Fra_136,35,38.133279862623965
Fra_136,36,33.9752646328449
Fra_136,37,55.22138735841547
Fra_136,38,55.221387358415484
Fra_136,39,47.66389427627452
Fra_136,40,106.4960738957367
Fra_136,41,25.597802447527418
Fra_136,42,38.133279862623965
Fra_136,43,38.133279862623965
Fra_136,44,38.133279862623965
Fra_136,45,90.67624717357359
Fra_136,46,44.93283639499813
Fra_136,47,38.133279862623965
Fra_136,48,38.133279862623965
Fra_136,49,24.477701373990918
Fra_136,50,25.597802447527418
Fra_136,51,29.487130756485477
Fra_136,52,25.597802447527418
Fra_136,53,27.53687231922179
Fra_136,54,27.53687231922179
Fra_136,55,29.487130756485477
Fra_136,56,28.200368134960748
Fra_136,57,24.523821808404985
Fra_136,58,24.436962501115367
Fra_136,59,25.366290044765496
Fra_136,60,27.53687231922179
Fra_136,61,26.617221186886226
Fra_136,62,27.340858721337067
Fra_136,63,25.299138012058616
Fra_136,64,27.373607356705534
Fra_136,65,39.77200109230526
Fra_136,66,69.63124274734635
Fra_136,67,42.04979155442148
Fra_136,68,29.487130756485477
Fra_136,69,42.04979155442148
Fra_136,70,31.957629273057357
Fra_136,71,27.53687231922179
Fra_136,72,25.366290044765496
Fra_136,73,23.770129829422437
Fra_136,74,25.366290044765496
Fra_136,75,27.51499366151571
Fra_136,76,28.476029366742942
Fra_136,77,29.1710937674732
Fra_136,78,31.275372480574553
Fra_136,79,34.03637097611644
Fra_136,80,69.63124274734635
Fra_136,81,28.848624429765938
Fra_136,82,31.11584767566465
Fra_136,83,46.65525660432959
Fra_136,84,87.72883806529045
Fra_136,85,332.6022677555757
Fra_136,86,65.41920713749741
Fra_136,87,89.97513154973905
Fra_136,88,91.98339631183113
Fra_136,89,80.7162172433272
Fra_136,90,52.31512606858961
Fra_136,91,41.24407192228548
Fra_136,92,29.666647874251446
Fra_136,93,43.65429998788797
Fra_136,94,29.26935470931639
Fra_136,95,28.702951558403445
Fra_136,96,28.395560057044456
Fra_137,1,75.7090455171035
Fra_137,2,23.333224862368
Fra_137,3,23.33125858173097
Fra_137,4,24.988205090596768
Fra_137,5,16.359143728392436
Fra_137,6,16.359143728392436
Fra_137,7,15.068494359693073
Fra_137,8,16.344608501458755
Fra_137,9,11.469136474950288
Fra_137,10,11.469136474950288
Fra_137,11,11.469136474950291
Fra_137,12,11.469136474950291
Fra_137,13,11.469136474950291
Fra_137,14,16.359143728392436
Fra_137,15,20.864156941408666
Fra_137,16,43.19269687448779
Fra_137,17,24.8896295555862
Fra_137,18,26.168138358689482
Fra_137,19,28.702143038958855
Fra_137,20,51.91069926462927
Fra_137,21,34.04669786634303
Fra_137,22,45.40200868413417
Fra_137,23,78.80105072951739
Fra_137,24,69.34174318088147
Fra_137,25,64.74555579241515
Fra_137,26,71.21170284243708
Fra_137,27,42.04455765086506
Fra_137,28,59.67778400660904
Fra_137,29,440.74804048031064
Fra_137,30,40.67499250501181
Fra_137,31,40.67499250501181
Fra_137,32,35.8296402381014
Fra_137,33,43.20377313890364
Fra_137,34,38.13244366773531
Fra_137,35,38.13244366773531
Fra_137,36,33.97171793207521
Fra_137,37,55.22048751161809
Fra_137,38,55.2204875116181
Fra_137,39,47.66273744959826
Fra_137,40,106.49338925579076
Fra_137,41,25.591678339165043
Fra_137,42,38.13244366773531
Fra_137,43,38.13244366773531
Fra_137,44,38.13244366773531
Fra_137,45,90.67397335881458
Fra_137,46,44.93170963551539
Fra_137,47,38.13244366773531
Fra_137,48,38.13244366773531
Fra_137,49,24.47184524255216
Fra_137,50,25.591678339165043
Fra_137,51,29.480076151527946
Fra_137,52,25.591678339165043
Fra_137,53,27.530284300957742
Fra_137,54,27.530284300957742
Fra_137,55,29.480076151527946
Fra_137,56,28.193621379622222
Fra_137,57,24.5181085995418
Fra_137,58,24.43128344755131
Fra_137,59,25.360254501498872
Fra_137,60,27.530284300957742
Fra_137,61,26.610728268650746
Fra_137,62,27.33435864922776
Fra_137,63,25.293169172657024
Fra_137,64,27.3671320908601
Fra_137,65,39.76269777105896
Fra_137,66,69.61342327981497
Fra_137,67,42.03959603478224
Fra_137,68,29.480076151527946
Fra_137,69,42.03959603478224
Fra_137,70,31.953507409898354
Fra_137,71,27.530284300957742
Fra_137,72,25.360254501498872
Fra_137,73,23.76470613104697
Fra_137,74,25.360254501498872
Fra_137,75,27.513714916821538
Fra_137,76,28.474135595610004
Fra_137,77,29.169951276866232
Fra_137,78,31.27303443409743
Fra_137,79,34.03239642253718
Fra_137,80,69.61342327981497
Fra_137,81,28.847624302038
Fra_137,82,31.113911632663118
Fra_137,83,46.64689568997405
Fra_137,84,87.70750297940805
Fra_137,85,332.5937113623551
Fra_137,86,65.41198080688659
Fra_137,87,89.97287594225641
Fra_137,88,91.98108855170733
Fra_137,89,80.69823462116473
Fra_137,90,52.304440956551225
Fra_137,91,41.23793179297995
Fra_137,92,29.665271046370865
Fra_137,93,43.65070250485569
Fra_137,94,29.26821217210755
Fra_137,95,28.702143038958855
Fra_137,96,28.39482954232458
Fra_138,1,89.0227564509805
Fra_138,2,25.88601994783195
Fra_138,3,25.88443306989172
Fra_138,4,28.790758290945764
Fra_138,5,18.036389550710627
Fra_138,6,18.036389550710627
Fra_138,7,16.607658505215007
Fra_138,8,18.526316900085718
Fra_138,9,12.825536464382564
Fra_138,10,12.825536464382564
Fra_138,11,12.825536464382568
Fra_138,12,12.825536464382568
Fra_138,13,12.825536464382568
Fra_138,14,18.036389550710627
Fra_138,15,23.893369792548988
Fra_138,16,50.40895125485146
Fra_138,17,28.673697899330527
Fra_138,18,30.191952313661194
Fra_138,19,33.201132838985075
Fra_138,20,59.348746159908664
Fra_138,21,39.042078133895004
Fra_138,22,51.53633239690435
Fra_138,23,75.02747489177241
Fra_138,24,76.95247686344872
Fra_138,25,67.6605271685904
Fra_138,26,70.65182523336618
Fra_138,27,47.84212731891181
Fra_138,28,59.06315250045702
Fra_138,29,442.8886873298037
Fra_138,30,40.04139536907357
Fra_138,31,40.04139536907357
Fra_138,32,29.885694115187317
Fra_138,33,42.553627175506364
Fra_138,34,34.7122954414721
Fra_138,35,34.712295441472094
Fra_138,36,29.839885057771497
Fra_138,37,49.55760084566896
Fra_138,38,49.557600845668965
Fra_138,39,46.99106803361078
Fra_138,40,106.10100110578598
Fra_138,41,24.220613104914197
Fra_138,42,34.7122954414721
Fra_138,43,34.712295441472094
Fra_138,44,34.712295441472094
Fra_138,45,90.20648717125331
Fra_138,46,44.27025572291945
Fra_138,47,34.712295441472094
Fra_138,48,34.712295441472094
Fra_138,49,23.160774675574842
Fra_138,50,24.220613104914197
Fra_138,51,27.900691361724192
Fra_138,52,24.220613104914197
Fra_138,53,26.055358928973853
Fra_138,54,26.055358928973853
Fra_138,55,27.900691361724192
Fra_138,56,26.68315795518655
Fra_138,57,23.382624521234536
Fra_138,58,26.072401710432278
Fra_138,59,24.009017218774193
Fra_138,60,26.055358928973853
Fra_138,61,27.249890826421783
Fra_138,62,26.159794092872417
Fra_138,63,24.5299209795388
Fra_138,64,26.421292425059626
Fra_138,65,39.128464900174116
Fra_138,66,78.1761641795464
Fra_138,67,41.22112909101616
Fra_138,68,27.900691361724192
Fra_138,69,41.22112909101616
Fra_138,70,31.03070478407158
Fra_138,71,26.055358928973853
Fra_138,72,24.009017218774193
Fra_138,73,26.234244964137204
Fra_138,74,24.009017218774193
Fra_138,75,27.227429585158603
Fra_138,76,28.05015815949068
Fra_138,77,33.841354477048725
Fra_138,78,36.12811677066497
Fra_138,79,39.18582049469022
Fra_138,80,78.1761641795464
Fra_138,81,33.327506847779915
Fra_138,82,36.310928452070655
Fra_138,83,52.98025244682934
Fra_138,84,98.08414429079895
Fra_138,85,333.2746681823337
Fra_138,86,68.00661462829697
Fra_138,87,89.50206150032328
Fra_138,88,91.51980751018216
Fra_138,89,91.38035155167508
Fra_138,90,59.26474512705035
Fra_138,91,46.95459647759442
Fra_138,92,34.221191977460464
Fra_138,93,51.2905328403776
Fra_138,94,33.800662691541994
Fra_138,95,33.201132838985075
Fra_138,96,32.45976365798346
Fra_139,1,74.25128193411953
Fra_139,2,20.455242928017725
Fra_139,3,20.455304435450334
Fra_139,4,24.571850581672958
Fra_139,5,14.772591543992078
Fra_139,6,14.772591543992078
Fra_139,7,13.784565266395566
Fra_139,8,16.10572581367889
Fra_139,9,11.34251044417687
Fra_139,10,11.34251044417687
Fra_139,11,11.342510444176874
Fra_139,12,11.342510444176874
Fra_139,13,11.342510444176874
Fra_139,14,14.772591543992078
Fra_139,15,20.5324781028466
Fra_139,16,42.4025645895457
Fra_139,17,24.475299016608023
Fra_139,18,25.72755725569025
Fra_139,19,28.209533313295786
Fra_139,20,47.18784888652152
Fra_139,21,32.10061928649541
Fra_139,22,40.591730083513625
Fra_139,23,68.46659076559796
Fra_139,24,58.519686823943246
Fra_139,25,60.18807787367608
Fra_139,26,70.51897065645659
Fra_139,27,38.081143700058135
Fra_139,28,59.10517666579216
Fra_139,29,436.36413194796353
Fra_139,30,40.220384333471024
Fra_139,31,40.220384333471024
Fra_139,32,35.6510633434343
Fra_139,33,42.75485569789554
Fra_139,34,37.82268007372092
Fra_139,35,37.82268007372091
Fra_139,36,31.904625040579553
Fra_139,37,54.96824904814723
Fra_139,38,54.96824904814724
Fra_139,39,47.21526586080445
Fra_139,40,105.43320111855547
Fra_139,41,21.836826341873667
Fra_139,42,37.82268007372092
Fra_139,43,37.82268007372091
Fra_139,44,37.82268007372092
Fra_139,45,89.7785431769847
Fra_139,46,44.48668071723956
Fra_139,47,37.82268007372091
Fra_139,48,37.82268007372091
Fra_139,49,20.88129694913373
Fra_139,50,21.836826341873667
Fra_139,51,25.15471220505854
Fra_139,52,21.836826341873667
Fra_139,53,23.490996934827805
Fra_139,54,23.490996934827805
Fra_139,55,25.15471220505854
Fra_139,56,24.057008135849905
Fra_139,57,21.01528546543667
Fra_139,58,20.95124473290592
Fra_139,59,21.659704095065724
Fra_139,60,23.490996934827805
Fra_139,61,22.63411522853124
Fra_139,62,23.352084485000294
Fra_139,63,21.639827854578286
Fra_139,64,23.40252513708943
Fra_139,65,34.07454040069485
Fra_139,66,58.696193024534196
Fra_139,67,35.78942909207699
Fra_139,68,25.15471220505854
Fra_139,69,35.78942909207699
Fra_139,70,29.426284637318414
Fra_139,71,23.490996934827805
Fra_139,72,21.659704095065724
Fra_139,73,20.441745716807407
Fra_139,74,21.659704095065724
Fra_139,75,26.729682893737568
Fra_139,76,27.313014678056454
Fra_139,77,28.475392600064836
Fra_139,78,29.844883375692334
Fra_139,79,31.602486124069795
Fra_139,80,58.696193024534196
Fra_139,81,28.240344089241507
Fra_139,82,29.934826164369696
Fra_139,83,41.52668934372913
Fra_139,84,74.66356150414518
Fra_139,85,329.17870639563745
Fra_139,86,61.210426067908216
Fra_139,87,89.08474763412683
Fra_139,88,91.07204486934981
Fra_139,89,69.69376656420951
Fra_139,90,45.76047613798716
Fra_139,91,37.47797663215971
Fra_139,92,28.824339035397212
Fra_139,93,41.458079695206514
Fra_139,94,28.570879405909135
Fra_139,95,28.209533313295786
Fra_139,96,27.949746052795106
Fra_140,1,73.03906549736377
Fra_140,2,17.08973986909293
Fra_140,3,17.092261901224482
Fra_140,4,24.22562723988684
Fra_140,5,12.928342685639668
Fra_140,6,12.928342685639668
Fra_140,7,12.299543259002657
Fra_140,8,15.90708076316227
Fra_140,9,11.235225716862164
Fra_140,10,11.235225716862164
Fra_140,11,11.235225716862168
Fra_140,12,11.235225716862168
Fra_140,13,11.235225716862168
Fra_140,14,12.928342685639668
Fra_140,15,20.256667577379922
Fra_140,16,41.74552297168775
Fra_140,17,24.130758725259046
Fra_140,18,25.361188071404268
Fra_140,19,27.799899259238693
Fra_140,20,41.79806764444589
Fra_140,21,29.95882020020587
Fra_140,22,35.043119666874674
Fra_140,23,55.85133894935609
Fra_140,24,45.78293796104886
Fra_140,25,48.52954733555637
Fra_140,26,57.89175784651079
Fra_140,27,33.539833075100226
Fra_140,28,48.52721860030272
Fra_140,29,358.09296760124164
Fra_140,30,33.015029073328165
Fra_140,31,33.015029073328165
Fra_140,32,29.453103018296662
Fra_140,33,35.101674391222666
Fra_140,34,31.145944959148803
Fra_140,35,31.145944959148803
Fra_140,36,25.946132188702457
Fra_140,37,45.322833469817596
Fra_140,38,45.32283346981761
Fra_140,39,38.77204547747514
Fra_140,40,86.53741955031423
Fra_140,41,17.253287033198987
Fra_140,42,31.145944959148803
Fra_140,43,31.145944959148803
Fra_140,44,31.1459449591488
Fra_140,45,73.69342930485263
Fra_140,46,36.527496209038816
Fra_140,47,31.145944959148803
Fra_140,48,31.145944959148803
Fra_140,49,16.498322798767752
Fra_140,50,17.253287033198987
Fra_140,51,19.874750255221844
Fra_140,52,17.253287033198987
Fra_140,53,18.56024801714872
Fra_140,54,18.56024801714872
Fra_140,55,19.874750255221844
Fra_140,56,19.00745374028596
Fra_140,57,16.74527864342975
Fra_140,58,16.822467622408475
Fra_140,59,17.14245061507398
Fra_140,60,18.56024801714872
Fra_140,61,17.824139713747325
Fra_140,62,18.461933048090263
Fra_140,63,17.120995472325372
Fra_140,64,18.510882419682865
Fra_140,65,26.98135375841777
Fra_140,66,45.88369323560967
Fra_140,67,28.219834476911004
Fra_140,68,19.874750255221844
Fra_140,69,28.219834476911004
Fra_140,70,26.341309536234796
Fra_140,71,18.56024801714872
Fra_140,72,17.14245061507398
Fra_140,73,16.53630430995475
Fra_140,74,17.14245061507398
Fra_140,75,25.772616783100602
Fra_140,76,25.895637010023126
Fra_140,77,27.792373067246725
Fra_140,78,28.296931062801555
Fra_140,79,28.842408313783366
Fra_140,80,45.88369323560967
Fra_140,81,27.65275293940097
Fra_140,82,28.66749862421316
Fra_140,83,35.603777997362485
Fra_140,84,58.5474372995895
Fra_140,85,270.1112221827828
Fra_140,86,49.45011713189705
Fra_140,87,73.12419916146203
Fra_140,88,74.75469319073467
Fra_140,89,56.5617685287304
Fra_140,90,38.139542108356686
Fra_140,91,33.17866925626217
Fra_140,92,27.997052142819825
Fra_140,93,39.02334280420368
Fra_140,94,27.91577395195625
Fra_140,95,27.799899259238693
Fra_140,96,27.579632868439226
Fra_141,1,75.56889847611387
Fra_141,2,23.058049639591868
Fra_141,3,23.05627710525974
Fra_141,4,24.94817743926189
Fra_141,5,16.20743003677762
Fra_141,6,16.20743003677762
Fra_141,7,14.945707367372044
Fra_141,8,16.321642704928518
Fra_141,9,11.456880302735554
Fra_141,10,11.456880302735554
Fra_141,11,11.456880302735557
Fra_141,12,11.456880302735557
Fra_141,13,11.456880302735557
Fra_141,14,16.20743003677762
Fra_141,15,20.832269872527306
Fra_141,16,43.116734830286944
Fra_141,17,24.84979648545931
Fra_141,18,26.12578160165286
Fra_141,19,28.65478433400817
Fra_141,20,51.458922257657605
Fra_141,21,33.86041768667361
Fra_141,22,44.94196016738243
Fra_141,23,77.8137551800619
Fra_141,24,68.30713008670867
Fra_141,25,64.28989131247141
Fra_141,26,71.10812034746006
Fra_141,27,41.66545485202122
Fra_141,28,59.59174649082407
Fra_141,29,440.0988924595298
Fra_141,30,40.61050594611714
Fra_141,31,40.61050594611714
Fra_141,32,35.79470504522655
Fra_141,33,43.13838779643336
Fra_141,34,38.083463884648616
Fra_141,35,38.083463884648616
Fra_141,36,33.76397134487545
Fra_141,37,55.16777934328612
Fra_141,38,55.167779343286135
Fra_141,39,47.594976787052396
Fra_141,40,106.33613753851441
Fra_141,41,25.232961127164362
Fra_141,42,38.083463884648616
Fra_141,43,38.083463884648616
Fra_141,44,38.083463884648616
Fra_141,45,90.54078556349687
Fra_141,46,44.86571014687441
Fra_141,47,38.083463884648616
Fra_141,48,38.083463884648616
Fra_141,49,24.12882467228788
Fra_141,50,25.232961127164362
Fra_141,51,29.066855471489152
Fra_141,52,25.232961127164362
Fra_141,53,27.144393750945934
Fra_141,54,27.144393750945934
Fra_141,55,29.066855471489152
Fra_141,56,27.79843286859662
Fra_141,57,24.183459662306934
Fra_141,58,24.098635143379834
Fra_141,59,25.00672495476274
Fra_141,60,27.144393750945934
Fra_141,61,26.230408164993403
Fra_141,62,26.953619510256257
Fra_141,63,24.943546778288173
Fra_141,64,26.987845968929797
Fra_141,65,39.21775942863098
Fra_141,66,68.56965505528693
Fra_141,67,41.44239752628453
Fra_141,68,29.066855471489152
Fra_141,69,41.44239752628453
Fra_141,70,31.712070914468317
Fra_141,71,27.144393750945934
Fra_141,72,25.00672495476274
Fra_141,73,23.447015155501962
Fra_141,74,25.00672495476274
Fra_141,75,27.438812954868627
Fra_141,76,28.363208704579165
Fra_141,77,29.103030343886385
Fra_141,78,31.136084291450356
Fra_141,79,33.79958852715924
Fra_141,80,68.56965505528693
Fra_141,81,28.789042218085008
Fra_141,82,31.000508683736754
Fra_141,83,46.15715845641451
Fra_141,84,86.45780880799497
Fra_141,85,332.0925240319416
Fra_141,86,64.9887013649858
Fra_141,87,89.84075463091177
Fra_141,88,91.84591242014525
Fra_141,89,79.64490967900021
Fra_141,90,51.678564767963614
Fra_141,91,40.87827616060335
Fra_141,92,29.584623900776773
Fra_141,93,43.439981366818365
Fra_141,94,29.201288509442136
Fra_141,95,28.65478433400817
Fra_141,96,28.352039933104674
Fra_142,1,73.01600792751375
Fra_142,2,17.038915542056827
Fra_142,3,17.04147387104485
Fra_142,4,24.21904172541526
Fra_142,5,12.900384958537433
Fra_142,6,12.900384958537433
Fra_142,7,12.276958895220464
Fra_142,8,15.903302335491462
Fra_142,9,11.233215865917238
Fra_142,10,11.233215865917238
Fra_142,11,11.233215865917241
Fra_142,12,11.233215865917241
Fra_142,13,11.233215865917241
Fra_142,14,12.900384958537433
Fra_142,15,20.251421385146017
Fra_142,16,41.73302538252894
Fra_142,17,24.12420522409123
Fra_142,18,25.35421936284577
Fra_142,19,27.792107609556357
Fra_142,20,41.715389453850264
Fra_142,21,29.925183543274148
Fra_142,22,34.95858886280148
Fra_142,23,55.66594376068319
Fra_142,24,45.59137922990193
Fra_142,25,48.43429091771884
Fra_142,26,57.852061735491574
Fra_142,27,33.470350261315396
Fra_142,28,48.49406205296381
Fra_142,29,357.845715419049
Fra_142,30,32.99144314804984
Fra_142,31,32.99144314804984
Fra_142,32,29.435321685630868
Fra_142,33,35.07713709784422
Fra_142,34,31.125404934227127
Fra_142,35,31.125404934227124
Fra_142,36,25.900675352655774
Fra_142,37,45.2960104907657
Fra_142,38,45.29601049076571
Fra_142,39,38.74570128621398
Fra_142,40,86.47771923791879
Fra_142,41,17.185926813419044
Fra_142,42,31.125404934227127
Fra_142,43,31.125404934227124
Fra_142,44,31.12540493422712
Fra_142,45,73.64269837043844
Fra_142,46,36.50230883805385
Fra_142,47,31.125404934227124
Fra_142,48,31.125404934227124
Fra_142,49,16.43391010757523
Fra_142,50,17.185926813419044
Fra_142,51,19.79715532837184
Fra_142,52,17.185926813419044
Fra_142,53,18.487785165102053
Fra_142,54,18.487785165102053
Fra_142,55,19.79715532837184
Fra_142,56,18.93324490929978
Fra_142,57,16.682471777260865
Fra_142,58,16.760688092468637
Fra_142,59,17.076064539440665
Fra_142,60,18.487785165102053
Fra_142,61,17.75305829085872
Fra_142,62,18.39035010324711
Fra_142,63,17.055164578399502
Fra_142,64,18.439502805798043
Fra_142,65,26.878573541255687
Fra_142,66,45.690647630250254
Fra_142,67,28.10803660644034
Fra_142,68,19.79715532837184
Fra_142,69,28.10803660644034
Fra_142,70,26.295972388055148
Fra_142,71,18.487785165102053
Fra_142,72,17.076064539440665
Fra_142,73,16.477514988816406
Fra_142,74,17.076064539440665
Fra_142,75,25.758551629686423
Fra_142,76,25.874807065126785
Fra_142,77,27.780825973544168
Fra_142,78,28.27238581117133
Fra_142,79,28.79995668448931
Fra_142,80,45.690647630250254
Fra_142,81,27.642711711214968
Fra_142,82,28.647306538438613
Fra_142,83,35.51371251551209
Fra_142,84,58.314937822069595
Fra_142,85,269.9233262869433
Fra_142,86,49.35994844450941
Fra_142,87,73.0738657390528
Fra_142,88,74.70322114107915
Fra_142,89,56.36684637243641
Fra_142,90,38.02415567407283
Fra_142,91,33.11280171428787
Fra_142,92,27.9830529035549
Fra_142,93,38.98536628692046
Fra_142,94,27.9043338517804
Fra_142,95,27.792107609556357
Fra_142,96,27.572592945252293
Fra_143,1,75.53201937949538
Fra_143,2,22.984680404929687
Fra_143,3,22.98295961706802
Fra_143,4,24.937644333385617
Fra_143,5,16.166989978447933
Fra_143,6,16.166989978447933
Fra_143,7,14.912985248596113
Fra_143,8,16.315599353437264
Fra_143,9,11.45365894345954
Fra_143,10,11.45365894345954
Fra_143,11,11.453658943459544
Fra_143,12,11.453658943459544
Fra_143,13,11.453658943459544
Fra_143,14,16.166989978447933
Fra_143,15,20.823878926233665
Fra_143,16,43.096745742057614
Fra_143,17,24.839314582798735
Fra_143,18,26.114635601536346
Fra_143,19,28.642322092613202
Fra_143,20,51.33859803558862
Fra_143,21,33.810883000735664
Fra_143,22,44.81937446706192
Fra_143,23,77.54998993953632
Fra_143,24,68.03119324398402
Fra_143,25,64.16468030053956
Fra_143,26,71.07357515707098
Fra_143,27,41.564468314212036
Fra_143,28,59.562995914194055
Fra_143,29,439.88284937419627
Fra_143,30,40.58939366868759
Fra_143,31,40.58939366868759
Fra_143,32,35.7817878551953
Fra_143,33,43.116770019940446
Fra_143,34,38.06665189516268
Fra_143,35,38.06665189516267
Fra_143,36,33.70641111298078
Fra_143,37,55.14816212039224
Fra_143,38,55.14816212039226
Fra_143,39,47.57226254161963
Fra_143,40,106.2838669116588
Fra_143,41,25.137126468782476
Fra_143,42,38.06665189516268
Fra_143,43,38.06665189516268
Fra_143,44,38.06665189516268
Fra_143,45,90.49646257406806
Fra_143,46,44.84374695873571
Fra_143,47,38.06665189516267
Fra_143,48,38.06665189516267
Fra_143,49,24.037183518561545
Fra_143,50,25.137126468782476
Fra_143,51,28.956459701832653
Fra_143,52,25.137126468782476
Fra_143,53,27.041299481153523
Fra_143,54,27.041299481153523
Fra_143,55,28.956459701832653
Fra_143,56,27.692854561552593
Fra_143,57,24.09406090055498
Fra_143,58,24.009883331394953
Fra_143,59,24.912276229678156
Fra_143,60,27.041299481153523
Fra_143,61,26.128870812845143
Fra_143,62,26.85189698570099
Fra_143,63,24.85013269280553
Fra_143,64,26.88650805145442
Fra_143,65,39.0721508157683
Fra_143,66,68.29131242112008
Fra_143,67,41.28290982402909
Fra_143,68,28.956459701832653
Fra_143,69,41.28290982402909
Fra_143,70,31.647568896482035
Fra_143,71,27.041299481153523
Fra_143,72,24.912276229678156
Fra_143,73,23.362290658368522
Fra_143,74,24.912276229678156
Fra_143,75,27.418802195151088
Fra_143,76,28.333573548105864
Fra_143,77,29.085337383445957
Fra_143,78,31.099705445634218
Fra_143,79,33.737620901699266
Fra_143,80,68.29131242112008
Fra_143,81,28.773567215517268
Fra_143,82,30.97041767851846
Fra_143,83,46.0266503851294
Fra_143,84,86.12408210503503
Fra_143,85,331.92666113379823
Fra_143,86,64.87182221812508
Fra_143,87,89.79678387117994
Fra_143,88,91.80093273911065
Fra_143,89,79.36393239045118
Fra_143,90,51.51172973555847
Fra_143,91,40.78247881031102
Fra_143,92,29.563275820980905
Fra_143,93,43.38398736036385
Fra_143,94,29.183603702819923
Fra_143,95,28.642322092613202
Fra_143,96,28.340780029780667
Fra_144,1,75.34184196846486
Fra_144,2,22.59009095641518
Fra_144,3,22.588649947045486
Fra_144,4,24.88332741704728
Fra_144,5,15.949681326120096
Fra_144,6,15.949681326120096
Fra_144,7,14.73727321530609
Fra_144,8,16.284435115537324
Fra_144,9,11.437111097249955
Fra_144,10,11.437111097249955
Fra_144,11,11.437111097249959
Fra_144,12,11.437111097249959
Fra_144,13,11.437111097249959
Fra_144,14,15.949681326120096
Fra_144,15,20.78060865693374
Fra_144,16,42.99366639909973
Fra_144,17,24.78526171021122
Fra_144,18,26.05715812405275
Fra_144,19,28.578057047602755
Fra_144,20,50.693684744183784
Fra_144,21,33.54669902048502
Fra_144,22,44.16136062219296
Fra_144,23,76.12263779012184
Fra_144,24,66.54581799586111
Fra_144,25,63.42892346720812
Fra_144,26,70.77161902335236
Fra_144,27,41.022899057000096
Fra_144,28,59.3109298615715
Fra_144,29,438.0004863584983
Fra_144,30,40.41013964839075
Fra_144,31,40.41013964839075
Fra_144,32,35.65191361883969
Fra_144,33,42.93033895737482
Fra_144,34,37.913309409327866
Fra_144,35,37.913309409327866
Fra_144,36,33.36047503998942
Fra_144,37,54.94936358099038
Fra_144,38,54.94936358099039
Fra_144,39,47.37216769285539
Fra_144,40,105.82929949105478
Fra_144,41,24.61852210166715
Fra_144,42,37.913309409327866
Fra_144,43,37.913309409327866
Fra_144,44,37.913309409327866
Fra_144,45,90.11032219489083
Fra_144,46,44.65241176446813
Fra_144,47,37.913309409327866
Fra_144,48,37.913309409327866
Fra_144,49,23.541272088058154
Fra_144,50,24.61852210166715
Fra_144,51,28.359058623542392
Fra_144,52,24.61852210166715
Fra_144,53,26.483410097065985
Fra_144,54,26.483410097065985
Fra_144,55,28.359058623542392
Fra_144,56,27.121522936541822
Fra_144,57,23.610381434629275
Fra_144,58,23.531582566101758
Fra_144,59,24.40117176993087
Fra_144,60,26.483410097065985
Fra_144,61,25.580552313576067
Fra_144,62,26.30135387512434
Fra_144,63,24.344470213484236
Fra_144,64,26.337985111782125
Fra_144,65,38.283800565273125
Fra_144,66,66.79358768806514
Fra_144,67,40.42084313782097
Fra_144,68,28.359058623542392
Fra_144,69,40.42084313782097
Fra_144,70,31.298519515180534
Fra_144,71,26.483410097065985
Fra_144,72,24.40117176993087
Fra_144,73,22.906306525701357
Fra_144,74,24.40117176993087
Fra_144,75,27.31051498931104
Fra_144,76,28.17320440998095
Fra_144,77,28.992690118087523
Fra_144,78,30.906326212548148
Fra_144,79,33.40611115421695
Fra_144,80,66.79358768806514
Fra_144,81,28.69275787647944
Fra_144,82,30.811013076620124
Fra_144,83,45.325919073015314
Fra_144,84,84.32046885199021
Fra_144,85,330.49409451220276
Fra_144,86,64.17579615249652
Fra_144,87,89.41367609587881
Fra_144,88,91.40913842011439
Fra_144,89,77.85058214378061
Fra_144,90,50.61514852656542
Fra_144,91,40.2688853044903
Fra_144,92,29.45105040523219
Fra_144,93,43.08601873796278
Fra_144,94,29.091150415664746
Fra_144,95,28.578057047602755
Fra_144,96,28.282715178443198
Fra_145,1,73.6646521037985
Fra_145,2,19.089647570551598
Fra_145,3,19.09069029744532
Fra_145,4,24.404302168628224
Fra_145,5,14.022136215186539
Fra_145,6,14.022136215186539
Fra_145,7,13.178843250018446
Fra_145,8,16.00959519810124
Fra_145,9,11.291117388304183
Fra_145,10,11.291117388304183
Fra_145,11,11.291117388304187
Fra_145,12,11.291117388304187
Fra_145,13,11.291117388304187
Fra_145,14,14.022136215186537
Fra_145,15,20.399004676114085
Fra_145,16,42.08460139327902
Fra_145,17,24.308565084841074
Fra_145,18,25.5502596330085
Fra_145,19,28.011298453299705
Fra_145,20,44.97526683004189
Fra_145,21,31.20578654721958
Fra_145,22,38.32558952282904
Fra_145,23,63.44980044250795
Fra_145,24,53.367265511027526
Fra_145,25,56.88027910508875
Fra_145,26,68.05311444456146
Fra_145,27,36.220460897051595
Fra_145,28,57.0413425810801
Fra_145,29,421.05536080235066
Fra_145,30,38.797213071915266
Fra_145,31,38.797213071915266
Fra_145,32,34.47581638682792
Fra_145,33,41.2522357696573
Fra_145,34,36.52960454485036
Fra_145,35,36.52960454485036
Fra_145,36,30.27584683409301
Fra_145,37,53.15088310952006
Fra_145,38,53.15088310952007
Fra_145,39,45.57022391810475
Fra_145,40,101.73757913282445
Fra_145,41,20.01406005989928
Fra_145,42,36.52960454485036
Fra_145,43,36.52960454485036
Fra_145,44,36.52960454485036
Fra_145,45,86.63431706287543
Fra_145,46,42.92977286503991
Fra_145,47,36.52960454485036
Fra_145,48,36.52960454485036
Fra_145,49,19.13829073536953
Fra_145,50,20.01406005989928
Fra_145,51,23.05499494201343
Fra_145,52,20.01406005989928
Fra_145,53,21.530153519561907
Fra_145,54,21.530153519561907
Fra_145,55,23.05499494201343
Fra_145,56,22.048918563276594
Fra_145,57,19.316119648102628
Fra_145,58,19.287337655210735
Fra_145,59,19.863298135401067
Fra_145,60,21.530153519561907
Fra_145,61,20.71309077118237
Fra_145,62,21.41268140185776
Fra_145,63,19.853606322098308
Fra_145,64,21.46673976690112
Fra_145,65,31.281077977639754
Fra_145,66,53.50619571213405
Fra_145,67,32.76812483990239
Fra_145,68,23.05499494201343
Fra_145,69,32.76812483990239
Fra_145,70,28.199462259174204
Fra_145,71,21.530153519561907
Fra_145,72,19.863298135401067
Fra_145,73,18.860831238580293
Fra_145,74,19.863298135401067
Fra_145,75,26.34908010654475
Fra_145,76,26.749356760423876
Fra_145,77,28.17334577869822
Fra_145,78,29.193254592181713
Fra_145,79,30.466827435119086
Fra_145,80,53.50619571213405
Fra_145,81,27.978292721998493
Fra_145,82,29.399068955100706
Fra_145,83,39.11094509101946
Fra_145,84,68.31676252705441
Fra_145,85,317.6022128913986
Fra_145,86,57.97789420567665
Fra_145,87,85.96495871944467
Fra_145,88,87.88225841813399
Fra_145,89,64.42462362529949
Fra_145,90,42.66209473598495
Fra_145,91,35.714704843753964
Fra_145,92,28.45862302075955
Fra_145,93,40.44514770039252
Fra_145,94,28.274209123729193
Fra_145,95,28.011298453299705
Fra_145,96,27.77063659019836
Fra_146,1,75.70904551710346
Fra_146,2,23.333224862367988
Fra_146,3,23.33125858173096
Fra_146,4,24.988205090596754
Fra_146,5,16.35914372839243
Fra_146,6,16.35914372839243
Fra_146,7,15.068494359693068
Fra_146,8,16.344608501458747
Fra_146,9,11.469136474950282
Fra_146,10,11.469136474950282
Fra_146,11,11.469136474950286
Fra_146,12,11.469136474950286
Fra_146,13,11.469136474950286
Fra_146,14,16.35914372839243
Fra_146,15,20.864156941408655
Fra_146,16,43.192696874487766
Fra_146,17,24.88962955558619
Fra_146,18,26.168138358689472
Fra_146,19,28.70214303895884
Fra_146,20,51.91069926462925
Fra_146,21,34.04669786634301
Fra_146,22,45.402008684134145
Fra_146,23,78.80105072951739
Fra_146,24,69.34174318088144
Fra_146,25,64.745555792415
Fra_146,26,71.21170284243685
Fra_146,27,42.044557650865045
Fra_146,28,59.677784006608846
Fra_146,29,440.7480404803092
Fra_146,30,40.67499250501167
Fra_146,31,40.67499250501167
Fra_146,32,35.8296402381013
Fra_146,33,43.2037731389035
Fra_146,34,38.1324436677352
Fra_146,35,38.132443667735195
Fra_146,36,33.97171793207515
Fra_146,37,55.220487511617925
Fra_146,38,55.22048751161794
Fra_146,39,47.662737449598104
Fra_146,40,106.49338925579042
Fra_146,41,25.591678339165043
Fra_146,42,38.1324436677352
Fra_146,43,38.132443667735195
Fra_146,44,38.1324436677352
Fra_146,45,90.67397335881428
Fra_146,46,44.93170963551525
Fra_146,47,38.132443667735195
Fra_146,48,38.132443667735195
Fra_146,49,24.47184524255216
Fra_146,50,25.591678339165043
Fra_146,51,29.480076151527946
Fra_146,52,25.591678339165043
Fra_146,53,27.530284300957742
Fra_146,54,27.530284300957742
Fra_146,55,29.480076151527946
Fra_146,56,28.193621379622225
Fra_146,57,24.5181085995418
Fra_146,58,24.4312834475513
Fra_146,59,25.360254501498872
Fra_146,60,27.530284300957742
Fra_146,61,26.61072826865074
Fra_146,62,27.334358649227756
Fra_146,63,25.293169172657016
Fra_146,64,27.367132090860093
Fra_146,65,39.76269777105894
Fra_146,66,69.61342327981494
Fra_146,67,42.03959603478224
Fra_146,68,29.480076151527946
Fra_146,69,42.03959603478224
Fra_146,70,31.953507409898354
Fra_146,71,27.530284300957742
Fra_146,72,25.360254501498872
Fra_146,73,23.76470613104696
Fra_146,74,25.360254501498872
Fra_146,75,27.513714916821538
Fra_146,76,28.474135595610004
Fra_146,77,29.169951276866215
Fra_146,78,31.27303443409741
Fra_146,79,34.03239642253716
Fra_146,80,69.61342327981494
Fra_146,81,28.847624302037982
Fra_146,82,31.113911632663097
Fra_146,83,46.64689568997403
Fra_146,84,87.70750297940799
Fra_146,85,332.59371136235404
Fra_146,86,65.41198080688645
Fra_146,87,89.97287594225612
Fra_146,88,91.98108855170703
Fra_146,89,80.69823462116469
Fra_146,90,52.3044409565512
Fra_146,91,41.237931792979936
Fra_146,92,29.66527104637085
Fra_146,93,43.65070250485565
Fra_146,94,29.268212172107535
Fra_146,95,28.70214303895884
Fra_146,96,28.394829542324565
Fra_147,1,75.06257400207697
Fra_147,2,22.028672734084868
Fra_147,3,22.02762821724682
Fra_147,4,24.80356518511831
Fra_147,5,15.64030152832498
Fra_147,6,15.64030152832498
Fra_147,7,14.486982522594923
Fra_147,8,16.238671671313398
Fra_147,9,11.412852349479563
Fra_147,10,11.412852349479563
Fra_147,11,11.412852349479566
Fra_147,12,11.412852349479566
Fra_147,13,11.412852349479566
Fra_147,14,15.64030152832498
Fra_147,15,20.71706798695108
Fra_147,16,42.842298482539825
Fra_147,17,24.705887216031595
Fra_147,18,25.972754733750143
Fra_147,19,28.483686384269802
Fra_147,20,49.77376068431196
Fra_147,21,33.16845840100809
Fra_147,22,43.22379522848438
Fra_147,23,74.1011641301026
Fra_147,24,64.43387658503735
Fra_147,25,62.48958628881836
Fra_147,26,70.54267317137048
Fra_147,27,40.25071051393965
Fra_147,28,59.12055659412808
Fra_147,29,436.56433938427074
Fra_147,30,40.26843987969635
Fra_147,31,40.26843987969635
Fra_147,32,35.56898331868336
Fra_147,33,42.78614469137279
Fra_147,34,37.802448315649784
Fra_147,35,37.802448315649784
Fra_147,36,32.9285675421173
Fra_147,37,54.825434348467276
Fra_147,38,54.82543434846729
Fra_147,39,47.22197603286478
Fra_147,40,105.48236201357169
Fra_147,41,23.88405368858169
Fra_147,42,37.802448315649784
Fra_147,43,37.802448315649784
Fra_147,44,37.802448315649784
Fra_147,45,89.81628917821767
Fra_147,46,44.50651298804681
Fra_147,47,37.802448315649784
Fra_147,48,37.802448315649784
Fra_147,49,22.838942326705087
Fra_147,50,23.88405368858169
Fra_147,51,27.51299513127369
Fra_147,52,23.88405368858169
Fra_147,53,25.693304659105262
Fra_147,54,25.693304659105262
Fra_147,55,27.51299513127369
Fra_147,56,26.31238005503986
Fra_147,57,22.925272110472765
Fra_147,58,22.852105223484322
Fra_147,59,23.677325028030968
Fra_147,60,25.693304659105262
Fra_147,61,24.8032462054462
Fra_147,62,25.522179361894988
Fra_147,63,23.629406280822817
Fra_147,64,25.562090551004886
Fra_147,65,37.17002624990034
Fra_147,66,64.66344868542103
Fra_147,67,39.198899666363154
Fra_147,68,27.51299513127369
Fra_147,69,39.198899666363154
Fra_147,70,30.804181708889047
Fra_147,71,25.693304659105262
Fra_147,72,23.677325028030968
Fra_147,73,22.25788185202552
Fra_147,74,23.677325028030968
Fra_147,75,27.157154282625914
Fra_147,76,27.946083171026373
Fra_147,77,28.858611271177775
Fra_147,78,30.629045940511535
Fra_147,79,32.93302502658488
Fra_147,80,64.66344868542103
Fra_147,81,28.575639845271308
Fra_147,82,30.58227482833648
Fra_147,83,44.327789130967844
Fra_147,84,81.76898241298275
Fra_147,85,329.39101561281745
Fra_147,86,63.3017826784192
Fra_147,87,89.12198774104651
Fra_147,88,91.11073405212542
Fra_147,89,75.70188812371629
Fra_147,90,49.3389518984292
Fra_147,91,39.53642846345814
Fra_147,92,29.288624271700794
Fra_147,93,42.65983986803081
Fra_147,94,28.956780810628523
Fra_147,95,28.483686384269802
Fra_147,96,28.197449252990946
Fra_148,1,81.226241408889
Fra_148,2,27.13351777765553
Fra_148,3,27.12952475588227
Fra_148,4,26.56398144622416
Fra_148,5,18.534815598749198
Fra_148,6,18.534815598749198
Fra_148,7,16.883514241459753
Fra_148,8,17.248707491872494
Fra_148,9,12.073306444108093
Fra_148,10,12.073306444108093
Fra_148,11,12.073306444108097
Fra_148,12,12.073306444108097
Fra_148,13,12.073306444108097
Fra_148,14,18.534815598749198
Fra_148,15,22.119461400147458
Fra_148,16,46.18310948139781
Fra_148,17,26.4577457948549
Fra_148,18,27.83560507266104
Fra_148,19,30.56652241186006
Fra_148,20,59.1179724737592
Fra_148,21,37.593405907853644
Fra_148,22,52.31194810223674
Fra_148,23,88.5803144332577
Fra_148,24,83.037707652829
Fra_148,25,62.89939485550914
Fra_148,26,57.67548423484944
Fra_148,27,47.96008266308717
Fra_148,28,48.28271812475707
Fra_148,29,359.6271276165022
Fra_148,30,33.02078421550496
Fra_148,31,33.02078421550496
Fra_148,32,27.365999528556646
Fra_148,33,34.99468198875889
Fra_148,34,30.05349402918852
Fra_148,35,30.053494029188524
Fra_148,36,30.9687465065587
Fra_148,37,42.88092924682104
Fra_148,38,42.880929246821054
Fra_148,39,38.498140678164425
Fra_148,40,86.40749051712396
Fra_148,41,29.14480912473365
Fra_148,42,30.05349402918852
Fra_148,43,30.05349402918852
Fra_148,44,30.05349402918852
Fra_148,45,73.52478554637173
Fra_148,46,36.343462486866756
Fra_148,47,30.053494029188524
Fra_148,48,30.053494029188524
Fra_148,49,27.86949918140749
Fra_148,50,29.14480912473365
Fra_148,51,33.57306937951013
Fra_148,52,29.14480912473365
Fra_148,53,31.35256978723197
Fra_148,54,31.35256978723197
Fra_148,55,33.57306937951013
Fra_148,56,32.108004123613426
Fra_148,57,27.875649998805663
Fra_148,58,28.594539490486596
Fra_148,59,28.86200093042096
Fra_148,60,31.35256978723197
Fra_148,61,31.26381845425322
Fra_148,62,31.445270543104396
Fra_148,63,29.449692021745843
Fra_148,64,31.733720124561465
Fra_148,65,46.91336973195028
Fra_148,66,83.69433234784474
Fra_148,67,48.39141420368468
Fra_148,68,33.57306937951013
Fra_148,69,48.39141420368468
Fra_148,70,34.344960666037714
Fra_148,71,31.35256978723197
Fra_148,72,28.86200093042096
Fra_148,73,28.009747786814
Fra_148,74,28.86200093042096
Fra_148,75,28.25562653413717
Fra_148,76,29.572877831230286
Fra_148,77,31.535619448874563
Fra_148,78,34.39058423535349
Fra_148,79,38.40195191891175
Fra_148,80,83.69433234784474
Fra_148,81,31.076495703147266
Fra_148,82,34.28653621766764
Fra_148,83,53.99953167390126
Fra_148,84,103.60016045754043
Fra_148,85,270.53462659221026
Fra_148,86,62.47408843555678
Fra_148,87,72.95383961308971
Fra_148,88,74.58924832442183
Fra_148,89,95.40840915590323
Fra_148,90,61.392079933268455
Fra_148,91,46.91454926335309
Fra_148,92,31.914282143110547
Fra_148,93,48.91395287806749
Fra_148,94,31.358655105427665
Fra_148,95,30.56652241186006
Fra_148,96,30.07933643260307
Fra_149,1,75.48229734211466
Fra_149,2,22.879928079289115
Fra_149,3,22.87828170325031
Fra_149,4,24.923443131834155
Fra_149,5,16.109317857627342
Fra_149,6,16.109317857627342
Fra_149,7,14.866364144219611
Fra_149,8,16.307451438322605
Fra_149,9,11.449338899670337
Fra_149,10,11.449338899670337
Fra_149,11,11.449338899670341
Fra_149,12,11.449338899670341
Fra_149,13,11.449338899670341
Fra_149,14,16.109317857627342
Fra_149,15,20.812565879453054
Fra_149,16,43.069795564768114
Fra_149,17,24.825182415698723
Fra_149,18,26.09960806872631
Fra_149,19,28.625519944803074
Fra_149,20,51.16759848864941
Fra_149,21,33.740957600230104
Fra_149,22,44.64480922607727
Fra_149,23,77.17024517580849
Fra_149,24,67.63674167686598
Fra_149,25,63.9635689625947
Fra_149,26,70.98263054279639
Fra_149,27,41.420842177068316
Fra_149,28,59.48703394467874
Fra_149,29,439.3162523195813
Fra_149,30,40.53570679533711
Fra_149,31,40.53570679533711
Fra_149,32,35.74169947336296
Fra_149,33,43.06076399185833
Fra_149,34,38.02010069057136
Fra_149,35,38.02010069057136
Fra_149,36,33.61119547435279
Fra_149,37,55.08672337184652
Fra_149,38,55.08672337184653
Fra_149,39,47.51190820528538
Fra_149,40,106.14709112919557
Fra_149,41,24.999152603721065
Fra_149,42,38.02010069057136
Fra_149,43,38.02010069057136
Fra_149,44,38.02010069057136
Fra_149,45,90.38023632832841
Fra_149,46,44.786156233251056
Fra_149,47,38.02010069057136
Fra_149,48,38.02010069057136
Fra_149,49,23.905247073106445
Fra_149,50,24.999152603721065
Fra_149,51,28.797522097388544
Fra_149,52,24.999152603721065
Fra_149,53,26.892873899958655
Fra_149,54,26.892873899958655
Fra_149,55,28.797522097388544
Fra_149,56,27.54085269359103
Fra_149,57,23.965387815052903
Fra_149,58,23.88281605454596
Fra_149,59,24.776297703014926
Fra_149,60,26.892873899958655
Fra_149,61,25.983098829273633
Fra_149,62,26.705419317083994
Fra_149,63,24.715588619394303
Fra_149,64,26.740562636547807
Fra_149,65,38.862377673616294
Fra_149,66,67.89363760597075
Fra_149,67,41.05365079070798
Fra_149,68,28.797522097388544
Fra_149,69,41.05365079070798
Fra_149,70,31.55470486507531
Fra_149,71,26.892873899958655
Fra_149,72,24.776297703014926
Fra_149,73,23.241209377884427
Fra_149,74,24.776297703014926
Fra_149,75,27.38999255667936
Fra_149,76,28.29090759458384
Fra_149,77,29.060977624894118
Fra_149,78,31.04858183970693
Fra_149,79,33.64977996480006
Fra_149,80,67.89363760597075
Fra_149,81,28.752341638815782
Fra_149,82,30.928328658631937
Fra_149,83,45.8407347013483
Fra_149,84,85.6444575324314
Fra_149,85,331.49617938250543
Fra_149,86,64.68078680859803
Fra_149,87,89.68146835610203
Fra_149,88,91.68300854119417
Fra_149,89,78.96197579294616
Fra_149,90,51.273776713494826
Fra_149,91,40.646285776712396
Fra_149,92,29.533725519921703
Fra_149,93,43.30518405074477
Fra_149,94,29.159308951738563
Fra_149,95,28.625519944803074
Fra_149,96,28.325598927603167
Fra_150,1,75.56371999867298
Fra_150,2,23.050625395948497
Fra_150,3,23.048857835720675
Fra_150,4,24.946698404899227
Fra_150,5,16.20330541185418
Fra_150,6,16.20330541185418
Fra_150,7,14.942348034660847
Fra_150,8,16.320794111491196
Fra_150,9,11.456416550597242
Fra_150,10,11.456416550597242
Fra_150,11,11.456416550597245
Fra_150,12,11.456416550597245
Fra_150,13,11.456416550597245
Fra_150,14,16.20330541185418
Fra_150,15,20.831091635258133
Fra_150,16,43.11392800875522
Fra_150,17,24.848324640933754
Fra_150,18,26.12421650609869
Fra_150,19,28.65303441489832
Fra_150,20,51.44635563717186
Fra_150,21,33.85501182014919
Fra_150,22,44.9293309425603
Fra_150,23,77.78862209431713
Fra_150,24,68.27944731424608
Fra_150,25,64.28824589385044
Fra_150,26,71.12516335204045
Fra_150,27,41.65496137426664
Fra_150,28,59.60606512130257
Fra_150,29,440.2044104006897
Fra_150,30,40.61998724296041
Fra_150,31,40.61998724296041
Fra_150,32,35.804079035603024
Fra_150,33,43.14860618594053
Fra_150,34,38.09288887352554
Fra_150,35,38.09288887352554
Fra_150,36,33.76457861171102
Fra_150,37,55.18229032720069
Fra_150,38,55.182290327200704
Fra_150,39,47.60645739845527
Fra_150,40,106.36151426852699
Fra_150,41,25.223829443696015
Fra_150,42,38.09288887352554
Fra_150,43,38.09288887352554
Fra_150,44,38.09288887352554
Fra_150,45,90.56242566178958
Fra_150,46,44.876432197829416
Fra_150,47,38.09288887352554
Fra_150,48,38.09288887352554
Fra_150,49,24.12009257032568
Fra_150,50,25.223829443696015
Fra_150,51,29.056336320674937
Fra_150,52,25.223829443696015
Fra_150,53,27.13457032949236
Fra_150,54,27.13457032949236
Fra_150,55,29.056336320674937
Fra_150,56,27.788372753630608
Fra_150,57,24.174923971911948
Fra_150,58,24.089828323990954
Fra_150,59,24.99772533107728
Fra_150,60,27.13457032949236
Fra_150,61,26.220529751306845
Fra_150,62,26.94394011925219
Fra_150,63,24.934672942213226
Fra_150,64,26.97821381876046
Fra_150,65,39.20395375358533
Fra_150,66,68.54162442707519
Fra_150,67,41.427024653915495
Fra_150,68,29.056336320674937
Fra_150,69,41.427024653915495
Fra_150,70,31.70592478715628
Fra_150,71,27.13457032949236
Fra_150,72,24.99772533107728
Fra_150,73,23.438499392774954
Fra_150,74,24.99772533107728
Fra_150,75,27.43690621333287
Fra_150,76,28.36038489456076
Fra_150,77,29.100795288029737
Fra_150,78,31.132000462953343
Fra_150,79,33.793005745468186
Fra_150,80,68.54162442707519
Fra_150,81,28.787047629419845
Fra_150,82,30.997032911068896
Fra_150,83,46.14374697897141
Fra_150,84,86.4255928092121
Fra_150,85,332.1713068826961
Fra_150,86,64.98879703096362
Fra_150,87,89.86222912619724
Fra_150,88,91.86786126612644
Fra_150,89,79.61686912770642
Fra_150,90,51.66156214172699
Fra_150,91,40.86829579496672
Fra_150,92,29.582005154418738
Fra_150,93,43.433751971500826
Fra_150,94,29.19902794555459
Fra_150,95,28.65303441489832
Fra_150,96,28.35045884352558
Fra_151,1,75.70904551710353
Fra_151,2,23.33322486236801
Fra_151,3,23.33125858173098
Fra_151,4,24.98820509059678
Fra_151,5,16.359143728392443
Fra_151,6,16.359143728392443
Fra_151,7,15.06849435969308
Fra_151,8,16.344608501458758
Fra_151,9,11.469136474950291
Fra_151,10,11.469136474950291
Fra_151,11,11.469136474950295
Fra_151,12,11.469136474950295
Fra_151,13,11.469136474950295
Fra_151,14,16.359143728392443
Fra_151,15,20.864156941408677
Fra_151,16,43.19269687448781
Fra_151,17,24.889629555586215
Fra_151,18,26.168138358689497
Fra_151,19,28.70214303895887
Fra_151,20,51.9106992646293
Fra_151,21,34.046697866343045
Fra_151,22,45.402008684134195
Fra_151,23,78.80105072951739
Fra_151,24,69.34174318088151
Fra_151,25,64.74555579241513
Fra_151,26,71.211702842437
Fra_151,27,42.04455765086509
Fra_151,28,59.67778400660899
Fra_151,29,440.7480404803103
Fra_151,30,40.674992505011765
Fra_151,31,40.674992505011765
Fra_151,32,35.82964023810135
Fra_151,33,43.2037731389036
Fra_151,34,38.13244366773527
Fra_151,35,38.13244366773527
Fra_151,36,33.97171793207518
Fra_151,37,55.220487511618025
Fra_151,38,55.22048751161803
Fra_151,39,47.66273744959821
Fra_151,40,106.49338925579066
Fra_151,41,25.591678339165043
Fra_151,42,38.13244366773527
Fra_151,43,38.13244366773527
Fra_151,44,38.13244366773527
Fra_151,45,90.6739733588145
Fra_151,46,44.93170963551535
Fra_151,47,38.13244366773527
Fra_151,48,38.13244366773527
Fra_151,49,24.47184524255216
Fra_151,50,25.591678339165043
Fra_151,51,29.480076151527946
Fra_151,52,25.591678339165043
Fra_151,53,27.530284300957742
Fra_151,54,27.530284300957742
Fra_151,55,29.480076151527946
Fra_151,56,28.193621379622225
Fra_151,57,24.5181085995418
Fra_151,58,24.43128344755132
Fra_151,59,25.360254501498872
Fra_151,60,27.530284300957742
Fra_151,61,26.61072826865075
Fra_151,62,27.334358649227756
Fra_151,63,25.293169172657016
Fra_151,64,27.367132090860093
Fra_151,65,39.76269777105894
Fra_151,66,69.61342327981501
Fra_151,67,42.03959603478225
Fra_151,68,29.480076151527946
Fra_151,69,42.03959603478225
Fra_151,70,31.953507409898354
Fra_151,71,27.530284300957742
Fra_151,72,25.360254501498872
Fra_151,73,23.76470613104698
Fra_151,74,25.360254501498872
Fra_151,75,27.513714916821538
Fra_151,76,28.474135595610004
Fra_151,77,29.169951276866243
Fra_151,78,31.273034434097443
Fra_151,79,34.0323964225372
Fra_151,80,69.61342327981501
Fra_151,81,28.84762430203801
Fra_151,82,31.11391163266313
Fra_151,83,46.64689568997408
Fra_151,84,87.70750297940809
Fra_151,85,332.59371136235484
Fra_151,86,65.41198080688658
Fra_151,87,89.97287594225634
Fra_151,88,91.98108855170724
Fra_151,89,80.69823462116477
Fra_151,90,52.304440956551254
Fra_151,91,41.23793179297998
Fra_151,92,29.66527104637088
Fra_151,93,43.650702504855694
Fra_151,94,29.268212172107564
Fra_151,95,28.70214303895887
Fra_151,96,28.39482954232459
Fra_152,1,75.4260489182729
Fra_152,2,22.76423609517066
Fra_152,3,22.76267166038165
Fra_152,4,24.90737791717264
Fra_152,5,16.045592878726485
Fra_152,6,16.045592878726485
Fra_152,7,14.814829816217678
Fra_152,8,16.29823404887239
Fra_152,9,11.444440672402582
Fra_152,10,11.444440672402582
Fra_152,11,11.444440672402585
Fra_152,12,11.444440672402585
Fra_152,13,11.444440672402585
Fra_152,14,16.045592878726485
Fra_152,15,20.79976791131298
Fra_152,16,43.03930797667546
Fra_152,17,24.809195296772806
Fra_152,18,26.08260806069521
Fra_152,19,28.606512390381283
Fra_152,20,50.978380379397855
Fra_152,21,33.66336691216225
Fra_152,22,44.451806301985286
Fra_152,23,76.7522780916126
Fra_152,24,67.20131676180857
Fra_152,25,63.75161887606247
Fra_152,26,70.90112348400194
Fra_152,27,41.26196345594257
Fra_152,28,59.41902195216622
Fra_152,29,438.8079186260781
Fra_152,30,40.487123894146514
Fra_152,31,40.487123894146514
Fra_152,32,35.70727175013954
Fra_152,33,43.01034644582497
Fra_152,34,37.97894557363655
Fra_152,35,37.97894557363655
Fra_152,36,33.511965804703884
Fra_152,37,55.03407659430569
Fra_152,38,55.034076594305695
Fra_152,39,47.45795421439183
Fra_152,40,106.02430333109096
Fra_152,41,24.847291302175147
Fra_152,42,37.97894557363655
Fra_152,43,37.97894557363655
Fra_152,44,37.97894557363655
Fra_152,45,90.27595776972076
Fra_152,46,44.73448505938632
Fra_152,47,37.97894557363655
Fra_152,48,37.97894557363655
Fra_152,49,23.76003087350781
Fra_152,50,24.847291302175147
Fra_152,51,28.622587000334264
Fra_152,52,24.847291302175147
Fra_152,53,26.72950888925225
Fra_152,54,26.72950888925225
Fra_152,55,28.622587000334264
Fra_152,56,27.37355143334309
Fra_152,57,23.823747664100274
Fra_152,58,23.74263909587015
Fra_152,59,24.62663257598393
Fra_152,60,26.72950888925225
Fra_152,61,25.822468596236114
Fra_152,62,26.54421046197471
Fra_152,63,24.567527196321237
Fra_152,64,26.579949292974632
Fra_152,65,38.63155317215078
Fra_152,66,67.4545565656006
Fra_152,67,40.80115535398496
Fra_152,68,28.622587000334264
Fra_152,69,40.80115535398496
Fra_152,70,31.45249382191906
Fra_152,71,26.72950888925225
Fra_152,72,24.62663257598393
Fra_152,73,23.107536179001908
Fra_152,74,24.62663257598393
Fra_152,75,27.358283151471085
Fra_152,76,28.24394719936212
Fra_152,77,29.03366390448028
Fra_152,78,30.991747999714647
Fra_152,79,33.55247759563261
Fra_152,80,67.4545565656006
Fra_152,81,28.72850419416994
Fra_152,82,30.88144690942709
Fra_152,83,45.63521386499588
Fra_152,84,85.11617660621849
Fra_152,85,331.10884673397976
Fra_152,86,64.48079279379772
Fra_152,87,89.57801010464595
Fra_152,88,91.57720061460526
Fra_152,89,78.5184024480629
Fra_152,90,51.01086225726986
Fra_152,91,40.495605377533735
Fra_152,92,29.500666441281655
Fra_152,93,43.21763165717781
Fra_152,94,29.132042750415806
Fra_152,95,28.606512390381283
Fra_152,96,28.30842519308527
Fra_153,1,73.8286230751993
Fra_153,2,19.49499248820923
Fra_153,3,19.49574212288367
Fra_153,4,24.451134216068724
Fra_153,5,14.244663168068485
Fra_153,6,14.244663168068485
Fra_153,7,13.358299386044937
Fra_153,8,16.036465005265665
Fra_153,9,11.305550859854005
Fra_153,10,11.305550859854005
Fra_153,11,11.305550859854009
Fra_153,12,11.305550859854009
Fra_153,13,11.305550859854009
Fra_153,14,14.244663168068485
Fra_153,15,20.43631230403602
Fra_153,16,42.17347640690221
Fra_153,17,24.35516947374905
Fra_153,18,25.59981671639492
Fra_153,19,28.066707777679394
Fra_153,20,45.62927490245047
Fra_153,21,31.468634478240716
Fra_153,22,38.99666222419664
Fra_153,23,64.94985020924995
Fra_153,24,54.89832091367432
Fra_153,25,57.91366145055986
Fra_153,26,68.88079837832997
Fra_153,27,36.770832835666106
Fra_153,28,57.73430014305656
Fra_153,29,426.1920193927134
Fra_153,30,39.273916744654855
Fra_153,31,39.273916744654855
Fra_153,32,34.8760262186916
Fra_153,33,41.75618716376127
Fra_153,34,36.966168860229686
Fra_153,35,36.966168860229686
Fra_153,36,30.790896611732407
Fra_153,37,53.768643968223955
Fra_153,38,53.76864396822397
Fra_153,39,46.12283511103012
Fra_153,40,102.97738436455197
Fra_153,41,20.559077882054687
Fra_153,42,36.966168860229686
Fra_153,43,36.966168860229686
Fra_153,44,36.966168860229686
Fra_153,45,87.68933752734341
Fra_153,46,43.45234285008213
Fra_153,47,36.966168860229686
Fra_153,48,36.966168860229686
Fra_153,49,19.659459828754404
Fra_153,50,20.559077882054687
Fra_153,51,23.682822733850454
Fra_153,52,20.559077882054687
Fra_153,53,22.116457215402935
Fra_153,54,22.116457215402935
Fra_153,55,23.682822733850454
Fra_153,56,22.649349137596527
Fra_153,57,19.82406165065275
Fra_153,58,19.782450887528253
Fra_153,59,20.400434066389934
Fra_153,60,22.116457215402935
Fra_153,61,21.286676773124693
Fra_153,62,21.993237700037266
Fra_153,63,20.38905150815505
Fra_153,64,22.046741829340306
Fra_153,65,32.11976350563644
Fra_153,66,55.04767163906544
Fra_153,67,33.670303708182516
Fra_153,68,23.682822733850454
Fra_153,69,33.670303708182516
Fra_153,70,28.56628935451822
Fra_153,71,22.116457215402935
Fra_153,72,20.400434066389934
Fra_153,73,19.3304924090831
Fra_153,74,20.400434066389934
Fra_153,75,26.462882574932205
Fra_153,76,26.91789378776893
Fra_153,77,28.260409088318717
Fra_153,78,29.384205399951
Fra_153,79,30.802322087458432
Fra_153,80,55.04767163906544
Fra_153,81,28.05362497150015
Fra_153,82,29.555911025597133
Fra_153,83,39.82668608049853
Fra_153,84,70.2082206435816
Fra_153,85,321.48306983261136
Fra_153,86,58.99310843490005
Fra_153,87,87.01178974608584
Fra_153,88,88.95254714397605
Fra_153,89,65.99079704442136
Fra_153,90,43.58115653018182
Fra_153,91,36.23607848713249
Fra_153,92,28.56395813807851
Fra_153,93,40.74334913038582
Fra_153,94,28.358961848065483
Fra_153,95,28.066707777679394
Fra_153,96,27.820700107345097
Fra_154,1,74.52018667792053
Fra_154,2,20.922619461290683
Fra_154,3,20.92235749000242
Fra_154,4,24.648652954745945
Fra_154,5,15.03096578195319
Fra_154,6,15.03096578195319
Fra_154,7,13.99414314389058
Fra_154,8,16.149791043943768
Fra_154,9,11.365703074350703
Fra_154,10,11.365703074350703
Fra_154,11,11.365703074350707
Fra_154,12,11.365703074350707
Fra_154,13,11.365703074350707
Fra_154,14,15.03096578195319
Fra_154,15,20.59366087222624
Fra_154,16,42.54831546584097
Fra_154,17,24.55172804030801
Fra_154,18,25.808828560590776
Fra_154,19,28.300402020416428
Fra_154,20,47.96352113926676
Fra_154,21,32.42540572887718
Fra_154,22,41.37790409397625
Fra_154,23,70.11025036099238
Fra_154,24,60.27183831308224
Fra_154,25,60.542907722357015
Fra_154,26,69.91224752178621
Fra_154,27,38.73089818030733
Fra_154,28,58.59509360989264
Fra_154,29,432.6247122262311
Fra_154,30,39.88796226445056
Fra_154,31,39.88796226445056
Fra_154,32,35.31454062596183
Fra_154,33,42.393854776889874
Fra_154,34,37.48810623154147
Fra_154,35,37.48810623154147
Fra_154,36,32.02375774600615
Fra_154,37,54.43921125035048
Fra_154,38,54.439211250350496
Fra_154,39,46.80585414326204
Fra_154,40,104.53086076976322
Fra_154,41,22.434022376904142
Fra_154,42,37.48810623154147
Fra_154,43,37.48810623154147
Fra_154,44,37.48810623154147
Fra_154,45,89.00875011070356
Fra_154,46,44.10615163285165
Fra_154,47,37.48810623154147
Fra_154,48,37.48810623154147
Fra_154,49,21.45236105657704
Fra_154,50,22.434022376904142
Fra_154,51,25.842646163776127
Fra_154,52,22.434022376904142
Fra_154,53,24.13343141723659
Fra_154,54,24.13343141723659
Fra_154,55,25.842646163776127
Fra_154,56,24.714921957597717
Fra_154,57,21.572781351578314
Fra_154,58,21.51252489142487
Fra_154,59,22.248263652605267
Fra_154,60,24.13343141723659
Fra_154,61,23.269328673964985
Fra_154,62,23.983416171105336
Fra_154,63,22.21672395553069
Fra_154,64,24.02942878159893
Fra_154,65,34.96871863945343
Fra_154,66,60.466122202895555
Fra_154,67,36.78741327698124
Fra_154,68,25.842646163776127
Fra_154,69,36.78741327698124
Fra_154,70,29.82823055170124
Fra_154,71,24.13343141723659
Fra_154,72,22.248263652605267
Fra_154,73,20.980106526813454
Fra_154,74,22.248263652605267
Fra_154,75,26.854380435973702
Fra_154,76,27.497686885817007
Fra_154,77,28.596496953701383
Fra_154,78,30.08470125961511
Fra_154,79,32.002273021960505
Fra_154,80,60.466122202895555
Fra_154,81,28.346834460954124
Fra_154,82,30.133384628287995
Fra_154,83,42.36238877927459
Fra_154,84,76.72916074503533
Fra_154,85,326.3819229482324
Fra_154,86,61.475937103068
Fra_154,87,88.32082890340558
Fra_154,88,90.29129978259743
Fra_154,89,71.4647275252069
Fra_154,90,46.82520468009901
Fra_154,91,38.09495639149702
Fra_154,92,28.971099891546338
Fra_154,93,41.82223941270533
Fra_154,94,28.69459818083685
Fra_154,95,28.300402020416428
Fra_154,96,28.031847885437262
Fra_155,1,75.4260489182729
Fra_155,2,22.76423609517066
Fra_155,3,22.76267166038165
Fra_155,4,24.90737791717264
Fra_155,5,16.045592878726485
Fra_155,6,16.045592878726485
Fra_155,7,14.814829816217678
Fra_155,8,16.29823404887239
Fra_155,9,11.444440672402582
Fra_155,10,11.444440672402582
Fra_155,11,11.444440672402585
Fra_155,12,11.444440672402585
Fra_155,13,11.444440672402585
Fra_155,14,16.045592878726485
Fra_155,15,20.79976791131298
Fra_155,16,43.03930797667546
Fra_155,17,24.809195296772806
Fra_155,18,26.08260806069521
Fra_155,19,28.606512390381283
Fra_155,20,50.978380379397855
Fra_155,21,33.66336691216225
Fra_155,22,44.451806301985286
Fra_155,23,76.7522780916126
Fra_155,24,67.20131676180857
Fra_155,25,63.75161887606247
Fra_155,26,70.90112348400194
Fra_155,27,41.26196345594257
Fra_155,28,59.41902195216622
Fra_155,29,438.8079186260781
Fra_155,30,40.487123894146514
Fra_155,31,40.487123894146514
Fra_155,32,35.70727175013954
Fra_155,33,43.01034644582497
Fra_155,34,37.97894557363655
Fra_155,35,37.97894557363655
Fra_155,36,33.511965804703884
Fra_155,37,55.03407659430569
Fra_155,38,55.034076594305695
Fra_155,39,47.45795421439183
Fra_155,40,106.02430333109096
Fra_155,41,24.847291302175147
Fra_155,42,37.97894557363655
Fra_155,43,37.97894557363655
Fra_155,44,37.97894557363655
Fra_155,45,90.27595776972076
Fra_155,46,44.73448505938632
Fra_155,47,37.97894557363655
Fra_155,48,37.97894557363655
Fra_155,49,23.76003087350781
Fra_155,50,24.847291302175147
Fra_155,51,28.622587000334264
Fra_155,52,24.847291302175147
Fra_155,53,26.72950888925225
Fra_155,54,26.72950888925225
Fra_155,55,28.622587000334264
Fra_155,56,27.37355143334309
Fra_155,57,23.823747664100274
Fra_155,58,23.74263909587015
Fra_155,59,24.62663257598393
Fra_155,60,26.72950888925225
Fra_155,61,25.822468596236114
Fra_155,62,26.54421046197471
Fra_155,63,24.567527196321237
Fra_155,64,26.579949292974632
Fra_155,65,38.63155317215078
Fra_155,66,67.4545565656006
Fra_155,67,40.80115535398496
Fra_155,68,28.622587000334264
Fra_155,69,40.80115535398496
Fra_155,70,31.45249382191906
Fra_155,71,26.72950888925225
Fra_155,72,24.62663257598393
Fra_155,73,23.107536179001908
Fra_155,74,24.62663257598393
Fra_155,75,27.358283151471085
Fra_155,76,28.24394719936212
Fra_155,77,29.03366390448028
Fra_155,78,30.991747999714647
Fra_155,79,33.55247759563261
Fra_155,80,67.4545565656006
Fra_155,81,28.72850419416994
Fra_155,82,30.88144690942709
Fra_155,83,45.63521386499588
Fra_155,84,85.11617660621849
Fra_155,85,331.10884673397976
Fra_155,86,64.48079279379772
Fra_155,87,89.57801010464595
Fra_155,88,91.57720061460526
Fra_155,89,78.5184024480629
Fra_155,90,51.01086225726986
Fra_155,91,40.495605377533735
Fra_155,92,29.500666441281655
Fra_155,93,43.21763165717781
Fra_155,94,29.132042750415806
Fra_155,95,28.606512390381283
Fra_155,96,28.30842519308527
Fra_156,1,73.82862307519915
Fra_156,2,19.494992488209185
Fra_156,3,19.495742122883627
Fra_156,4,24.451134216068677
Fra_156,5,14.244663168068458
Fra_156,6,14.244663168068458
Fra_156,7,13.358299386044914
Fra_156,8,16.036465005265637
Fra_156,9,11.305550859853989
Fra_156,10,11.305550859853989
Fra_156,11,11.305550859853993
Fra_156,12,11.305550859853993
Fra_156,13,11.305550859853993
Fra_156,14,14.244663168068458
Fra_156,15,20.436312304035983
Fra_156,16,42.173476406902125
Fra_156,17,24.355169473749005
Fra_156,18,25.59981671639487
Fra_156,19,28.066707777679337
Fra_156,20,45.629274902450355
Fra_156,21,31.46863447824065
Fra_156,22,38.99666222419654
Fra_156,23,64.94985020924993
Fra_156,24,54.89832091367417
Fra_156,25,57.913661450559715
Fra_156,26,68.88079837832981
Fra_156,27,36.77083283566601
Fra_156,28,57.73430014305643
Fra_156,29,426.1920193927124
Fra_156,30,39.27391674465477
Fra_156,31,39.27391674465477
Fra_156,32,34.87602621869159
Fra_156,33,41.756187163761176
Fra_156,34,36.966168860229644
Fra_156,35,36.966168860229644
Fra_156,36,30.7908966117324
Fra_156,37,53.7686439682239
Fra_156,38,53.76864396822391
Fra_156,39,46.12283511103002
Fra_156,40,102.97738436455172
Fra_156,41,20.559077882054687
Fra_156,42,36.966168860229644
Fra_156,43,36.966168860229644
Fra_156,44,36.966168860229644
Fra_156,45,87.68933752734321
Fra_156,46,43.45234285008204
Fra_156,47,36.966168860229644
Fra_156,48,36.966168860229644
Fra_156,49,19.6594598287544
Fra_156,50,20.559077882054687
Fra_156,51,23.68282273385045
Fra_156,52,20.559077882054687
Fra_156,53,22.116457215402935
Fra_156,54,22.116457215402935
Fra_156,55,23.68282273385045
Fra_156,56,22.649349137596523
Fra_156,57,19.824061650652745
Fra_156,58,19.782450887528217
Fra_156,59,20.40043406638993
Fra_156,60,22.116457215402935
Fra_156,61,21.286676773124675
Fra_156,62,21.99323770003727
Fra_156,63,20.389051508155056
Fra_156,64,22.046741829340313
Fra_156,65,32.119763505636456
Fra_156,66,55.047671639065285
Fra_156,67,33.670303708182495
Fra_156,68,23.68282273385045
Fra_156,69,33.670303708182495
Fra_156,70,28.56628935451822
Fra_156,71,22.116457215402935
Fra_156,72,20.40043406638993
Fra_156,73,19.330492409083053
Fra_156,74,20.40043406638993
Fra_156,75,26.462882574932205
Fra_156,76,26.91789378776893
Fra_156,77,28.260409088318667
Fra_156,78,29.38420539995094
Fra_156,79,30.802322087458368
Fra_156,80,55.047671639065285
Fra_156,81,28.053624971500103
Fra_156,82,29.55591102559708
Fra_156,83,39.82668608049843
Fra_156,84,70.2082206435814
Fra_156,85,321.4830698326106
Fra_156,86,58.99310843489991
Fra_156,87,87.01178974608564
Fra_156,88,88.95254714397583
Fra_156,89,65.99079704442119
Fra_156,90,43.58115653018171
Fra_156,91,36.2360784871324
Fra_156,92,28.563958138078455
Fra_156,93,40.743349130385745
Fra_156,94,28.358961848065427
Fra_156,95,28.066707777679337
Fra_156,96,27.820700107345047
Fra_157,1,73.08659548870934
Fra_157,2,17.248821064554974
Fra_157,3,17.251225022038316
Fra_157,4,24.2392023671824
Fra_157,5,13.015297569348856
Fra_157,6,13.015297569348856
Fra_157,7,12.369412209832028
Fra_157,8,15.914869469242815
Fra_157,9,11.239489515693203
Fra_157,10,11.239489515693203
Fra_157,11,11.239489515693206
Fra_157,12,11.239489515693206
Fra_157,13,11.239489515693206
Fra_157,14,13.015297569348856
Fra_157,15,20.267481877113006
Fra_157,16,41.77128502330128
Fra_157,17,24.144267861556393
Fra_157,18,25.375553100313628
Fra_157,19,27.81596066746072
Fra_157,20,42.050192428772625
Fra_157,21,30.057402245984683
Fra_157,22,35.30387458617
Fra_157,23,56.4581556015529
Fra_157,24,46.386596952152246
Fra_157,25,49.233313141055206
Fra_157,26,58.77387717560741
Fra_157,27,33.752637965506594
Fra_157,28,49.266372887909114
Fra_157,29,363.55842814085344
Fra_157,30,33.516644424629
Fra_157,31,33.516644424629
Fra_157,32,29.88966636404289
Fra_157,33,35.63543434053965
Fra_157,34,31.613424938659456
Fra_157,35,31.61342493865946
Fra_157,36,26.312267823125147
Fra_157,37,46.00358789868618
Fra_157,38,46.00358789868619
Fra_157,39,39.362271057156676
Fra_157,40,87.8568618598936
Fra_157,41,17.473763645082514
Fra_157,42,31.613424938659456
Fra_157,43,31.61342493865946
Fra_157,44,31.613424938659456
Fra_157,45,74.81678705009146
Fra_157,46,37.08322082517452
Fra_157,47,31.61342493865946
Fra_157,48,31.61342493865946
Fra_157,49,16.70915186023492
Fra_157,50,17.473763645082514
Fra_157,51,20.12872606805512
Fra_157,52,17.473763645082514
Fra_157,53,18.79742604535081
Fra_157,54,18.79742604535081
Fra_157,55,20.12872606805512
Fra_157,56,19.25034652895442
Fra_157,57,16.9505620057865
Fra_157,58,17.018802326139543
Fra_157,59,17.35973875753689
Fra_157,60,18.79742604535081
Fra_157,61,18.054674466058472
Fra_157,62,18.697716495652024
Fra_157,63,17.33949932285534
Fra_157,64,18.747181469798704
Fra_157,65,27.3254301254536
Fra_157,66,46.49022774120476
Fra_157,67,28.582806197429363
Fra_157,68,20.12872606805512
Fra_157,69,28.582806197429363
Fra_157,70,26.489702472833965
Fra_157,71,18.79742604535081
Fra_157,72,17.35973875753689
Fra_157,73,16.7212958449944
Fra_157,74,17.35973875753689
Fra_157,75,25.818653410957687
Fra_157,76,25.96381546447991
Fra_157,77,27.822101921926066
Fra_157,78,28.36768186042412
Fra_157,79,28.97126378126246
Fra_157,80,46.49022774120476
Fra_157,81,27.67810302742829
Fra_157,82,28.725201676176773
Fra_157,83,35.88246250210517
Fra_157,84,59.32984288817008
Fra_157,85,274.2332194947876
Fra_157,86,50.171205970235945
Fra_157,87,74.23886667550765
Fra_157,88,75.89425286876359
Fra_157,89,57.188875984051776
Fra_157,90,38.49914657075209
Fra_157,91,33.37995417726171
Fra_157,92,28.03306006897314
Fra_157,93,39.13588178092773
Fra_157,94,27.94355873238613
Fra_157,95,27.81596066746072
Fra_157,96,27.59414469645601
Fra_158,1,73.82419808076793
Fra_158,2,19.419928612420197
Fra_158,3,19.420737223598305
Fra_158,4,24.449870385359155
Fra_158,5,14.204037032817045
Fra_158,6,14.204037032817045
Fra_158,7,13.325930612067683
Fra_158,8,16.03573988455644
Fra_158,9,11.30500971744794
Fra_158,10,11.30500971744794
Fra_158,11,11.305009717447943
Fra_158,12,11.305009717447943
Fra_158,13,11.305009717447943
Fra_158,14,14.204037032817045
Fra_158,15,20.43530550359816
Fra_158,16,42.17107798578528
Fra_158,17,24.3539117867351
Fra_158,18,25.598479346638875
Fra_158,19,28.06521247671403
Fra_158,20,45.5151731253766
Fra_158,21,31.427013689794922
Fra_158,22,38.87641961138483
Fra_158,23,64.64413860322608
Fra_158,24,54.61050098808226
Fra_158,25,57.43122504340648
Fra_158,26,68.18431552506166
Fra_158,27,36.673836519648006
Fra_158,28,57.15047112643889
Fra_158,29,421.8786018958868
Fra_158,30,38.8787579771505
Fra_158,31,38.8787579771505
Fra_158,32,34.52508711662481
Fra_158,33,41.33510030869915
Fra_158,34,36.5942139080002
Fra_158,35,36.5942139080002
Fra_158,36,30.53118584383086
Fra_158,37,53.22305684410641
Fra_158,38,53.22305684410643
Fra_158,39,45.6563591910875
Fra_158,40,101.93629900501129
Fra_158,41,20.448002718138866
Fra_158,42,36.5942139080002
Fra_158,43,36.5942139080002
Fra_158,44,36.5942139080002
Fra_158,45,86.8027632164526
Fra_158,46,43.01353912065853
Fra_158,47,36.5942139080002
Fra_158,48,36.5942139080002
Fra_158,49,19.553245059030637
Fra_158,50,20.448002718138866
Fra_158,51,23.554870817317855
Fra_158,52,20.448002718138866
Fra_158,53,21.996967950148367
Fra_158,54,21.996967950148367
Fra_158,55,23.554870817317855
Fra_158,56,22.526980800724708
Fra_158,57,19.720843165941876
Fra_158,58,19.68764348542357
Fra_158,59,20.29096523958402
Fra_158,60,21.996967950148367
Fra_158,61,21.171975188926677
Fra_158,62,21.873372617940245
Fra_158,63,20.276768409585692
Fra_158,64,21.925759516485765
Fra_158,65,31.940853505172427
Fra_158,66,54.759794197358254
Fra_158,67,33.489503752051
Fra_158,68,23.554870817317855
Fra_158,69,33.489503752051
Fra_158,70,28.49152963458289
Fra_158,71,21.996967950148367
Fra_158,72,20.29096523958402
Fra_158,73,19.242486709962304
Fra_158,74,20.29096523958402
Fra_158,75,26.43968952084056
Fra_158,76,26.883545777158556
Fra_158,77,28.251030102537133
Fra_158,78,29.35523541257566
Fra_158,79,30.744415265354903
Fra_158,80,54.759794197358254
Fra_158,81,28.04606570395201
Fra_158,82,29.532641828848313
Fra_158,83,39.6975317507276
Fra_158,84,69.81799420736837
Fra_158,85,318.2336224136703
Fra_158,86,58.490238357233686
Fra_158,87,86.1320631783572
Fra_158,88,88.05320600651747
Fra_158,89,65.68862604685611
Fra_158,90,43.412596008198726
Fra_158,91,36.14466708178265
Fra_158,92,28.55267344306423
Fra_158,93,40.69476572908439
Fra_158,94,28.351712925815438
Fra_158,95,28.06521247671403
Fra_158,96,27.819349070739673
Fra_159,1,77.53293043146742
Fra_159,2,25.374084784626433
Fra_159,3,25.370823709937447
Fra_159,4,25.50912817903002
Fra_159,5,17.501958637690024
Fra_159,6,17.501958637690024
Fra_159,7,16.00527853257327
Fra_159,8,16.643487232982935
Fra_159,9,11.692421469548743
Fra_159,10,11.692421469548743
Fra_159,11,11.692421469548746
Fra_159,12,11.692421469548746
Fra_159,13,11.692421469548746
Fra_159,14,17.501958637690024
Fra_159,15,21.279137832088352
Fra_159,16,44.181273054932554
Fra_159,17,25.40802034845792
Fra_159,18,26.719372616901126
Fra_159,19,29.318473051447377
Fra_159,20,55.47336130528049
Fra_159,21,35.64160893097283
Fra_159,22,48.935874705343196
Fra_159,23,85.27891954045253
Fra_159,24,76.88526538778581
Fra_159,25,65.13374660439761
Fra_159,26,66.43785343271158
Fra_159,27,45.005128372025624
Fra_159,28,55.66262841733997
Fra_159,29,410.4711239430927
Fra_159,30,38.00609422484608
Fra_159,31,38.00609422484608
Fra_159,32,33.025297323066866
Fra_159,33,40.32995176093712
Fra_159,34,35.39247220652292
Fra_159,35,35.39247220652292
Fra_159,36,33.59216005905366
Fra_159,37,50.99696475731794
Fra_159,38,50.996964757317954
Fra_159,39,44.43792395524525
Fra_159,40,99.39873302939662
Fra_159,41,27.945302885377565
Fra_159,42,35.39247220652292
Fra_159,43,35.39247220652292
Fra_159,44,35.39247220652292
Fra_159,45,84.61990821469713
Fra_159,46,41.91786262822263
Fra_159,47,35.39247220652292
Fra_159,48,35.39247220652292
Fra_159,49,26.722480581534153
Fra_159,50,27.945302885377565
Fra_159,51,32.19131024625572
Fra_159,52,27.945302885377565
Fra_159,53,30.062199247535546
Fra_159,54,30.062199247535546
Fra_159,55,32.19131024625572
Fra_159,56,30.78654234581572
Fra_159,57,26.72319196680653
Fra_159,58,26.80404993373265
Fra_159,59,27.679841605693838
Fra_159,60,30.062199247535546
Fra_159,61,29.451204902586337
Fra_159,62,30.054429925426724
Fra_159,63,28.04029470278931
Fra_159,64,30.25415437062798
Fra_159,65,44.48371446947954
Fra_159,66,77.28146432180267
Fra_159,67,46.053554639835
Fra_159,68,32.19131024625572
Fra_159,69,46.053554639835
Fra_159,70,33.537626718883686
Fra_159,71,30.062199247535546
Fra_159,72,27.679841605693838
Fra_159,73,26.08969608525348
Fra_159,74,27.679841605693838
Fra_159,75,28.005163585338497
Fra_159,76,29.201951950195014
Fra_159,77,30.116786476096564
Fra_159,78,32.64810071053169
Fra_159,79,36.16282044739298
Fra_159,80,77.28146432180267
Fra_159,81,29.735025253056982
Fra_159,82,32.52053355617614
Fra_159,83,50.440078498792914
Fra_159,84,96.52021036390023
Fra_159,85,310.62632023751564
Fra_159,86,65.31921897288521
Fra_159,87,83.96492853878306
Fra_159,88,85.84104220435896
Fra_159,89,88.62182556258568
Fra_159,90,57.10116478642009
Fra_159,91,44.06076861760984
Fra_159,92,30.512039732003526
Fra_159,93,46.10835097196859
Fra_159,94,30.01998027688159
Fra_159,95,29.318473051447377
Fra_159,96,28.95169697382097
Fra_160,1,10.610964761803327
Fra_160,2,10.610964761803327
Fra_160,3,10.610964761803327
Fra_160,4,10.610964761803327
Fra_160,5,10.610964761803327
Fra_160,6,10.610964761803327
Fra_160,7,10.610964761803327
Fra_160,8,10.610964761803327
Fra_160,9,10.610964761803327
Fra_160,10,10.610964761803327
Fra_160,11,10.610964761803327
Fra_160,12,10.610964761803327
Fra_160,13,10.610964761803327
Fra_160,14,10.610964761803327
Fra_160,15,10.610964761803327
Fra_160,16,10.610964761803327
Fra_160,17,10.610964761803327
Fra_160,18,10.610964761803327
Fra_160,19,10.610964761803327
Fra_160,20,10.610964761803327
Fra_160,21,10.610964761803327
Fra_160,22,10.610964761803327
Fra_160,23,10.610964761803327
Fra_160,24,10.610964761803327
Fra_160,25,10.610964761803327
Fra_160,26,10.610964761803327
Fra_160,27,10.610964761803327
Fra_160,28,10.610964761803327
Fra_160,29,10.610964761803327
Fra_160,30,10.610964761803327
Fra_160,31,10.610964761803327
Fra_160,32,10.610964761803327
Fra_160,33,10.610964761803327
Fra_160,34,10.610964761803327
Fra_160,35,10.610964761803327
Fra_160,36,10.610964761803327
Fra_160,37,10.610964761803327
Fra_160,38,10.610964761803327
Fra_160,39,10.610964761803327
Fra_160,40,10.610964761803327
Fra_160,41,10.610964761803327
Fra_160,42,10.610964761803327
Fra_160,43,10.610964761803327
Fra_160,44,10.610964761803327
Fra_160,45,10.610964761803327
Fra_160,46,10.610964761803327
Fra_160,47,10.610964761803327
Fra_160,48,10.610964761803327
Fra_160,49,10.610964761803327
Fra_160,50,10.610964761803327
Fra_160,51,10.610964761803327
Fra_160,52,10.610964761803327
Fra_160,53,10.610964761803327
Fra_160,54,10.610964761803327
Fra_160,55,10.610964761803327
Fra_160,56,10.610964761803327
Fra_160,57,10.610964761803327
Fra_160,58,10.610964761803327
Fra_160,59,10.610964761803327
Fra_160,60,10.610964761803327
Fra_160,61,10.610964761803327
Fra_160,62,10.610964761803327
Fra_160,63,10.610964761803327
Fra_160,64,10.610964761803327
Fra_160,65,10.610964761803327
Fra_160,66,10.610964761803327
Fra_160,67,10.610964761803327
Fra_160,68,10.610964761803327
Fra_160,69,10.610964761803327
Fra_160,70,10.610964761803327
Fra_160,71,10.610964761803327
Fra_160,72,10.610964761803327
Fra_160,73,10.610964761803327
Fra_160,74,10.610964761803327
Fra_160,75,10.610964761803327
Fra_160,76,10.610964761803327
Fra_160,77,10.610964761803327
Fra_160,78,10.610964761803327
Fra_160,79,10.610964761803327
Fra_160,80,10.610964761803327
Fra_160,81,10.610964761803327
Fra_160,82,10.610964761803327
Fra_160,83,10.610964761803327
Fra_160,84,10.610964761803327
Fra_160,85,200.7447290010634
Fra_160,86,10.610964761803327
Fra_160,87,10.610964761803327
Fra_160,88,10.610964761803327
Fra_160,89,10.610964761803327
Fra_160,90,10.610964761803327
Fra_160,91,10.610964761803327
Fra_160,92,10.610964761803327
Fra_160,93,10.610964761803327
Fra_160,94,10.610964761803327
Fra_160,95,10.610964761803327
Fra_160,96,10.610964761803327
Fra_161,1,75.4260489182729
Fra_161,2,22.764236095170705
Fra_161,3,22.7626716603817
Fra_161,4,24.90737791717264
Fra_161,5,16.04559287872651
Fra_161,6,16.04559287872651
Fra_161,7,14.8148298162177
Fra_161,8,16.29823404887239
Fra_161,9,11.444440672402582
Fra_161,10,11.444440672402582
Fra_161,11,11.444440672402585
Fra_161,12,11.444440672402585
Fra_161,13,11.444440672402585
Fra_161,14,16.04559287872651
Fra_161,15,20.79976791131298
Fra_161,16,43.03930797667546
Fra_161,17,24.809195296772806
Fra_161,18,26.08260806069521
Fra_161,19,28.606512390381283
Fra_161,20,50.978380379397926
Fra_161,21,33.66336691216228
Fra_161,22,44.45180630198536
Fra_161,23,76.7522780916128
Fra_161,24,67.20131676180874
Fra_161,25,63.75161887606266
Fra_161,26,70.90112348400216
Fra_161,27,41.261963455942634
Fra_161,28,59.4190219521664
Fra_161,29,438.8079186260795
Fra_161,30,40.48712389414664
Fra_161,31,40.48712389414664
Fra_161,32,35.707271750139654
Fra_161,33,43.01034644582511
Fra_161,34,37.97894557363667
Fra_161,35,37.97894557363667
Fra_161,36,33.51196580470399
Fra_161,37,55.034076594305866
Fra_161,38,55.03407659430588
Fra_161,39,47.45795421439198
Fra_161,40,106.02430333109129
Fra_161,41,24.847291302175215
Fra_161,42,37.97894557363667
Fra_161,43,37.97894557363667
Fra_161,44,37.97894557363667
Fra_161,45,90.27595776972105
Fra_161,46,44.734485059386465
Fra_161,47,37.97894557363667
Fra_161,48,37.97894557363667
Fra_161,49,23.760030873507876
Fra_161,50,24.847291302175215
Fra_161,51,28.62258700033434
Fra_161,52,24.847291302175215
Fra_161,53,26.729508889252326
Fra_161,54,26.729508889252326
Fra_161,55,28.62258700033434
Fra_161,56,27.373551433343167
Fra_161,57,23.823747664100342
Fra_161,58,23.74263909587021
Fra_161,59,24.626632575983997
Fra_161,60,26.729508889252326
Fra_161,61,25.822468596236185
Fra_161,62,26.54421046197479
Fra_161,63,24.567527196321308
Fra_161,64,26.579949292974707
Fra_161,65,38.631553172150895
Fra_161,66,67.45455656560078
Fra_161,67,40.801155353985074
Fra_161,68,28.62258700033434
Fra_161,69,40.801155353985074
Fra_161,70,31.452493821919106
Fra_161,71,26.729508889252326
Fra_161,72,24.626632575983997
Fra_161,73,23.107536179001965
Fra_161,74,24.626632575983997
Fra_161,75,27.3582831514711
Fra_161,76,28.24394719936214
Fra_161,77,29.033663904480285
Fra_161,78,30.991747999714665
Fra_161,79,33.552477595632645
Fra_161,80,67.45455656560078
Fra_161,81,28.728504194169943
Fra_161,82,30.8814469094271
Fra_161,83,45.63521386499597
Fra_161,84,85.11617660621872
Fra_161,85,331.1088467339808
Fra_161,86,64.48079279379792
Fra_161,87,89.57801010464624
Fra_161,88,91.57720061460554
Fra_161,89,78.51840244806309
Fra_161,90,51.010862257269956
Fra_161,91,40.49560537753379
Fra_161,92,29.50066644128166
Fra_161,93,43.21763165717784
Fra_161,94,29.13204275041581
Fra_161,95,28.606512390381283
Fra_161,96,28.30842519308527
Fra_162,1,73.1004903947187
Fra_162,2,17.278194740078586
Fra_162,3,17.280577823048272
Fra_162,4,24.243170916565575
Fra_162,5,13.031468379585913
Fra_162,6,13.031468379585913
Fra_162,7,12.382483679446716
Fra_162,8,15.917146417667587
Fra_162,9,11.24069789972702
Fra_162,10,11.24069789972702
Fra_162,11,11.240697899727024
Fra_162,12,11.240697899727024
Fra_162,13,11.240697899727024
Fra_162,14,13.031468379585913
Fra_162,15,20.27064332684389
Fra_162,16,41.77881629514973
Fra_162,17,24.148217119147343
Fra_162,18,25.379752569340795
Fra_162,19,27.820656055599976
Fra_162,20,42.098129647328804
Fra_162,21,30.076997109167444
Fra_162,22,35.35281714314895
Fra_162,23,56.56469144075478
Fra_162,24,46.49721329042768
Fra_162,25,49.27900153656958
Fra_162,26,58.77932195432466
Fra_162,27,33.79290322193066
Fra_162,28,49.27086629847865
Fra_162,29,363.5930095446605
Fra_162,30,33.52039912791534
Fra_162,31,33.52039912791534
Fra_162,32,29.891148759026848
Fra_162,33,35.63906549089933
Fra_162,34,31.615987271502146
Fra_162,35,31.615987271502146
Fra_162,36,26.33337111130322
Fra_162,37,46.00531147358579
Fra_162,38,46.005311473585806
Fra_162,39,39.36577341405656
Fra_162,40,87.86521682665092
Fra_162,41,17.512471648210578
Fra_162,42,31.615987271502146
Fra_162,43,31.615987271502146
Fra_162,44,31.615987271502142
Fra_162,45,74.82383716213167
Fra_162,46,37.08676755080853
Fra_162,47,31.615987271502146
Fra_162,48,31.615987271502146
Fra_162,49,16.746166090003065
Fra_162,50,17.512471648210578
Fra_162,51,20.17331536246426
Fra_162,52,17.512471648210578
Fra_162,53,18.839066234662162
Fra_162,54,18.839066234662162
Fra_162,55,20.17331536246426
Fra_162,56,19.292990030880738
Fra_162,57,16.98666014917871
Fra_162,58,17.0544390884817
Fra_162,59,17.397886976644088
Fra_162,60,18.839066234662162
Fra_162,61,18.095569813825563
Fra_162,62,18.738816758133915
Fra_162,63,17.377258489538388
Fra_162,64,18.788137620452403
Fra_162,65,27.384314938291602
Fra_162,66,46.601744471038
Fra_162,67,28.647118129065106
Fra_162,68,20.17331536246426
Fra_162,69,28.647118129065106
Fra_162,70,26.515755096760795
Fra_162,71,18.839066234662162
Fra_162,72,17.397886976644088
Fra_162,73,16.755250230649125
Fra_162,74,17.397886976644088
Fra_162,75,25.826735837115613
Fra_162,76,25.975785223112513
Fra_162,77,27.82892358824186
Fra_162,78,28.38200795896494
Fra_162,79,28.995891285713356
Fra_162,80,46.601744471038
Fra_162,81,27.6840466603488
Fra_162,82,28.73699854448723
Fra_162,83,35.93458981004136
Fra_162,84,59.46295247305236
Fra_162,85,274.2602242065017
Fra_162,86,50.21318632574187
Fra_162,87,74.24585895796193
Fra_162,88,75.90141079739048
Fra_162,89,57.301137885657155
Fra_162,90,38.5658695639807
Fra_162,91,33.418134716757706
Fra_162,92,28.041331175830223
Fra_162,93,39.15797623205732
Fra_162,94,27.950355714476977
Fra_162,95,27.820656055599976
Fra_162,96,27.598387080698227
Fra_163,1,74.90503598246478
Fra_163,2,21.683287477817654
Fra_163,3,21.682489469000508
Fra_163,4,24.758570464741084
Fra_163,5,15.450291085927196
Fra_163,6,15.450291085927196
Fra_163,7,14.333478495363932
Fra_163,8,16.21285602741081
Fra_163,9,11.399106802364091
Fra_163,10,11.399106802364091
Fra_163,11,11.399106802364095
Fra_163,12,11.399106802364095
Fra_163,13,11.399106802364095
Fra_163,14,15.450291085927196
Fra_163,15,20.681224021589163
Fra_163,16,42.75691023656194
Fra_163,17,24.661111222628147
Fra_163,18,25.92514188674584
Fra_163,19,28.43045089291268
Fra_163,20,49.211678379493875
Fra_163,21,32.9396446472387
Fra_163,22,42.64922043900013
Fra_163,23,72.84219115321397
Fra_163,24,63.13224705372756
Fra_163,25,61.736740732852184
Fra_163,26,70.07519539980665
Fra_163,27,39.77836769020717
Fra_163,28,58.72956059875465
Fra_163,29,433.6591037836848
Fra_163,30,39.99678093824306
Fra_163,31,39.99678093824306
Fra_163,32,35.35212109664741
Fra_163,33,42.50039095766052
Fra_163,34,37.559543389914325
Fra_163,35,37.55954338991432
Fra_163,36,32.56466890154157
Fra_163,37,54.49047161453485
Fra_163,38,54.49047161453486
Fra_163,39,46.910652186634294
Fra_163,40,104.78093027698561
Fra_163,41,23.426627058326183
Fra_163,42,37.559543389914325
Fra_163,43,37.55954338991432
Fra_163,44,37.55954338991432
Fra_163,45,89.21975648273957
Fra_163,46,44.21112816746601
Fra_163,47,37.55954338991432
Fra_163,48,37.55954338991432
Fra_163,49,22.40153163573435
Fra_163,50,23.426627058326183
Fra_163,51,26.98606713089194
Fra_163,52,23.426627058326183
Fra_163,53,25.201227312286978
Fra_163,54,25.201227312286978
Fra_163,55,26.98606713089194
Fra_163,56,25.808446196093072
Fra_163,57,22.498756230348246
Fra_163,58,22.432373843322083
Fra_163,59,23.226513570288702
Fra_163,60,25.201227312286978
Fra_163,61,24.320405174987624
Fra_163,62,25.036058189451744
Fra_163,63,23.182326013117972
Fra_163,64,25.07733499502153
Fra_163,65,36.47197279461462
Fra_163,66,63.3516537598214
Fra_163,67,38.439606454414076
Fra_163,68,26.98606713089194
Fra_163,69,38.439606454414076
Fra_163,70,30.496308323306835
Fra_163,71,25.201227312286978
Fra_163,72,23.226513570288702
Fra_163,73,21.858402794703025
Fra_163,74,23.226513570288702
Fra_163,75,27.061641296603984
Fra_163,76,27.804632155375465
Fra_163,77,28.779856714707577
Fra_163,78,30.46199270658589
Fra_163,79,32.644328095584314
Fra_163,80,63.3516537598214
Fra_163,81,28.507126749903115
Fra_163,82,30.44476573718879
Fra_163,83,43.71560813885297
Fra_163,84,80.17540179621119
Fra_163,85,327.19030557558835
Fra_163,86,62.57480937696481
Fra_163,87,88.53010404444419
Fra_163,88,90.505533834961
Fra_163,89,74.37272196496347
Fra_163,90,48.55474312846212
Fra_163,91,39.08864681612426
Fra_163,92,29.19322180886753
Fra_163,93,42.40136646919704
Fra_163,94,28.878762091281654
Fra_163,95,28.43045089291268
Fra_163,96,28.149349840767304
Fra_164,1,74.2242147669436
Fra_164,2,20.319064241226457
Fra_164,3,20.319229292273487
Fra_164,4,24.564119878814797
Fra_164,5,14.69846120957817
Fra_164,6,14.69846120957817
Fra_164,7,13.725208738119367
Fra_164,8,16.101290336128866
Fra_164,9,11.33997448439376
Fra_164,10,11.33997448439376
Fra_164,11,11.339974484393764
Fra_164,12,11.339974484393764
Fra_164,13,11.339974484393764
Fra_164,14,14.69846120957817
Fra_164,15,20.52631962373732
Fra_164,16,42.387893731460565
Fra_164,17,24.467605894008774
Fra_164,18,25.71937672318921
Fra_164,19,28.200386734280745
Fra_164,20,46.975702962825274
Fra_164,21,32.01993401238898
Fra_164,22,40.37063142700233
Fra_164,23,67.93247384929899
Fra_164,24,58.00068195295541
Fra_164,25,59.48063699862721
Fra_164,26,69.56823453341762
Fra_164,27,37.90156139333283
Fra_164,28,58.30835703500372
Fra_164,29,430.47492198119744
Fra_164,30,39.68034183924358
Fra_164,31,39.68034183924358
Fra_164,32,35.17569540107382
Fra_164,33,42.1797885727671
Fra_164,34,37.31657488633774
Fra_164,35,37.31657488633773
Fra_164,36,31.53001780685427
Fra_164,37,54.22845560890765
Fra_164,38,54.228455608907666
Fra_164,39,46.5787832192566
Fra_164,40,104.01164206961225
Fra_164,41,21.64276395477708
Fra_164,42,37.31657488633774
Fra_164,43,37.31657488633774
Fra_164,44,37.31657488633774
Fra_164,45,88.56808922067931
Fra_164,46,43.88768097525893
Fra_164,47,37.31657488633773
Fra_164,48,37.31657488633773
Fra_164,49,20.695726286612548
Fra_164,50,21.64276395477708
Fra_164,51,24.93116399247416
Fra_164,52,21.64276395477708
Fra_164,53,23.282234046435473
Fra_164,54,23.282234046435473
Fra_164,55,24.93116399247416
Fra_164,56,23.843215144498743
Fra_164,57,20.83474921723346
Fra_164,58,20.781537766304446
Fra_164,59,21.468448182459394
Fra_164,60,23.282234046435473
Fra_164,61,22.432294910722543
Fra_164,62,23.143738210659905
Fra_164,63,21.445846265734986
Fra_164,64,23.193080267226783
Fra_164,65,33.76750100199194
Fra_164,66,58.1757096421676
Fra_164,67,35.47150450999352
Fra_164,68,24.93116399247416
Fra_164,69,35.47150450999352
Fra_164,70,29.295669932843907
Fra_164,71,23.282234046435473
Fra_164,72,21.468448182459394
Fra_164,73,20.282845385265787
Fra_164,74,21.468448182459394
Fra_164,75,26.689161689154915
Fra_164,76,27.253004350850276
Fra_164,77,28.45346544838631
Fra_164,78,29.78766125100936
Fra_164,79,31.49437684300241
Fra_164,80,58.1757096421676
Fra_164,81,28.221979096858924
Fra_164,82,29.888432572054338
Fra_164,83,41.28990188288506
Fra_164,84,73.97901231122796
Fra_164,85,324.73991018986106
Fra_164,86,60.47960297058056
Fra_164,87,87.88364960069714
Fra_164,88,89.84414787496509
Fra_164,89,69.15257813748327
Fra_164,90,45.45349384766118
Fra_164,91,37.30836860679563
Fra_164,92,28.79783201932559
Fra_164,93,41.3651745139571
Fra_164,94,28.55152939860619
Fra_164,95,28.200386734280745
Fra_164,96,27.941481921794058
Fra_165,1,73.1071758140026
Fra_165,2,17.293765113369297
Fra_165,3,17.296137007986033
Fra_165,4,24.245080351329477
Fra_165,5,13.04002491809738
Fra_165,6,13.04002491809738
Fra_165,7,12.389389948617334
Fra_165,8,15.918241952599393
Fra_165,9,11.241283724496709
Fra_165,10,11.241283724496709
Fra_165,11,11.241283724496713
Fra_165,12,11.241283724496713
Fra_165,13,11.241283724496713
Fra_165,14,13.04002491809738
Fra_165,15,20.272164432275023
Fra_165,16,41.78243990440726
Fra_165,17,24.150117271824726
Fra_165,18,25.381773109184497
Fra_165,19,27.82291520282922
Fra_165,20,42.123356388780344
Fra_165,21,30.087199007259922
Fra_165,22,35.378654928932
Fra_165,23,56.62189587350079
Fra_165,24,46.5559611924765
Fra_165,25,49.31619049874976
Fra_165,26,58.80645143524356
Fra_165,27,33.81411790860835
Fra_165,28,49.2935717338331
Fra_165,29,363.76145533037663
Fra_165,30,33.536070543939765
Fra_165,31,33.536070543939765
Fra_165,32,29.904069510359495
Fra_165,33,35.6556047283326
Fra_165,34,31.6302153044806
Fra_165,35,31.630215304480597
Fra_165,36,26.351667608861888
Fra_165,37,46.02527111248791
Fra_165,38,46.02527111248792
Fra_165,39,39.38387025850761
Fra_165,40,87.90587924381684
Fra_165,41,17.53325591553564
Fra_165,42,31.6302153044806
Fra_165,43,31.6302153044806
Fra_165,44,31.6302153044806
Fra_165,45,74.85843175293887
Fra_165,46,37.10389977771064
Fra_165,47,31.630215304480597
Fra_165,48,31.630215304480597
Fra_165,49,16.766040885501738
Fra_165,50,17.53325591553564
Fra_165,51,20.197257589909295
Fra_165,52,17.53325591553564
Fra_165,53,18.861424939740537
Fra_165,54,18.861424939740537
Fra_165,55,20.197257589909295
Fra_165,56,19.3158874647985
Fra_165,57,17.00603501216166
Fra_165,58,17.073411173826834
Fra_165,59,17.418370667866178
Fra_165,60,18.861424939740537
Fra_165,61,18.117474670331156
Fra_165,62,18.760931643362735
Fra_165,63,17.397627390398142
Fra_165,64,18.810211775646714
Fra_165,65,27.41617104508363
Fra_165,66,46.66092057450539
Fra_165,67,28.681568451111474
Fra_165,68,20.197257589909295
Fra_165,69,28.681568451111474
Fra_165,70,26.529744056574174
Fra_165,71,18.861424939740537
Fra_165,72,17.418370667866178
Fra_165,73,16.77327577978518
Fra_165,74,17.418370667866178
Fra_165,75,25.831075696894622
Fra_165,76,25.982212386570506
Fra_165,77,27.83236706264198
Fra_165,78,28.38943723741938
Fra_165,79,29.008839882459675
Fra_165,80,46.66092057450539
Fra_165,81,27.687034177546796
Fra_165,82,28.74310712742147
Fra_165,83,35.96213354135689
Fra_165,84,59.535250137530646
Fra_165,85,274.3876115383627
Fra_165,86,50.24947371079939
Fra_165,87,74.28018463002952
Fra_165,88,75.93650675614154
Fra_165,89,57.361194157602625
Fra_165,90,38.60119695260057
Fra_165,91,33.43823870628896
Fra_165,92,28.045499994002583
Fra_165,93,39.16952591772745
Fra_165,94,27.95373725225768
Fra_165,95,27.82291520282922
Fra_165,96,27.60042826884326
Fra_166,1,73.8286230751993
Fra_166,2,19.49499248820918
Fra_166,3,19.495742122883623
Fra_166,4,24.451134216068724
Fra_166,5,14.24466316806846
Fra_166,6,14.24466316806846
Fra_166,7,13.358299386044918
Fra_166,8,16.036465005265665
Fra_166,9,11.305550859854007
Fra_166,10,11.305550859854007
Fra_166,11,11.30555085985401
Fra_166,12,11.30555085985401
Fra_166,13,11.30555085985401
Fra_166,14,14.24466316806846
Fra_166,15,20.43631230403602
Fra_166,16,42.17347640690221
Fra_166,17,24.35516947374905
Fra_166,18,25.59981671639492
Fra_166,19,28.066707777679394
Fra_166,20,45.62927490245039
Fra_166,21,31.46863447824069
Fra_166,22,38.99666222419656
Fra_166,23,64.94985020924975
Fra_166,24,54.89832091367413
Fra_166,25,57.913661450559594
Fra_166,26,68.88079837832962
Fra_166,27,36.77083283566604
Fra_166,28,57.73430014305627
Fra_166,29,426.19201939271125
Fra_166,30,39.273916744654656
Fra_166,31,39.273916744654656
Fra_166,32,34.87602621869142
Fra_166,33,41.756187163761055
Fra_166,34,36.9661688602295
Fra_166,35,36.9661688602295
Fra_166,36,30.790896611732265
Fra_166,37,53.76864396822368
Fra_166,38,53.76864396822369
Fra_166,39,46.122835111029886
Fra_166,40,102.97738436455144
Fra_166,41,20.559077882054616
Fra_166,42,36.9661688602295
Fra_166,43,36.9661688602295
Fra_166,44,36.9661688602295
Fra_166,45,87.68933752734297
Fra_166,46,43.45234285008191
Fra_166,47,36.9661688602295
Fra_166,48,36.9661688602295
Fra_166,49,19.659459828754333
Fra_166,50,20.559077882054616
Fra_166,51,23.682822733850372
Fra_166,52,20.559077882054616
Fra_166,53,22.116457215402857
Fra_166,54,22.116457215402857
Fra_166,55,23.682822733850372
Fra_166,56,22.649349137596445
Fra_166,57,19.82406165065268
Fra_166,58,19.782450887528192
Fra_166,59,20.400434066389863
Fra_166,60,22.116457215402857
Fra_166,61,21.286676773124626
Fra_166,62,21.993237700037195
Fra_166,63,20.389051508154992
Fra_166,64,22.046741829340245
Fra_166,65,32.11976350563637
Fra_166,66,55.04767163906526
Fra_166,67,33.670303708182395
Fra_166,68,23.682822733850372
Fra_166,69,33.670303708182395
Fra_166,70,28.56628935451817
Fra_166,71,22.116457215402857
Fra_166,72,20.400434066389863
Fra_166,73,19.330492409083043
Fra_166,74,20.400434066389863
Fra_166,75,26.46288257493219
Fra_166,76,26.917893787768907
Fra_166,77,28.26040908831872
Fra_166,78,29.38420539995099
Fra_166,79,30.802322087458407
Fra_166,80,55.04767163906526
Fra_166,81,28.053624971500156
Fra_166,82,29.555911025597133
Fra_166,83,39.826686080498455
Fra_166,84,70.20822064358136
Fra_166,85,321.4830698326098
Fra_166,86,58.99310843489978
Fra_166,87,87.0117897460854
Fra_166,88,88.9525471439756
Fra_166,89,65.99079704442117
Fra_166,90,43.581156530181715
Fra_166,91,36.23607848713243
Fra_166,92,28.563958138078505
Fra_166,93,40.743349130385816
Fra_166,94,28.35896184806548
Fra_166,95,28.066707777679394
Fra_166,96,27.820700107345097
Fra_167,1,73.2270802682036
Fra_167,2,17.666579243805685
Fra_167,3,17.668675968025433
Fra_167,4,24.279326480626
Fra_167,5,13.243998951257229
Fra_167,6,13.243998951257229
Fra_167,7,12.553414650159247
Fra_167,8,15.937890610743041
Fra_167,9,11.25197545925709
Fra_167,10,11.25197545925709
Fra_167,11,11.251975459257094
Fra_167,12,11.251975459257094
Fra_167,13,11.251975459257094
Fra_167,14,13.243998951257229
Fra_167,15,20.29944579022087
Fra_167,16,41.84743012743001
Fra_167,17,24.184196924873326
Fra_167,18,25.41801193234007
Fra_167,19,27.863433501529496
Fra_167,20,42.716524021894536
Fra_167,21,30.32054655895873
Fra_167,22,35.99106915541704
Fra_167,23,58.03483149022822
Fra_167,24,47.969255206215685
Fra_167,25,50.82354318945622
Fra_167,26,60.6084927459119
Fra_167,27,34.3144526139459
Fra_167,28,50.80344139560026
Fra_167,29,374.9279835333971
Fra_167,30,34.56191053498493
Fra_167,31,34.56191053498493
Fra_167,32,30.793912252129775
Fra_167,33,36.746568706197934
Fra_167,34,32.5846921357452
Fra_167,35,32.5846921357452
Fra_167,36,27.131427409829815
Fra_167,37,47.41182264207857
Fra_167,38,47.411822642078576
Fra_167,39,40.58938057683275
Fra_167,40,90.60165915644092
Fra_167,41,18.04662227827116
Fra_167,42,32.5846921357452
Fra_167,43,32.5846921357452
Fra_167,44,32.5846921357452
Fra_167,45,77.15348187952391
Fra_167,46,38.23936350858864
Fra_167,47,32.5846921357452
Fra_167,48,32.5846921357452
Fra_167,49,17.25694351467277
Fra_167,50,18.04662227827116
Fra_167,51,20.788624801801568
Fra_167,52,18.04662227827116
Fra_167,53,19.413679533181107
Fra_167,54,19.413679533181107
Fra_167,55,20.788624801801568
Fra_167,56,19.881448529929926
Fra_167,57,17.484120553512554
Fra_167,58,17.53250644889794
Fra_167,59,17.92431287374818
Fra_167,60,19.413679533181107
Fra_167,61,18.654957025013694
Fra_167,62,19.30944325217454
Fra_167,63,17.905388031870384
Fra_167,64,19.359529715511766
Fra_167,65,28.214773058307543
Fra_167,66,48.08156810872836
Fra_167,67,29.52770215602401
Fra_167,68,20.788624801801568
Fra_167,69,29.52770215602401
Fra_167,70,26.87526797163597
Fra_167,71,19.413679533181107
Fra_167,72,17.92431287374818
Fra_167,73,17.206473392497934
Fra_167,74,17.92431287374818
Fra_167,75,25.938269181018402
Fra_167,76,26.14096176539305
Fra_167,77,27.904250141933044
Fra_167,78,28.55734196822796
Fra_167,79,29.312202599779255
Fra_167,80,48.08156810872836
Fra_167,81,27.74853953451296
Fra_167,82,28.88023014101507
Fra_167,83,36.616356118454426
Fra_167,84,61.34972729845377
Fra_167,85,282.8108553656589
Fra_167,86,51.785786962758195
Fra_167,87,76.55747489622784
Fra_167,88,78.26466809207764
Fra_167,89,58.8248957978784
Fra_167,90,39.44448297636828
Fra_167,91,33.911646365185305
Fra_167,92,28.132585332177133
Fra_167,93,39.43544073477109
Fra_167,94,28.02162487618331
Fra_167,95,27.863433501529496
Fra_167,96,27.6370374237905
Fra_168,1,74.06228255669467
Fra_168,2,19.955081875695647
Fra_168,3,19.955507448661024
Fra_168,4,24.517870125655833
Fra_168,5,14.498311559550324
Fra_168,6,14.498311559550324
Fra_168,7,13.563575507081737
Fra_168,8,16.0747546193131
Fra_168,9,11.325820269862094
Fra_168,10,11.325820269862094
Fra_168,11,11.325820269862097
Fra_168,12,11.325820269862097
Fra_168,13,11.325820269862097
Fra_168,14,14.498311559550324
Fra_168,15,20.48947586659584
Fra_168,16,42.30012376053853
Fra_168,17,24.42158096875098
Fra_168,18,25.670435816285405
Fra_168,19,28.145666351224214
Fra_168,20,46.38446056498066
Fra_168,21,31.77991177917413
Fra_168,22,39.76575410501851
Fra_168,23,66.60131089325768
Fra_168,24,56.62829046090619
Fra_168,25,58.65100708795546
Fra_168,26,69.00800524405763
Fra_168,27,37.40456161996367
Fra_168,28,57.83962902722397
Fra_168,29,426.9950143685216
Fra_168,30,39.35584975935206
Fra_168,31,39.35584975935206
Fra_168,32,34.91232029411471
Fra_168,33,41.8378472430706
Fra_168,34,37.02415331028314
Fra_168,35,37.02415331028313
Fra_168,36,31.125677005509722
Fra_168,37,53.8214564766412
Fra_168,38,53.82145647664122
Fra_168,39,46.20537339204161
Fra_168,40,103.1715148921983
Fra_168,41,21.15910831126377
Fra_168,42,37.02415331028314
Fra_168,43,37.02415331028313
Fra_168,44,37.02415331028313
Fra_168,45,87.85346117751693
Fra_168,46,43.533816430407875
Fra_168,47,37.02415331028313
Fra_168,48,37.02415331028313
Fra_168,49,20.233234303793612
Fra_168,50,21.15910831126377
Fra_168,51,24.374021744399396
Fra_168,52,21.15910831126377
Fra_168,53,22.761940801372806
Fra_168,54,22.761940801372806
Fra_168,55,24.374021744399396
Fra_168,56,23.31038553048849
Fra_168,57,20.38382485550348
Fra_168,58,20.338714442170083
Fra_168,59,20.991787027913762
Fra_168,60,22.761940801372806
Fra_168,61,21.9221002982886
Fra_168,62,22.629476892663988
Fra_168,63,20.97258760493004
Fra_168,64,22.68005154279133
Fra_168,65,33.028049182286
Fra_168,66,56.79290048165681
Fra_168,67,34.6691635713773
Fra_168,68,24.374021744399396
Fra_168,69,34.6691635713773
Fra_168,70,28.97014297272527
Fra_168,71,22.761940801372806
Fra_168,72,20.991787027913762
Fra_168,73,19.861694004422162
Fra_168,74,20.991787027913762
Fra_168,75,26.58817195295938
Fra_168,76,27.10344248130622
Fra_168,77,28.371516859443055
Fra_168,78,29.612609373909628
Fra_168,79,31.190782167912282
Fra_168,80,56.79290048165681
Fra_168,81,28.150766956190154
Fra_168,82,29.744403626701484
Fra_168,83,40.64528873561961
Fra_168,84,72.29457543214431
Fra_168,85,322.1060761611218
Fra_168,86,59.674281042863626
Fra_168,87,87.17458352767179
Fra_168,88,89.11915018060046
Fra_168,89,67.75032308759074
Fra_168,90,44.62731056716931
Fra_168,91,36.83728635816045
Fra_168,92,28.69858848402459
Fra_168,93,41.09378389437433
Fra_168,94,28.470640965194864
Fra_168,95,28.145666351224214
Fra_168,96,27.892040877960813
Fra_169,1,75.56371999867298
Fra_169,2,23.050625395948448
Fra_169,3,23.04885783572063
Fra_169,4,24.946698404899227
Fra_169,5,16.203305411854153
Fra_169,6,16.203305411854153
Fra_169,7,14.942348034660828
Fra_169,8,16.320794111491196
Fra_169,9,11.456416550597242
Fra_169,10,11.456416550597242
Fra_169,11,11.456416550597245
Fra_169,12,11.456416550597245
Fra_169,13,11.456416550597245
Fra_169,14,16.203305411854153
Fra_169,15,20.831091635258133
Fra_169,16,43.11392800875522
Fra_169,17,24.848324640933754
Fra_169,18,26.12421650609869
Fra_169,19,28.65303441489832
Fra_169,20,51.44635563717179
Fra_169,21,33.85501182014916
Fra_169,22,44.92933094256022
Fra_169,23,77.78862209431693
Fra_169,24,68.2794473142459
Fra_169,25,64.28824589385027
Fra_169,26,71.12516335204026
Fra_169,27,41.654961374266584
Fra_169,28,59.60606512130242
Fra_169,29,440.20441040068863
Fra_169,30,40.619987242960306
Fra_169,31,40.619987242960306
Fra_169,32,35.80407903560293
Fra_169,33,43.14860618594042
Fra_169,34,38.092888873525446
Fra_169,35,38.092888873525446
Fra_169,36,33.76457861171093
Fra_169,37,55.18229032720055
Fra_169,38,55.18229032720056
Fra_169,39,47.606457398455156
Fra_169,40,106.36151426852673
Fra_169,41,25.22382944369594
Fra_169,42,38.092888873525446
Fra_169,43,38.092888873525446
Fra_169,44,38.092888873525446
Fra_169,45,90.56242566178935
Fra_169,46,44.8764321978293
Fra_169,47,38.092888873525446
Fra_169,48,38.092888873525446
Fra_169,49,24.12009257032561
Fra_169,50,25.22382944369594
Fra_169,51,29.056336320674856
Fra_169,52,25.22382944369594
Fra_169,53,27.13457032949228
Fra_169,54,27.13457032949228
Fra_169,55,29.056336320674856
Fra_169,56,27.78837275363053
Fra_169,57,24.17492397191188
Fra_169,58,24.089828323990893
Fra_169,59,24.99772533107721
Fra_169,60,27.13457032949228
Fra_169,61,26.220529751306774
Fra_169,62,26.94394011925211
Fra_169,63,24.934672942213155
Fra_169,64,26.97821381876038
Fra_169,65,39.20395375358522
Fra_169,66,68.54162442707502
Fra_169,67,41.42702465391538
Fra_169,68,29.056336320674856
Fra_169,69,41.42702465391538
Fra_169,70,31.705924787156235
Fra_169,71,27.13457032949228
Fra_169,72,24.99772533107721
Fra_169,73,23.438499392774897
Fra_169,74,24.99772533107721
Fra_169,75,27.436906213332854
Fra_169,76,28.360384894560735
Fra_169,77,29.10079528802973
Fra_169,78,31.132000462953325
Fra_169,79,33.79300574546815
Fra_169,80,68.54162442707502
Fra_169,81,28.787047629419842
Fra_169,82,30.99703291106888
Fra_169,83,46.14374697897132
Fra_169,84,86.42559280921188
Fra_169,85,332.1713068826953
Fra_169,86,64.98879703096345
Fra_169,87,89.86222912619701
Fra_169,88,91.86786126612621
Fra_169,89,79.61686912770624
Fra_169,90,51.66156214172688
Fra_169,91,40.86829579496666
Fra_169,92,29.58200515441873
Fra_169,93,43.4337519715008
Fra_169,94,29.199027945554587
Fra_169,95,28.65303441489832
Fra_169,96,28.35045884352558
Fra_170,1,3.9683988247658974
Fra_170,2,3.9683988247658917
Fra_170,3,3.9683988247658917
Fra_170,4,3.9683988247658943
Fra_170,5,3.968398824765895
Fra_170,6,3.968398824765895
Fra_170,7,3.968398824765895
Fra_170,8,3.9683988247658943
Fra_170,9,3.9683988247658952
Fra_170,10,3.9683988247658952
Fra_170,11,3.9683988247658952
Fra_170,12,3.9683988247658952
Fra_170,13,3.9683988247658952
Fra_170,14,3.968398824765895
Fra_170,15,3.9683988247658917
Fra_170,16,3.9683988247658903
Fra_170,17,3.968398824765891
Fra_170,18,3.9683988247658903
Fra_170,19,3.9683988247658935
Fra_170,20,3.968398824765889
Fra_170,21,3.9683988247658926
Fra_170,22,3.968398824765898
Fra_170,23,11.50341195573033
Fra_170,24,58.092987014408514
Fra_170,25,59.33871482538244
Fra_170,26,3.9683988247658983
Fra_170,27,3.9683988247658912
Fra_170,28,3.968398824765887
Fra_170,29,3.968398824765833
Fra_170,30,3.968398824765898
Fra_170,31,3.968398824765898
Fra_170,32,3.9683988247658917
Fra_170,33,3.9683988247658974
Fra_170,34,3.9683988247658912
Fra_170,35,3.9683988247658983
Fra_170,36,3.9683988247658926
Fra_170,37,3.968398824765895
Fra_170,38,3.968398824765895
Fra_170,39,3.9683988247658895
Fra_170,40,3.968398824765905
Fra_170,41,3.9683988247658912
Fra_170,42,3.9683988247658912
Fra_170,43,3.9683988247658912
Fra_170,44,3.9683988247658912
Fra_170,45,3.9683988247659086
Fra_170,46,3.96839882476589
Fra_170,47,3.9683988247658983
Fra_170,48,3.9683988247658983
Fra_170,49,3.9683988247658952
Fra_170,50,3.9683988247658912
Fra_170,51,3.9683988247658943
Fra_170,52,3.9683988247658912
Fra_170,53,3.9683988247658943
Fra_170,54,3.9683988247658943
Fra_170,55,3.9683988247658943
Fra_170,56,3.9683988247658943
Fra_170,57,3.9683988247658917
Fra_170,58,3.9683988247658917
Fra_170,59,3.9683988247658912
Fra_170,60,3.9683988247658943
Fra_170,61,3.9683988247658912
Fra_170,62,3.968398824765891
Fra_170,63,3.968398824765895
Fra_170,64,3.968398824765891
Fra_170,65,3.968398824765892
Fra_170,66,3.968398824765894
Fra_170,67,3.9683988247658917
Fra_170,68,3.9683988247658943
Fra_170,69,3.9683988247658917
Fra_170,70,3.9683988247658895
Fra_170,71,3.9683988247658943
Fra_170,72,3.9683988247658912
Fra_170,73,3.9683988247658917
Fra_170,74,3.9683988247658912
Fra_170,75,3.968398824765894
Fra_170,76,3.9683988247658935
Fra_170,77,3.96839882476589
Fra_170,78,3.968398824765893
Fra_170,79,3.9683988247658926
Fra_170,80,3.968398824765894
Fra_170,81,3.9683988247658935
Fra_170,82,3.9683988247658895
Fra_170,83,3.9683988247658903
Fra_170,84,3.9683988247658974
Fra_170,85,3.968398824765856
Fra_170,86,3.9683988247658935
Fra_170,87,3.9683988247659086
Fra_170,88,3.968398824765908
Fra_170,89,3.9683988247658983
Fra_170,90,3.9683988247658966
Fra_170,91,3.9683988247658912
Fra_170,92,3.9683988247658935
Fra_170,93,3.9683988247658903
Fra_170,94,3.9683988247658935
Fra_170,95,3.9683988247658935
Fra_170,96,3.9683988247658935
Fra_171,1,75.4260489182729
Fra_171,2,22.764236095170705
Fra_171,3,22.7626716603817
Fra_171,4,24.90737791717264
Fra_171,5,16.04559287872651
Fra_171,6,16.04559287872651
Fra_171,7,14.8148298162177
Fra_171,8,16.29823404887239
Fra_171,9,11.444440672402582
Fra_171,10,11.444440672402582
Fra_171,11,11.444440672402585
Fra_171,12,11.444440672402585
Fra_171,13,11.444440672402585
Fra_171,14,16.04559287872651
Fra_171,15,20.79976791131298
Fra_171,16,43.03930797667546
Fra_171,17,24.809195296772806
Fra_171,18,26.08260806069521
Fra_171,19,28.606512390381283
Fra_171,20,50.978380379397926
Fra_171,21,33.66336691216228
Fra_171,22,44.45180630198536
Fra_171,23,76.7522780916128
Fra_171,24,67.20131676180874
Fra_171,25,63.75161887606266
Fra_171,26,70.90112348400216
Fra_171,27,41.261963455942634
Fra_171,28,59.4190219521664
Fra_171,29,438.8079186260795
Fra_171,30,40.48712389414664
Fra_171,31,40.48712389414664
Fra_171,32,35.707271750139654
Fra_171,33,43.01034644582511
Fra_171,34,37.97894557363667
Fra_171,35,37.97894557363667
Fra_171,36,33.51196580470399
Fra_171,37,55.034076594305866
Fra_171,38,55.03407659430588
Fra_171,39,47.45795421439198
Fra_171,40,106.02430333109129
Fra_171,41,24.847291302175215
Fra_171,42,37.97894557363667
Fra_171,43,37.97894557363667
Fra_171,44,37.97894557363667
Fra_171,45,90.27595776972105
Fra_171,46,44.734485059386465
Fra_171,47,37.97894557363667
Fra_171,48,37.97894557363667
Fra_171,49,23.760030873507876
Fra_171,50,24.847291302175215
Fra_171,51,28.62258700033434
Fra_171,52,24.847291302175215
Fra_171,53,26.729508889252326
Fra_171,54,26.729508889252326
Fra_171,55,28.62258700033434
Fra_171,56,27.373551433343167
Fra_171,57,23.823747664100342
Fra_171,58,23.74263909587021
Fra_171,59,24.626632575983997
Fra_171,60,26.729508889252326
Fra_171,61,25.822468596236185
Fra_171,62,26.54421046197479
Fra_171,63,24.567527196321308
Fra_171,64,26.579949292974707
Fra_171,65,38.631553172150895
Fra_171,66,67.45455656560078
Fra_171,67,40.801155353985074
Fra_171,68,28.62258700033434
Fra_171,69,40.801155353985074
Fra_171,70,31.452493821919106
Fra_171,71,26.729508889252326
Fra_171,72,24.626632575983997
Fra_171,73,23.107536179001965
Fra_171,74,24.626632575983997
Fra_171,75,27.3582831514711
Fra_171,76,28.24394719936214
Fra_171,77,29.033663904480285
Fra_171,78,30.991747999714665
Fra_171,79,33.552477595632645
Fra_171,80,67.45455656560078
Fra_171,81,28.728504194169943
Fra_171,82,30.8814469094271
Fra_171,83,45.63521386499597
Fra_171,84,85.11617660621872
Fra_171,85,331.1088467339808
Fra_171,86,64.48079279379792
Fra_171,87,89.57801010464624
Fra_171,88,91.57720061460554
Fra_171,89,78.51840244806309
Fra_171,90,51.010862257269956
Fra_171,91,40.49560537753379
Fra_171,92,29.50066644128166
Fra_171,93,43.21763165717784
Fra_171,94,29.13204275041581
Fra_171,95,28.606512390381283
Fra_171,96,28.30842519308527
Fra_172,1,73.82862307519922
Fra_172,2,19.494992488209114
Fra_172,3,19.495742122883556
Fra_172,4,24.451134216068702
Fra_172,5,14.24466316806842
Fra_172,6,14.24466316806842
Fra_172,7,13.358299386044886
Fra_172,8,16.03646500526565
Fra_172,9,11.305550859853998
Fra_172,10,11.305550859853998
Fra_172,11,11.305550859854002
Fra_172,12,11.305550859854002
Fra_172,13,11.305550859854002
Fra_172,14,14.24466316806842
Fra_172,15,20.436312304036
Fra_172,16,42.17347640690217
Fra_172,17,24.35516947374903
Fra_172,18,25.599816716394894
Fra_172,19,28.066707777679365
Fra_172,20,45.62927490245027
Fra_172,21,31.46863447824063
Fra_172,22,38.99666222419644
Fra_172,23,64.94985020924955
Fra_172,24,54.898320913673885
Fra_172,25,57.91366145055937
Fra_172,26,68.88079837832937
Fra_172,27,36.77083283566594
Fra_172,28,57.73430014305607
Fra_172,29,426.1920193927097
Fra_172,30,39.27391674465452
Fra_172,31,39.27391674465452
Fra_172,32,34.87602621869133
Fra_172,33,41.75618716376091
Fra_172,34,36.96616886022939
Fra_172,35,36.96616886022939
Fra_172,36,30.790896611732176
Fra_172,37,53.76864396822352
Fra_172,38,53.76864396822353
Fra_172,39,46.12283511102972
Fra_172,40,102.97738436455109
Fra_172,41,20.559077882054545
Fra_172,42,36.96616886022939
Fra_172,43,36.96616886022939
Fra_172,44,36.96616886022939
Fra_172,45,87.68933752734266
Fra_172,46,43.45234285008176
Fra_172,47,36.96616886022939
Fra_172,48,36.96616886022939
Fra_172,49,19.659459828754265
Fra_172,50,20.559077882054545
Fra_172,51,23.682822733850287
Fra_172,52,20.559077882054545
Fra_172,53,22.116457215402782
Fra_172,54,22.116457215402782
Fra_172,55,23.682822733850287
Fra_172,56,22.649349137596367
Fra_172,57,19.824061650652617
Fra_172,58,19.782450887528114
Fra_172,59,20.400434066389792
Fra_172,60,22.116457215402782
Fra_172,61,21.28667677312454
Fra_172,62,21.993237700037117
Fra_172,63,20.389051508154914
Fra_172,64,22.04674182934016
Fra_172,65,32.119763505636236
Fra_172,66,55.047671639065
Fra_172,67,33.670303708182274
Fra_172,68,23.682822733850287
Fra_172,69,33.670303708182274
Fra_172,70,28.566289354518123
Fra_172,71,22.116457215402782
Fra_172,72,20.400434066389792
Fra_172,73,19.330492409082964
Fra_172,74,20.400434066389792
Fra_172,75,26.462882574932173
Fra_172,76,26.917893787768886
Fra_172,77,28.260409088318685
Fra_172,78,29.384205399950936
Fra_172,79,30.80232208745833
Fra_172,80,55.047671639065
Fra_172,81,28.05362497150012
Fra_172,82,29.555911025597084
Fra_172,83,39.82668608049833
Fra_172,84,70.20822064358103
Fra_172,85,321.48306983260863
Fra_172,86,58.993108434899554
Fra_172,87,87.0117897460851
Fra_172,88,88.95254714397528
Fra_172,89,65.9907970444209
Fra_172,90,43.58115653018155
Fra_172,91,36.23607848713233
Fra_172,92,28.563958138078473
Fra_172,93,40.74334913038573
Fra_172,94,28.358961848065448
Fra_172,95,28.066707777679365
Fra_172,96,27.820700107345072
Fra_173,1,73.29862102833893
Fra_173,2,17.867241475659
Fra_173,3,17.86919136212598
Fra_173,4,24.29975936727639
Fra_173,5,13.353942544464669
Fra_173,6,13.353942544464669
Fra_173,7,12.64193199510157
Fra_173,8,15.949613944530785
Fra_173,9,11.258311637847875
Fra_173,10,11.258311637847875
Fra_173,11,11.258311637847878
Fra_173,12,11.258311637847878
Fra_173,13,11.258311637847878
Fra_173,14,13.353942544464669
Fra_173,15,20.315723159547765
Fra_173,16,41.88620641799731
Fra_173,17,24.20453048379315
Fra_173,18,25.43963375591815
Fra_173,19,27.887608665894522
Fra_173,20,43.03768150798982
Fra_173,21,30.448047546006144
Fra_173,22,36.321781070929994
Fra_173,23,58.787785606229136
Fra_173,24,48.72878324837886
Fra_173,25,51.52729560610171
Fra_173,26,61.37748206303009
Fra_173,27,34.585080683873656
Fra_173,28,51.447645406456594
Fra_173,29,379.69450192036
Fra_173,30,35.00061954241395
Fra_173,31,35.00061954241395
Fra_173,32,31.171651001561557
Fra_173,33,37.212598108315525
Fra_173,34,32.99140762649268
Fra_173,35,32.99140762649268
Fra_173,36,27.491550952011316
Fra_173,37,47.99969043242372
Fra_173,38,47.99969043242373
Fra_173,39,41.10359396735372
Fra_173,40,91.7523605444685
Fra_173,41,18.320195476697144
Fra_173,42,32.99140762649268
Fra_173,43,32.99140762649268
Fra_173,44,32.99140762649268
Fra_173,45,78.13303322863707
Fra_173,46,38.724061159921504
Fra_173,47,32.99140762649268
Fra_173,48,32.99140762649268
Fra_173,49,17.51854577794228
Fra_173,50,18.320195476697144
Fra_173,51,21.10376469281344
Fra_173,52,18.320195476697144
Fra_173,53,19.707976289727302
Fra_173,54,19.707976289727302
Fra_173,55,21.10376469281344
Fra_173,56,20.18283631207592
Fra_173,57,17.738971832380173
Fra_173,58,17.778766021056022
Fra_173,59,18.193929735173022
Fra_173,60,19.707976289727302
Fra_173,61,18.941983737484733
Fra_173,62,19.601360127370814
Fra_173,63,18.175187376331465
Fra_173,64,19.651569965381906
Fra_173,65,28.63836017516997
Fra_173,66,48.84555958112882
Fra_173,67,29.97941529751122
Fra_173,68,21.10376469281344
Fra_173,69,29.97941529751122
Fra_173,70,27.059397843473377
Fra_173,71,19.707976289727302
Fra_173,72,18.193929735173022
Fra_173,73,17.43935774903755
Fra_173,74,18.193929735173022
Fra_173,75,25.99539264377491
Fra_173,76,26.225559390919592
Fra_173,77,27.94478261726646
Fra_173,78,28.64945459310173
Fra_173,79,29.47664753495483
Fra_173,80,48.84555958112882
Fra_173,81,27.783392252335062
Fra_173,82,28.955628325628506
Fra_173,83,36.96940317852933
Fra_173,84,62.311805141470316
Fra_173,85,286.4077329702495
Fra_173,86,52.49631382446833
Fra_173,87,77.52944108221563
Fra_173,88,79.25836110214632
Fra_173,89,59.6082283576735
Fra_173,90,39.89882137966309
Fra_173,91,34.16783932257977
Fra_173,92,28.18167773786759
Fra_173,93,39.58041899357775
Fra_173,94,28.060444907159
Fra_173,95,27.887608665894522
Fra_173,96,27.658880205114095
Fra_174,1,73.99611063100761
Fra_174,2,19.80634424032123
Fra_174,3,19.806876272878522
Fra_174,4,24.498970641579284
Fra_174,5,14.416522471711568
Fra_174,6,14.416522471711568
Fra_174,7,13.497525756162071
Fra_174,8,16.063911072630905
Fra_174,9,11.320036296243089
Fra_174,10,11.320036296243089
Fra_174,11,11.320036296243092
Fra_174,12,11.320036296243092
Fra_174,13,11.320036296243092
Fra_174,14,14.416522471711568
Fra_174,15,20.47442004567022
Fra_174,16,42.264257468190145
Fra_174,17,24.40277335827479
Fra_174,18,25.65043662001854
Fra_174,19,28.12330543170353
Fra_174,20,46.14285546397463
Fra_174,21,31.681829171920402
Fra_174,22,39.518577233050365
Fra_174,23,66.05734489619365
Fra_174,24,56.067476848307976
Fra_174,25,58.31198739130266
Fra_174,26,68.77907332960784
Fra_174,27,37.20146779434734
Fra_174,28,57.648088166695516
Fra_174,29,425.5729860543855
Fra_174,30,39.22324942144714
Fra_174,31,39.22324942144714
Fra_174,32,34.80469477613527
Fra_174,33,41.69811644940509
Fra_174,34,36.904658252627165
Fra_174,35,36.904658252627165
Fra_174,36,30.960447312060907
Fra_174,37,53.65514048370971
Fra_174,38,53.65514048370972
Fra_174,39,46.05278332179312
Fra_174,40,102.82820559588075
Fra_174,41,20.961467426528095
Fra_174,42,36.904658252627165
Fra_174,43,36.904658252627165
Fra_174,44,36.904658252627165
Fra_174,45,87.56143580657003
Fra_174,46,43.38921333798262
Fra_174,47,36.904658252627165
Fra_174,48,36.904658252627165
Fra_174,49,20.044241730475335
Fra_174,50,20.961467426528095
Fra_174,51,24.146351317495576
Fra_174,52,20.961467426528095
Fra_174,53,22.54932833906552
Fra_174,54,22.54932833906552
Fra_174,55,24.146351317495576
Fra_174,56,23.092650210455044
Fra_174,57,20.19955927110174
Fra_174,58,20.15775926313458
Fra_174,59,20.797004368873143
Fra_174,60,22.54932833906552
Fra_174,61,21.71361453793166
Fra_174,62,22.41932931506988
Fra_174,63,20.779195339824124
Fra_174,64,22.47040765182857
Fra_174,65,32.72587983137252
Fra_174,66,56.22782979640941
Fra_174,67,34.34129523138266
Fra_174,68,24.146351317495576
Fra_174,69,34.34129523138266
Fra_174,70,28.837119741701216
Fra_174,71,22.54932833906552
Fra_174,72,20.797004368873143
Fra_174,73,19.689594841238797
Fra_174,74,20.797004368873143
Fra_174,75,26.546903540032535
Fra_174,76,27.042325567618033
Fra_174,77,28.33802941473159
Fra_174,78,29.541076231830964
Fra_174,79,31.066721338703438
Fra_174,80,56.22782979640941
Fra_174,81,28.121666850206857
Fra_174,82,29.685547685353924
Fra_174,83,40.38187422894238
Fra_174,84,71.606247694159
Fra_174,85,321.0297870809291
Fra_174,86,59.345194552453236
Fra_174,87,86.88483099839125
Fra_174,88,88.82288735876158
Fra_174,89,67.17730604043605
Fra_174,90,44.289699300351415
Fra_174,91,36.644783461415265
Fra_174,92,28.65803363806298
Fra_174,93,40.982882919925665
Fra_174,94,28.437586742094876
Fra_174,95,28.12330543170353
Fra_174,96,27.8718373059019
Fra_175,1,73.82419808076784
Fra_175,2,19.419928612420176
Fra_175,3,19.420737223598284
Fra_175,4,24.44987038535913
Fra_175,5,14.20403703281703
Fra_175,6,14.20403703281703
Fra_175,7,13.325930612067669
Fra_175,8,16.035739884556424
Fra_175,9,11.305009717447932
Fra_175,10,11.305009717447932
Fra_175,11,11.305009717447936
Fra_175,12,11.305009717447936
Fra_175,13,11.305009717447936
Fra_175,14,14.20403703281703
Fra_175,15,20.43530550359814
Fra_175,16,42.17107798578524
Fra_175,17,24.353911786735075
Fra_175,18,25.59847934663885
Fra_175,19,28.065212476714002
Fra_175,20,45.51517312537654
Fra_175,21,31.427013689794887
Fra_175,22,38.87641961138478
Fra_175,23,64.64413860322607
Fra_175,24,54.61050098808219
Fra_175,25,57.431225043406435
Fra_175,26,68.18431552506165
Fra_175,27,36.67383651964796
Fra_175,28,57.15047112643888
Fra_175,29,421.8786018958866
Fra_175,30,38.87875797715049
Fra_175,31,38.87875797715049
Fra_175,32,34.52508711662483
Fra_175,33,41.33510030869913
Fra_175,34,36.59421390800021
Fra_175,35,36.59421390800021
Fra_175,36,30.531185843830873
Fra_175,37,53.223056844106424
Fra_175,38,53.223056844106445
Fra_175,39,45.656359191087496
Fra_175,40,101.93629900501126
Fra_175,41,20.448002718138866
Fra_175,42,36.59421390800021
Fra_175,43,36.59421390800021
Fra_175,44,36.59421390800021
Fra_175,45,86.80276321645258
Fra_175,46,43.013539120658514
Fra_175,47,36.59421390800021
Fra_175,48,36.59421390800021
Fra_175,49,19.553245059030637
Fra_175,50,20.448002718138866
Fra_175,51,23.554870817317855
Fra_175,52,20.448002718138866
Fra_175,53,21.996967950148367
Fra_175,54,21.996967950148367
Fra_175,55,23.554870817317855
Fra_175,56,22.526980800724708
Fra_175,57,19.720843165941876
Fra_175,58,19.687643485423553
Fra_175,59,20.29096523958402
Fra_175,60,21.996967950148367
Fra_175,61,21.17197518892667
Fra_175,62,21.873372617940248
Fra_175,63,20.2767684095857
Fra_175,64,21.925759516485773
Fra_175,65,31.94085350517245
Fra_175,66,54.759794197358175
Fra_175,67,33.48950375205099
Fra_175,68,23.554870817317855
Fra_175,69,33.48950375205099
Fra_175,70,28.49152963458289
Fra_175,71,21.996967950148367
Fra_175,72,20.29096523958402
Fra_175,73,19.24248670996228
Fra_175,74,20.29096523958402
Fra_175,75,26.43968952084056
Fra_175,76,26.883545777158556
Fra_175,77,28.25103010253711
Fra_175,78,29.35523541257563
Fra_175,79,30.744415265354874
Fra_175,80,54.759794197358175
Fra_175,81,28.04606570395199
Fra_175,82,29.532641828848288
Fra_175,83,39.69753175072755
Fra_175,84,69.81799420736829
Fra_175,85,318.23362241367016
Fra_175,86,58.49023835723365
Fra_175,87,86.13206317835717
Fra_175,88,88.05320600651744
Fra_175,89,65.68862604685603
Fra_175,90,43.41259600819867
Fra_175,91,36.14466708178261
Fra_175,92,28.5526734430642
Fra_175,93,40.69476572908435
Fra_175,94,28.35171292581541
Fra_175,95,28.065212476714002
Fra_175,96,27.819349070739648
Fra_176,1,3.968398824765894
Fra_176,2,3.968398824765894
Fra_176,3,3.968398824765894
Fra_176,4,3.968398824765894
Fra_176,5,3.968398824765894
Fra_176,6,3.968398824765894
Fra_176,7,3.968398824765894
Fra_176,8,3.968398824765894
Fra_176,9,3.968398824765894
Fra_176,10,3.968398824765894
Fra_176,11,3.968398824765894
Fra_176,12,3.968398824765894
Fra_176,13,3.968398824765894
Fra_176,14,3.968398824765894
Fra_176,15,3.968398824765894
Fra_176,16,3.968398824765894
Fra_176,17,3.968398824765894
Fra_176,18,3.968398824765894
Fra_176,19,3.968398824765894
Fra_176,20,3.968398824765894
Fra_176,21,3.968398824765894
Fra_176,22,3.968398824765894
Fra_176,23,11.50341195573033
Fra_176,24,58.092987014408514
Fra_176,25,59.33871482538244
Fra_176,26,3.968398824765894
Fra_176,27,3.968398824765894
Fra_176,28,3.968398824765894
Fra_176,29,3.968398824765894
Fra_176,30,3.968398824765894
Fra_176,31,3.968398824765894
Fra_176,32,3.968398824765894
Fra_176,33,3.968398824765894
Fra_176,34,3.968398824765894
Fra_176,35,3.968398824765894
Fra_176,36,3.968398824765894
Fra_176,37,3.968398824765894
Fra_176,38,3.968398824765894
Fra_176,39,3.968398824765894
Fra_176,40,3.968398824765894
Fra_176,41,3.968398824765894
Fra_176,42,3.968398824765894
Fra_176,43,3.968398824765894
Fra_176,44,3.968398824765894
Fra_176,45,3.968398824765894
Fra_176,46,3.968398824765894
Fra_176,47,3.968398824765894
Fra_176,48,3.968398824765894
Fra_176,49,3.968398824765894
Fra_176,50,3.968398824765894
Fra_176,51,3.968398824765894
Fra_176,52,3.968398824765894
Fra_176,53,3.968398824765894
Fra_176,54,3.968398824765894
Fra_176,55,3.968398824765894
Fra_176,56,3.968398824765894
Fra_176,57,3.968398824765894
Fra_176,58,3.968398824765894
Fra_176,59,3.968398824765894
Fra_176,60,3.968398824765894
Fra_176,61,3.968398824765894
Fra_176,62,3.968398824765894
Fra_176,63,3.968398824765894
Fra_176,64,3.968398824765894
Fra_176,65,3.968398824765894
Fra_176,66,3.968398824765894
Fra_176,67,3.968398824765894
Fra_176,68,3.968398824765894
Fra_176,69,3.968398824765894
Fra_176,70,3.968398824765894
Fra_176,71,3.968398824765894
Fra_176,72,3.968398824765894
Fra_176,73,3.968398824765894
Fra_176,74,3.968398824765894
Fra_176,75,3.968398824765894
Fra_176,76,3.968398824765894
Fra_176,77,3.968398824765894
Fra_176,78,3.968398824765894
Fra_176,79,3.968398824765894
Fra_176,80,3.968398824765894
Fra_176,81,3.968398824765894
Fra_176,82,3.968398824765894
Fra_176,83,3.968398824765894
Fra_176,84,3.968398824765894
Fra_176,85,3.968398824765894
Fra_176,86,3.968398824765894
Fra_176,87,3.968398824765894
Fra_176,88,3.968398824765894
Fra_176,89,3.968398824765894
Fra_176,90,3.968398824765894
Fra_176,91,3.968398824765894
Fra_176,92,3.968398824765894
Fra_176,93,3.968398824765894
Fra_176,94,3.968398824765894
Fra_176,95,3.968398824765894
Fra_176,96,3.968398824765894
Fra_177,1,74.23605527592888
Fra_177,2,20.329992230886234
Fra_177,3,20.33015072468458
Fra_177,4,24.567501668126535
Fra_177,5,14.704627112336503
Fra_177,6,14.704627112336503
Fra_177,7,13.73029392189793
Fra_177,8,16.103230631965655
Fra_177,9,11.340974837291537
Fra_177,10,11.340974837291537
Fra_177,11,11.34097483729154
Fra_177,12,11.34097483729154
Fra_177,13,11.34097483729154
Fra_177,14,14.704627112336501
Fra_177,15,20.52901364512327
Fra_177,16,42.39431148570318
Fra_177,17,24.470971243868593
Fra_177,18,25.722955290091072
Fra_177,19,28.20438789739871
Fra_177,20,46.995340227407354
Fra_177,21,32.029038268914874
Fra_177,22,40.38987614241049
Fra_177,23,67.96492721339622
Fra_177,24,58.040731353270964
Fra_177,25,59.41905968270997
Fra_177,26,69.42359386853776
Fra_177,27,37.91780785579147
Fra_177,28,58.18704649942532
Fra_177,29,429.58003528260224
Fra_177,30,39.59889133923292
Fra_177,31,39.59889133923292
Fra_177,32,35.10165680081291
Fra_177,33,42.09265296889465
Fra_177,34,37.23901370459593
Fra_177,35,37.23901370459593
Fra_177,36,31.4936554633342
Fra_177,37,54.11281400734234
Fra_177,38,54.112814007342344
Fra_177,39,46.4817760096967
Fra_177,40,103.79563569480212
Fra_177,41,21.654555338112523
Fra_177,42,37.23901370459593
Fra_177,43,37.23901370459593
Fra_177,44,37.23901370459593
Fra_177,45,88.38408142532889
Fra_177,46,43.796660693404455
Fra_177,47,37.23901370459593
Fra_177,48,37.23901370459593
Fra_177,49,20.707001706081183
Fra_177,50,21.654555338112523
Fra_177,51,24.944746957766778
Fra_177,52,21.654555338112523
Fra_177,53,23.294918643796542
Fra_177,54,23.294918643796542
Fra_177,55,24.944746957766778
Fra_177,56,23.856205374873458
Fra_177,57,20.84582445172226
Fra_177,58,20.793993506109192
Fra_177,59,21.48006904219657
Fra_177,60,23.294918643796542
Fra_177,61,22.445338435639695
Fra_177,62,23.15586176394499
Fra_177,63,21.456538922845393
Fra_177,64,23.204844594937008
Fra_177,65,33.78339195956165
Fra_177,66,58.216575505435884
Fra_177,67,35.491899730206555
Fra_177,68,24.944746957766778
Fra_177,69,35.491899730206555
Fra_177,70,29.303606185060254
Fra_177,71,23.294918643796542
Fra_177,72,21.48006904219657
Fra_177,73,20.295212299730707
Fra_177,74,21.48006904219657
Fra_177,75,26.691623789428935
Fra_177,76,27.256650625549664
Fra_177,77,28.457747007115067
Fra_177,78,29.79464099467315
Fra_177,79,31.504635280171453
Fra_177,80,58.216575505435884
Fra_177,81,28.225843785945038
Fra_177,82,29.894321523459254
Fra_177,83,41.310169097624964
Fra_177,84,74.01777607083409
Fra_177,85,324.06656144729806
Fra_177,86,60.41021933537248
Fra_177,87,87.70105994376212
Fra_177,88,89.65749612426036
Fra_177,89,69.19107262326033
Fra_177,90,45.47874178250922
Fra_177,91,37.32389474054849
Fra_177,92,28.803023597526202
Fra_177,93,41.37512802427661
Fra_177,94,28.556230216628524
Fra_177,95,28.20438789739871
Fra_177,96,27.9450970587878
Fra_178,1,74.72613702286132
Fra_178,2,21.312124748951298
Fra_178,3,21.31158990597814
Fra_178,4,24.707474807432778
Fra_178,5,15.245883740039208
Fra_178,6,15.245883740039208
Fra_178,7,14.168198049167518
Fra_178,8,16.183539981372935
Fra_178,9,11.383540620361133
Fra_178,10,11.383540620361133
Fra_178,11,11.383540620361137
Fra_178,12,11.383540620361137
Fra_178,13,11.383540620361137
Fra_178,14,15.245883740039208
Fra_178,15,20.640519891074547
Fra_178,16,42.65994400323356
Fra_178,17,24.6102639499837
Fra_178,18,25.871073105039713
Fra_178,19,28.36999707966042
Fra_178,20,48.605050159751336
Fra_178,21,32.69114187247393
Fra_178,22,42.03027086343211
Fra_178,23,71.49959399839774
Fra_178,24,61.73506036737321
Fra_178,25,61.044896867231316
Fra_178,26,69.79159845851278
Fra_178,27,39.26894897769394
Fra_178,28,58.492821910835644
Fra_178,29,431.8911676055443
Fra_178,30,39.82841305592956
Fra_178,31,39.82841305592956
Fra_178,32,35.23017387030143
Fra_178,33,42.32528876727991
Fra_178,34,37.415534270050735
Fra_178,35,37.41553427005073
Fra_178,36,32.239397840568
Fra_178,37,54.30381527909215
Fra_178,38,54.30381527909216
Fra_178,39,46.7227264047096
Fra_178,40,104.353996259631
Fra_178,41,22.938816991238017
Fra_178,42,37.415534270050735
Fra_178,43,37.41553427005073
Fra_178,44,37.41553427005073
Fra_178,45,88.8570911852272
Fra_178,46,44.031424369285716
Fra_178,47,37.41553427005073
Fra_178,48,37.41553427005073
Fra_178,49,21.93506701737943
Fra_178,50,22.938816991238017
Fra_178,51,26.424139236415666
Fra_178,52,22.938816991238017
Fra_178,53,24.676464940166426
Fra_178,54,24.676464940166426
Fra_178,55,26.424139236415666
Fra_178,56,25.271039772239885
Fra_178,57,22.043797106129915
Fra_178,58,21.982471212551907
Fra_178,59,22.745758072248442
Fra_178,60,24.676464940166426
Fra_178,61,23.804645267984704
Fra_178,62,24.51820756822022
Fra_178,63,22.706692811934346
Fra_178,64,24.561385934808484
Fra_178,65,35.730442870560154
Fra_178,66,61.94284988402245
Fra_178,67,37.62872708434518
Fra_178,68,26.424139236415666
Fra_178,69,37.62872708434518
Fra_178,70,30.1679852066758
Fra_178,71,24.676464940166426
Fra_178,72,22.745758072248442
Fra_178,73,21.429490866613637
Fra_178,74,22.745758072248442
Fra_178,75,26.959784095825963
Fra_178,76,27.653785604539944
Fra_178,77,28.692707549937257
Fra_178,78,30.280091904760017
Fra_178,79,32.3324989843339
Fra_178,80,61.94284988402245
Fra_178,81,28.43111290890783
Fra_178,82,30.294823572565424
Fra_178,83,43.056477734109585
Fra_178,84,78.47889982400176
Fra_178,85,325.84480551557203
Fra_178,86,61.9203564318304
Fra_178,87,88.17028705901491
Fra_178,88,90.13755818840157
Fra_178,89,72.94922962091186
Fra_178,90,47.71139140606344
Fra_178,91,38.60554283627608
Fra_178,92,29.0876552843258
Fra_178,93,42.121087453353105
Fra_178,94,28.791793720071265
Fra_178,95,28.36999707966042
Fra_178,96,28.094728519352135
Fra_179,1,75.07718532199256
Fra_179,2,22.040764372627308
Fra_179,3,22.039712873904218
Fra_179,4,24.807738350780557
Fra_179,5,15.647157908492936
Fra_179,6,15.647157908492936
Fra_179,7,14.492659479032156
Fra_179,8,16.24106601797852
Fra_179,9,11.414083506204879
Fra_179,10,11.414083506204879
Fra_179,11,11.414083506204882
Fra_179,12,11.414083506204882
Fra_179,13,11.414083506204882
Fra_179,14,15.647157908492936
Fra_179,15,20.720392439335562
Fra_179,16,42.85021806272806
Fra_179,17,24.71004009522715
Fra_179,18,25.977170725149453
Fra_179,19,28.488623864104813
Fra_179,20,49.79589709820292
Fra_179,21,33.17894277374432
Fra_179,22,43.24532378254774
Fra_179,23,74.13544771722493
Fra_179,24,64.47794078783308
Fra_179,25,62.403921616145595
Fra_179,26,70.34991050033173
Fra_179,27,40.26897360934641
Fra_179,28,58.95889181606149
Fra_179,29,435.3716404761981
Fra_179,30,40.15983293439597
Fra_179,31,40.15983293439597
Fra_179,32,35.47041034484807
Fra_179,33,42.669989283760174
Fra_179,34,37.699106593820574
Fra_179,35,37.699106593820574
Fra_179,36,32.87845933064267
Fra_179,37,54.671527999577364
Fra_179,38,54.67152799957738
Fra_179,39,47.0927063702142
Fra_179,40,105.1944724282918
Fra_179,41,23.896510052632646
Fra_179,42,37.699106593820574
Fra_179,43,37.699106593820574
Fra_179,44,37.699106593820574
Fra_179,45,89.57105209547822
Fra_179,46,44.38519965437774
Fra_179,47,37.699106593820574
Fra_179,48,37.699106593820574
Fra_179,49,22.850853628859635
Fra_179,50,23.896510052632646
Fra_179,51,27.527344114405107
Fra_179,52,23.896510052632646
Fra_179,53,25.706704610414988
Fra_179,54,25.706704610414988
Fra_179,55,27.527344114405107
Fra_179,56,26.326102875683546
Fra_179,57,22.93699374244568
Fra_179,58,22.865705687477675
Fra_179,59,23.689601251723587
Fra_179,60,25.706704610414988
Fra_179,61,24.817185691253112
Fra_179,62,25.534875462275348
Fra_179,63,23.64047498341309
Fra_179,64,25.57431877489819
Fra_179,65,37.18623963582512
Fra_179,66,64.70852527416807
Fra_179,67,39.220667412707385
Fra_179,68,27.527344114405107
Fra_179,69,39.220667412707385
Fra_179,70,30.812565529853448
Fra_179,71,25.706704610414988
Fra_179,72,23.689601251723587
Fra_179,73,22.271505597714167
Fra_179,74,23.689601251723587
Fra_179,75,27.15975523422512
Fra_179,76,27.94993507913531
Fra_179,77,28.86374201215573
Fra_179,78,30.63714142552198
Fra_179,79,32.94462235804043
Fra_179,80,64.70852527416807
Fra_179,81,28.580288833075304
Fra_179,82,30.589128172033842
Fra_179,83,44.350411985726666
Fra_179,84,81.80947194795291
Fra_179,85,328.49351157490236
Fra_179,86,63.206046755171535
Fra_179,87,88.8786409657328
Fra_179,88,90.86197270942287
Fra_179,89,75.74375079398585
Fra_179,90,49.366983857212304
Fra_179,91,39.55390703412748
Fra_179,92,29.294847266386892
Fra_179,93,42.67124170317131
Fra_179,94,28.962473839333263
Fra_179,95,28.488623864104813
Fra_179,96,28.201910372290794
Fra_180,1,4.7100539451985455
Fra_180,2,4.7100539451985455
Fra_180,3,4.7100539451985455
Fra_180,4,4.7100539451985455
Fra_180,5,4.7100539451985455
Fra_180,6,4.7100539451985455
Fra_180,7,4.7100539451985455
Fra_180,8,4.7100539451985455
Fra_180,9,4.7100539451985455
Fra_180,10,4.7100539451985455
Fra_180,11,4.7100539451985455
Fra_180,12,4.7100539451985455
Fra_180,13,4.7100539451985455
Fra_180,14,4.7100539451985455
Fra_180,15,4.7100539451985455
Fra_180,16,4.7100539451985455
Fra_180,17,4.7100539451985455
Fra_180,18,4.7100539451985455
Fra_180,19,4.7100539451985455
Fra_180,20,4.7100539451985455
Fra_180,21,4.7100539451985455
Fra_180,22,4.7100539451985455
Fra_180,23,78.20384054201847
Fra_180,24,9.49773569988696
Fra_180,25,4.7100539451985455
Fra_180,26,4.7100539451985455
Fra_180,27,4.7100539451985455
Fra_180,28,4.7100539451985455
Fra_180,29,4.7100539451985455
Fra_180,30,4.7100539451985455
Fra_180,31,4.7100539451985455
Fra_180,32,32.75198005314245
Fra_180,33,4.7100539451985455
Fra_180,34,19.42476666230062
Fra_180,35,19.424766662300623
Fra_180,36,32.09022928733272
Fra_180,37,31.07934532082968
Fra_180,38,31.079345320829717
Fra_180,39,4.7100539451985455
Fra_180,40,4.7100539451985455
Fra_180,41,25.374692074458224
Fra_180,42,19.42476666230062
Fra_180,43,19.424766662300648
Fra_180,44,19.424766662300648
Fra_180,45,4.7100539451985455
Fra_180,46,4.7100539451985455
Fra_180,47,19.424766662300623
Fra_180,48,19.424766662300623
Fra_180,49,24.264353798681583
Fra_180,50,25.374692074458224
Fra_180,51,29.23012100897666
Fra_180,52,25.374692074458224
Fra_180,53,27.29686101868557
Fra_180,54,27.29686101868557
Fra_180,55,29.23012100897666
Fra_180,56,27.954573806788353
Fra_180,57,23.580449165839767
Fra_180,58,9.316694754431794
Fra_180,59,25.146406229814538
Fra_180,60,27.29686101868557
Fra_180,61,17.428294639416407
Fra_180,62,27.389644911489107
Fra_180,63,25.664789245458046
Fra_180,64,27.65038222680976
Fra_180,65,40.90706529234495
Fra_180,66,4.7100539451985455
Fra_180,67,34.18155768695802
Fra_180,68,29.23012100897666
Fra_180,69,34.18155768695802
Fra_180,70,31.80746366971906
Fra_180,71,27.29686101868557
Fra_180,72,25.146406229814538
Fra_180,73,4.7100539451985455
Fra_180,74,25.146406229814538
Fra_180,75,27.46840709104778
Fra_180,76,28.40703646867913
Fra_180,77,5.474060780244449
Fra_180,78,4.7100539451985455
Fra_180,79,4.7100539451985455
Fra_180,80,4.7100539451985455
Fra_180,81,6.384106617441527
Fra_180,82,4.7100539451985455
Fra_180,83,4.7100539451985455
Fra_180,84,4.7100539451985455
Fra_180,85,4.7100539451985455
Fra_180,86,4.7100539451985455
Fra_180,87,4.7100539451985455
Fra_180,88,4.7100539451985455
Fra_180,89,4.7100539451985455
Fra_180,90,4.7100539451985455
Fra_180,91,4.7100539451985455
Fra_180,92,4.7100539451985455
Fra_180,93,4.7100539451985455
Fra_180,94,4.7100539451985455
Fra_180,95,4.7100539451985455
Fra_180,96,6.71746066663046
Fra_181,1,73.824198080768
Fra_181,2,19.419928612420264
Fra_181,3,19.420737223598373
Fra_181,4,24.449870385359176
Fra_181,5,14.204037032817084
Fra_181,6,14.204037032817084
Fra_181,7,13.325930612067715
Fra_181,8,16.03573988455645
Fra_181,9,11.305009717447946
Fra_181,10,11.305009717447946
Fra_181,11,11.30500971744795
Fra_181,12,11.30500971744795
Fra_181,13,11.30500971744795
Fra_181,14,14.204037032817084
Fra_181,15,20.43530550359818
Fra_181,16,42.171077985785324
Fra_181,17,24.35391178673512
Fra_181,18,25.5984793466389
Fra_181,19,28.06521247671406
Fra_181,20,45.51517312537672
Fra_181,21,31.427013689794983
Fra_181,22,38.876419611384954
Fra_181,23,64.64413860322627
Fra_181,24,54.61050098808251
Fra_181,25,57.43122504340676
Fra_181,26,68.18431552506202
Fra_181,27,36.673836519648106
Fra_181,28,57.15047112643918
Fra_181,29,421.87860189588895
Fra_181,30,38.8787579771507
Fra_181,31,38.8787579771507
Fra_181,32,34.52508711662495
Fra_181,33,41.33510030869935
Fra_181,34,36.59421390800037
Fra_181,35,36.59421390800036
Fra_181,36,30.53118584383098
Fra_181,37,53.22305684410666
Fra_181,38,53.223056844106665
Fra_181,39,45.65635919108774
Fra_181,40,101.93629900501182
Fra_181,41,20.448002718138937
Fra_181,42,36.59421390800037
Fra_181,43,36.59421390800036
Fra_181,44,36.59421390800037
Fra_181,45,86.80276321645304
Fra_181,46,43.01353912065874
Fra_181,47,36.59421390800036
Fra_181,48,36.59421390800036
Fra_181,49,19.553245059030704
Fra_181,50,20.448002718138937
Fra_181,51,23.55487081731794
Fra_181,52,20.448002718138937
Fra_181,53,21.996967950148445
Fra_181,54,21.996967950148445
Fra_181,55,23.55487081731794
Fra_181,56,22.526980800724786
Fra_181,57,19.720843165941943
Fra_181,58,19.68764348542365
Fra_181,59,20.29096523958409
Fra_181,60,21.996967950148445
Fra_181,61,21.17197518892676
Fra_181,62,21.87337261794032
Fra_181,63,20.276768409585763
Fra_181,64,21.92575951648584
Fra_181,65,31.94085350517254
Fra_181,66,54.7597941973585
Fra_181,67,33.48950375205112
Fra_181,68,23.55487081731794
Fra_181,69,33.48950375205112
Fra_181,70,28.49152963458294
Fra_181,71,21.996967950148445
Fra_181,72,20.29096523958409
Fra_181,73,19.242486709962378
Fra_181,74,20.29096523958409
Fra_181,75,26.439689520840574
Fra_181,76,26.883545777158577
Fra_181,77,28.251030102537165
Fra_181,78,29.35523541257571
Fra_181,79,30.74441526535497
Fra_181,80,54.7597941973585
Fra_181,81,28.04606570395204
Fra_181,82,29.532641828848355
Fra_181,83,39.69753175072773
Fra_181,84,69.8179942073687
Fra_181,85,318.23362241367187
Fra_181,86,58.49023835723398
Fra_181,87,86.13206317835764
Fra_181,88,88.05320600651793
Fra_181,89,65.68862604685638
Fra_181,90,43.41259600819889
Fra_181,91,36.14466708178275
Fra_181,92,28.552673443064265
Fra_181,93,40.694765729084466
Fra_181,94,28.35171292581547
Fra_181,95,28.06521247671406
Fra_181,96,27.819349070739698
Fra_182,1,73.77047566028028
Fra_182,2,19.254779151242072
Fra_182,3,19.255709547596922
Fra_182,4,24.43452662711096
Fra_182,5,14.113666841209579
Fra_182,6,14.113666841209579
Fra_182,7,13.253250620229231
Fra_182,8,16.02693642949011
Fra_182,9,11.30023064579773
Fra_182,10,11.30023064579773
Fra_182,11,11.300230645797734
Fra_182,12,11.300230645797734
Fra_182,13,11.300230645797734
Fra_182,14,14.113666841209579
Fra_182,15,20.423082266414795
Fra_182,16,42.14195953383052
Fra_182,17,24.338642617100408
Fra_182,18,25.58224277470738
Fra_182,19,28.04705851325433
Fra_182,20,45.2522472458393
Fra_182,21,31.323480130700773
Fra_182,22,38.60503761907949
Fra_182,23,64.01888891444028
Fra_182,24,53.984539452704105
Fra_182,25,56.736694007350664
Fra_182,26,67.33579139979571
Fra_182,27,36.452082662103585
Fra_182,28,56.439521971656966
Fra_182,29,416.6209663628218
Fra_182,30,38.39603363447269
Fra_182,31,38.39603363447269
Fra_182,32,34.10667674351687
Fra_182,33,40.82158693478596
Fra_182,34,36.14523766030966
Fra_182,35,36.14523766030966
Fra_182,36,30.17197419908501
Fra_182,37,52.57019537785538
Fra_182,38,52.570195377855384
Fra_182,39,45.08872383094669
Fra_182,40,100.66693985948609
Fra_182,41,20.220828772820035
Fra_182,42,36.14523766030966
Fra_182,43,36.14523766030966
Fra_182,44,36.14523766030966
Fra_182,45,85.72209585089215
Fra_182,46,42.47898734979866
Fra_182,47,36.14523766030966
Fra_182,48,36.14523766030966
Fra_182,49,19.336011724065084
Fra_182,50,20.220828772820035
Fra_182,51,23.293180078676727
Fra_182,52,20.220828772820035
Fra_182,53,21.752585255996323
Fra_182,54,21.752585255996323
Fra_182,55,23.293180078676727
Fra_182,56,22.27670975102054
Fra_182,57,19.509274756322515
Fra_182,58,19.484346153628422
Fra_182,59,20.067076618597877
Fra_182,60,21.752585255996323
Fra_182,61,20.93410805704614
Fra_182,62,21.630709706902703
Fra_182,63,20.052204634154634
Fra_182,64,21.682790236066026
Fra_182,65,31.587785048331938
Fra_182,66,54.130531379867165
Fra_182,67,33.115004170906
Fra_182,68,23.293180078676727
Fra_182,69,33.115004170906
Fra_182,70,28.33862902269173
Fra_182,71,21.752585255996323
Fra_182,72,20.067076618597877
Fra_182,73,19.050612669608604
Fra_182,74,20.067076618597877
Fra_182,75,26.392254456004775
Fra_182,76,26.813296291952973
Fra_182,77,28.219055049847512
Fra_182,78,29.280724521412075
Fra_182,79,30.609961290606073
Fra_182,80,54.130531379867165
Fra_182,81,28.018697393093188
Fra_182,82,29.47180438133244
Fra_182,83,39.40765050796088
Fra_182,84,69.01079753760362
Fra_182,85,314.2673702534641
Fra_182,86,57.78066491308265
Fra_182,87,85.05975840471041
Fra_182,88,86.9569475537783
Fra_182,89,65.03911772808264
Fra_182,90,43.03900922919531
Fra_182,91,35.93483635770469
Fra_182,92,28.513903908377905
Fra_182,93,40.57688725085761
Fra_182,94,28.321442360570916
Fra_182,95,28.04705851325433
Fra_182,96,27.802946574027782
Fra_183,1,73.50808690093682
Fra_183,2,18.47540225987864
Fra_183,3,18.476905781947096
Fra_183,4,24.359585296212874
Fra_183,5,13.686990893133249
Fra_183,6,13.686990893133249
Fra_183,7,12.909962560822517
Fra_183,8,15.983938968991826
Fra_183,9,11.276902972676634
Fra_183,10,11.276902972676634
Fra_183,11,11.276902972676638
Fra_183,12,11.276902972676638
Fra_183,13,11.276902972676638
Fra_183,14,13.686990893133249
Fra_183,15,20.363382051670346
Fra_183,16,41.999740430278216
Fra_183,17,24.264065588733395
Fra_183,18,25.50294080122173
Fra_183,19,27.958391697684224
Fra_183,20,44.009046970414744
Fra_183,21,30.83247252056216
Fra_183,22,37.32294924798168
Fra_183,23,61.07773579737575
Fra_183,24,51.03195409925746
Fra_183,25,53.7795623102499
Fra_183,26,63.93111467688274
Fra_183,27,35.40389497068779
Fra_183,28,53.58703926963577
Fra_183,29,395.52103372242505
Fra_183,30,36.4561262881551
Fra_183,31,36.4561262881551
Fra_183,32,32.428621394117116
Fra_183,33,38.759488707399996
Fra_183,34,34.342734459991654
Fra_183,35,34.342734459991654
Fra_183,36,28.64892177993891
Fra_183,37,49.957034423457976
Fra_183,38,49.95703442345798
Fra_183,39,42.811469458858625
Fra_183,40,95.57312897829259
Fra_183,41,19.152210316267308
Fra_183,42,34.342734459991654
Fra_183,43,34.342734459991654
Fra_183,44,34.342734459991654
Fra_183,45,81.3856500072586
Fra_183,46,40.333395093661665
Fra_183,47,34.342734459991654
Fra_183,48,34.342734459991654
Fra_183,49,18.3141535580818
Fra_183,50,19.152210316267308
Fra_183,51,22.062195808766962
Fra_183,52,19.152210316267308
Fra_183,53,20.603017434446908
Fra_183,54,20.603017434446908
Fra_183,55,22.062195808766962
Fra_183,56,21.09944330666952
Fra_183,57,18.513963840314698
Fra_183,58,18.526006679757945
Fra_183,59,19.013912215161792
Fra_183,60,20.603017434446908
Fra_183,61,19.81427052049908
Fra_183,62,20.4895670216062
Fra_183,63,18.996548991851224
Fra_183,64,20.54047303610568
Fra_183,65,29.928693847078485
Fra_183,66,51.1617270227797
Fra_183,67,31.352347600261112
Fra_183,68,22.062195808766962
Fra_183,69,31.352347600261112
Fra_183,70,27.61938978222435
Fra_183,71,20.603017434446908
Fra_183,72,19.013912215161792
Fra_183,73,18.145468883446433
Fra_183,74,19.013912215161792
Fra_183,75,26.16912153598548
Fra_183,76,26.482845120060652
Fra_183,77,28.065687064816863
Fra_183,78,28.926795445870976
Fra_183,79,29.973814049507165
Fra_183,80,51.1617270227797
Fra_183,81,27.887181262212625
Fra_183,82,29.182461324579236
Fra_183,83,38.038439015383716
Fra_183,84,65.24373921792373
Fra_183,85,298.34885635796456
Fra_183,86,54.778895066294865
Fra_183,87,80.75687806530806
Fra_183,88,82.55792270257537
Fra_183,89,61.98730526952828
Fra_183,90,41.27534020355102
Fra_183,91,34.94284318246764
Fra_183,92,28.328133426350313
Fra_183,93,40.01785464248102
Fra_183,94,28.175703808041515
Fra_183,95,27.958391697684224
Fra_183,96,27.72283419779264
Fra_184,1,73.50808690093682
Fra_184,2,18.47540225987864
Fra_184,3,18.476905781947096
Fra_184,4,24.359585296212874
Fra_184,5,13.686990893133249
Fra_184,6,13.686990893133249
Fra_184,7,12.909962560822517
Fra_184,8,15.983938968991826
Fra_184,9,11.276902972676634
Fra_184,10,11.276902972676634
Fra_184,11,11.276902972676638
Fra_184,12,11.276902972676638
Fra_184,13,11.276902972676638
Fra_184,14,13.686990893133249
Fra_184,15,20.363382051670346
Fra_184,16,41.999740430278216
Fra_184,17,24.264065588733395
Fra_184,18,25.50294080122173
Fra_184,19,27.958391697684224
Fra_184,20,44.009046970414744
Fra_184,21,30.83247252056216
Fra_184,22,37.32294924798168
Fra_184,23,61.07773579737575
Fra_184,24,51.03195409925746
Fra_184,25,53.7795623102499
Fra_184,26,63.93111467688274
Fra_184,27,35.40389497068779
Fra_184,28,53.58703926963577
Fra_184,29,395.52103372242505
Fra_184,30,36.4561262881551
Fra_184,31,36.4561262881551
Fra_184,32,32.428621394117116
Fra_184,33,38.759488707399996
Fra_184,34,34.342734459991654
Fra_184,35,34.342734459991654
Fra_184,36,28.64892177993891
Fra_184,37,49.957034423457976
Fra_184,38,49.95703442345798
Fra_184,39,42.811469458858625
Fra_184,40,95.57312897829259
Fra_184,41,19.152210316267308
Fra_184,42,34.342734459991654
Fra_184,43,34.342734459991654
Fra_184,44,34.342734459991654
Fra_184,45,81.3856500072586
Fra_184,46,40.333395093661665
Fra_184,47,34.342734459991654
Fra_184,48,34.342734459991654
Fra_184,49,18.3141535580818
Fra_184,50,19.152210316267308
Fra_184,51,22.062195808766962
Fra_184,52,19.152210316267308
Fra_184,53,20.603017434446908
Fra_184,54,20.603017434446908
Fra_184,55,22.062195808766962
Fra_184,56,21.09944330666952
Fra_184,57,18.513963840314698
Fra_184,58,18.526006679757945
Fra_184,59,19.013912215161792
Fra_184,60,20.603017434446908
Fra_184,61,19.81427052049908
Fra_184,62,20.4895670216062
Fra_184,63,18.996548991851224
Fra_184,64,20.54047303610568
Fra_184,65,29.928693847078485
Fra_184,66,51.1617270227797
Fra_184,67,31.352347600261112
Fra_184,68,22.062195808766962
Fra_184,69,31.352347600261112
Fra_184,70,27.61938978222435
Fra_184,71,20.603017434446908
Fra_184,72,19.013912215161792
Fra_184,73,18.145468883446433
Fra_184,74,19.013912215161792
Fra_184,75,26.16912153598548
Fra_184,76,26.482845120060652
Fra_184,77,28.065687064816863
Fra_184,78,28.926795445870976
Fra_184,79,29.973814049507165
Fra_184,80,51.1617270227797
Fra_184,81,27.887181262212625
Fra_184,82,29.182461324579236
Fra_184,83,38.038439015383716
Fra_184,84,65.24373921792373
Fra_184,85,298.34885635796456
Fra_184,86,54.778895066294865
Fra_184,87,80.75687806530806
Fra_184,88,82.55792270257537
Fra_184,89,61.98730526952828
Fra_184,90,41.27534020355102
Fra_184,91,34.94284318246764
Fra_184,92,28.328133426350313
Fra_184,93,40.01785464248102
Fra_184,94,28.175703808041515
Fra_184,95,27.958391697684224
Fra_184,96,27.72283419779264
Fra_185,1,74.2344857832711
Fra_185,2,20.328543695223058
Fra_185,3,20.328703058203097
Fra_185,4,24.567053402473302
Fra_185,5,14.703809804641383
Fra_185,6,14.703809804641383
Fra_185,7,13.729619866533092
Fra_185,8,16.102973440313374
Fra_185,9,11.340842237710707
Fra_185,10,11.340842237710707
Fra_185,11,11.34084223771071
Fra_185,12,11.34084223771071
Fra_185,13,11.34084223771071
Fra_185,14,14.703809804641383
Fra_185,15,20.528656545036576
Fra_185,16,42.39346079438782
Fra_185,17,24.470525157310796
Fra_185,18,25.722480941016652
Fra_185,19,28.20385753201121
Fra_185,20,46.992737252939044
Fra_185,21,32.027831474190954
Fra_185,22,40.387325201435594
Fra_185,23,67.96062542901058
Fra_185,24,58.03542269299107
Fra_185,25,59.42722192855035
Fra_185,26,69.44276639412925
Fra_185,27,37.915654341649855
Fra_185,28,58.203126550978084
Fra_185,29,429.69865502307806
Fra_185,30,39.60968783133416
Fra_185,31,39.60968783133416
Fra_185,32,35.11147082482505
Fra_185,33,42.10420303744945
Fra_185,34,37.24929465665798
Fra_185,35,37.24929465665798
Fra_185,36,31.49847539389993
Fra_185,37,54.12814262580033
Fra_185,38,54.12814262580034
Fra_185,39,46.4946345872578
Fra_185,40,103.82426794529967
Fra_185,41,21.652992357197334
Fra_185,42,37.24929465665798
Fra_185,43,37.24929465665798
Fra_185,44,37.24929465665798
Fra_185,45,88.40847217441954
Fra_185,46,43.80872568691544
Fra_185,47,37.24929465665798
Fra_185,48,37.24929465665798
Fra_185,49,20.70550711762291
Fra_185,50,21.652992357197334
Fra_185,51,24.942946497640932
Fra_185,52,21.652992357197334
Fra_185,53,23.293237264858362
Fra_185,54,23.293237264858362
Fra_185,55,24.942946497640932
Fra_185,56,23.85448348342256
Fra_185,57,20.84435639834423
Fra_185,58,20.79234246288165
Fra_185,59,21.47852866466235
Fra_185,60,23.293237264858362
Fra_185,61,22.443609479847794
Fra_185,62,23.15425475297182
Fra_185,63,21.45512158117132
Fra_185,64,23.203285200320778
Fra_185,65,33.781285568589595
Fra_185,66,58.21115862070286
Fra_185,67,35.48919628659462
Fra_185,68,24.942946497640932
Fra_185,69,35.48919628659462
Fra_185,70,29.302554212581757
Fra_185,71,23.293237264858362
Fra_185,72,21.47852866466235
Fra_185,73,20.29357303055096
Fra_185,74,21.47852866466235
Fra_185,75,26.691297431135755
Fra_185,76,27.256167301616877
Fra_185,77,28.45717947450333
Fra_185,78,29.793715810084617
Fra_185,79,31.503275495567834
Fra_185,80,58.21115862070286
Fra_185,81,28.22533151057302
Fra_185,82,29.893540926442384
Fra_185,83,41.307482621497336
Fra_185,84,74.01263782583413
Fra_185,85,324.155815710679
Fra_185,86,60.41941633071782
Fra_185,87,87.72526271463043
Fra_185,88,89.68223733704485
Fra_185,89,69.18597007126128
Fra_185,90,45.4753950979691
Fra_185,91,37.32183670799608
Fra_185,92,28.802335439282473
Fra_185,93,41.37380865858168
Fra_185,94,28.555607110022148
Fra_185,95,28.20385753201121
Fra_185,96,27.944617862245185
Fra_186,1,73.54362005292333
Fra_186,2,18.583554277387904
Fra_186,3,18.584978109299136
Fra_186,4,24.369733984394244
Fra_186,5,13.746179843087742
Fra_186,6,13.746179843087742
Fra_186,7,12.957570480810984
Fra_186,8,15.989761761487749
Fra_186,9,11.280068102052567
Fra_186,10,11.280068102052567
Fra_186,11,11.28006810205257
Fra_186,12,11.28006810205257
Fra_186,13,11.28006810205257
Fra_186,14,13.746179843087742
Fra_186,15,20.371466760822713
Fra_186,16,42.018999993967434
Fra_186,17,24.27416494241874
Fra_186,18,25.513680015370028
Fra_186,19,27.970399115386478
Fra_186,20,44.18132525042532
Fra_186,21,30.900369578000515
Fra_186,22,37.50072479281139
Fra_186,23,61.48681662353691
Fra_186,24,51.44182157582622
Fra_186,25,54.198970312287905
Fra_186,26,64.42046552848575
Fra_186,27,35.54918248881829
Fra_186,28,53.997036972319144
Fra_186,29,398.5535729055655
Fra_186,30,36.73486778605564
Fra_186,31,36.73486778605564
Fra_186,32,32.6701222519188
Fra_186,33,39.05583551341229
Fra_186,34,34.60193431448488
Fra_186,35,34.60193431448488
Fra_186,36,28.865415478186584
Fra_186,37,50.333094513188286
Fra_186,38,50.33309451318829
Fra_186,39,43.13880386277201
Fra_186,40,96.30521718186985
Fra_186,41,19.30084294559942
Fra_186,42,34.60193431448488
Fra_186,43,34.60193431448488
Fra_186,44,34.60193431448488
Fra_186,45,82.00890092115468
Fra_186,46,40.64177175074632
Fra_186,47,34.60193431448488
Fra_186,48,34.60193431448488
Fra_186,49,18.456282364751065
Fra_186,50,19.30084294559942
Fra_186,51,22.233411669377674
Fra_186,52,19.30084294559942
Fra_186,53,20.76290919643619
Fra_186,54,20.76290919643619
Fra_186,55,22.233411669377674
Fra_186,56,21.26318763091864
Fra_186,57,18.6523902522749
Fra_186,58,18.6590984240882
Fra_186,59,19.160395362108986
Fra_186,60,20.76290919643619
Fra_186,61,19.969954983405092
Fra_186,62,20.648338982552104
Fra_186,63,19.14348489179031
Fra_186,64,20.69944973677788
Fra_186,65,30.159723078755633
Fra_186,66,51.573781809812985
Fra_186,67,31.59741129616371
Fra_186,68,22.233411669377674
Fra_186,69,31.59741129616371
Fra_186,70,27.719427750662927
Fra_186,71,20.76290919643619
Fra_186,72,19.160395362108986
Fra_186,73,18.27110813522601
Fra_186,74,19.160395362108986
Fra_186,75,26.200156778161634
Fra_186,76,26.52880710606516
Fra_186,77,28.086741853550595
Fra_186,78,28.975693306614065
Fra_186,79,30.06194821858015
Fra_186,80,51.573781809812985
Fra_186,81,27.905215692906694
Fra_186,82,29.22241808939955
Fra_186,83,38.22832618037849
Fra_186,84,65.76773286002866
Fra_186,85,300.63651060863134
Fra_186,86,55.205237197527005
Fra_186,87,81.37530544190554
Fra_186,88,83.19016654489698
Fra_186,89,62.411174603346026
Fra_186,90,41.52002463713376
Fra_186,91,35.08032546914501
Fra_186,92,28.353634061592974
Fra_186,93,40.095206945385655
Fra_186,94,28.195641733316698
Fra_186,95,27.970399115386478
Fra_186,96,27.73368315812115
Fra_187,1,73.25763556360404
Fra_187,2,17.755309225732873
Fra_187,3,17.75734082487914
Fra_187,4,24.288053434132024
Fra_187,5,13.292590210388557
Fra_187,6,13.292590210388557
Fra_187,7,12.592519826981475
Fra_187,8,15.942897685399293
Fra_187,9,11.254687641543518
Fra_187,10,11.254687641543518
Fra_187,11,11.254687641543521
Fra_187,12,11.254687641543521
Fra_187,13,11.254687641543521
Fra_187,14,13.292590210388557
Fra_187,15,20.30639790852636
Fra_187,16,41.86399160945195
Fra_187,17,24.192881455176924
Fra_187,18,25.427246684742407
Fra_187,19,27.873758794231595
Fra_187,20,42.85824366440595
Fra_187,21,30.37663222779124
Fra_187,22,36.137137617709875
Fra_187,23,58.368938642326796
Fra_187,24,48.305286188272625
Fra_187,25,51.15130329322491
Fra_187,26,60.97948516854097
Fra_187,27,34.433915655416044
Fra_187,28,51.11425283662881
Fra_187,29,377.22727823774756
Fra_187,30,34.773377420865636
Fra_187,31,34.773377420865636
Fra_187,32,30.976535031821587
Fra_187,33,36.97130743813337
Fra_187,34,32.78102337315021
Fra_187,35,32.78102337315021
Fra_187,36,27.299846596011488
Fra_187,37,47.69617652635287
Fra_187,38,47.69617652635288
Fra_187,39,40.83750063724132
Fra_187,40,91.15674222086308
Fra_187,41,18.16801448567692
Fra_187,42,32.78102337315021
Fra_187,43,32.78102337315021
Fra_187,44,32.78102337315021
Fra_187,45,77.62602335590668
Fra_187,46,38.47317100151824
Fra_187,47,32.78102337315021
Fra_187,48,32.78102337315021
Fra_187,49,17.37302387774686
Fra_187,50,18.16801448567692
Fra_187,51,20.928461332688535
Fra_187,52,18.16801448567692
Fra_187,53,19.54426737261511
Fra_187,54,19.54426737261511
Fra_187,55,20.928461332688535
Fra_187,56,20.01518285906132
Fra_187,57,17.59719298151815
Fra_187,58,17.641528696383194
Fra_187,59,18.043949541925052
Fra_187,60,19.54426737261511
Fra_187,61,18.782225251845865
Fra_187,62,19.43903501577455
Fra_187,63,18.02522806489305
Fra_187,64,19.489223888396644
Fra_187,65,28.403040094743567
Fra_187,66,48.41949487890054
Fra_187,67,29.728014385352054
Fra_187,68,20.928461332688535
Fra_187,69,29.728014385352054
Fra_187,70,26.95697163164465
Fra_187,71,19.54426737261511
Fra_187,72,18.043949541925052
Fra_187,73,17.30949444193518
Fra_187,74,18.043949541925052
Fra_187,75,25.96361648579303
Fra_187,76,26.178500137437677
Fra_187,77,27.921889188628533
Fra_187,78,28.59780477128304
Fra_187,79,29.384738481846494
Fra_187,80,48.41949487890054
Fra_187,81,27.763681568425376
Fra_187,82,28.91332464061223
Fra_187,83,36.77232669081188
Fra_187,84,61.777384512281046
Fra_187,85,284.54567096663214
Fra_187,86,52.117900398220776
Fra_187,87,77.02635822906663
Fra_187,88,78.74402975477287
Fra_187,89,59.171965315561955
Fra_187,90,39.64531547547161
Fra_187,91,34.024717468192954
Fra_187,92,28.153951297522063
Fra_187,93,39.499262557628725
Fra_187,94,28.038439217012147
Fra_187,95,27.873758794231595
Fra_187,96,27.646366547977152
Fra_188,1,74.25150453660083
Fra_188,2,20.344250854488003
Fra_188,3,20.344400792518652
Fra_188,4,24.571914159572607
Fra_188,5,14.71267225964477
Fra_188,6,14.71267225964477
Fra_188,7,13.736928968571812
Fra_188,8,16.105762291390135
Fra_188,9,11.342280077860238
Fra_188,10,11.342280077860238
Fra_188,11,11.342280077860242
Fra_188,12,11.342280077860242
Fra_188,13,11.342280077860242
Fra_188,14,14.71267225964477
Fra_188,15,20.532528750656247
Fra_188,16,42.40268524381999
Fra_188,17,24.475362285444707
Fra_188,18,25.727624533023757
Fra_188,19,28.209608535470718
Fra_188,20,47.020962539741234
Fra_188,21,32.040917321789024
Fra_188,22,40.414986264388205
Fra_188,23,68.00727171752555
Fra_188,24,58.092987014408514
Fra_188,25,59.33871482538244
Fra_188,26,69.23486960522146
Fra_188,27,37.9390059169418
Fra_188,28,58.02876292489559
Fra_188,29,428.4124049133405
Fra_188,30,39.49261634648434
Fra_188,31,39.49261634648434
Fra_188,32,35.00505270747027
Fra_188,33,41.97896016567704
Fra_188,34,37.137813416984464
Fra_188,35,37.137813416984464
Fra_188,36,31.446210600584205
Fra_188,37,53.96192714518468
Fra_188,38,53.961927145184696
Fra_188,39,46.355202931677674
Fra_188,40,103.51379487229534
Fra_188,41,21.66994050061346
Fra_188,42,37.137813416984464
Fra_188,43,37.137813416984464
Fra_188,44,37.137813416984464
Fra_188,45,88.14399171300067
Fra_188,46,43.67789923960379
Fra_188,47,37.137813416984464
Fra_188,48,37.137813416984464
Fra_188,49,20.72171364918881
Fra_188,50,21.66994050061346
Fra_188,51,24.9624697407793
Fra_188,52,21.66994050061346
Fra_188,53,23.311469254196293
Fra_188,54,23.311469254196293
Fra_188,55,24.9624697407793
Fra_188,56,23.873154769151817
Fra_188,57,20.86027519744894
Fra_188,58,20.810245507720353
Fra_188,59,21.4952317088974
Fra_188,60,23.311469254196293
Fra_188,61,22.462357367577223
Fra_188,62,23.171680335190906
Fra_188,63,21.470490489216374
Fra_188,64,23.22019445579614
Fra_188,65,33.804126165002124
Fra_188,66,58.26989647119855
Fra_188,67,35.51851100797553
Fra_188,68,24.9624697407793
Fra_188,69,35.51851100797553
Fra_188,70,29.313961249137414
Fra_188,71,23.311469254196293
Fra_188,72,21.4952317088974
Fra_188,73,20.311348403804782
Fra_188,74,21.4952317088974
Fra_188,75,26.694836288906888
Fra_188,76,27.261408212270176
Fra_188,77,28.46333349980426
Fra_188,78,29.803748025411377
Fra_188,79,31.51802028499754
Fra_188,80,58.26989647119855
Fra_188,81,28.23088635541409
Fra_188,82,29.90200531014881
Fra_188,83,41.33661335639802
Fra_188,84,74.06835425353907
Fra_188,85,323.18798939772455
Fra_188,86,60.31968894786509
Fra_188,87,87.46282059023825
Fra_188,88,89.41395663156162
Fra_188,89,69.24129946282785
Fra_188,90,45.511684785836266
Fra_188,91,37.34415293112745
Fra_188,92,28.80979746552629
Fra_188,93,41.38811516661296
Fra_188,94,28.562363750506908
Fra_188,95,28.209608535470718
Fra_188,96,27.94981401764916
Fra_189,1,73.84187449537215
Fra_189,2,19.4332534511182
Fra_189,3,19.434054653709044
Fra_189,4,24.4549189782915
Fra_189,5,14.211628049944466
Fra_189,6,14.211628049944466
Fra_189,7,13.332238996408918
Fra_189,8,16.038636506121318
Fra_189,9,11.306502218022208
Fra_189,10,11.306502218022208
Fra_189,11,11.306502218022212
Fra_189,12,11.306502218022212
Fra_189,13,11.306502218022212
Fra_189,14,14.211628049944466
Fra_189,15,20.439327344131364
Fra_189,16,42.1806588986465
Fra_189,17,24.358935837600182
Fra_189,18,25.603821704161255
Fra_189,19,28.071185718089065
Fra_189,20,45.539992839126214
Fra_189,21,31.438995662579707
Fra_189,22,38.90038850001929
Fra_189,23,64.68022328893346
Fra_189,24,54.6587986723204
Fra_189,25,57.287252375448865
Fra_189,26,67.87915929819916
Fra_189,27,36.69426120912746
Fra_189,28,56.89458979598695
Fra_189,29,419.99025425348253
Fra_189,30,38.70677423156308
Fra_189,31,38.70677423156308
Fra_189,32,34.37051497050382
Fra_189,33,41.15122530552712
Fra_189,34,36.43136672040482
Fra_189,35,36.43136672040482
Fra_189,36,30.4492512618766
Fra_189,37,52.98102515703404
Fra_189,38,52.981025157034054
Fra_189,39,45.45180821789678
Fra_189,40,101.48041331074452
Fra_189,41,20.4611134810305
Fra_189,42,36.43136672040482
Fra_189,43,36.43136672040482
Fra_189,44,36.43136672040482
Fra_189,45,86.41446080334939
Fra_189,46,42.82153872388942
Fra_189,47,36.43136672040482
Fra_189,48,36.43136672040482
Fra_189,49,19.565782125034815
Fra_189,50,20.4611134810305
Fra_189,51,23.56997362860392
Fra_189,52,20.4611134810305
Fra_189,53,22.01107187193988
Fra_189,54,22.01107187193988
Fra_189,55,23.56997362860392
Fra_189,56,22.54142455388798
Fra_189,57,19.733204417488857
Fra_189,58,19.70244161851439
Fra_189,59,20.303886398389288
Fra_189,60,22.01107187193988
Fra_189,61,21.18684721737931
Fra_189,62,21.886638725565696
Fra_189,63,20.288220590086432
Fra_189,64,21.938456050600387
Fra_189,65,31.957418103351642
Fra_189,66,54.809321187749404
Fra_189,67,33.512657955317266
Fra_189,68,23.56997362860392
Fra_189,69,33.512657955317266
Fra_189,70,28.500353902109154
Fra_189,71,22.01107187193988
Fra_189,72,20.303886398389288
Fra_189,73,19.257437291482766
Fra_189,74,20.303886398389288
Fra_189,75,26.442427114216148
Fra_189,76,26.88760004642124
Fra_189,77,28.257116634851066
Fra_189,78,29.364560119052772
Fra_189,79,30.75747754431465
Fra_189,80,54.809321187749404
Fra_189,81,28.05160116011638
Fra_189,82,29.54058137023318
Fra_189,83,39.72267317215133
Fra_189,84,69.85605602573608
Fra_189,85,316.8117970324005
Fra_189,86,58.33109341400433
Fra_189,87,85.74675597469376
Fra_189,88,87.65931937120467
Fra_189,89,65.73269071434784
Fra_189,90,43.443596082114894
Fra_189,91,36.16424027926548
Fra_189,92,28.560030285332093
Fra_189,93,40.707798444177286
Fra_189,94,28.358499365178695
Fra_189,95,28.071185718089065
Fra_189,96,27.82474602288353
Fra_190,1,74.6568899889585
Fra_190,2,21.16837461752327
Fra_190,3,21.167941705075407
Fra_190,4,24.687697036104435
Fra_190,5,15.166718329617336
Fra_190,6,15.166718329617336
Fra_190,7,14.104186794473778
Fra_190,8,16.172192518881364
Fra_190,9,11.377515179325304
Fra_190,10,11.377515179325304
Fra_190,11,11.377515179325307
Fra_190,12,11.377515179325307
Fra_190,13,11.377515179325307
Fra_190,14,15.166718329617336
Fra_190,15,20.624764403664344
Fra_190,16,42.62241095071273
Fra_190,17,24.590582321759136
Fra_190,18,25.850144516253128
Fra_190,19,28.34659701481312
Fra_190,20,48.370115800306024
Fra_190,21,32.59490841398694
Fra_190,22,41.79055989100274
Fra_190,23,70.97956742243079
Fra_190,24,61.19392784629814
Fra_190,25,60.776466143143494
Fra_190,26,69.68086284678208
Fra_190,27,39.07166033391471
Fra_190,28,58.40037960303884
Fra_190,29,431.20088459239065
Fra_190,30,39.76269668630583
Fra_190,31,39.76269668630583
Fra_190,32,35.182487117578255
Fra_190,33,42.25692963721227
Fra_190,34,37.35927875672018
Fra_190,35,37.35927875672018
Fra_190,36,32.1131507130155
Fra_190,37,54.230811172889304
Fra_190,38,54.23081117288931
Fra_190,39,46.64934049063082
Fra_190,40,104.18730233728216
Fra_190,41,22.74987409202207
Fra_190,42,37.35927875672018
Fra_190,43,37.35927875672018
Fra_190,44,37.35927875672018
Fra_190,45,88.71548755414702
Fra_190,46,43.961259419384746
Fra_190,47,37.35927875672018
Fra_190,48,37.35927875672018
Fra_190,49,21.754391825701372
Fra_190,50,22.74987409202207
Fra_190,51,26.20648836634153
Fra_190,52,22.74987409202207
Fra_190,53,24.473209348128847
Fra_190,54,24.473209348128847
Fra_190,55,26.20648836634153
Fra_190,56,25.062886774524596
Fra_190,57,21.867578797661125
Fra_190,58,21.80822056462634
Fra_190,59,22.559547610959793
Fra_190,60,24.473209348128847
Fra_190,61,23.604880079354658
Fra_190,62,24.317626686485585
Fra_190,63,22.522461443217196
Fra_190,64,24.361539666165747
Fra_190,65,35.4432145191176
Fra_190,66,61.39722094677843
Fra_190,67,37.31465496234195
Fra_190,68,26.20648836634153
Fra_190,69,37.31465496234195
Fra_190,70,30.040816200291456
Fra_190,71,24.473209348128847
Fra_190,72,22.559547610959793
Fra_190,73,21.263373067242533
Fra_190,74,22.559547610959793
Fra_190,75,26.920331866117177
Fra_190,76,27.595358387525504
Fra_190,77,28.658965374087053
Fra_190,78,30.20965217255368
Fra_190,79,32.211735105996866
Fra_190,80,61.39722094677843
Fra_190,81,28.401682866296117
Fra_190,82,30.236760394281475
Fra_190,83,42.80120387663538
Fra_190,84,77.82178418346736
Fra_190,85,325.31950651105467
Fra_190,86,61.66636767503652
Fra_190,87,88.02979539935666
Fra_190,88,89.99388141498004
Fra_190,89,72.39789552195616
Fra_190,90,47.38476652764963
Fra_190,91,38.41844613480719
Fra_190,92,29.04678237366857
Fra_190,93,42.012546595230866
Fra_190,94,28.758124159782916
Fra_190,95,28.34659701481312
Fra_190,96,28.0735860571252
Fra_191,1,77.78647848663465
Fra_191,2,25.629536253947517
Fra_191,3,25.626117687822642
Fra_191,4,25.581544500325172
Fra_191,5,17.64557029624355
Fra_191,6,17.64557029624355
Fra_191,7,16.123375479689535
Fra_191,8,16.68503597353778
Fra_191,9,11.366848678134977
Fra_191,10,11.366848678134977
Fra_191,11,11.36684867813498
Fra_191,12,11.36684867813498
Fra_191,13,11.36684867813498
Fra_191,14,17.64557029624355
Fra_191,15,21.336826558462896
Fra_191,16,44.31870034870664
Fra_191,17,25.48008464172231
Fra_191,18,26.79600265699324
Fra_191,19,29.404152402582397
Fra_191,20,55.926120238329176
Fra_191,21,35.84811009870947
Fra_191,22,49.382127271895385
Fra_191,23,86.06255773153457
Fra_191,24,77.82529926728638
Fra_191,25,64.80964363853238
Fra_191,26,65.14415984845328
Fra_191,27,45.38049308754516
Fra_191,28,54.576390699350654
Fra_191,29,402.9542594852473
Fra_191,30,37.27899359706298
Fra_191,31,37.27899359706298
Fra_191,32,32.32318535081074
Fra_191,33,39.550416776888895
Fra_191,34,34.67848411907854
Fra_191,35,34.67848411907854
Fra_191,36,33.33779575375937
Fra_191,37,49.91902547096326
Fra_191,38,49.91902547096328
Fra_191,39,43.56779595046149
Fra_191,40,97.47044222605814
Fra_191,41,28.230024625769524
Fra_191,42,34.67848411907854
Fra_191,43,34.67848411907854
Fra_191,44,34.67848411907854
Fra_191,45,82.97615475512616
Fra_191,46,41.10249881954148
Fra_191,47,34.67848411907854
Fra_191,48,34.67848411907854
Fra_191,49,26.994743552165467
Fra_191,50,28.230024625769524
Fra_191,51,32.51929258791813
Fra_191,52,28.230024625769524
Fra_191,53,30.368489063927083
Fra_191,54,30.368489063927083
Fra_191,55,32.51929258791813
Fra_191,56,31.100212158352914
Fra_191,57,26.990285647671826
Fra_191,58,27.09800828140959
Fra_191,59,27.96044578207359
Fra_191,60,30.368489063927083
Fra_191,61,28.351832652800297
Fra_191,62,28.969701205600273
Fra_191,63,25.48606089155559
Fra_191,64,28.0654780236369
Fra_191,65,37.75805644511051
Fra_191,66,78.23890681611297
Fra_191,67,46.54260875953517
Fra_191,68,32.51929258791813
Fra_191,69,46.54260875953517
Fra_191,70,33.72926017519201
Fra_191,71,30.368489063927083
Fra_191,72,27.96044578207359
Fra_191,73,26.37970752698344
Fra_191,74,27.96044578207359
Fra_191,75,28.06461491985089
Fra_191,76,29.289997063208745
Fra_191,77,28.95095341249416
Fra_191,78,31.956907025928363
Fra_191,79,34.98799326802673
Fra_191,80,78.23890681611297
Fra_191,81,28.492939228793244
Fra_191,82,30.65565581043606
Fra_191,83,50.61200399072842
Fra_191,84,97.57281650091828
Fra_191,85,304.6312556989043
Fra_191,86,64.90438568407295
Fra_191,87,82.33378543081601
Fra_191,88,84.17377820006206
Fra_191,89,88.3818688251132
Fra_191,90,57.151417985613115
Fra_191,91,44.41910256392791
Fra_191,92,30.626033241803544
Fra_191,93,42.78871889131035
Fra_191,94,30.122300999805184
Fra_191,95,29.404152402582397
Fra_191,96,29.029110111640094
Fra_192,1,74.67095381020269
Fra_192,2,21.19773433524966
Fra_192,3,21.19728059001003
Fra_192,4,24.691713829675127
Fra_192,5,15.182885397582737
Fra_192,6,15.182885397582737
Fra_192,7,14.117257897813818
Fra_192,8,16.174497147326253
Fra_192,9,11.37873929296626
Fra_192,10,11.37873929296626
Fra_192,11,11.378739292966264
Fra_192,12,11.378739292966264
Fra_192,13,11.378739292966264
Fra_192,14,15.182885397582737
Fra_192,15,20.627964285970684
Fra_192,16,42.63003377744842
Fra_192,17,24.594579589014412
Fra_192,18,25.85439503667254
Fra_192,19,28.35134948304991
Fra_192,20,48.418077677425096
Fra_192,21,32.614541700665065
Fra_192,22,41.83950646038803
Fra_192,23,71.08586369163922
Fra_192,24,61.30446258671481
Fra_192,25,60.83224682220369
Fra_192,26,69.70526429044807
Fra_192,27,39.111939777151456
Fra_192,28,58.42075658530082
Fra_192,29,431.3529150451227
Fra_192,30,39.777126723885104
Fra_192,31,39.777126723885104
Fra_192,32,35.19313347602042
Fra_192,33,42.271968058798144
Fra_192,34,37.37172334753299
Fra_192,35,37.37172334753299
Fra_192,36,32.13947270305962
Fra_192,37,54.2471357907485
Fra_192,38,54.247135790748516
Fra_192,39,46.66552513446694
Fra_192,40,104.22401440904085
Fra_192,41,22.788495051427333
Fra_192,42,37.37172334753299
Fra_192,43,37.37172334753299
Fra_192,44,37.37172334753299
Fra_192,45,88.74667985161062
Fra_192,46,43.97671355473989
Fra_192,47,37.37172334753299
Fra_192,48,37.37172334753299
Fra_192,49,21.79132282058021
Fra_192,50,22.788495051427333
Fra_192,51,26.25097739161073
Fra_192,52,22.788495051427333
Fra_192,53,24.514755900031833
Fra_192,54,24.514755900031833
Fra_192,55,26.25097739161073
Fra_192,56,25.10543438286662
Fra_192,57,21.903597841443293
Fra_192,58,21.84381928381725
Fra_192,59,22.597610045145505
Fra_192,60,24.514755900031833
Fra_192,61,23.645706251047113
Fra_192,62,24.35863129463221
Fra_192,63,22.560129102867293
Fra_192,64,24.402397917416412
Fra_192,65,35.50195023995714
Fra_192,66,61.50866831884291
Fra_192,67,37.378843434324935
Fra_192,68,26.25097739161073
Fra_192,69,37.378843434324935
Fra_192,70,30.066810238985465
Fra_192,71,24.514755900031833
Fra_192,72,22.597610045145505
Fra_192,73,21.29730433963522
Fra_192,74,22.597610045145505
Fra_192,75,26.92839611710704
Fra_192,76,27.607301229441454
Fra_192,77,28.66583625445985
Fra_192,78,30.22401930584197
Fra_192,79,32.236387116484515
Fra_192,80,61.50866831884291
Fra_192,81,28.40767410600344
Fra_192,82,30.24860155618897
Fra_192,83,42.85333097307944
Fra_192,84,77.95612507773525
Fra_192,85,325.4351104176447
Fra_192,86,61.71927691713508
Fra_192,87,88.06074306708656
Fra_192,88,90.02552979634014
Fra_192,89,72.51054059580677
Fra_192,90,47.45147180271226
Fra_192,91,38.45664330551168
Fra_192,92,29.055105181479536
Fra_192,93,42.03469467993542
Fra_192,94,28.76497506043185
Fra_192,95,28.35134948304991
Fra_192,96,28.077880014464068
Fra_193,1,74.56782230169432
Fra_193,2,20.983950915336827
Fra_193,3,20.98364873306703
Fra_193,4,24.662258251911496
Fra_193,5,15.065148249308121
Fra_193,6,15.065148249308121
Fra_193,7,14.022056216004396
Fra_193,8,16.15759705993565
Fra_193,9,11.369766126794534
Fra_193,10,11.369766126794534
Fra_193,11,11.369766126794538
Fra_193,12,11.369766126794538
Fra_193,13,11.369766126794538
Fra_193,14,15.065148249308121
Fra_193,15,20.604499206063014
Fra_193,16,42.574134772000335
Fra_193,17,24.56526719981449
Fra_193,18,25.82322551487698
Fra_193,19,28.316499124112052
Fra_193,20,48.06864615245871
Fra_193,21,32.4713841915234
Fra_193,22,41.48298824211525
Fra_193,23,70.31264610252272
Fra_193,24,60.49972149716746
Fra_193,25,60.43482668532759
Fra_193,26,69.54391498584347
Fra_193,27,38.81850641360664
Fra_193,28,58.286074217684394
Fra_193,29,430.3469787133961
Fra_193,30,39.68127806747723
Fra_193,31,39.68127806747723
Fra_193,32,35.12390895004781
Fra_193,33,42.17231737092554
Fra_193,34,37.28984543012463
Fra_193,35,37.28984543012463
Fra_193,36,31.952723333593067
Fra_193,37,54.14120790339415
Fra_193,38,54.14120790339416
Fra_193,39,46.55862209268126
Fra_193,40,103.98109226507319
Fra_193,41,22.507559461278337
Fra_193,42,37.28984543012463
Fra_193,43,37.28984543012463
Fra_193,44,37.28984543012463
Fra_193,45,88.54033290579713
Fra_193,46,43.87446490766073
Fra_193,47,37.28984543012463
Fra_193,48,37.28984543012463
Fra_193,49,21.5226803269486
Fra_193,50,22.507559461278337
Fra_193,51,25.92735646759371
Fra_193,52,22.507559461278337
Fra_193,53,24.212539040138637
Fra_193,54,24.212539040138637
Fra_193,55,25.92735646759371
Fra_193,56,24.795935663956882
Fra_193,57,21.64158044589347
Fra_193,58,21.584693693278535
Fra_193,59,22.320737264791617
Fra_193,60,24.212539040138637
Fra_193,61,23.34866626754703
Fra_193,62,24.06040034677001
Fra_193,63,22.286217243074674
Fra_193,64,24.10526635732004
Fra_193,65,35.074922009054845
Fra_193,66,60.69722952022739
Fra_193,67,36.911837681369406
Fra_193,68,25.92735646759371
Fra_193,69,36.911837681369406
Fra_193,70,29.877725070897643
Fra_193,71,24.212539040138637
Fra_193,72,22.320737264791617
Fra_193,73,21.0502618918515
Fra_193,74,22.320737264791617
Fra_193,75,26.869735349849186
Fra_193,76,27.520426915768752
Fra_193,77,28.61561668396653
Fra_193,78,30.119225629762006
Fra_193,79,32.05676433920663
Fra_193,80,60.69722952022739
Fra_193,81,28.363869496146577
Fra_193,82,30.162217562841402
Fra_193,83,42.47367145518909
Fra_193,84,76.97911512135533
Fra_193,85,324.6694342012369
Fra_193,86,61.343480861024176
Fra_193,87,87.85601708990447
Fra_193,88,89.81616074165096
Fra_193,89,71.69067783781544
Fra_193,90,46.965709928891826
Fra_193,91,38.17836604537993
Fra_193,92,28.994272528813898
Fra_193,93,41.87323584820881
Fra_193,94,28.714853860676875
Fra_193,95,28.316499124112052
Fra_193,96,28.046391965082712
Fra_194,1,74.16085349964833
Fra_194,2,20.129523980198503
Fra_194,3,20.129828493916577
Fra_194,4,24.546023151994724
Fra_194,5,14.594706029819994
Fra_194,6,14.594706029819994
Fra_194,7,13.64173792613916
Fra_194,8,16.09090737005034
Fra_194,9,11.334334601939466
Fra_194,10,11.334334601939466
Fra_194,11,11.334334601939469
Fra_194,12,11.334334601939469
Fra_194,13,11.334334601939469
Fra_194,14,14.594706029819994
Fra_194,15,20.511903300136137
Fra_194,16,42.35355086304952
Fra_194,17,24.449597138449757
Fra_194,18,25.700226994551294
Fra_194,19,28.178975596792938
Fra_194,20,46.673485047380886
Fra_194,21,31.90064606306677
Fra_194,22,40.05890439701744
Fra_194,23,67.21671654292622
Fra_194,24,57.282554616877356
Fra_194,25,58.77685830128336
Fra_194,26,68.76908010508696
Fra_194,27,37.64673327176003
Fra_194,28,57.638815015024576
Fra_194,29,425.52208925839545
Fra_194,30,39.224805274257044
Fra_194,31,39.224805274257044
Fra_194,32,34.78146021743348
Fra_194,33,41.695649838633116
Fra_194,34,36.89320559160926
Fra_194,35,36.89320559160926
Fra_194,36,31.16748873756427
Fra_194,37,53.6150883418419
Fra_194,38,53.61508834184191
Fra_194,39,46.0442602802053
Fra_194,40,102.81600970417897
Fra_194,41,21.38270559074135
Fra_194,42,36.89320559160926
Fra_194,43,36.89320559160926
Fra_194,44,36.89320559160926
Fra_194,45,87.55022753512566
Fra_194,46,43.38399814493496
Fra_194,47,36.89320559160926
Fra_194,48,36.89320559160926
Fra_194,49,20.447047479604635
Fra_194,50,21.38270559074135
Fra_194,51,24.631592378842146
Fra_194,52,21.38270559074135
Fra_194,53,23.002475892169016
Fra_194,54,23.002475892169016
Fra_194,55,24.631592378842146
Fra_194,56,23.556716269549742
Fra_194,57,20.59253605013432
Fra_194,58,20.548420616668526
Fra_194,59,21.212150707772512
Fra_194,60,23.002475892169016
Fra_194,61,22.159794090337623
Fra_194,62,22.86598922102698
Fra_194,63,21.188858463280763
Fra_194,64,22.915012711464275
Fra_194,65,33.36353304146248
Fra_194,66,57.45367042953107
Fra_194,67,35.042597607389254
Fra_194,68,24.631592378842146
Fra_194,69,35.042597607389254
Fra_194,70,29.120636290967987
Fra_194,71,23.002475892169016
Fra_194,72,21.212150707772512
Fra_194,73,20.06270138990735
Fra_194,74,21.212150707772512
Fra_194,75,26.634860191939595
Fra_194,76,27.172585946480552
Fra_194,77,28.41627073415497
Fra_194,78,29.701689448758238
Fra_194,79,31.339727419023454
Fra_194,80,57.45367042953107
Fra_194,81,28.190091797311513
Fra_194,82,29.81814474076847
Fra_194,83,40.95697267014033
Fra_194,84,73.06483661329106
Fra_194,85,321.00347554426475
Fra_194,86,59.76623935996441
Fra_194,87,86.8736664970845
Fra_194,88,88.81159748294877
Fra_194,89,68.41103648798224
Fra_194,90,45.02460166958605
Fra_194,91,37.06721041826306
Fra_194,92,28.75279635272427
Fra_194,93,41.229298019178934
Fra_194,94,28.51623317355638
Fra_194,95,28.178975596792938
Fra_194,96,27.92213649824392
Fra_195,1,73.30321918879136
Fra_195,2,17.88768020058484
Fra_195,3,17.88961464351315
Fra_195,4,24.301072656248262
Fra_195,5,13.365080615557089
Fra_195,6,13.365080615557089
Fra_195,7,12.65085851098982
Fra_195,8,15.950367441833464
Fra_195,9,11.258733784745996
Fra_195,10,11.258733784745996
Fra_195,11,11.258733784746
Fra_195,12,11.258733784746
Fra_195,13,11.258733784746
Fra_195,14,13.365080615557087
Fra_195,15,20.31676935972466
Fra_195,16,41.888698697998834
Fra_195,17,24.205837388644394
Fra_195,18,25.4410234617851
Fra_195,19,27.889162483389672
Fra_195,20,43.06966675756402
Fra_195,21,30.460303096389822
Fra_195,22,36.355048456063216
Fra_195,23,58.86737320151103
Fra_195,24,48.806590794779154
Fra_195,25,51.64026906906649
Fra_195,26,61.53294666576507
Fra_195,27,34.61213545119105
Fra_195,28,51.577933912072325
Fra_195,29,380.65745905009715
Fra_195,30,35.088852271924445
Fra_195,31,35.088852271924445
Fra_195,32,31.248979078951137
Fra_195,33,37.30658176578616
Fra_195,34,33.07391825180029
Fra_195,35,33.07391825180029
Fra_195,36,27.55110114801775
Fra_195,37,48.12038714881429
Fra_195,38,48.120387148814295
Fra_195,39,41.20765617613858
Fra_195,40,91.98483758125272
Fra_195,41,18.349112289200868
Fra_195,42,33.07391825180029
Fra_195,43,33.07391825180029
Fra_195,44,33.07391825180029
Fra_195,45,78.33097983767499
Fra_195,46,38.8219744735191
Fra_195,47,33.07391825180029
Fra_195,48,33.07391825180029
Fra_195,49,17.546197257111423
Fra_195,50,18.349112289200868
Fra_195,51,21.137075123781322
Fra_195,52,18.349112289200868
Fra_195,53,19.739083591825835
Fra_195,54,19.739083591825835
Fra_195,55,21.137075123781322
Fra_195,56,20.214693138831503
Fra_195,57,17.765879001721128
Fra_195,58,17.804172493516138
Fra_195,59,18.222428361041786
Fra_195,60,19.739083591825835
Fra_195,61,18.972089138748053
Fra_195,62,19.63236524877963
Fra_195,63,18.204010271909848
Fra_195,64,19.682706899713843
Fra_195,65,28.6839044723108
Fra_195,66,48.923627698773906
Fra_195,67,30.026848268725132
Fra_195,68,21.137075123781322
Fra_195,69,30.026848268725132
Fra_195,70,27.07886045534797
Fra_195,71,19.739083591825835
Fra_195,72,18.222428361041786
Fra_195,73,17.463185409160566
Fra_195,74,18.222428361041786
Fra_195,75,26.00143061997871
Fra_195,76,26.234501398724763
Fra_195,77,27.948203831726932
Fra_195,78,28.658168817001425
Fra_195,79,29.49295044371602
Fra_195,80,48.923627698773906
Fra_195,81,27.786271066886822
Fra_195,82,28.962696353293413
Fra_195,83,37.00500989735324
Fra_195,84,62.41538083626593
Fra_195,85,287.1337390277483
Fra_195,86,52.61336065031106
Fra_195,87,77.72585734437834
Fra_195,88,79.45916086625762
Fra_195,89,59.68973765586148
Fra_195,90,39.94492551833267
Fra_195,91,34.19340151171041
Fra_195,92,28.18582590856033
Fra_195,93,39.5944745336148
Fra_195,94,28.063523530551535
Fra_195,95,27.889162483389672
Fra_195,96,27.660284112663632
Fra_196,1,74.30523795604785
Fra_196,2,20.450414882096755
Fra_196,3,20.450490010910954
Fra_196,4,24.5872610592536
Fra_196,5,14.77119664174666
Fra_196,6,14.77119664174666
Fra_196,7,13.784289636267689
Fra_196,8,16.11456754884816
Fra_196,9,11.346943575446621
Fra_196,10,11.346943575446621
Fra_196,11,11.346943575446625
Fra_196,12,11.346943575446625
Fra_196,13,11.346943575446625
Fra_196,14,14.77119664174666
Fra_196,15,20.54475449038674
Fra_196,16,42.431809657395
Fra_196,17,24.490634581241157
Fra_196,18,25.743864429179915
Fra_196,19,28.22776621571579
Fra_196,20,47.19516963059554
Fra_196,21,32.11269379118883
Fra_196,22,40.59242315984626
Fra_196,23,68.38853720398413
Fra_196,24,58.49220169902307
Fra_196,25,59.505701124435625
Fra_196,26,69.25830047884114
Fra_196,27,38.085201949658426
Fra_196,28,58.0481069838607
Fra_196,29,428.56103767658385
Fra_196,30,39.50819124076401
Fra_196,31,39.50819124076401
Fra_196,32,35.01062380161536
Fra_196,33,41.99424312912929
Fra_196,34,37.14813891988877
Fra_196,35,37.148138919888765
Fra_196,36,31.52188684839929
Fra_196,37,53.969605703456644
Fra_196,38,53.96960570345665
Fra_196,39,46.370289697952984
Fra_196,40,103.5497271095126
Fra_196,41,21.808466894670367
Fra_196,42,37.14813891988877
Fra_196,43,37.148138919888765
Fra_196,44,37.148138919888765
Fra_196,45,88.17431865494626
Fra_196,46,43.69298272433321
Fra_196,47,37.148138919888765
Fra_196,48,37.148138919888765
Fra_196,49,20.854178446238926
Fra_196,50,21.808466894670367
Fra_196,51,25.122043825435735
Fra_196,52,21.808466894670367
Fra_196,53,23.46048921924238
Fra_196,54,23.46048921924238
Fra_196,55,25.122043825435735
Fra_196,56,24.02576534253292
Fra_196,57,20.989503091333837
Fra_196,58,20.938623362582476
Fra_196,59,21.631754774040527
Fra_196,60,23.46048921924238
Fra_196,61,22.60904463384183
Fra_196,62,23.31858295585904
Fra_196,63,21.60524334934265
Fra_196,64,23.366434172905336
Fra_196,65,34.01390515595179
Fra_196,66,58.67261899931799
Fra_196,67,35.74909114912444
Fra_196,68,25.122043825435735
Fra_196,69,35.74909114912444
Fra_196,70,29.40719716307398
Fra_196,71,23.46048921924238
Fra_196,72,21.631754774040527
Fra_196,73,20.433928590437418
Fra_196,74,21.631754774040527
Fra_196,75,26.723761298217855
Fra_196,76,27.30424502551575
Fra_196,77,28.4889288731687
Fra_196,78,29.85640989612477
Fra_196,79,31.60763211827537
Fra_196,80,58.67261899931799
Fra_196,81,28.253261928642132
Fra_196,82,29.945466790746714
Fra_196,83,41.52548041568032
Fra_196,84,74.54938086542381
Fra_196,85,323.3040357854695
Fra_196,86,60.473452263745614
Fra_196,87,87.49289911226369
Fra_196,88,89.44474672376876
Fra_196,89,69.64717373345272
Fra_196,90,45.75307186792682
Fra_196,91,37.48284336288067
Fra_196,92,28.840805044318895
Fra_196,93,41.46894447418069
Fra_196,94,28.5880738338343
Fra_196,95,28.22776621571579
Fra_196,96,27.96621987255663
Fra_197,1,74.33245337628264
Fra_197,2,20.487380041531445
Fra_197,3,20.487430663829194
Fra_197,4,24.595034104937604
Fra_197,5,14.79176522339531
Fra_197,6,14.79176522339531
Fra_197,7,13.801063370259339
Fra_197,8,16.119027320522136
Fra_197,9,11.349267968117509
Fra_197,10,11.349267968117509
Fra_197,11,11.349267968117513
Fra_197,12,11.349267968117513
Fra_197,13,11.349267968117513
Fra_197,14,14.79176522339531
Fra_197,15,20.550946700893178
Fra_197,16,42.446560871121825
Fra_197,17,24.498369840830588
Fra_197,18,25.752089768326535
Fra_197,19,28.236962892633883
Fra_197,20,47.25812557790486
Fra_197,21,32.13999891344237
Fra_197,22,40.65552627748635
Fra_197,23,68.51213289590791
Fra_197,24,58.62979679460399
Fra_197,25,59.46127674154499
Fra_197,26,69.07499331976513
Fra_197,27,38.13772059114211
Fra_197,28,57.894297546727756
Fra_197,29,427.4277130284435
Fra_197,30,39.405467469236356
Fra_197,31,39.405467469236356
Fra_197,32,34.91528324144629
Fra_197,33,41.884055527156654
Fra_197,34,37.04928941269136
Fra_197,35,37.04928941269136
Fra_197,36,31.490613111314133
Fra_197,37,53.820561851939345
Fra_197,38,53.82056185193936
Fra_197,39,46.24720845541863
Fra_197,40,103.27618788011279
Fra_197,41,21.85337330799984
Fra_197,42,37.04928941269136
Fra_197,43,37.04928941269136
Fra_197,44,37.04928941269136
Fra_197,45,87.9412372038673
Fra_197,46,43.57769502595144
Fra_197,47,37.04928941269136
Fra_197,48,37.04928941269136
Fra_197,49,20.897119858006953
Fra_197,50,21.85337330799984
Fra_197,51,25.173773316057645
Fra_197,52,21.85337330799984
Fra_197,53,23.50879735712659
Fra_197,54,23.50879735712659
Fra_197,55,25.173773316057645
Fra_197,56,24.075237456012495
Fra_197,57,21.031496758480063
Fra_197,58,20.98230012813153
Fra_197,59,21.676011763721533
Fra_197,60,23.50879735712659
Fra_197,61,22.657344710018013
Fra_197,62,23.36568796160072
Fra_197,63,21.647871427830008
Fra_197,64,23.412913400173085
Fra_197,65,34.07924265796877
Fra_197,66,58.81204940750129
Fra_197,67,35.824874487691844
Fra_197,68,25.173773316057645
Fra_197,69,35.824874487691844
Fra_197,70,29.43742165940113
Fra_197,71,23.50879735712659
Fra_197,72,21.676011763721533
Fra_197,73,20.47627146788944
Fra_197,74,21.676011763721533
Fra_197,75,26.733137983668453
Fra_197,76,27.31813153179796
Fra_197,77,28.50005808752271
Fra_197,78,29.87684586453403
Fra_197,79,31.640224858923787
Fra_197,80,58.81204940750129
Fra_197,81,28.263154696537125
Fra_197,82,29.962502692726357
Fra_197,83,41.59235496523281
Fra_197,84,74.70284454075335
Fra_197,85,322.4522503825299
Fra_197,86,60.41603311626399
Fra_197,87,87.26161070108236
Fra_197,88,89.2083223568035
Fra_197,89,69.78421780943562
Fra_197,90,45.837659201440715
Fra_197,91,37.532819089493714
Fra_197,92,28.854297572658922
Fra_197,93,41.49928171132928
Fra_197,94,28.599795355707414
Fra_197,95,28.236962892633883
Fra_197,96,27.97452926809134
Fra_198,1,74.58553121413256
Fra_198,2,21.02024071659471
Fra_198,3,21.01991284312097
Fra_198,4,24.66731612660933
Fra_198,5,15.085138709843044
Fra_198,6,15.085138709843044
Fra_198,7,14.03822346792292
Fra_198,8,16.160499006897613
Fra_198,9,11.371305987886059
Fra_198,10,11.371305987886059
Fra_198,11,11.371305987886062
Fra_198,12,11.371305987886062
Fra_198,13,11.371305987886062
Fra_198,14,15.085138709843044
Fra_198,15,20.60852844069219
Fra_198,16,42.583733299232044
Fra_198,17,24.570300487324822
Fra_198,18,25.828577694246825
Fra_198,19,28.32248334720544
Fra_198,20,48.12801693903148
Fra_198,21,32.49574024305094
Fra_198,22,41.54353875030124
Fra_198,23,70.44368224083664
Fra_198,24,60.63629307776027
Fra_198,25,60.49984942013119
Fra_198,26,69.56675026841829
Fra_198,27,38.868355223014284
Fra_198,28,58.305118196814384
Fra_198,29,430.48955087417136
Fra_198,30,39.69497624604937
Fra_198,31,39.69497624604937
Fra_198,32,35.13334612109136
Fra_198,33,42.186485843523805
Fra_198,34,37.301307688759344
Fra_198,35,37.30130768875934
Fra_198,36,31.983053583367056
Fra_198,37,54.15558075098847
Fra_198,38,54.155580750988484
Fra_198,39,46.57371661733269
Fra_198,40,104.0155249570925
Fra_198,41,22.555169235507773
Fra_198,42,37.301307688759344
Fra_198,43,37.301307688759344
Fra_198,44,37.301307688759344
Fra_198,45,88.56956561272558
Fra_198,46,43.88895473601481
Fra_198,47,37.30130768875934
Fra_198,48,37.30130768875934
Fra_198,49,21.568206806749362
Fra_198,50,22.555169235507773
Fra_198,51,25.982200067581168
Fra_198,52,22.555169235507773
Fra_198,53,24.263755322348423
Fra_198,54,24.263755322348423
Fra_198,55,25.982200067581168
Fra_198,56,24.84838599295855
Fra_198,57,21.68598657795885
Fra_198,58,21.62865601077085
Fra_198,59,22.367658520143898
Fra_198,60,24.263755322348423
Fra_198,61,23.399022899486205
Fra_198,62,24.110928938331448
Fra_198,63,22.332611798904797
Fra_198,64,24.15559893368802
Fra_198,65,35.14722692081928
Fra_198,66,60.8349526404435
Fra_198,67,36.99100497229978
Fra_198,68,25.982200067581168
Fra_198,69,36.99100497229978
Fra_198,70,29.9097690784156
Fra_198,71,24.263755322348423
Fra_198,72,22.367658520143898
Fra_198,73,21.092189379338706
Fra_198,74,22.367658520143898
Fra_198,75,26.879676510681783
Fra_198,76,27.535149388126566
Fra_198,77,28.62419420494198
Fra_198,78,30.137064327183154
Fra_198,79,32.087288441415666
Fra_198,80,60.8349526404435
Fra_198,81,28.371355332169635
Fra_198,82,30.176926535250743
Fra_198,83,42.538145248882614
Fra_198,84,77.1446293021011
Fra_198,85,324.77818811419445
Fra_198,86,61.40463333808592
Fra_198,87,87.88501933977071
Fra_198,88,89.84582310916608
Fra_198,89,71.82974807066752
Fra_198,90,47.04818097535065
Fra_198,91,38.225643777243214
Fra_198,92,29.00466301253953
Fra_198,93,41.90069570115477
Fra_198,94,28.723427820666426
Fra_198,95,28.32248334720544
Fra_198,96,28.05179883944546
Fra_199,1,73.85613784987312
Fra_199,2,19.444005456107515
Fra_199,3,19.444800680602185
Fra_199,4,24.45899276091865
Fra_199,5,14.217753351411734
Fra_199,6,14.217753351411734
Fra_199,7,13.337329322937347
Fra_199,8,16.040973831939937
Fra_199,9,11.307706538313415
Fra_199,10,11.307706538313415
Fra_199,11,11.307706538313418
Fra_199,12,11.307706538313418
Fra_199,13,11.307706538313418
Fra_199,14,14.217753351411734
Fra_199,15,20.442572625403375
Fra_199,16,42.18838987575029
Fra_199,17,24.362989816878446
Fra_199,18,25.608132529683214
Fra_199,19,28.076005612912738
Fra_199,20,45.56002022498186
Fra_199,21,31.448664089649156
Fra_199,22,38.91972934278871
Fra_199,23,64.70934054352522
Fra_199,24,54.69777077199606
Fra_199,25,57.17107874818883
Fra_199,26,67.63292432694718
Fra_199,27,36.710742186358445
Fra_199,28,56.68811545104055
Fra_199,29,418.46651924003766
Fra_199,30,38.56799806079332
Fra_199,31,38.56799806079332
Fra_199,32,34.24578847107174
Fra_199,33,41.002853907094476
Fra_199,34,36.299962970370636
Fra_199,35,36.299962970370636
Fra_199,36,30.383137063128373
Fra_199,37,52.78572628956185
Fra_199,38,52.785726289561865
Fra_199,39,45.28675308033318
Fra_199,40,101.11255255307255
Fra_199,41,20.471692745156655
Fra_199,42,36.299962970370636
Fra_199,43,36.299962970370636
Fra_199,44,36.299962970370636
Fra_199,45,86.10113397233366
Fra_199,46,42.6666108278904
Fra_199,47,36.299962970370636
Fra_199,48,36.299962970370636
Fra_199,49,19.57589846484826
Fra_199,50,20.471692745156655
Fra_199,51,23.58216030537958
Fra_199,52,20.471692745156655
Fra_199,53,22.022452530340946
Fra_199,54,22.022452530340946
Fra_199,55,23.58216030537958
Fra_199,56,22.553079427136026
Fra_199,57,19.74317889007495
Fra_199,58,19.71438244604942
Fra_199,59,20.314312668236955
Fra_199,60,22.022452530340946
Fra_199,61,21.198847672150137
Fra_199,62,21.897343339603463
Fra_199,63,20.29746152010241
Fra_199,64,21.94870106753765
Fra_199,65,31.970784317105178
Fra_199,66,54.84928523233265
Fra_199,67,33.531341416684775
Fra_199,68,23.58216030537958
Fra_199,69,33.531341416684775
Fra_199,70,28.507474331152977
Fra_199,71,22.022452530340946
Fra_199,72,20.314312668236955
Fra_199,73,19.269501131859705
Fra_199,74,20.314312668236955
Fra_199,75,26.444636117889676
Fra_199,76,26.890871494903916
Fra_199,77,28.262027945771237
Fra_199,78,29.37208435952112
Fra_199,79,30.768017686055206
Fra_199,80,54.84928523233265
Fra_199,81,28.056067799724286
Fra_199,82,29.546987900962574
Fra_199,83,39.74296014858031
Fra_199,84,69.88676865725586
Fra_199,85,315.6645055762113
Fra_199,86,58.20267705847433
Fra_199,87,85.43584602147823
Fra_199,88,87.34148655055414
Fra_199,89,65.76824713161199
Fra_199,90,43.46861048994151
Fra_199,91,36.180034175293926
Fra_199,92,28.5659666277196
Fra_199,93,40.71831473040626
Fra_199,94,28.36397544121587
Fra_199,95,28.076005612912738
Fra_199,96,27.82910090159486
Fra_200,1,73.96238282534944
Fra_200,2,19.68302468217724
Fra_200,3,19.683648810916033
Fra_200,4,24.489337581647067
Fra_200,5,14.349185157105861
Fra_200,6,14.349185157105861
Fra_200,7,13.443467240716803
Fra_200,8,16.058384120961517
Fra_200,9,11.31699092514756
Fra_200,10,11.31699092514756
Fra_200,11,11.316990925147564
Fra_200,12,11.316990925147564
Fra_200,13,11.316990925147564
Fra_200,14,14.349185157105861
Fra_200,15,20.46674609940175
Fra_200,16,42.24597643245716
Fra_200,17,24.393187126282154
Fra_200,18,25.64024303719614
Fra_200,19,28.111908079426087
Fra_200,20,45.94825116368419
Fra_200,21,31.606256302969722
Fra_200,22,39.316924648605934
Fra_200,23,65.5835854395874
Fra_200,24,55.59900540308103
Fra_200,25,57.73096469223128
Fra_200,26,68.0290669040508
Fra_200,27,37.03709349121561
Fra_200,28,57.01959515001682
Fra_200,29,420.9265795097513
Fra_200,30,38.797006535870366
Fra_200,31,38.797006535870366
Fra_200,32,34.43256073431963
Fra_200,33,41.24441054132289
Fra_200,34,36.506808427082525
Fra_200,35,36.506808427082525
Fra_200,36,30.656616369086983
Fra_200,37,53.07489932997017
Fra_200,38,53.07489932997019
Fra_200,39,45.550872543619455
Fra_200,40,101.7064956714447
Fra_200,41,20.789334906001205
Fra_200,42,36.506808427082525
Fra_200,43,36.506808427082525
Fra_200,44,36.506808427082525
Fra_200,45,86.60638833047156
Fra_200,46,42.91674172193098
Fra_200,47,36.506808427082525
Fra_200,48,36.506808427082525
Fra_200,49,19.879641333904317
Fra_200,50,20.789334906001205
Fra_200,51,23.94806499386977
Fra_200,52,20.789334906001205
Fra_200,53,22.36415653576517
Fra_200,54,22.36415653576517
Fra_200,55,23.94806499386977
Fra_200,56,22.903016727002406
Fra_200,57,20.039323609611692
Fra_200,58,20.00518590510741
Fra_200,59,20.62736117940638
Fra_200,60,22.36415653576517
Fra_200,61,21.5339001340427
Fra_200,62,22.235080367527654
Fra_200,63,20.608264219069476
Fra_200,64,22.285624218636684
Fra_200,65,32.45639296297931
Fra_200,66,55.75735425212647
Fra_200,67,34.058269971349645
Fra_200,68,23.94806499386977
Fra_200,69,34.058269971349645
Fra_200,70,28.72126504860254
Fra_200,71,22.36415653576517
Fra_200,72,20.62736117940638
Fra_200,73,19.546065666783477
Fra_200,74,20.62736117940638
Fra_200,75,26.510961402125478
Fra_200,76,26.989096659975555
Fra_200,77,28.315807662308
Fra_200,78,29.48700751705733
Fra_200,79,30.967355286876128
Fra_200,80,55.75735425212647
Fra_200,81,28.102797845743897
Fra_200,82,29.641531951511542
Fra_200,83,40.16624897761233
Fra_200,84,70.9948632113101
Fra_200,85,317.52604020281535
Fra_200,86,58.74784314528365
Fra_200,87,85.93716980082087
Fra_200,88,87.85406901907842
Fra_200,89,66.68970650058023
Fra_200,90,44.011136759414846
Fra_200,91,36.48936524590666
Fra_200,92,28.631108406837313
Fra_200,93,40.89647888779202
Fra_200,94,28.417063029761227
Fra_200,95,28.111908079426087
Fra_200,96,27.86153955281509
Fra_201,1,73.37890218715782
Fra_201,2,18.107457197967435
Fra_201,3,18.109230331349714
Fra_201,4,24.322688615095476
Fra_201,5,13.485437239090341
Fra_201,6,13.485437239090341
Fra_201,7,12.747718874955149
Fra_201,8,15.962769561271797
Fra_201,9,11.265451641171964
Fra_201,10,11.265451641171964
Fra_201,11,11.265451641171968
Fra_201,12,11.265451641171968
Fra_201,13,11.265451641171968
Fra_201,14,13.485437239090341
Fra_201,15,20.333989195156203
Fra_201,16,41.92972015108531
Fra_201,17,24.22734826864626
Fra_201,18,25.463897197477092
Fra_201,19,27.914737399307345
Fra_201,20,43.42069486356377
Fra_201,21,30.59922276733397
Fra_201,22,36.716848237351975
Fra_201,23,59.694929627168
Fra_201,24,49.63891239183077
Fra_201,25,52.45210436874231
Fra_201,26,62.451864926832805
Fra_201,27,34.908035754360796
Fra_201,28,52.34778874330018
Fra_201,29,386.3526262894469
Fra_201,30,35.61263866537646
Fra_201,31,35.61263866537646
Fra_201,32,31.7013209514792
Fra_201,33,37.863241449779686
Fra_201,34,33.56021486667718
Fra_201,35,33.56021486667718
Fra_201,36,27.968261866826406
Fra_201,37,48.82470874927579
Fra_201,38,48.8247087492758
Fra_201,39,41.82222952195226
Fra_201,40,93.35973349069552
Fra_201,41,18.649790980549813
Fra_201,42,33.56021486667718
Fra_201,43,33.56021486667718
Fra_201,44,33.56021486667718
Fra_201,45,79.50142690147985
Fra_201,46,39.40109674589578
Fra_201,47,33.56021486667718
Fra_201,48,33.56021486667718
Fra_201,49,17.83371893915616
Fra_201,50,18.649790980549813
Fra_201,51,21.483438914410225
Fra_201,52,18.649790980549813
Fra_201,53,20.06253912086038
Fra_201,54,20.06253912086038
Fra_201,55,21.483438914410225
Fra_201,56,20.545942268664426
Fra_201,57,18.04595027159044
Fra_201,58,18.07421179342124
Fra_201,59,18.518758723538042
Fra_201,60,20.06253912086038
Fra_201,61,19.28732225553528
Fra_201,62,19.953353578439124
Fra_201,63,18.500844352700774
Fra_201,64,20.00394888889906
Fra_201,65,29.150226712835824
Fra_201,66,49.76064500984
Fra_201,67,30.523005478999963
Fra_201,68,21.483438914410225
Fra_201,69,30.523005478999963
Fra_201,70,27.28123382094394
Fra_201,71,20.06253912086038
Fra_201,72,18.518758723538042
Fra_201,73,17.71836022629398
Fra_201,74,18.518758723538042
Fra_201,75,26.064213846280733
Fra_201,76,26.327480913826754
Fra_201,77,27.991894325461153
Fra_201,78,28.758391911472778
Fra_201,79,29.672615963949294
Fra_201,80,49.76064500984
Fra_201,81,27.823776661672905
Fra_201,82,29.044668755331262
Fra_201,83,37.391336405352476
Fra_201,84,63.47465320759462
Fra_201,85,291.4307371282013
Fra_201,86,53.43597880091857
Fra_201,87,78.88724348213962
Fra_201,88,80.64650098060511
Fra_201,89,60.5494008139371
Fra_201,90,40.44237139481209
Fra_201,91,34.473469499666855
Fra_201,92,28.238747678718507
Fra_201,93,39.75255603313148
Fra_201,94,28.10517129447605
Fra_201,95,27.914737399307345
Fra_201,96,27.683391599641762
Fra_202,1,9.333017094725129
Fra_202,2,9.333017094725129
Fra_202,3,9.333017094725129
Fra_202,4,9.333017094725129
Fra_202,5,9.333017094725129
Fra_202,6,9.333017094725129
Fra_202,7,9.333017094725129
Fra_202,8,9.333017094725129
Fra_202,9,9.333017094725129
Fra_202,10,9.333017094725129
Fra_202,11,9.333017094725129
Fra_202,12,9.333017094725129
Fra_202,13,9.333017094725129
Fra_202,14,9.333017094725129
Fra_202,15,9.333017094725129
Fra_202,16,9.333017094725129
Fra_202,17,9.333017094725129
Fra_202,18,9.333017094725129
Fra_202,19,9.333017094725129
Fra_202,20,9.333017094725129
Fra_202,21,9.333017094725129
Fra_202,22,9.333017094725129
Fra_202,23,9.333017094725129
Fra_202,24,9.333017094725129
Fra_202,25,9.333017094725129
Fra_202,26,9.333017094725129
Fra_202,27,9.333017094725129
Fra_202,28,9.333017094725129
Fra_202,29,9.333017094725129
Fra_202,30,9.333017094725129
Fra_202,31,9.333017094725129
Fra_202,32,33.59205634104583
Fra_202,33,40.886929141912475
Fra_202,34,35.93706873131419
Fra_202,35,35.93706873131419
Fra_202,36,33.8374858040766
Fra_202,37,9.333017094725129
Fra_202,38,9.333017094725129
Fra_202,39,9.333017094725129
Fra_202,40,35.963529824970436
Fra_202,41,27.791919105863062
Fra_202,42,9.333017094725129
Fra_202,43,9.333017094725129
Fra_202,44,9.333017094725129
Fra_202,45,9.333017094725129
Fra_202,46,9.333017094725129
Fra_202,47,9.333017094725129
Fra_202,48,9.333017094725129
Fra_202,49,9.333017094725129
Fra_202,50,9.333017094725129
Fra_202,51,9.333017094725129
Fra_202,52,9.333017094725129
Fra_202,53,9.333017094725129
Fra_202,54,9.333017094725129
Fra_202,55,9.333017094725129
Fra_202,56,9.333017094725129
Fra_202,57,9.333017094725129
Fra_202,58,9.333017094725129
Fra_202,59,9.333017094725129
Fra_202,60,9.333017094725129
Fra_202,61,9.333017094725129
Fra_202,62,9.333017094725129
Fra_202,63,9.333017094725129
Fra_202,64,9.333017094725129
Fra_202,65,9.333017094725129
Fra_202,66,9.333017094725129
Fra_202,67,9.333017094725129
Fra_202,68,9.333017094725129
Fra_202,69,9.333017094725129
Fra_202,70,9.333017094725129
Fra_202,71,9.333017094725129
Fra_202,72,9.333017094725129
Fra_202,73,9.333017094725129
Fra_202,74,9.333017094725129
Fra_202,75,9.333017094725129
Fra_202,76,9.333017094725129
Fra_202,77,9.333017094725129
Fra_202,78,9.333017094725129
Fra_202,79,9.333017094725129
Fra_202,80,9.333017094725129
Fra_202,81,9.333017094725129
Fra_202,82,9.333017094725129
Fra_202,83,9.333017094725129
Fra_202,84,9.333017094725129
Fra_202,85,9.333017094725129
Fra_202,86,9.333017094725129
Fra_202,87,9.333017094725129
Fra_202,88,9.333017094725129
Fra_202,89,9.333017094725129
Fra_202,90,9.333017094725129
Fra_202,91,9.333017094725129
Fra_202,92,9.333017094725129
Fra_202,93,9.333017094725129
Fra_202,94,9.333017094725129
Fra_202,95,9.333017094725129
Fra_202,96,9.333017094725129
Fra_203,1,74.35741909142031
Fra_203,2,20.549612016392974
Fra_203,3,20.549617602920435
Fra_203,4,24.602164608256118
Fra_203,5,14.825924758081376
Fra_203,6,14.825924758081376
Fra_203,7,13.828608048589658
Fra_203,8,16.123118434612273
Fra_203,9,11.351463620817249
Fra_203,10,11.351463620817249
Fra_203,11,11.351463620817253
Fra_203,12,11.351463620817253
Fra_203,13,11.351463620817253
Fra_203,14,14.825924758081376
Fra_203,15,20.556627045427362
Fra_203,16,42.46009270699508
Fra_203,17,24.50546568156204
Fra_203,18,25.759635177226105
Fra_203,19,28.24539934572443
Fra_203,20,47.35847807056172
Fra_203,21,32.18029684484551
Fra_203,22,40.75852263366126
Fra_203,23,68.74265764827533
Fra_203,24,58.86489183973845
Fra_203,25,59.63792737717707
Fra_203,26,69.23576220377615
Fra_203,27,38.22217875893872
Fra_203,28,58.028925551042434
Fra_203,29,428.4249074243994
Fra_203,30,39.497647490224324
Fra_203,31,39.497647490224324
Fra_203,32,34.99325440351757
Fra_203,33,41.981718135885814
Fra_203,34,37.13401348089662
Fra_203,35,37.13401348089661
Fra_203,36,31.57922483662659
Fra_203,37,53.941572789832236
Fra_203,38,53.94157278983225
Fra_203,39,46.35460513523177
Fra_203,40,103.51692042028817
Fra_203,41,21.937130594773784
Fra_203,42,37.13401348089662
Fra_203,43,37.13401348089662
Fra_203,44,37.13401348089662
Fra_203,45,88.1461160629378
Fra_203,46,43.67910393174049
Fra_203,47,37.13401348089661
Fra_203,48,37.13401348089661
Fra_203,49,20.97721211818245
Fra_203,50,21.937130594773784
Fra_203,51,25.27025667911096
Fra_203,52,21.937130594773784
Fra_203,53,23.598899377267827
Fra_203,54,23.598899377267827
Fra_203,55,25.27025667911096
Fra_203,56,24.167510467567006
Fra_203,57,21.109553888866223
Fra_203,58,21.058339167889848
Fra_203,59,21.75855777667668
Fra_203,60,23.598899377267827
Fra_203,61,22.74546178697244
Fra_203,62,23.4549066019448
Fra_203,63,21.73015734326942
Fra_203,64,23.502046762619432
Fra_203,65,34.208129555679584
Fra_203,66,59.048729251605664
Fra_203,67,35.9634949597512
Fra_203,68,25.27025667911096
Fra_203,69,35.9634949597512
Fra_203,70,29.493794939268703
Fra_203,71,23.598899377267827
Fra_203,72,21.75855777667668
Fra_203,73,20.548386106971087
Fra_203,74,21.75855777667668
Fra_203,75,26.750626927319168
Fra_203,76,27.344031976806424
Fra_203,77,28.513359099377375
Fra_203,78,29.90610314321284
Fra_203,79,31.691686043864053
Fra_203,80,59.048729251605664
Fra_203,81,28.27465688296564
Fra_203,82,29.986517791967135
Fra_203,83,41.70221159429209
Fra_203,84,74.9955861129037
Fra_203,85,323.2054246524956
Fra_203,86,60.59137613721063
Fra_203,87,87.46490056828613
Fra_203,88,89.41616370776363
Fra_203,89,70.02542046268306
Fra_203,90,45.97874327311262
Fra_203,91,37.61282346721086
Fra_203,92,28.870403426515868
Fra_203,93,41.54497844010976
Fra_203,94,28.612739424618695
Fra_203,95,28.24539934572443
Fra_203,96,27.982151785035636
Fra_204,1,73.82612286470567
Fra_204,2,19.36376467556463
Fra_204,3,19.364618362526052
Fra_204,4,24.450420126401212
Fra_204,5,14.173757520631607
Fra_204,6,14.173757520631607
Fra_204,7,13.30188615681606
Fra_204,8,16.036055297539594
Fra_204,9,11.305057125050011
Fra_204,10,11.305057125050011
Fra_204,11,11.305057125050014
Fra_204,12,11.305057125050014
Fra_204,13,11.305057125050014
Fra_204,14,14.173757520631607
Fra_204,15,20.43574344162076
Fra_204,16,42.172121250926836
Fra_204,17,24.354458855392632
Fra_204,18,25.599061075693044
Fra_204,19,28.065862902680628
Fra_204,20,45.4312154753556
Fra_204,21,31.397296286378136
Fra_204,22,38.7872656772479
Fra_204,23,64.4097643193218
Fra_204,24,54.394283622081616
Fra_204,25,56.90563247112736
Fra_204,26,67.3552264934139
Fra_204,27,36.60225632212492
Fra_204,28,56.4555042687017
Fra_204,29,416.7449654203328
Fra_204,30,38.40940500648311
Fra_204,31,38.40940500648311
Fra_204,32,34.109920266066624
Fra_204,33,40.83448181700129
Fra_204,34,36.15329454733492
Fra_204,35,36.15329454733492
Fra_204,36,30.24814015145884
Fra_204,37,52.57430213543058
Fra_204,38,52.57430213543059
Fra_204,39,45.10110930091361
Fra_204,40,100.69693688679635
Fra_204,41,20.362846768906472
Fra_204,42,36.15329454733492
Fra_204,43,36.15329454733492
Fra_204,44,36.15329454733492
Fra_204,45,85.74735717425125
Fra_204,46,42.49155664263855
Fra_204,47,36.15329454733492
Fra_204,48,36.15329454733492
Fra_204,49,19.471815338655144
Fra_204,50,20.362846768906472
Fra_204,51,23.456776279130235
Fra_204,52,20.362846768906472
Fra_204,53,21.90536131688204
Fra_204,54,21.90536131688204
Fra_204,55,23.456776279130235
Fra_204,56,22.43316692267177
Fra_204,57,19.641765680551337
Fra_204,58,19.616077459614875
Fra_204,59,20.207040791225083
Fra_204,60,21.90536131688204
Fra_204,61,21.08453141172948
Fra_204,62,21.781281705814227
Fra_204,63,20.190285892990993
Fra_204,64,21.83265610561232
Fra_204,65,31.802679464435897
Fra_204,66,54.54391167688094
Fra_204,67,33.35145529774597
Fra_204,68,23.456776279130235
Fra_204,69,33.35145529774597
Fra_204,70,28.434214977633424
Fra_204,71,21.90536131688204
Fra_204,72,20.207040791225083
Fra_204,73,19.176431328414296
Fra_204,74,20.207040791225083
Fra_204,75,26.42190852941867
Fra_204,76,26.857212820765284
Fra_204,77,28.245453765742834
Fra_204,78,29.33490351002537
Fra_204,79,30.702030211403674
Fra_204,80,54.54391167688094
Fra_204,81,28.04178396413564
Fra_204,82,29.516524037884473
Fra_204,83,39.60159977267773
Fra_204,84,69.5042440258801
Fra_204,85,314.36505272477126
Fra_204,86,57.93582766918622
Fra_204,87,85.08480984738698
Fra_204,88,86.9826001754397
Fra_204,89,65.45567419642323
Fra_204,90,43.286840877580644
Fra_204,91,36.07730896530615
Fra_204,92,28.54588952107847
Fra_204,93,40.65998011154274
Fra_204,94,28.347993885970087
Fra_204,95,28.065862902680628
Fra_204,96,27.819936744599552
Fra_205,1,74.5056870851391
Fra_205,2,20.85537353860512
Fra_205,3,20.855162492418074
Fra_205,4,24.64451169967374
Fra_205,5,14.994334280379311
Fra_205,6,14.994334280379311
Fra_205,7,13.964794751155907
Fra_205,8,16.14741500592514
Fra_205,9,11.36436042760134
Fra_205,10,11.36436042760134
Fra_205,11,11.364360427601344
Fra_205,12,11.364360427601344
Fra_205,13,11.364360427601344
Fra_205,14,14.994334280379311
Fra_205,15,20.59036184064835
Fra_205,16,42.54045644363131
Fra_205,17,24.547606916579703
Fra_205,18,25.80444633657637
Fra_205,19,28.29550229558748
Fra_205,20,47.85845570747019
Fra_205,21,32.38525450268966
Fra_205,22,41.26854801000718
Fra_205,23,69.84772033007688
Fra_205,24,60.0157378612553
Fra_205,25,60.19710623192445
Fra_205,26,69.44930569728676
Fra_205,27,38.64200405682479
Fra_205,28,58.20711063172731
Fra_205,29,429.75702520494485
Fra_205,30,39.62500490612483
Fra_205,31,39.62500490612483
Fra_205,32,35.08351050117061
Fra_205,33,42.11385104902648
Fra_205,34,37.24190236110041
Fra_205,35,37.24190236110041
Fra_205,36,31.84113725653559
Fra_205,37,54.07942620480962
Fra_205,38,54.07942620480963
Fra_205,39,46.49595685664559
Fra_205,40,103.8386235472372
Fra_205,41,22.338636511133355
Fra_205,42,37.24190236110041
Fra_205,43,37.24190236110041
Fra_205,44,37.24190236110041
Fra_205,45,88.41932314566206
Fra_205,46,43.81449998121657
Fra_205,47,37.24190236110041
Fra_205,48,37.24190236110041
Fra_205,49,21.361149057327374
Fra_205,50,22.338636511133355
Fra_205,51,25.73276737624859
Fra_205,52,22.338636511133355
Fra_205,53,24.030819936732634
Fra_205,54,24.030819936732634
Fra_205,55,25.73276737624859
Fra_205,56,24.609838072560237
Fra_205,57,21.48403148121937
Fra_205,58,21.428858827996
Fra_205,59,22.154257229821976
Fra_205,60,24.030819936732634
Fra_205,61,23.170050516545572
Fra_205,62,23.881084438948765
Fra_205,63,22.12153087957277
Fra_205,64,23.926616679910705
Fra_205,65,34.818189077382016
Fra_205,66,60.209209831769726
Fra_205,67,36.6310200767593
Fra_205,68,25.73276737624859
Fra_205,69,36.6310200767593
Fra_205,70,29.764030595928794
Fra_205,71,24.030819936732634
Fra_205,72,22.154257229821976
Fra_205,73,20.901685583194293
Fra_205,74,22.154257229821976
Fra_205,75,26.834463386415468
Fra_205,76,27.468190510443144
Fra_205,77,28.585384582897163
Fra_205,78,30.056172104936763
Fra_205,79,31.948714787064986
Fra_205,80,60.209209831769726
Fra_205,81,28.337497058586038
Fra_205,82,30.110238809880414
Fra_205,83,42.24531582419467
Fra_205,84,76.39168280293065
Fra_205,85,324.2202615393461
Fra_205,86,61.1188725308812
Fra_205,87,87.73595836487107
Fra_205,88,89.69337788636388
Fra_205,89,71.19763591874441
Fra_205,90,46.6735476498546
Fra_205,91,38.01097824333859
Fra_205,92,28.95765123870286
Fra_205,93,41.776100580923675
Fra_205,94,28.684673906588408
Fra_205,95,28.29550229558748
Fra_205,96,28.02742087859799
Fra_206,1,74.36096537275031
Fra_206,2,20.55845182287835
Fra_206,3,20.55845101225234
Fra_206,4,24.603177468118233
Fra_206,5,14.830776985202998
Fra_206,6,14.830776985202998
Fra_206,7,13.832520661465653
Fra_206,8,16.12369956122678
Fra_206,9,11.35177550462003
Fra_206,10,11.35177550462003
Fra_206,11,11.351775504620033
Fra_206,12,11.351775504620033
Fra_206,13,11.351775504620033
Fra_206,14,14.830776985202998
Fra_206,15,20.557433915955944
Fra_206,16,42.46201485088935
Fra_206,17,24.50647361774043
Fra_206,18,25.76070697278895
Fra_206,19,28.246597710598873
Fra_206,20,47.372732746190835
Fra_206,21,32.18602100700098
Fra_206,22,40.77315285967145
Fra_206,23,68.77540277978622
Fra_206,24,58.89828616330418
Fra_206,25,59.6630199029724
Fra_206,26,69.25859878941708
Fra_206,27,38.23417570843441
Fra_206,28,58.04804892786446
Fra_206,29,428.5665549537953
Fra_206,30,39.51074129849838
Fra_206,31,39.51074129849838
Fra_206,32,35.004329899445295
Fra_206,33,41.9955907241163
Fra_206,34,37.14604820049626
Fra_206,35,37.14604820049626
Fra_206,36,31.591811782579107
Fra_206,37,53.95876191609685
Fra_206,38,53.95876191609686
Fra_206,39,46.3698604098528
Fra_206,40,103.55111552778108
Fra_206,41,21.949027986885664
Fra_206,42,37.14604820049626
Fra_206,43,37.14604820049626
Fra_206,44,37.14604820049626
Fra_206,45,88.17521829649475
Fra_206,46,43.693508666686874
Fra_206,47,37.14604820049626
Fra_206,48,37.14604820049626
Fra_206,49,20.988588907726818
Fra_206,50,21.949027986885664
Fra_206,51,25.28396176014607
Fra_206,52,21.949027986885664
Fra_206,53,23.611698013720627
Fra_206,54,23.611698013720627
Fra_206,55,25.28396176014607
Fra_206,56,24.180617484784154
Fra_206,57,21.12064159625386
Fra_206,58,21.069140213466397
Fra_206,59,21.77028311212182
Fra_206,60,23.611698013720627
Fra_206,61,22.75797847007738
Fra_206,62,23.467579757782904
Fra_206,63,21.741845732888713
Fra_206,64,23.514707805068642
Fra_206,65,34.22643743096083
Fra_206,66,59.08234868961206
Fra_206,67,35.98318545086362
Fra_206,68,25.28396176014607
Fra_206,69,35.98318545086362
Fra_206,70,29.501802541246395
Fra_206,71,23.611698013720627
Fra_206,72,21.77028311212182
Fra_206,73,20.558629706915703
Fra_206,74,21.77028311212182
Fra_206,75,26.75311116276004
Fra_206,76,27.34771103282658
Fra_206,77,28.515248455630577
Fra_206,78,29.91025902421105
Fra_206,79,31.69899590213854
Fra_206,80,59.08234868961206
Fra_206,81,28.27629072316454
Fra_206,82,29.989929042059824
Fra_206,83,41.717816294997476
Fra_206,84,75.03716889818077
Fra_206,85,323.3124100858051
Fra_206,86,60.61628292149925
Fra_206,87,87.49377709181796
Fra_206,88,89.44568675160463
Fra_206,89,70.05968234788293
Fra_206,90,45.99878370882952
Fra_206,91,37.62418777339872
Fra_206,92,28.872691199508644
Fra_206,93,41.551469480131104
Fra_206,94,28.614578078535143
Fra_206,95,28.246597710598873
Fra_206,96,27.98323453349199
Fra_207,1,74.19169957718977
Fra_207,2,20.18676175164526
Fra_207,3,20.187026272289323
Fra_207,4,24.554833156317034
Fra_207,5,14.626301270504094
Fra_207,6,14.626301270504094
Fra_207,7,13.66733465205905
Fra_207,8,16.095962094970467
Fra_207,9,11.337001423723969
Fra_207,10,11.337001423723969
Fra_207,11,11.337001423723972
Fra_207,12,11.337001423723972
Fra_207,13,11.337001423723972
Fra_207,14,14.626301270504094
Fra_207,15,20.518921578883504
Fra_207,16,42.37026995386357
Fra_207,17,24.458364315845525
Fra_207,18,25.70954963028252
Fra_207,19,28.189399151046068
Fra_207,20,46.76791490071386
Fra_207,21,31.939854167596735
Fra_207,22,40.154860015693046
Fra_207,23,67.4202542872122
Fra_207,24,57.497478756417294
Fra_207,25,58.854213552145005
Fra_207,26,68.75811713895916
Fra_207,27,37.72591022157654
Fra_207,28,57.62944969923148
Fra_207,29,425.4561887029659
Fra_207,30,39.219848900989405
Fra_207,31,39.219848900989405
Fra_207,32,34.772094554791046
Fra_207,33,41.68963110810626
Fra_207,34,36.88593548902835
Fra_207,35,36.88593548902835
Fra_207,36,31.200799745600435
Fra_207,37,53.600188266034216
Fra_207,38,53.60018826603423
Fra_207,39,46.03655925938656
Fra_207,40,102.8001596048132
Fra_207,41,21.456657602585665
Fra_207,42,36.88593548902835
Fra_207,43,36.88593548902835
Fra_207,44,36.88593548902835
Fra_207,45,87.53656870270586
Fra_207,46,43.37725349700111
Fra_207,47,36.88593548902835
Fra_207,48,36.88593548902835
Fra_207,49,20.51776352117272
Fra_207,50,21.456657602585665
Fra_207,51,24.716780654180567
Fra_207,52,21.456657602585665
Fra_207,53,23.082029873886036
Fra_207,54,23.082029873886036
Fra_207,55,24.716780654180567
Fra_207,56,23.638187089656494
Fra_207,57,20.66154647903719
Fra_207,58,20.61740923264868
Fra_207,59,21.285033246867112
Fra_207,60,23.082029873886036
Fra_207,61,22.23825964029262
Fra_207,62,22.94429095789802
Fra_207,63,21.260547084758905
Fra_207,64,22.992863627819744
Fra_207,65,33.47489392192621
Fra_207,66,57.67062120318751
Fra_207,67,35.16592072220123
Fra_207,68,24.716780654180567
Fra_207,69,35.16592072220123
Fra_207,70,29.170410079268
Fra_207,71,23.082029873886036
Fra_207,72,21.285033246867112
Fra_207,73,20.128715254647613
Fra_207,74,21.285033246867112
Fra_207,75,26.650301744762253
Fra_207,76,27.19545428534172
Fra_207,77,28.430552089134977
Fra_207,78,29.730540013040617
Fra_207,79,31.38833979847862
Fra_207,80,57.67062120318751
Fra_207,81,28.202611389976617
Fra_207,82,29.841984994812464
Fra_207,83,41.059043113122584
Fra_207,84,73.32237462474514
Fra_207,85,320.95630657917536
Fra_207,86,59.83543470995665
Fra_207,87,86.86010477897062
Fra_207,88,88.79775759211725
Fra_207,89,68.62933298058452
Fra_207,90,45.15486000407108
Fra_207,91,37.14235630164598
Fra_207,92,28.770108528165714
Fra_207,93,41.273340041358196
Fra_207,94,28.530705448015603
Fra_207,95,28.189399151046068
Fra_207,96,27.931554403856804
Fra_208,1,74.35881644011693
Fra_208,2,20.553095183948344
Fra_208,3,20.553098249791958
Fra_208,4,24.602563707559433
Fra_208,5,14.827836691347027
Fra_208,6,14.827836691347027
Fra_208,7,13.830149743676415
Fra_208,8,16.12334741715533
Fra_208,9,11.351586513048504
Fra_208,10,11.351586513048504
Fra_208,11,11.351586513048508
Fra_208,12,11.351586513048508
Fra_208,13,11.351586513048508
Fra_208,14,14.827836691347027
Fra_208,15,20.556944978320026
Fra_208,16,42.46085009339943
Fra_208,17,24.505862840775897
Fra_208,18,25.760057499087626
Fra_208,19,28.245871539958202
Fra_208,20,47.36409487040295
Fra_208,21,32.182552348507784
Fra_208,22,40.7642874124096
Fra_208,23,68.75556028136623
Fra_208,24,58.878050275341096
Fra_208,25,59.6478146379307
Fra_208,26,69.24476055168245
Fra_208,27,38.22690594219956
Fra_208,28,58.0364607754623
Fra_208,29,428.4807210985455
Fra_208,30,39.50280687105826
Fra_208,31,39.50280687105826
Fra_208,32,34.997618504489566
Fra_208,33,41.98718438102515
Fra_208,34,37.138755546791025
Fra_208,35,37.138755546791025
Fra_208,36,31.58418449743315
Fra_208,37,53.948345857433786
Fra_208,38,53.9483458574338
Fra_208,39,46.36061620319984
Fra_208,40,103.53039439046711
Fra_208,41,21.941818549229154
Fra_208,42,37.138755546791025
Fra_208,43,37.138755546791025
Fra_208,44,37.138755546791025
Fra_208,45,88.15758327728032
Fra_208,46,43.68477985977035
Fra_208,47,37.138755546791025
Fra_208,48,37.138755546791025
Fra_208,49,20.981694938512383
Fra_208,50,21.941818549229154
Fra_208,51,25.27565692103756
Fra_208,52,21.941818549229154
Fra_208,53,23.603942450927782
Fra_208,54,23.603942450927782
Fra_208,55,25.27565692103756
Fra_208,56,24.172675053148613
Fra_208,57,21.11392280154548
Fra_208,58,21.06259512661231
Fra_208,59,21.763177935281508
Fra_208,60,23.603942450927782
Fra_208,61,22.750393761961277
Fra_208,62,23.459900232214032
Fra_208,63,21.73476294403272
Fra_208,64,23.50703561982454
Fra_208,65,34.21534344631089
Fra_208,66,59.06197638952519
Fra_208,67,35.971253645408595
Fra_208,68,25.27565692103756
Fra_208,69,35.971253645408595
Fra_208,70,29.496950191530303
Fra_208,71,23.603942450927782
Fra_208,72,21.763177935281508
Fra_208,73,20.552422414217894
Fra_208,74,21.763177935281508
Fra_208,75,26.75160579583873
Fra_208,76,27.34548164299369
Fra_208,77,28.51410356639851
Fra_208,78,29.907740693749812
Fra_208,79,31.694566362705658
Fra_208,80,59.06197638952519
Fra_208,81,28.275300668458094
Fra_208,82,29.98786193402111
Fra_208,83,41.708360347355644
Fra_208,84,75.01197106530947
Fra_208,85,323.24758034796434
Fra_208,86,60.60119020984742
Fra_208,87,87.47627884563238
Fra_208,88,89.4277967348681
Fra_208,89,70.03892074542244
Fra_208,90,45.98663984817906
Fra_208,91,37.61730136869753
Fra_208,92,28.871304882523486
Fra_208,93,41.54753611827163
Fra_208,94,28.613463913291366
Fra_208,95,28.245871539958202
Fra_208,96,27.982578422688842
Fra_209,1,74.46093166970782
Fra_209,2,20.7611293790253
Fra_209,3,20.760985276240337
Fra_209,4,24.631729024052614
Fra_209,5,14.942447026979778
Fra_209,6,14.942447026979778
Fra_209,7,13.922849708145549
Fra_209,8,16.140080967638188
Fra_209,9,11.360463101787618
Fra_209,10,11.360463101787618
Fra_209,11,11.360463101787621
Fra_209,12,11.360463101787621
Fra_209,13,11.360463101787621
Fra_209,14,14.942447026979778
Fra_209,15,20.580178828544817
Fra_209,16,42.51619825864779
Fra_209,17,24.53488637971468
Fra_209,18,25.790919870058705
Fra_209,19,28.280378476351707
Fra_209,20,47.704604142889835
Fra_209,21,32.322337856879045
Fra_209,22,41.11149087949241
Fra_209,23,69.50609226930763
Fra_209,24,59.66085897338625
Fra_209,25,60.01335828725001
Fra_209,26,69.36221696804128
Fra_209,27,38.51278166132644
Fra_209,28,58.13435513269818
Fra_209,29,429.21478681402203
Fra_209,30,39.573736473178116
Fra_209,31,39.573736473178116
Fra_209,32,35.04488480461272
Fra_209,33,42.060292856499984
Fra_209,34,37.19726807422495
Fra_209,35,37.19726807422495
Fra_209,36,31.75400757950605
Fra_209,37,54.02008262036317
Fra_209,38,54.02008262036318
Fra_209,39,46.43813248647328
Fra_209,40,103.70769017672264
Fra_209,41,22.21451170821296
Fra_209,42,37.19726807422495
Fra_209,43,37.19726807422495
Fra_209,44,37.19726807422495
Fra_209,45,88.30804860344054
Fra_209,46,43.75937717723532
Fra_209,47,37.19726807422495
Fra_209,48,37.19726807422495
Fra_209,49,21.242455670845505
Fra_209,50,22.21451170821296
Fra_209,51,25.589783059476105
Fra_209,52,22.21451170821296
Fra_209,53,23.897292503794823
Fra_209,54,23.897292503794823
Fra_209,55,25.589783059476105
Fra_209,56,24.47309332096642
Fra_209,57,21.36827364551456
Fra_209,58,21.314540779400648
Fra_209,59,22.031927484141757
Fra_209,60,23.897292503794823
Fra_209,61,23.038872285392696
Fra_209,62,23.749275318458814
Fra_209,63,22.000422023789994
Fra_209,64,23.79525929080704
Fra_209,65,34.62929592688366
Fra_209,66,59.851429502922095
Fra_209,67,36.42477025283664
Fra_209,68,25.589783059476105
Fra_209,69,36.42477025283664
Fra_209,70,29.68048774821903
Fra_209,71,23.897292503794823
Fra_209,72,22.031927484141757
Fra_209,73,20.792751341477892
Fra_209,74,22.031927484141757
Fra_209,75,26.80854550192394
Fra_209,76,27.429807132040466
Fra_209,77,28.563430629579276
Fra_209,78,30.010149939684293
Fra_209,79,31.869645921784695
Fra_209,80,59.851429502922095
Fra_209,81,28.31836145806968
Fra_209,82,30.072315971748488
Fra_209,83,42.07803972310019
Fra_209,84,75.95980928111692
Fra_209,85,323.80835272458984
Fra_209,86,60.943957930212356
Fra_209,87,87.62555507818887
Fra_209,88,89.58047898877402
Fra_209,89,70.83585159006941
Fra_209,90,46.4594495918988
Fra_209,91,37.88844312839599
Fra_209,92,28.93105853427496
Fra_209,93,41.70510598928678
Fra_209,94,28.662809361458542
Fra_209,95,28.280378476351707
Fra_209,96,28.013756182409928
Fra_210,1,74.36051599977715
Fra_210,2,20.557331672006676
Fra_210,3,20.557331672006676
Fra_210,4,24.60304912188586
Fra_210,5,14.830162127123376
Fra_210,6,14.830162127123376
Fra_210,7,13.832024868177554
Fra_210,8,16.123625922795352
Fra_210,9,11.351735983742046
Fra_210,10,11.351735983742046
Fra_210,11,11.35173598374205
Fra_210,12,11.35173598374205
Fra_210,13,11.35173598374205
Fra_210,14,14.830162127123376
Fra_210,15,20.557331672006676
Fra_210,16,42.461771283209224
Fra_210,17,24.50634589542088
Fra_210,18,25.760571158420635
Fra_210,19,28.246445857788437
Fra_210,20,47.37092644111418
Fra_210,21,32.18529566021443
Fra_210,22,40.77129896609978
Fra_210,23,68.77125342564977
Fra_210,24,58.894054545710176
Fra_210,25,59.65984026157535
Fra_210,26,69.2557050132518
Fra_210,27,38.23265549490291
Fra_210,28,58.04562567716852
Fra_210,29,428.54860585006844
Fra_210,30,39.50908209467116
Fra_210,31,39.50908209467116
Fra_210,32,35.002926449444544
Fra_210,33,41.993832835883644
Fra_210,34,37.14452320086273
Fra_210,35,37.14452320086273
Fra_210,36,31.59021680665918
Fra_210,37,53.95658376719713
Fra_210,38,53.956583767197145
Fra_210,39,46.367927312200315
Fra_210,40,103.54678243751147
Fra_210,41,21.947520388934624
Fra_210,42,37.14452320086273
Fra_210,43,37.14452320086273
Fra_210,44,37.14452320086273
Fra_210,45,88.17153055826857
Fra_210,46,43.691683346592605
Fra_210,47,37.14452320086273
Fra_210,48,37.14452320086273
Fra_210,49,20.987147278801316
Fra_210,50,21.947520388934624
Fra_210,51,25.282225097868064
Fra_210,52,21.947520388934624
Fra_210,53,23.61007621308475
Fra_210,54,23.61007621308475
Fra_210,55,25.282225097868064
Fra_210,56,24.178956607163663
Fra_210,57,21.11923659885761
Fra_210,58,21.067771540901266
Fra_210,59,21.76879731661923
Fra_210,60,23.61007621308475
Fra_210,61,22.756392397631807
Fra_210,62,23.465973857633095
Fra_210,63,21.74036461903826
Fra_210,64,23.51310343988717
Fra_210,65,34.22411751790738
Fra_210,66,59.07808854626499
Fra_210,67,35.980690337331446
Fra_210,68,25.282225097868064
Fra_210,69,35.980690337331446
Fra_210,70,29.500787844561543
Fra_210,71,23.61007621308475
Fra_210,72,21.76879731661923
Fra_210,73,20.557331672006676
Fra_210,74,21.76879731661923
Fra_210,75,26.75279636870893
Fra_210,76,27.347244835086304
Fra_210,77,28.51500904269124
Fra_210,78,29.909732404795758
Fra_210,79,31.698069621214692
Fra_210,80,59.07808854626499
Fra_210,81,28.276083688369614
Fra_210,82,29.989496779795818
Fra_210,83,41.71583891923408
Fra_210,84,75.03189966595811
Fra_210,85,323.29885324758897
Fra_210,86,60.613126816648034
Fra_210,87,87.49011795481533
Fra_210,88,89.44194568969911
Fra_210,89,70.05534079576464
Fra_210,90,45.99624425148121
Fra_210,91,37.62274772632266
Fra_210,92,28.872401300525432
Fra_210,93,41.55064695713244
Fra_210,94,28.614345090427264
Fra_210,95,28.246445857788437
Fra_210,96,27.983097331209446
Fra_211,1,73.62051539099288
Fra_211,2,18.799005832987373
Fra_211,3,18.800272019653747
Fra_211,4,24.391696201789568
Fra_211,5,13.864228400475058
Fra_211,6,13.864228400475058
Fra_211,7,13.052614507641842
Fra_211,8,16.002362546176165
Fra_211,9,11.286876269987637
Fra_211,10,11.286876269987637
Fra_211,11,11.28687626998764
Fra_211,12,11.28687626998764
Fra_211,13,11.28687626998764
Fra_211,14,13.864228400475058
Fra_211,15,20.388962434825995
Fra_211,16,42.06067855548419
Fra_211,17,24.29602039774713
Fra_211,18,25.536920157501193
Fra_211,19,27.99638370701256
Fra_211,20,44.52617498996214
Fra_211,21,31.03728997388626
Fra_211,22,37.85582374381258
Fra_211,23,62.295177297992154
Fra_211,24,52.25731525423119
Fra_211,25,54.96224174772554
Fra_211,26,65.26046894547405
Fra_211,27,35.83977208141761
Fra_211,28,54.70073435525437
Fra_211,29,403.76014721196384
Fra_211,30,37.213986751796206
Fra_211,31,37.213986751796206
Fra_211,32,33.08265535312707
Fra_211,33,39.564841784434826
Fra_211,34,35.046113031690425
Fra_211,35,35.04611303169042
Fra_211,36,29.256059052965497
Fra_211,37,50.975353153767756
Fra_211,38,50.97535315376777
Fra_211,39,43.70050932011279
Fra_211,40,97.56217400542883
Fra_211,41,19.5945471840025
Fra_211,42,35.046113031690425
Fra_211,43,35.04611303169042
Fra_211,44,35.04611303169042
Fra_211,45,83.07890638215899
Fra_211,46,41.17120026199403
Fra_211,47,35.04611303169042
Fra_211,48,35.04611303169042
Fra_211,49,18.737134779900494
Fra_211,50,19.5945471840025
Fra_211,51,22.571741309169163
Fra_211,52,19.5945471840025
Fra_211,53,21.07886194781392
Fra_211,54,21.07886194781392
Fra_211,55,22.571741309169163
Fra_211,56,21.586753205062884
Fra_211,57,18.9259958432729
Fra_211,58,18.92349811880183
Fra_211,59,19.44985213419419
Fra_211,60,21.07886194781392
Fra_211,61,20.278102510980446
Fra_211,62,20.961725035052503
Fra_211,63,19.433113701892477
Fra_211,64,21.01295894536996
Fra_211,65,30.61441974786274
Fra_211,66,52.39407379150694
Fra_211,67,32.08237354373459
Fra_211,68,22.571741309169163
Fra_211,69,32.08237354373459
Fra_211,70,27.91710692423114
Fra_211,71,21.07886194781392
Fra_211,72,19.44985213419419
Fra_211,73,18.521153415124648
Fra_211,74,19.44985213419419
Fra_211,75,26.261483703534356
Fra_211,76,26.61962989615914
Fra_211,77,28.130276677177942
Fra_211,78,29.074610806075725
Fra_211,79,30.23851946081099
Fra_211,80,52.39407379150694
Fra_211,81,27.9426507006114
Fra_211,82,29.303381586444555
Fra_211,83,38.60740292659569
Fra_211,84,66.80170201797691
Fra_211,85,304.5654853857704
Fra_211,86,55.97641350698886
Fra_211,87,82.4370254441949
Fra_211,88,84.27561928713587
Fra_211,89,63.25255982376625
Fra_211,90,42.00785143134085
Fra_211,91,35.35541672206732
Fra_211,92,28.40637064355547
Fra_211,93,40.25087375521376
Fra_211,94,28.237349547466884
Fra_211,95,27.99638370701256
Fra_211,96,27.75716079591924
Fra_212,1,53.00075592621634
Fra_212,2,21.988409738779687
Fra_212,3,21.98339982319609
Fra_212,4,18.502449189245336
Fra_212,5,15.123099042289745
Fra_212,6,15.123099042289745
Fra_212,7,13.735004626140697
Fra_212,8,12.623417139790462
Fra_212,9,9.340043175110804
Fra_212,10,9.340043175110804
Fra_212,11,9.340043175110807
Fra_212,12,9.340043175110807
Fra_212,13,9.340043175110807
Fra_212,14,15.123099042289745
Fra_212,15,15.697434981034842
Fra_212,16,30.88442346787214
Fra_212,17,18.435402014652816
Fra_212,18,19.3049930641009
Fra_212,19,21.028522682256984
Fra_212,20,43.75052827588843
Fra_212,21,27.14675105257364
Fra_212,22,39.73208033394909
Fra_212,23,97.68434181105306
Fra_212,24,67.92869080498085
Fra_212,25,68.4068731290667
Fra_212,26,80.0171254754728
Fra_212,27,36.01094689446783
Fra_212,28,67.31406602885683
Fra_212,29,487.60917420623997
Fra_212,30,46.29382364239341
Fra_212,31,46.29382364239341
Fra_212,32,50.33077701797748
Fra_212,33,49.11549638707606
Fra_212,34,48.41217346420637
Fra_212,35,48.41217346420636
Fra_212,36,45.89148469894964
Fra_212,37,71.28989207184117
Fra_212,38,71.2898920718412
Fra_212,39,54.08110914403328
Fra_212,40,118.87515510660631
Fra_212,41,32.45260416213836
Fra_212,42,48.41217346420637
Fra_212,43,48.412173464206376
Fra_212,44,48.412173464206376
Fra_212,45,101.45219735821296
Fra_212,46,51.043568459317484
Fra_212,47,48.41217346420636
Fra_212,48,48.41217346420636
Fra_212,49,31.032552701252992
Fra_212,50,32.45260416213836
Fra_212,51,37.38345056295534
Fra_212,52,32.45260416213836
Fra_212,53,34.91093499416274
Fra_212,54,34.91093499416274
Fra_212,55,37.38345056295534
Fra_212,56,35.75210747822851
Fra_212,57,30.655469361412926
Fra_212,58,25.45430745718279
Fra_212,59,32.1219595862869
Fra_212,60,34.91093499416274
Fra_212,61,30.898288104485648
Fra_212,62,34.93226218885756
Fra_212,63,32.62488299055763
Fra_212,64,35.188332223497355
Fra_212,65,51.81513791745506
Fra_212,66,66.5660992299475
Fra_212,67,50.77777129916969
Fra_212,68,37.38345056295534
Fra_212,69,50.77777129916969
Fra_212,70,36.57128941390484
Fra_212,71,34.91093499416274
Fra_212,72,32.1219595862869
Fra_212,73,23.087787259607254
Fra_212,74,32.1219595862869
Fra_212,75,28.946310810639766
Fra_212,76,30.59575436848955
Fra_212,77,22.175824210979993
Fra_212,78,24.543321637302405
Fra_212,79,28.2559804398049
Fra_212,80,66.5660992299475
Fra_212,81,22.143761513482712
Fra_212,82,24.163550052888727
Fra_212,83,41.15179745869223
Fra_212,84,84.28167699149645
Fra_212,85,367.8942329673626
Fra_212,86,69.55507646134606
Fra_212,87,100.68003290247376
Fra_212,88,102.89180884111269
Fra_212,89,74.74364983521492
Fra_212,90,47.45424418382521
Fra_212,91,35.11694652836153
Fra_212,92,22.290723759581788
Fra_212,93,34.33413755854387
Fra_212,94,21.77036910786399
Fra_212,95,21.028522682256984
Fra_212,96,21.46154839143374
Fra_213,1,74.10218509969626
Fra_213,2,19.995579067287586
Fra_213,3,19.995979619774698
Fra_213,4,24.529266763553885
Fra_213,5,14.521072002217883
Fra_213,6,14.521072002217883
Fra_213,7,13.582287879519287
Fra_213,8,16.081293420825727
Fra_213,9,11.329200331894722
Fra_213,10,11.329200331894722
Fra_213,11,11.329200331894725
Fra_213,12,11.329200331894725
Fra_213,13,11.329200331894725
Fra_213,14,14.521072002217883
Fra_213,15,20.498554724973786
Fra_213,16,42.32175160736148
Fra_213,17,24.43292220565759
Fra_213,18,25.68249559512288
Fra_213,19,28.159150280299354
Fra_213,20,46.45615811039461
Fra_213,21,31.81256913186138
Fra_213,22,39.83645384042935
Fra_213,23,66.72585780361115
Fra_213,24,56.77736421458718
Fra_213,25,58.46814266414874
Fra_213,26,68.55659500642847
Fra_213,27,37.464013276019145
Fra_213,28,57.46101576113028
Fra_213,29,424.20236840825055
Fra_213,30,39.10180200451622
Fra_213,31,39.10180200451622
Fra_213,32,34.68103157424253
Fra_213,33,41.5659839994993
Fra_213,34,36.78204812529502
Fra_213,35,36.78204812529501
Fra_213,36,31.016488613896286
Fra_213,37,53.46003839780469
Fra_213,38,53.4600383978047
Fra_213,39,45.90259376190963
Fra_213,40,102.49742232446829
Fra_213,41,21.204360333791303
Fra_213,42,36.78204812529502
Fra_213,43,36.78204812529502
Fra_213,44,36.78204812529502
Fra_213,45,87.2792137348612
Fra_213,46,43.24977971762443
Fra_213,47,36.78204812529501
Fra_213,48,36.78204812529501
Fra_213,49,20.276506201694563
Fra_213,50,21.204360333791303
Fra_213,51,24.42614935605669
Fra_213,52,21.204360333791303
Fra_213,53,22.810620728842423
Fra_213,54,22.810620728842423
Fra_213,55,24.42614935605669
Fra_213,56,23.36023839175437
Fra_213,57,20.426271082022843
Fra_213,58,20.38535142631063
Fra_213,59,21.0363846286919
Fra_213,60,22.810620728842423
Fra_213,61,21.971736240686276
Fra_213,62,22.676297249402612
Fra_213,63,21.01422239289327
Fra_213,64,22.725726711191257
Fra_213,65,33.09054933102159
Fra_213,66,56.94471291535551
Fra_213,67,34.746849248533515
Fra_213,68,24.42614935605669
Fra_213,69,34.746849248533515
Fra_213,70,29.000600083130525
Fra_213,71,22.810620728842423
Fra_213,72,21.0363846286919
Fra_213,73,19.9076816979804
Fra_213,74,21.0363846286919
Fra_213,75,26.59762080335255
Fra_213,76,27.11743586106026
Fra_213,77,28.38634871296725
Fra_213,78,29.63749462502931
Fra_213,79,31.228149738107568
Fra_213,80,56.94471291535551
Fra_213,81,28.164107971330598
Fra_213,82,29.765339967630254
Fra_213,83,40.71987548787662
Fra_213,84,72.44444419570375
Fra_213,85,320.00493880949534
Fra_213,86,59.46619449541845
Fra_213,87,86.6047611004339
Fra_213,88,88.53665280755723
Fra_213,89,67.89486675170903
Fra_213,90,44.72062367241003
Fra_213,91,36.89403566902319
Fra_213,92,28.71656724986949
Fra_213,93,41.129649067034265
Fra_213,94,28.4867666909308
Fra_213,95,28.159150280299354
Fra_213,96,27.90422389809354
Fra_214,1,74.36496336487491
Fra_214,2,20.568417607716725
Fra_214,3,20.568409585094027
Fra_214,4,24.60431934192215
Fra_214,5,14.836247269146547
Fra_214,6,14.836247269146547
Fra_214,7,13.836931646948484
Fra_214,8,16.124354709369864
Fra_214,9,11.352127114904512
Fra_214,10,11.352127114904512
Fra_214,11,11.352127114904516
Fra_214,12,11.352127114904516
Fra_214,13,11.352127114904516
Fra_214,14,14.836247269146547
Fra_214,15,20.5583435623485
Fra_214,16,42.46418182960212
Fra_214,17,24.50760994070195
Fra_214,18,25.761915289281824
Fra_214,19,28.247948718283993
Fra_214,20,47.38880312403177
Fra_214,21,32.19247428949263
Fra_214,22,40.78964662396318
Fra_214,23,68.81231885206465
Fra_214,24,58.935934119063134
Fra_214,25,59.69130861195504
Fra_214,26,69.28434420582602
Fra_214,27,38.24770078023192
Fra_214,28,58.06960816211994
Fra_214,29,428.7262449654693
Fra_214,30,39.52550294245405
Fra_214,31,39.52550294245405
Fra_214,32,35.0168161466925
Fra_214,33,42.011230345830306
Fra_214,34,37.159615853398904
Fra_214,35,37.159615853398904
Fra_214,36,31.6060020021662
Fra_214,37,53.97814052287924
Fra_214,38,53.97814052287925
Fra_214,39,46.38705883888797
Fra_214,40,103.5896662680448
Fra_214,41,21.962440820087473
Fra_214,42,37.159615853398904
Fra_214,43,37.159615853398904
Fra_214,44,37.159615853398904
Fra_214,45,88.20802745339476
Fra_214,46,43.70974821778643
Fra_214,47,37.159615853398904
Fra_214,48,37.159615853398904
Fra_214,49,21.001414826137825
Fra_214,50,21.962440820087473
Fra_214,51,25.299412538284056
Fra_214,52,21.962440820087473
Fra_214,53,23.626126888077103
Fra_214,54,23.626126888077103
Fra_214,55,25.299412538284056
Fra_214,56,24.19539402018399
Fra_214,57,21.133141610406742
Fra_214,58,21.08131705200052
Fra_214,59,21.78350197278322
Fra_214,60,23.626126888077103
Fra_214,61,22.772089477023076
Fra_214,62,23.481867168317788
Fra_214,63,21.755022941716234
Fra_214,64,23.528981559260753
Fra_214,65,34.24707728842851
Fra_214,66,59.12025043396733
Fra_214,67,36.00538403610559
Fra_214,68,25.299412538284056
Fra_214,69,36.00538403610559
Fra_214,70,29.510830118774585
Fra_214,71,23.626126888077103
Fra_214,72,21.78350197278322
Fra_214,73,20.570178094675917
Fra_214,74,21.78350197278322
Fra_214,75,26.755911829938956
Fra_214,76,27.351858711937638
Fra_214,77,28.517378470346806
Fra_214,78,29.914944264313377
Fra_214,79,31.707236860227738
Fra_214,80,59.12025043396733
Fra_214,81,28.278132675237753
Fra_214,82,29.993774803220983
Fra_214,83,41.735408658580816
Fra_214,84,75.08404832837385
Fra_214,85,323.4330228855272
Fra_214,86,60.64436222998261
Fra_214,87,87.5263317886741
Fra_214,88,89.47897031987955
Fra_214,89,70.0983083717245
Fra_214,90,46.02137681318677
Fra_214,91,37.6369996183744
Fra_214,92,28.875270379657316
Fra_214,93,41.558787322250936
Fra_214,94,28.616650932658587
Fra_214,95,28.247948718283993
Fra_214,96,27.98445519801311
Fra_215,1,73.65609975852823
Fra_215,2,18.91241539508512
Fra_215,3,18.913597713946807
Fra_215,4,24.401859517737012
Fra_215,5,13.926257032991906
Fra_215,6,13.926257032991906
Fra_215,7,13.102480951415608
Fra_215,8,16.00819373132787
Fra_215,9,11.290056552793946
Fra_215,10,11.290056552793946
Fra_215,11,11.29005655279395
Fra_215,12,11.29005655279395
Fra_215,13,11.29005655279395
Fra_215,14,13.926257032991904
Fra_215,15,20.397058796837545
Fra_215,16,42.07996587885893
Fra_215,17,24.306134308090495
Fra_215,18,25.547674850567514
Fra_215,19,28.008408431552326
Fra_215,20,44.706375142702804
Fra_215,21,31.108031829242847
Fra_215,22,38.04198099979839
Fra_215,23,62.72594896196367
Fra_215,24,52.6873847076958
Fra_215,25,55.42554329531877
Fra_215,26,65.81750735318668
Fra_215,27,35.991804198751055
Fra_215,28,55.167469439495385
Fra_215,29,407.2118226924701
Fra_215,30,37.5310657799934
Fra_215,31,37.5310657799934
Fra_215,32,33.35807439941678
Fra_215,33,39.902070722050794
Fra_215,34,35.34133141225561
Fra_215,35,35.341331412255606
Fra_215,36,29.496160346283474
Fra_215,37,51.40436654991225
Fra_215,38,51.40436654991226
Fra_215,39,44.07317415371239
Fra_215,40,98.39544580667918
Fra_215,41,19.751060813982882
Fra_215,42,35.34133141225561
Fra_215,43,35.34133141225561
Fra_215,44,35.34133141225561
Fra_215,45,83.78832211582204
Fra_215,46,41.52219779757436
Fra_215,47,35.341331412255606
Fra_215,48,35.341331412255606
Fra_215,49,18.886799732721048
Fra_215,50,19.751060813982882
Fra_215,51,22.752035609114017
Fra_215,52,19.751060813982882
Fra_215,53,21.24723170743772
Fra_215,54,21.24723170743772
Fra_215,55,22.752035609114017
Fra_215,56,21.75917980272233
Fra_215,57,19.0717430849575
Fra_215,58,19.06326137818798
Fra_215,59,19.604102309022394
Fra_215,60,21.24723170743772
Fra_215,61,20.44189932403119
Fra_215,62,21.12900976728366
Fra_215,63,19.58803286361026
Fra_215,64,21.180534134546356
Fra_215,65,30.8581848453033
Fra_215,66,52.82631591123621
Fra_215,67,32.340237574379366
Fra_215,68,22.752035609114017
Fra_215,69,32.340237574379366
Fra_215,70,28.02244924136931
Fra_215,71,21.24723170743772
Fra_215,72,19.604102309022394
Fra_215,73,18.652966955823427
Fra_215,74,19.604102309022394
Fra_215,75,26.294164538369458
Fra_215,76,26.66802894085745
Fra_215,77,28.151915717537307
Fra_215,78,29.125470370074048
Fra_215,79,30.330661323443515
Fra_215,80,52.82631591123621
Fra_215,81,27.961145159379143
Fra_215,82,29.34490198148152
Fra_215,83,38.80630108810535
Fra_215,84,67.35435849266118
Fra_215,85,307.16898037090533
Fra_215,86,56.44891114286212
Fra_215,87,83.14095202645213
Fra_215,88,84.99526890988368
Fra_215,89,63.69801470025935
Fra_215,90,42.26432337642663
Fra_215,91,35.499250292655596
Fra_215,92,28.43257966842692
Fra_215,93,40.33154746701247
Fra_215,94,28.25771095677886
Fra_215,95,28.008408431552326
Fra_215,96,27.768025393347937
Fra_216,1,74.35084092942716
Fra_216,2,20.533214648661474
Fra_216,3,20.533232101566117
Fra_216,4,24.60028580744215
Fra_216,5,14.816924136567586
Fra_216,6,14.816924136567586
Fra_216,7,13.821350361192895
Fra_216,8,16.122040475856874
Fra_216,9,11.350885093061885
Fra_216,10,11.350885093061885
Fra_216,11,11.350885093061889
Fra_216,12,11.350885093061889
Fra_216,13,11.350885093061889
Fra_216,14,14.816924136567586
Fra_216,15,20.555130343798076
Fra_216,16,42.4565272329861
Fra_216,17,24.503596013917765
Fra_216,18,25.757647053842806
Fra_216,19,28.243176443044845
Fra_216,20,47.33203641049021
Fra_216,21,32.16967883052881
Fra_216,22,40.731384347740516
Fra_216,23,68.68191718255507
Fra_216,24,58.80294715751519
Fra_216,25,59.591382085324845
Fra_216,26,69.19340156012323
Fra_216,27,38.199925059962084
Fra_216,28,57.99345271093684
Fra_216,29,428.16215884142815
Fra_216,30,39.47335917694151
Fra_216,31,39.47335917694151
Fra_216,32,34.97270995157326
Fra_216,33,41.95598522748106
Fra_216,34,37.1116897203994
Fra_216,35,37.11168972039939
Fra_216,36,31.555876725812045
Fra_216,37,53.909687880947544
Fra_216,38,53.90968788094755
Fra_216,39,46.326307417604035
Fra_216,40,103.45349032675507
Fra_216,41,21.915061569413737
Fra_216,42,37.1116897203994
Fra_216,43,37.1116897203994
Fra_216,44,37.1116897203994
Fra_216,45,88.0921329778745
Fra_216,46,43.65238391966983
Fra_216,47,37.11168972039939
Fra_216,48,37.11168972039939
Fra_216,49,20.956108782711148
Fra_216,50,21.915061569413737
Fra_216,51,25.24483448758519
Fra_216,52,21.915061569413737
Fra_216,53,23.57515859190959
Fra_216,54,23.57515859190959
Fra_216,55,25.24483448758519
Fra_216,56,24.143197652402154
Fra_216,57,21.08898678531768
Fra_216,58,21.03830380665245
Fra_216,59,21.736807907221205
Fra_216,60,23.57515859190959
Fra_216,61,22.722244009978187
Fra_216,62,23.431398576408384
Fra_216,63,21.708476006342764
Fra_216,64,23.478561206770845
Fra_216,65,34.17416942726905
Fra_216,66,58.98636699414801
Fra_216,67,35.92697015300148
Fra_216,68,25.24483448758519
Fra_216,69,35.92697015300148
Fra_216,70,29.478941266341305
Fra_216,71,23.57515859190959
Fra_216,72,21.736807907221205
Fra_216,73,20.529384777534293
Fra_216,74,21.736807907221205
Fra_216,75,26.746018803586725
Fra_216,76,27.337207524872216
Fra_216,77,28.509854444687114
Fra_216,78,29.898394206474332
Fra_216,79,31.678126648147583
Fra_216,80,58.98636699414801
Fra_216,81,28.27162619687533
Fra_216,82,29.980190105689516
Fra_216,83,41.67326570998685
Fra_216,84,74.91845227263062
Fra_216,85,323.0069724018948
Fra_216,86,60.54517538590842
Fra_216,87,87.41133616323448
Fra_216,88,89.36140004215432
Fra_216,89,69.96186650007922
Fra_216,90,45.94156933785813
Fra_216,91,37.591743287697405
Fra_216,92,28.866159730105622
Fra_216,93,41.53293790841189
Fra_216,94,28.609328820048415
Fra_216,95,28.243176443044845
Fra_216,96,27.980143344621307
Fra_217,1,74.03848068808952
Fra_217,2,19.859520847908833
Fra_217,3,19.86001820963579
Fra_217,4,24.51107203066276
Fra_217,5,14.44618390804945
Fra_217,6,14.44618390804945
Fra_217,7,13.521762981699448
Fra_217,8,16.07085422393147
Fra_217,9,11.323648559949136
Fra_217,10,11.323648559949136
Fra_217,11,11.32364855994914
Fra_217,12,11.32364855994914
Fra_217,13,11.32364855994914
Fra_217,14,14.44618390804945
Fra_217,15,20.48406032718553
Fra_217,16,42.28722274898467
Fra_217,17,24.414815920451673
Fra_217,18,25.663242157693638
Fra_217,19,28.137623186954844
Fra_217,20,46.234291397346894
Fra_217,21,31.72198469753407
Fra_217,22,39.60985498608681
Fra_217,23,66.23167942433462
Fra_217,24,56.26488316726153
Fra_217,25,58.19338913324604
Fra_217,26,68.41317855315698
Fra_217,27,37.27763012007071
Fra_217,28,57.341147051377796
Fra_217,29,423.310067113848
Fra_217,30,39.01779203995656
Fra_217,31,39.01779203995656
Fra_217,32,34.61622514563548
Fra_217,33,41.47798855427948
Fra_217,34,36.70811501899422
Fra_217,35,36.708115018994214
Fra_217,36,30.885320645020936
Fra_217,37,53.36029849938497
Fra_217,38,53.360298499384974
Fra_217,39,45.80725506998721
Fra_217,40,102.28197449015403
Fra_217,41,21.024808941563457
Fra_217,42,36.70811501899422
Fra_217,43,36.70811501899422
Fra_217,44,36.708115018994214
Fra_217,45,87.09606295009834
Fra_217,46,43.15906096086191
Fra_217,47,36.708115018994214
Fra_217,48,36.708115018994214
Fra_217,49,20.104811566217677
Fra_217,50,21.024808941563457
Fra_217,51,24.219316937883896
Fra_217,52,21.024808941563457
Fra_217,53,22.617468063778617
Fra_217,54,22.617468063778617
Fra_217,55,24.219316937883896
Fra_217,56,23.1624317491588
Fra_217,57,20.258833577476103
Fra_217,58,20.220203771702835
Fra_217,59,20.859429857115362
Fra_217,60,22.617468063778617
Fra_217,61,21.78206059461487
Fra_217,62,22.485575234461283
Fra_217,63,20.83892148069584
Fra_217,64,22.53561444590473
Fra_217,65,32.81702434709314
Fra_217,66,56.42810865589274
Fra_217,67,34.44861032228756
Fra_217,68,24.219316937883896
Fra_217,69,34.44861032228756
Fra_217,70,28.879752079636916
Fra_217,71,22.617468063778617
Fra_217,72,20.859429857115362
Fra_217,73,19.75037962721948
Fra_217,74,20.859429857115362
Fra_217,75,26.560129567640068
Fra_217,76,27.061912799847196
Fra_217,77,28.354890672339142
Fra_217,78,29.571277384400215
Fra_217,79,31.114147915978698
Fra_217,80,56.42810865589274
Fra_217,81,28.13670639676553
Fra_217,82,29.71079430645969
Fra_217,83,40.478501415130815
Fra_217,84,71.81965094460409
Fra_217,85,319.3278826987302
Fra_217,86,59.203418782848736
Fra_217,87,86.42304168192062
Fra_217,88,88.35083340567037
Fra_217,89,67.37217209643535
Fra_217,90,44.411592432086856
Fra_217,91,36.71731431361813
Fra_217,92,28.678463741632196
Fra_217,93,41.02738908374654
Fra_217,94,28.455496970711298
Fra_217,95,28.137623186954844
Fra_217,96,27.884773705931167
Fra_218,1,74.0384806880896
Fra_218,2,19.859520847908897
Fra_218,3,19.86001820963586
Fra_218,4,24.511072030662785
Fra_218,5,14.44618390804949
Fra_218,6,14.44618390804949
Fra_218,7,13.52176298169948
Fra_218,8,16.070854223931484
Fra_218,9,11.323648559949145
Fra_218,10,11.323648559949145
Fra_218,11,11.323648559949149
Fra_218,12,11.323648559949149
Fra_218,13,11.323648559949149
Fra_218,14,14.44618390804949
Fra_218,15,20.48406032718555
Fra_218,16,42.28722274898471
Fra_218,17,24.414815920451698
Fra_218,18,25.663242157693663
Fra_218,19,28.137623186954873
Fra_218,20,46.23429139734702
Fra_218,21,31.721984697534126
Fra_218,22,39.60985498608693
Fra_218,23,66.2316794243348
Fra_218,24,56.264883167261786
Fra_218,25,58.19338913324627
Fra_218,26,68.41317855315722
Fra_218,27,37.27763012007082
Fra_218,28,57.341147051377995
Fra_218,29,423.3100671138495
Fra_218,30,39.017792039956696
Fra_218,31,39.017792039956696
Fra_218,32,34.616225145635575
Fra_218,33,41.47798855427963
Fra_218,34,36.70811501899433
Fra_218,35,36.70811501899433
Fra_218,36,30.88532064502103
Fra_218,37,53.360298499385124
Fra_218,38,53.36029849938514
Fra_218,39,45.80725506998737
Fra_218,40,102.28197449015438
Fra_218,41,21.024808941563528
Fra_218,42,36.70811501899433
Fra_218,43,36.70811501899433
Fra_218,44,36.70811501899433
Fra_218,45,87.09606295009866
Fra_218,46,43.15906096086206
Fra_218,47,36.70811501899433
Fra_218,48,36.70811501899433
Fra_218,49,20.104811566217744
Fra_218,50,21.024808941563528
Fra_218,51,24.219316937883978
Fra_218,52,21.024808941563528
Fra_218,53,22.617468063778695
Fra_218,54,22.617468063778695
Fra_218,55,24.219316937883978
Fra_218,56,23.162431749158877
Fra_218,57,20.25883357747617
Fra_218,58,20.220203771702913
Fra_218,59,20.85942985711543
Fra_218,60,22.617468063778695
Fra_218,61,21.782060594614954
Fra_218,62,22.485575234461365
Fra_218,63,20.83892148069592
Fra_218,64,22.535614445904816
Fra_218,65,32.81702434709327
Fra_218,66,56.428108655893
Fra_218,67,34.44861032228768
Fra_218,68,24.219316937883978
Fra_218,69,34.44861032228768
Fra_218,70,28.879752079636965
Fra_218,71,22.617468063778695
Fra_218,72,20.85942985711543
Fra_218,73,19.750379627219555
Fra_218,74,20.85942985711543
Fra_218,75,26.560129567640082
Fra_218,76,27.061912799847217
Fra_218,77,28.354890672339177
Fra_218,78,29.571277384400265
Fra_218,79,31.114147915978773
Fra_218,80,56.428108655893
Fra_218,81,28.136706396765565
Fra_218,82,29.710794306459743
Fra_218,83,40.47850141513094
Fra_218,84,71.8196509446044
Fra_218,85,319.32788269873134
Fra_218,86,59.20341878284896
Fra_218,87,86.42304168192092
Fra_218,88,88.35083340567068
Fra_218,89,67.37217209643563
Fra_218,90,44.41159243208702
Fra_218,91,36.71731431361823
Fra_218,92,28.678463741632232
Fra_218,93,41.02738908374663
Fra_218,94,28.45549697071133
Fra_218,95,28.137623186954873
Fra_218,96,27.88477370593119
Fra_219,1,73.89693636460755
Fra_219,2,19.54097731538512
Fra_219,3,19.541702707266083
Fra_219,4,24.470645298933288
Fra_219,5,14.271024417466677
Fra_219,6,14.271024417466677
Fra_219,7,13.380313468661525
Fra_219,8,16.04765945570702
Fra_219,9,11.311281338534334
Fra_219,10,11.311281338534334
Fra_219,11,11.311281338534338
Fra_219,12,11.311281338534338
Fra_219,13,11.311281338534338
Fra_219,14,14.271024417466677
Fra_219,15,20.451855340474687
Fra_219,16,42.210503354263295
Fra_219,17,24.37458570992773
Fra_219,18,25.62046309880446
Fra_219,19,28.089792310142233
Fra_219,20,45.71690516869751
Fra_219,21,31.511973300474597
Fra_219,22,39.08051615776464
Fra_219,23,65.0665104013791
Fra_219,24,55.063789742372236
Fra_219,25,57.436021723003535
Fra_219,26,67.86425657589123
Fra_219,27,36.84270757248692
Fra_219,28,56.881800072875976
Fra_219,29,419.9016614883775
Fra_219,30,38.70076809150459
Fra_219,31,38.70076809150459
Fra_219,32,34.35705887544567
Fra_219,33,41.143432398162446
Fra_219,34,36.42145129297594
Fra_219,35,36.42145129297593
Fra_219,36,30.514951909613956
Fra_219,37,52.95865652459483
Fra_219,38,52.95865652459484
Fra_219,39,45.441219635966675
Fra_219,40,101.45904702855553
Fra_219,41,20.60146439832646
Fra_219,42,36.42145129297594
Fra_219,43,36.42145129297593
Fra_219,44,36.42145129297594
Fra_219,45,86.39599261794453
Fra_219,46,42.812524903805816
Fra_219,47,36.42145129297593
Fra_219,48,36.42145129297593
Fra_219,49,19.699991608375367
Fra_219,50,20.60146439832646
Fra_219,51,23.73164945443241
Fra_219,52,20.60146439832646
Fra_219,53,22.162054570450305
Fra_219,54,22.162054570450305
Fra_219,55,23.73164945443241
Fra_219,56,22.696045152431108
Fra_219,57,19.864140800267343
Fra_219,58,19.832640871275824
Fra_219,59,20.442207601040547
Fra_219,60,22.162054570450305
Fra_219,61,21.335524926231095
Fra_219,62,22.035454224234
Fra_219,63,20.42470341962955
Fra_219,64,22.08658244711811
Fra_219,65,32.16984670051579
Fra_219,66,55.21791054030547
Fra_219,67,33.74634067570112
Fra_219,68,23.73164945443241
Fra_219,69,33.74634067570112
Fra_219,70,28.59481782095301
Fra_219,71,22.162054570450305
Fra_219,72,20.442207601040547
Fra_219,73,19.381797082819972
Fra_219,74,20.442207601040547
Fra_219,75,26.471733093175803
Fra_219,76,26.931001060892044
Fra_219,77,28.28323840122133
Fra_219,78,29.418135404698806
Fra_219,79,30.84850516814819
Fra_219,80,55.21791054030547
Fra_219,81,28.07444903216491
Fra_219,82,29.58481760464877
Fra_219,83,39.914388061595574
Fra_219,84,70.34142624805779
Fra_219,85,316.7490094600288
Fra_219,86,58.46474588797416
Fra_219,87,85.72841622944001
Fra_219,88,87.64061172396623
Fra_219,89,66.1436659140051
Fra_219,90,43.68856815056
Fra_219,91,36.3050752281889
Fra_219,92,28.591664275460175
Fra_219,93,40.78998203248243
Fra_219,94,28.384762683937655
Fra_219,95,28.089792310142233
Fra_219,96,27.8415574792715
Fra_220,1,74.45760523515143
Fra_220,2,20.75587701340419
Fra_220,3,20.75573649069323
Fra_220,4,24.63077895502746
Fra_220,5,14.939536585612178
Fra_220,6,14.939536585612178
Fra_220,7,13.920484337262275
Fra_220,8,16.13953586715905
Fra_220,9,11.360177356678033
Fra_220,10,11.360177356678033
Fra_220,11,11.360177356678037
Fra_220,12,11.360177356678037
Fra_220,13,11.360177356678037
Fra_220,14,14.939536585612178
Fra_220,15,20.57942197883126
Fra_220,16,42.51439527538807
Fra_220,17,24.533940929136335
Fra_220,18,25.789914518969532
Fra_220,19,28.279254402439182
Fra_220,20,47.695804862987444
Fra_220,21,32.31860510468967
Fra_220,22,41.10260856948997
Fra_220,23,69.48794865009249
Fra_220,24,59.64121870981967
Fra_220,25,60.01315194942126
Fra_220,26,69.3760945640187
Fra_220,27,38.50542193300211
Fra_220,28,58.14600655090164
Fra_220,29,429.30050380426565
Fra_220,30,39.58145926723425
Fra_220,31,39.58145926723425
Fra_220,32,35.05224912853265
Fra_220,33,42.068608285344986
Fra_220,34,37.204802764758824
Fra_220,35,37.204802764758824
Fra_220,36,31.75478904186316
Fra_220,37,54.031617916240776
Fra_220,38,54.03161791624079
Fra_220,39,46.447464863769724
Fra_220,40,103.72837754024215
Fra_220,41,22.20791952970669
Fra_220,42,37.204802764758824
Fra_220,43,37.204802764758824
Fra_220,44,37.204802764758824
Fra_220,45,88.32568263941647
Fra_220,46,43.768097558280246
Fra_220,47,37.204802764758824
Fra_220,48,37.204802764758824
Fra_220,49,21.236151950937856
Fra_220,50,22.20791952970669
Fra_220,51,25.582189265829836
Fra_220,52,22.20791952970669
Fra_220,53,23.890200958409054
Fra_220,54,23.890200958409054
Fra_220,55,25.582189265829836
Fra_220,56,24.465830906113847
Fra_220,57,21.362115986187938
Fra_220,58,21.308269747748042
Fra_220,59,22.025430639827185
Fra_220,60,23.890200958409054
Fra_220,61,23.031832993194687
Fra_220,62,23.742325116002654
Fra_220,63,21.994092279307793
Fra_220,64,23.788372903421152
Fra_220,65,34.619522443675365
Fra_220,66,59.83156747768359
Fra_220,67,36.41371609541992
Fra_220,68,25.582189265829836
Fra_220,69,36.41371609541992
Fra_220,70,29.67605084800193
Fra_220,71,23.890200958409054
Fra_220,72,22.025430639827185
Fra_220,73,20.78671336324131
Fra_220,74,22.025430639827185
Fra_220,75,26.80716902182445
Fra_220,76,27.42776861857538
Fra_220,77,28.56199019515667
Fra_220,78,30.007379644075897
Fra_220,79,31.865103227544388
Fra_220,80,59.83156747768359
Fra_220,81,28.3170893790623
Fra_220,82,30.070016296127626
Fra_220,83,42.068608285344986
Fra_220,84,75.93711236480489
Fra_220,85,323.8726800268782
Fra_220,86,60.9450647510953
Fra_220,87,87.64305379437381
Fra_220,88,89.59836531287785
Fra_220,89,70.81610723171627
Fra_220,90,46.447464863769724
Fra_220,91,37.88144919952488
Fra_220,92,28.92931272996179
Fra_220,93,41.70093477948186
Fra_220,94,28.66131987154084
Fra_220,95,28.279254402439182
Fra_220,96,28.012740557436626
Fra_221,1,73.6560997585284
Fra_221,2,18.912415395085116
Fra_221,3,18.913597713946803
Fra_221,4,24.40185951773706
Fra_221,5,13.926257032991906
Fra_221,6,13.926257032991906
Fra_221,7,13.102480951415611
Fra_221,8,16.008193731327896
Fra_221,9,11.290056552793962
Fra_221,10,11.290056552793962
Fra_221,11,11.290056552793965
Fra_221,12,11.290056552793965
Fra_221,13,11.290056552793965
Fra_221,14,13.926257032991906
Fra_221,15,20.39705879683758
Fra_221,16,42.07996587885902
Fra_221,17,24.30613430809054
Fra_221,18,25.547674850567564
Fra_221,19,28.00840843155238
Fra_221,20,44.70637514270284
Fra_221,21,31.10803182924289
Fra_221,22,38.041980999798405
Fra_221,23,62.72594896196347
Fra_221,24,52.687384707695756
Fra_221,25,55.425543295318704
Fra_221,26,65.8175073531866
Fra_221,27,35.99180419875108
Fra_221,28,55.167469439495314
Fra_221,29,407.21182269246964
Fra_221,30,37.53106577999334
Fra_221,31,37.53106577999334
Fra_221,32,33.358074399416665
Fra_221,33,39.90207072205074
Fra_221,34,35.34133141225553
Fra_221,35,35.34133141225552
Fra_221,36,29.496160346283368
Fra_221,37,51.40436654991212
Fra_221,38,51.404366549912126
Fra_221,39,44.07317415371232
Fra_221,40,98.39544580667905
Fra_221,41,19.75106081398281
Fra_221,42,35.34133141225553
Fra_221,43,35.34133141225552
Fra_221,44,35.34133141225553
Fra_221,45,83.78832211582194
Fra_221,46,41.5221977975743
Fra_221,47,35.34133141225552
Fra_221,48,35.34133141225552
Fra_221,49,18.88679973272098
Fra_221,50,19.75106081398281
Fra_221,51,22.752035609113932
Fra_221,52,19.75106081398281
Fra_221,53,21.247231707437642
Fra_221,54,21.247231707437642
Fra_221,55,22.752035609113932
Fra_221,56,21.75917980272225
Fra_221,57,19.071743084957436
Fra_221,58,19.06326137818796
Fra_221,59,19.604102309022327
Fra_221,60,21.247231707437642
Fra_221,61,20.44189932403114
Fra_221,62,21.129009767283584
Fra_221,63,19.588032863610188
Fra_221,64,21.180534134546278
Fra_221,65,30.85818484530319
Fra_221,66,52.82631591123618
Fra_221,67,32.340237574379266
Fra_221,68,22.752035609113932
Fra_221,69,32.340237574379266
Fra_221,70,28.022449241369262
Fra_221,71,21.247231707437642
Fra_221,72,19.604102309022327
Fra_221,73,18.652966955823416
Fra_221,74,19.604102309022327
Fra_221,75,26.294164538369444
Fra_221,76,26.66802894085743
Fra_221,77,28.151915717537356
Fra_221,78,29.125470370074094
Fra_221,79,30.330661323443547
Fra_221,80,52.82631591123618
Fra_221,81,27.961145159379193
Fra_221,82,29.34490198148157
Fra_221,83,38.80630108810537
Fra_221,84,67.35435849266113
Fra_221,85,307.16898037090493
Fra_221,86,56.448911142862066
Fra_221,87,83.14095202645201
Fra_221,88,84.99526890988358
Fra_221,89,63.69801470025934
Fra_221,90,42.26432337642663
Fra_221,91,35.499250292655624
Fra_221,92,28.43257966842697
Fra_221,93,40.331547467012534
Fra_221,94,28.25771095677891
Fra_221,95,28.00840843155238
Fra_221,96,27.768025393347987
Fra_222,1,74.34052106061236
Fra_222,2,20.5074903378168
Fra_222,3,20.50752640678106
Fra_222,4,24.597338330935877
Fra_222,5,14.802803895477231
Fra_222,6,14.802803895477231
Fra_222,7,13.809964447937496
Fra_222,8,16.12034936624981
Fra_222,9,11.349977494473212
Fra_222,10,11.349977494473212
Fra_222,11,11.349977494473215
Fra_222,12,11.349977494473215
Fra_222,13,11.349977494473215
Fra_222,14,14.802803895477231
Fra_222,15,20.552782307297125
Fra_222,16,42.45093369119226
Fra_222,17,24.50066286559513
Fra_222,18,25.7545280712874
Fra_222,19,28.23968913700628
Fra_222,20,47.290554540103074
Fra_222,21,32.15302121173851
Fra_222,22,40.68880960560825
Fra_222,23,68.58662709413204
Fra_222,24,58.70576788540406
Fra_222,25,59.51836148985103
Fra_222,26,69.12694587145776
Fra_222,27,38.16501329367787
Fra_222,28,57.937802659028925
Fra_222,29,427.7499569360392
Fra_222,30,39.43525549280115
Fra_222,31,39.43525549280115
Fra_222,32,34.940479664578525
Fra_222,33,41.91561525191092
Fra_222,34,37.07666804108776
Fra_222,35,37.07666804108776
Fra_222,36,31.51924803820427
Fra_222,37,53.859666601872306
Fra_222,38,53.85966660187231
Fra_222,39,46.28191375050065
Fra_222,40,103.35398073047993
Fra_222,41,21.880439520454583
Fra_222,42,37.07666804108776
Fra_222,43,37.07666804108776
Fra_222,44,37.07666804108776
Fra_222,45,88.00744391782234
Fra_222,46,43.61046536862383
Fra_222,47,37.07666804108776
Fra_222,48,37.07666804108776
Fra_222,49,20.923001715137083
Fra_222,50,21.880439520454583
Fra_222,51,25.20495196693488
Fra_222,52,21.880439520454583
Fra_222,53,23.537913873595492
Fra_222,54,23.537913873595492
Fra_222,55,25.20495196693488
Fra_222,56,24.10505552952906
Fra_222,57,21.056720962319684
Fra_222,58,21.00687218489489
Fra_222,59,21.702686552387576
Fra_222,60,23.537913873595492
Fra_222,61,22.685819791024116
Fra_222,62,23.39451901341109
Fra_222,63,21.67446216584336
Fra_222,64,23.441716894384744
Fra_222,65,34.12089252857031
Fra_222,66,58.888532626944375
Fra_222,67,35.86966976810084
Fra_222,68,25.20495196693488
Fra_222,69,35.86966976810084
Fra_222,70,29.455638715235146
Fra_222,71,23.537913873595492
Fra_222,72,21.702686552387576
Fra_222,73,20.499575352454734
Fra_222,74,21.702686552387576
Fra_222,75,26.738789545254217
Fra_222,76,27.32650127459017
Fra_222,77,28.504356316686867
Fra_222,78,29.88630036993971
Fra_222,79,31.656854568629242
Fra_222,80,58.888532626944375
Fra_222,81,28.266871634293352
Fra_222,82,29.970263185015558
Fra_222,83,41.62785519424223
Fra_222,84,74.79744413789105
Fra_222,85,322.69563905462684
Fra_222,86,60.47269530817824
Fra_222,87,87.32730393145751
Fra_222,88,89.2754864016126
Fra_222,89,69.86216257709586
Fra_222,90,45.883250595395026
Fra_222,91,37.55867254736
Fra_222,92,28.8595021880309
Fra_222,93,41.51404863391356
Fra_222,94,28.603978238566654
Fra_222,95,28.23968913700628
Fra_222,96,27.9769924885585
Fra_223,1,82.40668843243664
Fra_223,2,26.913289653715523
Fra_223,3,26.909685903616907
Fra_223,4,26.901131068108466
Fra_223,5,18.4424255988546
Fra_223,6,18.4424255988546
Fra_223,7,16.82829142830221
Fra_223,8,17.442146511106042
Fra_223,9,12.34740147648807
Fra_223,10,12.34740147648807
Fra_223,11,12.347401476488074
Fra_223,12,12.347401476488074
Fra_223,13,12.347401476488074
Fra_223,14,18.4424255988546
Fra_223,15,22.388043564172225
Fra_223,16,46.822931545041065
Fra_223,17,26.793256475194802
Fra_223,18,28.19237256070749
Fra_223,19,30.965420896646798
Fra_223,20,59.105761445520514
Fra_223,21,37.795865926229894
Fra_223,22,52.144585781065
Fra_223,23,86.39865876771633
Fra_223,24,81.99585587490463
Fra_223,25,64.28264209251913
Fra_223,26,60.96764495005871
Fra_223,27,47.90206656906546
Fra_223,28,51.027250398499966
Fra_223,29,381.6986977192648
Fra_223,30,34.83051121166781
Fra_223,31,34.83051121166781
Fra_223,32,28.389255872394962
Fra_223,33,36.937522905580245
Fra_223,34,31.450528628087373
Fra_223,35,31.450528628087373
Fra_223,36,31.14183887680483
Fra_223,37,44.915795045728245
Fra_223,38,44.91579504572826
Fra_223,39,40.672200650704475
Fra_223,40,91.37481950929663
Fra_223,41,28.352141277380234
Fra_223,42,31.450528628087373
Fra_223,43,31.45052862808737
Fra_223,44,31.45052862808737
Fra_223,45,77.7410114489632
Fra_223,46,38.37726123475901
Fra_223,47,31.450528628087373
Fra_223,48,31.450528628087373
Fra_223,49,27.11151665942911
Fra_223,50,28.352141277380234
Fra_223,51,32.65996363501175
Fra_223,52,28.352141277380234
Fra_223,53,30.499856225242908
Fra_223,54,30.499856225242908
Fra_223,55,32.65996363501175
Fra_223,56,31.234744586981897
Fra_223,57,27.15161608718291
Fra_223,58,28.172854391675184
Fra_223,59,28.080796417751444
Fra_223,60,30.499856225242908
Fra_223,61,31.259618347326803
Fra_223,62,31.231024257863766
Fra_223,63,29.95745790869984
Fra_223,64,32.0213001659463
Fra_223,65,48.945694378264974
Fra_223,66,82.73844718188107
Fra_223,67,47.229298912187815
Fra_223,68,32.65996363501175
Fra_223,69,47.229298912187815
Fra_223,70,33.81145142616127
Fra_223,71,30.499856225242908
Fra_223,72,28.080796417751444
Fra_223,73,27.7040977587603
Fra_223,74,28.080796417751444
Fra_223,75,28.09011349222702
Fra_223,76,29.327759456684994
Fra_223,77,32.46313429032991
Fra_223,78,35.033935257101966
Fra_223,79,39.14832083954401
Fra_223,80,82.73844718188107
Fra_223,81,32.02732106238794
Fra_223,82,35.506175696278774
Fra_223,83,53.929504801606136
Fra_223,84,102.7137463078064
Fra_223,85,286.23715918453655
Fra_223,86,64.03680527223383
Fra_223,87,77.13677753342547
Fra_223,88,78.86753582689879
Fra_223,89,95.25711701191553
Fra_223,90,61.24839123650496
Fra_223,91,46.8828035433167
Fra_223,92,32.25943746442661
Fra_223,93,50.891774390624946
Fra_223,94,31.72596656779953
Fra_223,95,30.965420896646798
Fra_223,96,30.439749799062536
Fra_224,1,46.87057674754746
Fra_224,2,19.795038912050455
Fra_224,3,19.790664971487672
Fra_224,4,16.75159756190179
Fra_224,5,13.801233142187105
Fra_224,6,13.801233142187105
Fra_224,7,12.589347957604993
Fra_224,8,11.618869011502731
Fra_224,9,8.752297244520975
Fra_224,10,8.752297244520975
Fra_224,11,8.752297244520978
Fra_224,12,8.752297244520978
Fra_224,13,8.752297244520978
Fra_224,14,13.801233142187105
Fra_224,15,14.302661004039003
Fra_224,16,27.561763649720177
Fra_224,17,16.693061574283462
Fra_224,18,17.452263900300295
Fra_224,19,18.95700304853957
Fra_224,20,38.7946031588458
Fra_224,21,24.29856355884464
Fra_224,22,35.28627010225075
Fra_224,23,95.21142345678284
Fra_224,24,60.51127482880046
Fra_224,25,60.32099119548336
Fra_224,26,70.45740024963406
Fra_224,27,32.03750947567086
Fra_224,28,59.36690859206464
Fra_224,29,426.3083852140804
Fra_224,30,41.015044318197674
Fra_224,31,41.015044318197674
Fra_224,32,48.09926720927294
Fra_224,33,43.4785247235917
Fra_224,34,44.73241752090932
Fra_224,35,44.73241752090932
Fra_224,36,44.13950833304317
Fra_224,37,66.18543414632124
Fra_224,38,66.18543414632127
Fra_224,39,47.81378640501484
Fra_224,40,104.38266488881327
Fra_224,41,31.55411092165088
Fra_224,42,44.73241752090932
Fra_224,43,44.73241752090933
Fra_224,44,44.73241752090934
Fra_224,45,89.17143421081968
Fra_224,46,45.161841039810504
Fra_224,47,44.73241752090932
Fra_224,48,44.73241752090932
Fra_224,49,30.173375462414423
Fra_224,50,31.55411092165088
Fra_224,51,36.3484403225106
Fra_224,52,31.55411092165088
Fra_224,53,33.944379615289684
Fra_224,54,33.944379615289684
Fra_224,55,36.3484403225106
Fra_224,56,34.76226312731361
Fra_224,57,29.757343227139557
Fra_224,58,23.4057462782066
Fra_224,59,31.23646009691639
Fra_224,60,33.944379615289684
Fra_224,61,29.188363210272563
Fra_224,62,33.97477775625268
Fra_224,63,31.741345994666393
Fra_224,64,34.23144027072145
Fra_224,65,50.43043160873057
Fra_224,66,58.71389113762355
Fra_224,67,48.67099382531349
Fra_224,68,36.3484403225106
Fra_224,69,48.67099382531349
Fra_224,70,35.96655383977114
Fra_224,71,33.944379615289684
Fra_224,72,31.23646009691639
Fra_224,73,20.754857865468455
Fra_224,74,31.23646009691639
Fra_224,75,28.758700893238274
Fra_224,76,30.31791138118591
Fra_224,77,20.055647898977035
Fra_224,78,22.025621962965687
Fra_224,79,25.2669837506195
Fra_224,80,58.71389113762355
Fra_224,81,20.143179530957504
Fra_224,82,21.69405982185928
Fra_224,83,36.52576370568081
Fra_224,84,74.18059569011
Fra_224,85,321.79044898967925
Fra_224,86,61.32343785263334
Fra_224,87,88.49729082901186
Fra_224,88,90.42829671770923
Fra_224,89,65.85335680321404
Fra_224,90,42.02815729213163
Fra_224,91,31.256996431247753
Fra_224,92,20.05897620524829
Fra_224,93,30.57355978468882
Fra_224,94,19.604677069822998
Fra_224,95,18.95700304853957
Fra_224,96,19.589885817247414
Fra_225,1,73.79606871407744
Fra_225,2,19.283419191749456
Fra_225,3,19.284331417463175
Fra_225,4,24.441836305765275
Fra_225,5,14.12970428129416
Fra_225,6,14.12970428129416
Fra_225,7,13.266396742198094
Fra_225,8,16.031130345122882
Fra_225,9,11.302404254663758
Fra_225,10,11.302404254663758
Fra_225,11,11.302404254663761
Fra_225,12,11.302404254663761
Fra_225,13,11.302404254663761
Fra_225,14,14.12970428129416
Fra_225,15,20.428905346685
Fra_225,16,42.15583139776747
Fra_225,17,24.345916762165942
Fra_225,18,25.589977784693012
Fra_225,19,28.05570695759542
Fra_225,20,45.30224265310248
Fra_225,21,31.345861455131434
Fra_225,22,38.65462916469407
Fra_225,23,64.1097971890132
Fra_225,24,54.09040046283772
Fra_225,25,56.639839822886124
Fra_225,26,67.07716630209103
Fra_225,27,36.4936288986381
Fra_225,28,56.222589560502406
Fra_225,29,415.02116520774547
Fra_225,30,38.25060500987209
Fra_225,31,38.25060500987209
Fra_225,32,33.97387477158881
Fra_225,33,40.665890024299635
Fra_225,34,36.006434742015394
Fra_225,35,36.006434742015394
Fra_225,36,30.112967087235532
Fra_225,37,52.36260210162026
Fra_225,38,52.36260210162027
Fra_225,39,44.91522328168718
Fra_225,40,100.28077889877345
Fra_225,41,20.25385876350577
Fra_225,42,36.006434742015394
Fra_225,43,36.006434742015394
Fra_225,44,36.006434742015394
Fra_225,45,85.39311874570913
Fra_225,46,42.3162740355556
Fra_225,47,36.006434742015394
Fra_225,48,36.006434742015394
Fra_225,49,19.367596398181096
Fra_225,50,20.25385876350577
Fra_225,51,23.331228643831192
Fra_225,52,20.25385876350577
Fra_225,53,21.78811731536285
Fra_225,54,21.78811731536285
Fra_225,55,23.331228643831192
Fra_225,56,22.31309794874734
Fra_225,57,19.540220140623823
Fra_225,58,19.51764419858361
Fra_225,59,20.09962893904746
Fra_225,60,21.78811731536285
Fra_225,61,20.97006598418375
Fra_225,62,21.665068627425736
Fra_225,63,20.082970416306843
Fra_225,64,21.716459720842252
Fra_225,65,31.634355257866382
Fra_225,66,54.2381396505979
Fra_225,67,33.17133445196158
Fra_225,68,23.331228643831192
Fra_225,69,33.17133445196158
Fra_225,70,28.360860030651384
Fra_225,71,21.78811731536285
Fra_225,72,20.09962893904746
Fra_225,73,19.083240081571816
Fra_225,74,20.09962893904746
Fra_225,75,26.399151284545145
Fra_225,76,26.82351022664853
Fra_225,77,28.228857958670616
Fra_225,78,29.297674144593262
Fra_225,79,30.635956632099703
Fra_225,80,54.2381396505979
Fra_225,81,28.02748149009023
Fra_225,82,29.486020423620996
Fra_225,83,39.46005494076879
Fra_225,84,69.12122025204377
Fra_225,85,313.0639042646299
Fra_225,86,57.66863007784829
Fra_225,87,84.73331561897646
Fra_225,88,86.62324550256456
Fra_225,89,65.1426933961948
Fra_225,90,43.1048340806724
Fra_225,91,35.97444971293301
Fra_225,92,28.52578621655215
Fra_225,93,40.601569373959656
Fra_225,94,28.331991476974977
Fra_225,95,28.05570695759542
Fra_225,96,27.81076062962961
Fra_226,1,73.82485438508425
Fra_226,2,19.360373576273354
Fra_226,3,19.361229733948896
Fra_226,4,24.450057833628904
Fra_226,5,14.171898188885729
Fra_226,6,14.171898188885729
Fra_226,7,13.300388273885446
Fra_226,8,16.035847432680782
Fra_226,9,11.304945156754357
Fra_226,10,11.304945156754357
Fra_226,11,11.30494515675436
Fra_226,12,11.30494515675436
Fra_226,13,11.30494515675436
Fra_226,14,14.171898188885729
Fra_226,15,20.43545482976869
Fra_226,16,42.171433713720276
Fra_226,17,24.35409832378699
Fra_226,18,25.598677702039552
Fra_226,19,28.065434256084153
Fra_226,20,45.42577198773977
Fra_226,21,31.395125403691214
Fra_226,22,38.78166755819552
Fra_226,23,64.3971037654898
Fra_226,24,54.38145778648999
Fra_226,25,56.894414301564225
Fra_226,26,67.34349055415582
Fra_226,27,36.59767154198164
Fra_226,28,56.44567376094461
Fra_226,29,416.67220989753855
Fra_226,30,38.40270261911316
Fra_226,31,38.40270261911316
Fra_226,32,34.10417826591933
Fra_226,33,40.827366152478646
Fra_226,34,36.147096113296286
Fra_226,35,36.147096113296286
Fra_226,36,30.242434973513305
Fra_226,37,52.56536702420191
Fra_226,38,52.565367024201926
Fra_226,39,45.09326370812959
Fra_226,40,100.67937232695785
Fra_226,41,20.358246769873254
Fra_226,42,36.147096113296286
Fra_226,43,36.147096113296286
Fra_226,44,36.147096113296286
Fra_226,45,85.7324060204724
Fra_226,46,42.484158582456196
Fra_226,47,36.147096113296286
Fra_226,48,36.147096113296286
Fra_226,49,19.467416625019997
Fra_226,50,20.358246769873254
Fra_226,51,23.451477356566464
Fra_226,52,20.358246769873254
Fra_226,53,21.90041286139232
Fra_226,54,21.90041286139232
Fra_226,55,23.451477356566464
Fra_226,56,22.428099235067606
Fra_226,57,19.637479801717454
Fra_226,58,19.61192293908838
Fra_226,59,20.202507316056355
Fra_226,60,21.90041286139232
Fra_226,61,21.07970023004017
Fra_226,62,21.776376761951198
Fra_226,63,20.185756485491694
Fra_226,64,21.827751866328008
Fra_226,65,31.79557509377935
Fra_226,66,54.53100611887837
Fra_226,67,33.343853032584555
Fra_226,68,23.451477356566464
Fra_226,69,33.343853032584555
Fra_226,70,28.431118924228663
Fra_226,71,21.90041286139232
Fra_226,72,20.202507316056355
Fra_226,73,19.172498054804947
Fra_226,74,20.202507316056355
Fra_226,75,26.420948026434584
Fra_226,76,26.855790353221412
Fra_226,77,28.244753315301477
Fra_226,78,29.333332189912085
Fra_226,79,30.699241478828935
Fra_226,80,54.53100611887837
Fra_226,81,28.041180307186995
Fra_226,82,29.515236587989385
Fra_226,83,39.595625664907416
Fra_226,84,69.4880779442745
Fra_226,85,314.31013584069194
Fra_226,86,57.92455020193374
Fra_226,87,85.06997451660999
Fra_226,88,86.9674330830454
Fra_226,89,65.44246438151592
Fra_226,90,43.27915901307881
Fra_226,91,36.07296763930673
Fra_226,92,28.545041031549335
Fra_226,93,40.657514800470935
Fra_226,94,28.347318480767154
Fra_226,95,28.065434256084153
Fra_226,96,27.819549453173916
Fra_227,1,73.66957654373462
Fra_227,2,18.945644072391893
Fra_227,3,18.946802370988443
Fra_227,4,24.405708646877002
Fra_227,5,13.944499756826147
Fra_227,6,13.944499756826147
Fra_227,7,13.117193269052288
Fra_227,8,16.01040216259225
Fra_227,9,11.291240069630202
Fra_227,10,11.291240069630202
Fra_227,11,11.291240069630206
Fra_227,12,11.291240069630206
Fra_227,13,11.291240069630206
Fra_227,14,13.944499756826147
Fra_227,15,20.400125113294468
Fra_227,16,42.087270522227094
Fra_227,17,24.30996472596033
Fra_227,18,25.55174795059582
Fra_227,19,28.012962527662854
Fra_227,20,44.759997779203445
Fra_227,21,31.12958866328864
Fra_227,22,38.09699850378291
Fra_227,23,62.84887976131387
Fra_227,24,52.81288916907797
Fra_227,25,55.522270810901276
Fra_227,26,65.90786643370484
Fra_227,27,36.03692830900446
Fra_227,28,55.24313720308789
Fra_227,29,407.77223501138343
Fra_227,30,37.582825574620934
Fra_227,31,37.582825574620934
Fra_227,32,33.40184223826796
Fra_227,33,39.95693258983291
Fra_227,34,35.388897510171866
Fra_227,35,35.388897510171866
Fra_227,36,29.54467109302672
Fra_227,37,51.47241554897669
Fra_227,38,51.472415548976706
Fra_227,39,44.13353776445293
Fra_227,40,98.53074489797322
Fra_227,41,19.795725649792423
Fra_227,42,35.388897510171866
Fra_227,43,35.388897510171866
Fra_227,44,35.388897510171866
Fra_227,45,83.9034712428386
Fra_227,46,41.57917933732292
Fra_227,47,35.388897510171866
Fra_227,48,35.388897510171866
Fra_227,49,18.929510137846854
Fra_227,50,19.795725649792423
Fra_227,51,22.803486816944556
Fra_227,52,19.795725649792423
Fra_227,53,21.29527996796194
Fra_227,54,21.29527996796194
Fra_227,55,22.803486816944556
Fra_227,56,21.808385777145272
Fra_227,57,19.113369920987214
Fra_227,58,19.103844714376482
Fra_227,59,19.64812121480816
Fra_227,60,21.29527996796194
Fra_227,61,20.48889788181861
Fra_227,62,21.1765747328532
Fra_227,63,19.63188811983266
Fra_227,64,21.228043908367873
Fra_227,65,30.926852660207842
Fra_227,66,52.9526771384825
Fra_227,67,32.41417630922358
Fra_227,68,22.803486816944556
Fra_227,69,32.41417630922358
Fra_227,70,28.052511142683354
Fra_227,71,21.29527996796194
Fra_227,72,19.64812121480816
Fra_227,73,18.69146664799997
Fra_227,74,19.64812121480816
Fra_227,75,26.30349078121624
Fra_227,76,26.68184074360626
Fra_227,77,28.159052642033455
Fra_227,78,29.141126172083037
Fra_227,79,30.358159206437247
Fra_227,80,52.9526771384825
Fra_227,81,27.967319444228508
Fra_227,82,29.35775234904038
Fra_227,83,38.8649772590999
Fra_227,84,67.51096618669037
Fra_227,85,307.59227450849215
Fra_227,86,56.54513975683916
Fra_227,87,83.25520813137541
Fra_227,88,85.11208297349556
Fra_227,89,63.826904604561875
Fra_227,90,42.33966289245268
Fra_227,91,35.54199752023023
Fra_227,92,28.44122576149554
Fra_227,93,40.35597566468161
Fra_227,94,28.26467008436297
Fra_227,95,28.012962527662854
Fra_227,96,27.772140117201186
Fra_228,1,74.45760523515143
Fra_228,2,20.75587701340419
Fra_228,3,20.75573649069323
Fra_228,4,24.63077895502746
Fra_228,5,14.939536585612178
Fra_228,6,14.939536585612178
Fra_228,7,13.920484337262275
Fra_228,8,16.13953586715905
Fra_228,9,11.360177356678033
Fra_228,10,11.360177356678033
Fra_228,11,11.360177356678037
Fra_228,12,11.360177356678037
Fra_228,13,11.360177356678037
Fra_228,14,14.939536585612178
Fra_228,15,20.57942197883126
Fra_228,16,42.51439527538807
Fra_228,17,24.533940929136335
Fra_228,18,25.789914518969532
Fra_228,19,28.279254402439182
Fra_228,20,47.695804862987444
Fra_228,21,32.31860510468967
Fra_228,22,41.10260856948997
Fra_228,23,69.48794865009249
Fra_228,24,59.64121870981967
Fra_228,25,60.01315194942126
Fra_228,26,69.3760945640187
Fra_228,27,38.50542193300211
Fra_228,28,58.14600655090164
Fra_228,29,429.30050380426565
Fra_228,30,39.58145926723425
Fra_228,31,39.58145926723425
Fra_228,32,35.05224912853265
Fra_228,33,42.06860828534498
Fra_228,34,37.204802764758824
Fra_228,35,37.204802764758824
Fra_228,36,31.75478904186316
Fra_228,37,54.031617916240776
Fra_228,38,54.03161791624079
Fra_228,39,46.447464863769724
Fra_228,40,103.72837754024215
Fra_228,41,22.20791952970669
Fra_228,42,37.204802764758824
Fra_228,43,37.204802764758824
Fra_228,44,37.204802764758824
Fra_228,45,88.32568263941647
Fra_228,46,43.768097558280246
Fra_228,47,37.204802764758824
Fra_228,48,37.204802764758824
Fra_228,49,21.236151950937856
Fra_228,50,22.20791952970669
Fra_228,51,25.582189265829836
Fra_228,52,22.20791952970669
Fra_228,53,23.890200958409054
Fra_228,54,23.890200958409054
Fra_228,55,25.582189265829836
Fra_228,56,24.465830906113847
Fra_228,57,21.362115986187938
Fra_228,58,21.308269747748042
Fra_228,59,22.025430639827185
Fra_228,60,23.890200958409054
Fra_228,61,23.031832993194687
Fra_228,62,23.742325116002654
Fra_228,63,21.994092279307793
Fra_228,64,23.788372903421152
Fra_228,65,34.619522443675365
Fra_228,66,59.83156747768359
Fra_228,67,36.41371609541992
Fra_228,68,25.582189265829836
Fra_228,69,36.41371609541992
Fra_228,70,29.67605084800193
Fra_228,71,23.890200958409054
Fra_228,72,22.025430639827185
Fra_228,73,20.78671336324131
Fra_228,74,22.025430639827185
Fra_228,75,26.80716902182445
Fra_228,76,27.42776861857538
Fra_228,77,28.56199019515667
Fra_228,78,30.007379644075897
Fra_228,79,31.865103227544388
Fra_228,80,59.83156747768359
Fra_228,81,28.3170893790623
Fra_228,82,30.070016296127626
Fra_228,83,42.068608285344986
Fra_228,84,75.9371123648049
Fra_228,85,323.8726800268782
Fra_228,86,60.9450647510953
Fra_228,87,87.6430537943738
Fra_228,88,89.59836531287785
Fra_228,89,70.81610723171629
Fra_228,90,46.447464863769724
Fra_228,91,37.881449199524916
Fra_228,92,28.929312729961794
Fra_228,93,41.70093477948186
Fra_228,94,28.66131987154084
Fra_228,95,28.279254402439182
Fra_228,96,28.012740557436626
Fra_229,1,74.34052106061228
Fra_229,2,20.50749033781678
Fra_229,3,20.50752640678104
Fra_229,4,24.597338330935855
Fra_229,5,14.802803895477217
Fra_229,6,14.802803895477217
Fra_229,7,13.809964447937485
Fra_229,8,16.120349366249794
Fra_229,9,11.349977494473205
Fra_229,10,11.349977494473205
Fra_229,11,11.349977494473208
Fra_229,12,11.349977494473208
Fra_229,13,11.349977494473208
Fra_229,14,14.802803895477217
Fra_229,15,20.552782307297104
Fra_229,16,42.45093369119222
Fra_229,17,24.50066286559511
Fra_229,18,25.754528071287375
Fra_229,19,28.239689137006252
Fra_229,20,47.29055454010302
Fra_229,21,32.153021211738476
Fra_229,22,40.688809605608206
Fra_229,23,68.58662709413204
Fra_229,24,58.70576788540399
Fra_229,25,59.518361489850975
Fra_229,26,69.1269458714577
Fra_229,27,38.16501329367783
Fra_229,28,57.93780265902888
Fra_229,29,427.7499569360388
Fra_229,30,39.43525549280112
Fra_229,31,39.43525549280112
Fra_229,32,34.94047966457853
Fra_229,33,41.91561525191089
Fra_229,34,37.07666804108775
Fra_229,35,37.07666804108774
Fra_229,36,31.519248038204275
Fra_229,37,53.85966660187229
Fra_229,38,53.8596666018723
Fra_229,39,46.281913750500614
Fra_229,40,103.35398073047983
Fra_229,41,21.880439520454583
Fra_229,42,37.07666804108775
Fra_229,43,37.07666804108774
Fra_229,44,37.07666804108775
Fra_229,45,88.00744391782227
Fra_229,46,43.61046536862379
Fra_229,47,37.07666804108774
Fra_229,48,37.07666804108774
Fra_229,49,20.923001715137083
Fra_229,50,21.880439520454583
Fra_229,51,25.20495196693488
Fra_229,52,21.880439520454583
Fra_229,53,23.537913873595492
Fra_229,54,23.537913873595492
Fra_229,55,25.20495196693488
Fra_229,56,24.10505552952906
Fra_229,57,21.05672096231968
Fra_229,58,21.006872184894874
Fra_229,59,21.702686552387576
Fra_229,60,23.537913873595492
Fra_229,61,22.685819791024105
Fra_229,62,23.39451901341109
Fra_229,63,21.67446216584336
Fra_229,64,23.441716894384744
Fra_229,65,34.12089252857031
Fra_229,66,58.8885326269443
Fra_229,67,35.869669768100835
Fra_229,68,25.20495196693488
Fra_229,69,35.869669768100835
Fra_229,70,29.455638715235146
Fra_229,71,23.537913873595492
Fra_229,72,21.702686552387576
Fra_229,73,20.499575352454713
Fra_229,74,21.702686552387576
Fra_229,75,26.738789545254217
Fra_229,76,27.32650127459017
Fra_229,77,28.504356316686838
Fra_229,78,29.886300369939683
Fra_229,79,31.65685456862921
Fra_229,80,58.8885326269443
Fra_229,81,28.266871634293327
Fra_229,82,29.970263185015526
Fra_229,83,41.62785519424219
Fra_229,84,74.79744413789095
Fra_229,85,322.69563905462655
Fra_229,86,60.47269530817818
Fra_229,87,87.32730393145744
Fra_229,88,89.27548640161251
Fra_229,89,69.86216257709577
Fra_229,90,45.88325059539497
Fra_229,91,37.558672547359954
Fra_229,92,28.85950218803087
Fra_229,93,41.51404863391352
Fra_229,94,28.603978238566626
Fra_229,95,28.239689137006252
Fra_229,96,27.976992488558476
Fra_230,1,74.35084092942716
Fra_230,2,20.533214648661474
Fra_230,3,20.533232101566117
Fra_230,4,24.60028580744215
Fra_230,5,14.816924136567586
Fra_230,6,14.816924136567586
Fra_230,7,13.821350361192895
Fra_230,8,16.122040475856874
Fra_230,9,11.350885093061885
Fra_230,10,11.350885093061885
Fra_230,11,11.350885093061889
Fra_230,12,11.350885093061889
Fra_230,13,11.350885093061889
Fra_230,14,14.816924136567586
Fra_230,15,20.555130343798076
Fra_230,16,42.4565272329861
Fra_230,17,24.503596013917765
Fra_230,18,25.757647053842806
Fra_230,19,28.243176443044845
Fra_230,20,47.33203641049021
Fra_230,21,32.16967883052881
Fra_230,22,40.731384347740516
Fra_230,23,68.68191718255507
Fra_230,24,58.80294715751519
Fra_230,25,59.591382085324845
Fra_230,26,69.19340156012323
Fra_230,27,38.199925059962084
Fra_230,28,57.99345271093684
Fra_230,29,428.16215884142815
Fra_230,30,39.47335917694151
Fra_230,31,39.47335917694151
Fra_230,32,34.97270995157326
Fra_230,33,41.95598522748106
Fra_230,34,37.1116897203994
Fra_230,35,37.11168972039939
Fra_230,36,31.555876725812045
Fra_230,37,53.909687880947544
Fra_230,38,53.90968788094755
Fra_230,39,46.326307417604035
Fra_230,40,103.45349032675507
Fra_230,41,21.915061569413737
Fra_230,42,37.1116897203994
Fra_230,43,37.1116897203994
Fra_230,44,37.1116897203994
Fra_230,45,88.0921329778745
Fra_230,46,43.65238391966983
Fra_230,47,37.11168972039939
Fra_230,48,37.11168972039939
Fra_230,49,20.956108782711148
Fra_230,50,21.915061569413737
Fra_230,51,25.24483448758519
Fra_230,52,21.915061569413737
Fra_230,53,23.57515859190959
Fra_230,54,23.57515859190959
Fra_230,55,25.24483448758519
Fra_230,56,24.143197652402154
Fra_230,57,21.08898678531768
Fra_230,58,21.03830380665245
Fra_230,59,21.736807907221205
Fra_230,60,23.57515859190959
Fra_230,61,22.722244009978187
Fra_230,62,23.431398576408384
Fra_230,63,21.708476006342764
Fra_230,64,23.478561206770845
Fra_230,65,34.17416942726905
Fra_230,66,58.98636699414801
Fra_230,67,35.92697015300148
Fra_230,68,25.24483448758519
Fra_230,69,35.92697015300148
Fra_230,70,29.478941266341305
Fra_230,71,23.57515859190959
Fra_230,72,21.736807907221205
Fra_230,73,20.529384777534293
Fra_230,74,21.736807907221205
Fra_230,75,26.746018803586725
Fra_230,76,27.337207524872216
Fra_230,77,28.509854444687114
Fra_230,78,29.898394206474332
Fra_230,79,31.678126648147583
Fra_230,80,58.98636699414801
Fra_230,81,28.27162619687533
Fra_230,82,29.980190105689516
Fra_230,83,41.67326570998685
Fra_230,84,74.91845227263062
Fra_230,85,323.0069724018948
Fra_230,86,60.54517538590842
Fra_230,87,87.41133616323448
Fra_230,88,89.36140004215432
Fra_230,89,69.96186650007922
Fra_230,90,45.94156933785813
Fra_230,91,37.591743287697405
Fra_230,92,28.866159730105622
Fra_230,93,41.53293790841189
Fra_230,94,28.609328820048415
Fra_230,95,28.243176443044845
Fra_230,96,27.980143344621307
Fra_231,1,73.70202142754609
Fra_231,2,19.03413605441213
Fra_231,3,19.035229759851678
Fra_231,4,24.414975289166666
Fra_231,5,13.993004956933023
Fra_231,6,13.993004956933023
Fra_231,7,13.156259210041366
Fra_231,8,16.015718882765572
Fra_231,9,11.294107644524765
Fra_231,10,11.294107644524765
Fra_231,11,11.294107644524768
Fra_231,12,11.294107644524768
Fra_231,13,11.294107644524768
Fra_231,14,13.993004956933023
Fra_231,15,20.407507161731868
Fra_231,16,42.10485619282545
Fra_231,17,24.31918632152878
Fra_231,18,25.561553794878936
Fra_231,19,28.023926353004697
Fra_231,20,44.90187014003034
Fra_231,21,31.186060084292897
Fra_231,22,38.24298147266972
Fra_231,23,63.17996835507881
Fra_231,24,53.147692672998275
Fra_231,25,55.82393537454517
Fra_231,26,66.23078214758596
Fra_231,27,36.15644519133933
Fra_231,28,55.51363817941899
Fra_231,29,409.7739482782893
Fra_231,30,37.76713557297107
Fra_231,31,37.76713557297107
Fra_231,32,33.56010906318169
Fra_231,33,40.152668128094426
Fra_231,34,35.55954162074086
Fra_231,35,35.55954162074085
Fra_231,36,29.698525184220543
Fra_231,37,51.71874894759427
Fra_231,38,51.71874894759428
Fra_231,39,44.34943756655168
Fra_231,40,99.01399469777951
Fra_231,41,19.916021114859685
Fra_231,42,35.55954162074086
Fra_231,43,35.55954162074085
Fra_231,44,35.55954162074086
Fra_231,45,84.31483129344198
Fra_231,46,41.7827220404851
Fra_231,47,35.55954162074085
Fra_231,48,35.55954162074085
Fra_231,49,19.044541749509527
Fra_231,50,19.916021114859685
Fra_231,51,22.942059966539016
Fra_231,52,19.916021114859685
Fra_231,53,21.424687985268463
Fra_231,54,21.424687985268463
Fra_231,55,22.942059966539016
Fra_231,56,21.940911856554514
Fra_231,57,19.22544322659477
Fra_231,58,19.212337417254666
Fra_231,59,19.766677001419154
Fra_231,60,21.424687985268463
Fra_231,61,20.615182710040507
Fra_231,62,21.30488246314613
Fra_231,63,19.750414288764297
Fra_231,64,21.35636310530257
Fra_231,65,31.112834461336078
Fra_231,66,53.28951364116162
Fra_231,67,32.61290772172948
Fra_231,68,22.942059966539016
Fra_231,69,32.61290772172948
Fra_231,70,28.133476634525746
Fra_231,71,21.424687985268463
Fra_231,72,19.766677001419154
Fra_231,73,18.794132973604565
Fra_231,74,19.766677001419154
Fra_231,75,26.32860908066254
Fra_231,76,26.7190399676708
Fra_231,77,28.177159287562883
Fra_231,78,29.18196778913429
Fra_231,79,30.430824034966115
Fra_231,80,53.28951364116162
Fra_231,81,27.982909092751502
Fra_231,82,29.391200779431465
Fra_231,83,39.02078770710825
Fra_231,84,67.93403875530363
Fra_231,85,309.10301454920204
Fra_231,86,56.84908223085365
Fra_231,87,83.66338211507396
Fra_231,88,85.52938307801801
Fra_231,89,64.17199163787018
Fra_231,90,42.54008205601979
Fra_231,91,35.65515593908842
Fra_231,92,28.463159308294244
Fra_231,93,40.420137516068195
Fra_231,94,28.282081256961025
Fra_231,95,28.023926353004697
Fra_231,96,27.782046169370922
Fra_232,1,73.95877500269754
Fra_232,2,19.687958345203953
Fra_232,3,19.688577891228675
Fra_232,4,24.488307144856048
Fra_232,5,14.351767802265444
Fra_232,6,14.351767802265444
Fra_232,7,13.445464885283718
Fra_232,8,16.057792909614097
Fra_232,9,11.31669969208334
Fra_232,10,11.31669969208334
Fra_232,11,11.316699692083343
Fra_232,12,11.316699692083343
Fra_232,13,11.316699692083343
Fra_232,14,14.351767802265444
Fra_232,15,20.465925226634116
Fra_232,16,42.24402093213537
Fra_232,17,24.392161698619294
Fra_232,18,25.63915264194827
Fra_232,19,28.110688918412915
Fra_232,20,45.95469694418976
Fra_232,21,31.607931582325335
Fra_232,22,39.32422203102014
Fra_232,23,65.60787563783694
Fra_232,24,55.61856765010633
Fra_232,25,57.83759792842687
Fra_232,26,68.21488873282242
Fra_232,27,37.04272857340518
Fra_232,28,57.17536941752442
Fra_232,29,422.0769181779894
Fra_232,30,38.9020086987118
Fra_232,31,38.9020086987118
Fra_232,32,34.52571232547819
Fra_232,33,41.356508351758585
Fra_232,34,36.60559212414612
Fra_232,35,36.60559212414612
Fra_232,36,30.714744736380236
Fra_232,37,53.22076827764687
Fra_232,38,53.22076827764688
Fra_232,39,45.675345841122805
Fra_232,40,101.98423150178792
Fra_232,41,20.79816034049225
Fra_232,42,36.60559212414612
Fra_232,43,36.60559212414612
Fra_232,44,36.60559212414612
Fra_232,45,86.84291224705926
Fra_232,46,43.03368804642159
Fra_232,47,36.60559212414612
Fra_232,48,36.60559212414612
Fra_232,49,19.88808058764144
Fra_232,50,20.79816034049225
Fra_232,51,23.95823136425854
Fra_232,52,20.79816034049225
Fra_232,53,22.373650509446687
Fra_232,54,22.373650509446687
Fra_232,55,23.95823136425854
Fra_232,56,22.91273945621358
Fra_232,57,20.047483743894137
Fra_232,58,20.011886120918483
Fra_232,59,20.63605898299926
Fra_232,60,22.373650509446687
Fra_232,61,21.542687743436765
Fra_232,62,22.24479000683522
Fra_232,63,20.61756499378016
Fra_232,64,22.295570367062467
Fra_232,65,32.47156716179005
Fra_232,66,55.776638894971995
Fra_232,67,34.07221678796609
Fra_232,68,23.95823136425854
Fra_232,69,34.07221678796609
Fra_232,70,28.727205053438887
Fra_232,71,22.373650509446687
Fra_232,72,20.63605898299926
Fra_232,73,19.55200496209115
Fra_232,74,20.63605898299926
Fra_232,75,26.512804197331146
Fra_232,76,26.991825767967413
Fra_232,77,28.315387259748086
Fra_232,78,29.487935345577352
Fra_232,79,30.970500694414152
Fra_232,80,55.776638894971995
Fra_232,81,28.102309614540044
Fra_232,82,29.642156391869825
Fra_232,83,40.17422273303929
Fra_232,84,71.03055442822101
Fra_232,85,318.3928007503437
Fra_232,86,58.86196572814499
Fra_232,87,86.1718672551388
Fra_232,88,88.09399816370669
Fra_232,89,66.71269119268426
Fra_232,90,44.02195975215547
Fra_232,91,36.494600961335124
Fra_232,92,28.63061440756015
Fra_232,93,40.89860874070457
Fra_232,94,28.41627007551614
Fra_232,95,28.110688918412915
Fra_232,96,27.8604380145998
Fra_233,1,73.87461666559517
Fra_233,2,19.49314864888295
Fra_233,3,19.49390808567709
Fra_233,4,24.464270529093994
Fra_233,5,14.244700609506232
Fra_233,6,14.244700609506232
Fra_233,7,13.359039574282717
Fra_233,8,16.044001942408737
Fra_233,9,11.309334518814227
Fra_233,10,11.309334518814227
Fra_233,11,11.30933451881423
Fra_233,12,11.30933451881423
Fra_233,13,11.30933451881423
Fra_233,14,14.244700609506232
Fra_233,15,20.446777032900062
Fra_233,16,42.198405703460566
Fra_233,17,24.368241928926764
Fra_233,18,25.613717397564375
Fra_233,19,28.082250002915114
Fra_233,20,45.638932266197074
Fra_233,21,31.48015029974885
Fra_233,22,39.00087121579695
Fra_233,23,64.89271137842921
Fra_233,24,54.88362452280373
Fra_233,25,57.344985097205125
Fra_233,26,67.82423908046304
Fra_233,27,36.77720225457814
Fra_233,28,56.848374965098955
Fra_233,29,419.6523530569184
Fra_233,30,38.67709232652938
Fra_233,31,38.67709232652938
Fra_233,32,34.33931366013537
Fra_233,33,41.11875693586072
Fra_233,34,36.400887523026945
Fra_233,35,36.400887523026945
Fra_233,36,30.471720172053274
Fra_233,37,52.93161202935043
Fra_233,38,52.93161202935045
Fra_233,39,45.41466191174577
Fra_233,40,101.39886374584079
Fra_233,41,20.53831745008445
Fra_233,42,36.400887523026945
Fra_233,43,36.400887523026945
Fra_233,44,36.400887523026945
Fra_233,45,86.34485116424665
Fra_233,46,42.78716634014176
Fra_233,47,36.400887523026945
Fra_233,48,36.400887523026945
Fra_233,49,19.63960782563014
Fra_233,50,20.53831745008445
Fra_233,51,23.658907963302383
Fra_233,52,20.53831745008445
Fra_233,53,22.094124151241346
Fra_233,54,22.094124151241346
Fra_233,55,23.658907963302383
Fra_233,56,22.62647796240867
Fra_233,57,19.80525509826163
Fra_233,58,19.774577425534492
Fra_233,59,20.37997386582261
Fra_233,60,22.094124151241346
Fra_233,61,21.268818423131833
Fra_233,62,21.96836891076957
Fra_233,63,20.363031455434978
Fra_233,64,22.019703836356186
Fra_233,65,32.073599655691645
Fra_233,66,55.03630125189602
Fra_233,67,33.64146111856598
Fra_233,68,23.658907963302383
Fra_233,69,33.64146111856598
Fra_233,70,28.552316437215055
Fra_233,71,22.094124151241346
Fra_233,72,20.37997386582261
Fra_233,73,19.3264975893916
Fra_233,74,20.37997386582261
Fra_233,75,26.458547692095422
Fra_233,76,26.911473994968713
Fra_233,77,28.272194499831514
Fra_233,78,29.394873114802806
Fra_233,79,30.80843677673326
Fra_233,80,55.03630125189602
Fra_233,81,28.064829840078943
Fra_233,82,29.565652127650825
Fra_233,83,39.82954621007174
Fra_233,84,70.12250412338034
Fra_233,85,316.5595950813963
Fra_233,86,58.378377601275815
Fra_233,87,85.67767549868954
Fra_233,88,87.58872316859554
Fra_233,89,65.96015385428804
Fra_233,90,43.579936779639176
Fra_233,91,36.24296694757826
Fra_233,92,28.578293287127813
Fra_233,93,40.7540401171265
Fra_233,94,28.373794625994897
Fra_233,95,28.082250002915114
Fra_233,96,27.83474284235943
Fra_234,1,81.94178748138623
Fra_234,2,27.29794583325831
Fra_234,3,27.29395151909798
Fra_234,4,26.76834986172341
Fra_234,5,18.639659550455423
Fra_234,6,18.639659550455423
Fra_234,7,16.97792438511502
Fra_234,8,17.36596352091842
Fra_234,9,12.144216519596307
Fra_234,10,12.144216519596307
Fra_234,11,12.144216519596311
Fra_234,12,12.144216519596311
Fra_234,13,12.144216519596311
Fra_234,14,18.639659550455423
Fra_234,15,22.282266599175497
Fra_234,16,46.57094744075078
Fra_234,17,26.661120740794097
Fra_234,18,28.051865158691097
Fra_234,19,30.80832084789358
Fra_234,20,59.55868506562248
Fra_234,21,37.87654347768767
Fra_234,22,52.68500393025918
Fra_234,23,88.49012219772851
Fra_234,24,83.55141349565315
Fra_234,25,63.94752124026105
Fra_234,26,59.23999121103034
Fra_234,27,48.30655215158014
Fra_234,28,49.586031162810116
Fra_234,29,369.53540998142415
Fra_234,30,33.88624665210026
Fra_234,31,33.88624665210026
Fra_234,32,27.82897931229276
Fra_234,33,35.92042382067014
Fra_234,34,30.707757827443416
Fra_234,35,30.70775782744342
Fra_234,36,31.217560508171527
Fra_234,37,43.81382726464411
Fra_234,38,43.813827264644125
Fra_234,39,39.52936429269329
Fra_234,40,88.77097681241277
Fra_234,41,29.112039294776466
Fra_234,42,30.707757827443416
Fra_234,43,30.707757827443416
Fra_234,44,30.707757827443416
Fra_234,45,75.53002972154275
Fra_234,46,37.31039372277934
Fra_234,47,30.70775782744342
Fra_234,48,30.70775782744342
Fra_234,49,27.838163283983768
Fra_234,50,29.112039294776466
Fra_234,51,33.53532050388707
Fra_234,52,29.112039294776466
Fra_234,53,31.317317596138484
Fra_234,54,31.317317596138484
Fra_234,55,33.53532050388707
Fra_234,56,32.071902537533646
Fra_234,57,27.852630326727652
Fra_234,58,28.717324047571832
Fra_234,59,28.829705008330215
Fra_234,60,31.317317596138484
Fra_234,61,31.331944310668586
Fra_234,62,31.418223556167668
Fra_234,63,29.433545014704602
Fra_234,64,31.71295592110706
Fra_234,65,46.90350774499016
Fra_234,66,84.25910888379444
Fra_234,67,48.41385685944324
Fra_234,68,33.53532050388707
Fra_234,69,48.41385685944324
Fra_234,70,34.322904760616915
Fra_234,71,31.317317596138484
Fra_234,72,28.829705008330215
Fra_234,73,28.174459444260137
Fra_234,74,28.829705008330215
Fra_234,75,28.248784028468243
Fra_234,76,29.562744346593497
Fra_234,77,31.782212076520242
Fra_234,78,34.65661087897422
Fra_234,79,38.69131581665071
Fra_234,80,84.25910888379444
Fra_234,81,31.31176128297033
Fra_234,82,34.56211127483843
Fra_234,83,54.384788142137545
Fra_234,84,104.39232940299094
Fra_234,85,278.0183182906741
Fra_234,86,63.57144648757683
Fra_234,87,74.94320692993975
Fra_234,88,76.6240930689811
Fra_234,89,96.11546067956627
Fra_234,90,61.824015525535145
Fra_234,91,47.25463139765429
Fra_234,92,32.16272491027879
Fra_234,93,49.3207777341469
Fra_234,94,31.604358682560648
Fra_234,95,30.80832084789358
Fra_234,96,30.2978065237644
Fra_235,1,74.45913019955724
Fra_235,2,20.758284898027394
Fra_235,3,20.758142734074035
Fra_235,4,24.63121450288564
Fra_235,5,14.94087084288239
Fra_235,6,14.94087084288239
Fra_235,7,13.921568713444145
Fra_235,8,16.13978576199816
Fra_235,9,11.360308353128996
Fra_235,10,11.360308353128996
Fra_235,11,11.360308353129
Fra_235,12,11.360308353129
Fra_235,13,11.360308353129
Fra_235,14,14.94087084288239
Fra_235,15,20.5797689475914
Fra_235,16,42.515221831644844
Fra_235,17,24.53437435972244
Fra_235,18,25.790375410233235
Fra_235,19,28.279769720770876
Fra_235,20,47.69983878832712
Fra_235,21,32.32031634058743
Fra_235,22,41.10668055899265
Fra_235,23,69.49626637678344
Fra_235,24,59.65022255533407
Fra_235,25,60.013246542547414
Fra_235,26,69.36973254500217
Fra_235,27,38.50879591302206
Fra_235,28,58.14066509663962
Fra_235,29,429.26120786836594
Fra_235,30,39.577918844042365
Fra_235,31,39.577918844042365
Fra_235,32,35.04887304171627
Fra_235,33,42.06479617577437
Fra_235,34,37.20134857539215
Fra_235,35,37.20134857539215
Fra_235,36,31.754430789728847
Fra_235,37,54.02632969687959
Fra_235,38,54.02632969687961
Fra_235,39,46.44318654626242
Fra_235,40,103.71889366419276
Fra_235,41,22.210941635630704
Fra_235,42,37.20134857539215
Fra_235,43,37.20134857539215
Fra_235,44,37.20134857539215
Fra_235,45,88.31759852510734
Fra_235,46,43.764099803184216
Fra_235,47,37.20134857539215
Fra_235,48,37.20134857539215
Fra_235,49,21.239041816444093
Fra_235,50,22.210941635630704
Fra_235,51,25.585670550316035
Fra_235,52,22.210941635630704
Fra_235,53,23.893451993146716
Fra_235,54,23.893451993146716
Fra_235,55,25.585670550316035
Fra_235,56,24.46916027392871
Fra_235,57,21.364938891955937
Fra_235,58,21.31114462771208
Fra_235,59,22.028409040923545
Fra_235,60,23.893451993146716
Fra_235,61,23.035060073079165
Fra_235,62,23.745511353753326
Fra_235,63,21.99699407547107
Fra_235,64,23.791529885910947
Fra_235,65,34.6240029809475
Fra_235,66,59.84067298720205
Fra_235,67,36.41878374256908
Fra_235,68,25.585670550316035
Fra_235,69,36.41878374256908
Fra_235,70,29.678084892198033
Fra_235,71,23.893451993146716
Fra_235,72,22.028409040923545
Fra_235,73,20.789481402635346
Fra_235,74,22.028409040923545
Fra_235,75,26.807800052774084
Fra_235,76,27.428703150856805
Fra_235,77,28.562650545205983
Fra_235,78,30.00864965318767
Fra_235,79,31.867185771753643
Fra_235,80,59.84067298720205
Fra_235,81,28.31767254857149
Fra_235,82,30.07107055509687
Fra_235,83,42.07293201594253
Fra_235,84,75.94751749645873
Fra_235,85,323.84318993932214
Fra_235,86,60.944557342209805
Fra_235,87,87.63503171581532
Fra_235,88,89.59016554007356
Fra_235,89,70.82515879824896
Fra_235,90,46.45295912000719
Fra_235,91,37.884655483131056
Fra_235,92,28.930113073209778
Fra_235,93,41.702847021064784
Fra_235,94,28.662002710499127
Fra_235,95,28.279769720770876
Fra_235,96,28.013206158640457
Fra_236,1,73.66022843229997
Fra_236,2,18.913312109444377
Fra_236,3,18.914494462283386
Fra_236,4,24.403038715763913
Fra_236,5,13.926833888165259
Fra_236,6,13.926833888165259
Fra_236,7,13.103003360625184
Fra_236,8,16.008870294180085
Fra_236,9,11.290399131211533
Fra_236,10,11.290399131211533
Fra_236,11,11.290399131211537
Fra_236,12,11.290399131211537
Fra_236,13,11.290399131211537
Fra_236,14,13.926833888165259
Fra_236,15,20.397998176677593
Fra_236,16,42.08220368921386
Fra_236,17,24.307307773835614
Fra_236,18,25.548922663083555
Fra_236,19,28.00980359938186
Fra_236,20,44.70883977885243
Fra_236,21,31.109637507685022
Fra_236,22,38.04405065012324
Fra_236,23,62.72521335539049
Fra_236,24,52.69014876590889
Fra_236,25,55.3799988245137
Fra_236,26,65.73003587600927
Fra_236,27,35.99373666543542
Fra_236,28,55.09412413498574
Fra_236,29,406.6704438296697
Fra_236,30,37.4816853029605
Fra_236,31,37.4816853029605
Fra_236,32,33.31367933661611
Fra_236,33,39.84931612006929
Fra_236,34,35.294566980137766
Fra_236,35,35.294566980137766
Fra_236,36,29.470517751030034
Fra_236,37,51.335053206489455
Fra_236,38,51.33505320648947
Fra_236,39,44.01454428327951
Fra_236,40,98.2647630670177
Fra_236,41,19.75079354372201
Fra_236,42,35.294566980137766
Fra_236,43,35.294566980137766
Fra_236,44,35.294566980137766
Fra_236,45,83.67701421342487
Fra_236,46,41.46713762840974
Fra_236,47,35.294566980137766
Fra_236,48,35.294566980137766
Fra_236,49,18.886544157593256
Fra_236,50,19.75079354372201
Fra_236,51,22.751727729828453
Fra_236,52,19.75079354372201
Fra_236,53,21.246944191075194
Fra_236,54,21.246944191075194
Fra_236,55,22.751727729828453
Fra_236,56,21.758885358706536
Fra_236,57,19.07153763561723
Fra_236,58,19.063903757355693
Fra_236,59,19.603838903947256
Fra_236,60,21.246944191075194
Fra_236,61,20.44194157871457
Fra_236,62,21.12850509838094
Fra_236,63,19.587321166161047
Fra_236,64,21.179854831121673
Fra_236,65,30.856638255018822
Fra_236,66,52.82937482691826
Fra_236,67,32.34024012571893
Fra_236,68,22.751727729828453
Fra_236,69,32.34024012571893
Fra_236,70,28.022269353722557
Fra_236,71,21.246944191075194
Fra_236,72,19.603838903947256
Fra_236,73,18.653856214188615
Fra_236,74,19.603838903947256
Fra_236,75,26.29410873099183
Fra_236,76,26.66794629230279
Fra_236,77,28.15309162330437
Fra_236,78,29.126823528159846
Fra_236,79,30.332021178463513
Fra_236,80,52.82937482691826
Fra_236,81,27.96224413371108
Fra_236,82,29.346094170700802
Fra_236,83,38.808377673271934
Fra_236,84,67.35202018913247
Fra_236,85,306.7613811524845
Fra_236,86,56.3994121550858
Fra_236,87,83.03050279345467
Fra_236,88,84.88236011752237
Fra_236,89,63.69948485452484
Fra_236,90,42.26659588866325
Fra_236,91,35.50114980104195
Fra_236,92,28.434006324129598
Fra_236,93,40.33318294254416
Fra_236,94,28.259124631300043
Fra_236,95,28.00980359938186
Fra_236,96,27.76928595750999
Fra_237,1,73.91391730393083
Fra_237,2,19.598084568711407
Fra_237,3,19.598767559182576
Fra_237,4,24.475495255905415
Fra_237,5,14.302237808346867
Fra_237,6,14.302237808346867
Fra_237,7,13.405392437314848
Fra_237,8,16.050442110229277
Fra_237,9,11.312802003321277
Fra_237,10,11.312802003321277
Fra_237,11,11.31280200332128
Fra_237,12,11.31280200332128
Fra_237,13,11.31280200332128
Fra_237,14,14.302237808346867
Fra_237,15,20.455718942431947
Fra_237,16,42.219707307870436
Fra_237,17,24.379412090435718
Fra_237,18,25.625595262252872
Fra_237,19,28.09553053543417
Fra_237,20,45.807391359781974
Fra_237,21,31.547340305507817
Fra_237,22,39.1741097708972
Fra_237,23,65.28443422812333
Fra_237,24,55.28050580738939
Fra_237,25,57.69779709121245
Fra_237,26,68.1980290585077
Fra_237,27,36.919085189627495
Fra_237,28,57.161480086067954
Fra_237,29,421.9695190072497
Fra_237,30,38.89048075312559
Fra_237,31,38.89048075312559
Fra_237,32,34.52215715019557
Fra_237,33,41.3453441142859
Fra_237,34,36.5982478078914
Fra_237,35,36.5982478078914
Fra_237,36,30.651218490797717
Fra_237,37,53.216310139830334
Fra_237,38,53.21631013983034
Fra_237,39,45.66455075787809
Fra_237,40,101.95828569579874
Fra_237,41,20.680643350972726
Fra_237,42,36.5982478078914
Fra_237,43,36.5982478078914
Fra_237,44,36.5982478078914
Fra_237,45,86.82104043272027
Fra_237,46,43.02277233367859
Fra_237,47,36.5982478078914
Fra_237,48,36.5982478078914
Fra_237,49,19.775705871814726
Fra_237,50,20.680643350972726
Fra_237,51,23.82285885159172
Fra_237,52,20.680643350972726
Fra_237,53,22.24723144115471
Fra_237,54,22.24723144115471
Fra_237,55,23.82285885159172
Fra_237,56,22.783274343989348
Fra_237,57,19.937862541424565
Fra_237,58,19.903131253275646
Fra_237,59,20.520241490420865
Fra_237,60,22.24723144115471
Fra_237,61,21.41829605212347
Fra_237,62,22.120122005694455
Fra_237,63,20.503157039845984
Fra_237,64,22.17142882830034
Fra_237,65,32.29337095317786
Fra_237,66,55.435652983163116
Fra_237,67,33.87668403322132
Fra_237,68,23.82285885159172
Fra_237,69,33.87668403322132
Fra_237,70,28.648109629093792
Fra_237,71,22.24723144115471
Fra_237,72,20.520241490420865
Fra_237,73,19.448208915435792
Fra_237,74,20.520241490420865
Fra_237,75,26.488266057583907
Fra_237,76,26.955485737841734
Fra_237,77,28.293877480711043
Fra_237,78,29.443505593448002
Fra_237,79,30.894735396281703
Fra_237,80,55.435652983163116
Fra_237,81,28.08351669272093
Fra_237,82,29.605495010115142
Fra_237,83,40.014417266063674
Fra_237,84,70.62348593816287
Fra_237,85,318.30862707865015
Fra_237,86,58.73349228204008
Fra_237,87,86.15017599519194
Fra_237,88,88.07178972654823
Fra_237,89,66.36916156482056
Fra_237,90,43.817649399556586
Fra_237,91,36.377316711280514
Fra_237,92,28.604564645589598
Fra_237,93,40.83032724388407
Fra_237,94,28.394710390304216
Fra_237,95,28.09553053543417
Fra_237,96,27.84674208932605
Fra_238,1,73.91391730393075
Fra_238,2,19.598084568711386
Fra_238,3,19.598767559182555
Fra_238,4,24.475495255905393
Fra_238,5,14.302237808346852
Fra_238,6,14.302237808346852
Fra_238,7,13.405392437314836
Fra_238,8,16.050442110229262
Fra_238,9,11.312802003321268
Fra_238,10,11.312802003321268
Fra_238,11,11.312802003321272
Fra_238,12,11.312802003321272
Fra_238,13,11.312802003321272
Fra_238,14,14.302237808346852
Fra_238,15,20.455718942431925
Fra_238,16,42.219707307870394
Fra_238,17,24.379412090435693
Fra_238,18,25.625595262252848
Fra_238,19,28.09553053543414
Fra_238,20,45.80739135978192
Fra_238,21,31.54734030550778
Fra_238,22,39.17410977089716
Fra_238,23,65.28443422812333
Fra_238,24,55.28050580738932
Fra_238,25,57.697797091212415
Fra_238,26,68.19802905850767
Fra_238,27,36.91908518962745
Fra_238,28,57.16148008606794
Fra_238,29,421.9695190072496
Fra_238,30,38.89048075312558
Fra_238,31,38.89048075312558
Fra_238,32,34.522157150195596
Fra_238,33,41.34534411428589
Fra_238,34,36.59824780789141
Fra_238,35,36.59824780789141
Fra_238,36,30.65121849079773
Fra_238,37,53.21631013983035
Fra_238,38,53.21631013983036
Fra_238,39,45.66455075787808
Fra_238,40,101.95828569579871
Fra_238,41,20.680643350972726
Fra_238,42,36.59824780789141
Fra_238,43,36.59824780789141
Fra_238,44,36.59824780789141
Fra_238,45,86.82104043272025
Fra_238,46,43.02277233367858
Fra_238,47,36.59824780789141
Fra_238,48,36.59824780789141
Fra_238,49,19.775705871814726
Fra_238,50,20.680643350972726
Fra_238,51,23.82285885159172
Fra_238,52,20.680643350972726
Fra_238,53,22.24723144115471
Fra_238,54,22.24723144115471
Fra_238,55,23.82285885159172
Fra_238,56,22.783274343989348
Fra_238,57,19.937862541424565
Fra_238,58,19.903131253275628
Fra_238,59,20.520241490420865
Fra_238,60,22.24723144115471
Fra_238,61,21.41829605212346
Fra_238,62,22.120122005694455
Fra_238,63,20.503157039845984
Fra_238,64,22.17142882830034
Fra_238,65,32.29337095317786
Fra_238,66,55.43565298316304
Fra_238,67,33.876684033221316
Fra_238,68,23.82285885159172
Fra_238,69,33.876684033221316
Fra_238,70,28.648109629093792
Fra_238,71,22.24723144115471
Fra_238,72,20.520241490420865
Fra_238,73,19.44820891543577
Fra_238,74,20.520241490420865
Fra_238,75,26.488266057583907
Fra_238,76,26.955485737841734
Fra_238,77,28.293877480711014
Fra_238,78,29.44350559344797
Fra_238,79,30.894735396281668
Fra_238,80,55.43565298316304
Fra_238,81,28.083516692720906
Fra_238,82,29.605495010115114
Fra_238,83,40.014417266063624
Fra_238,84,70.62348593816279
Fra_238,85,318.3086270786501
Fra_238,86,58.73349228204005
Fra_238,87,86.15017599519193
Fra_238,88,88.0717897265482
Fra_238,89,66.36916156482047
Fra_238,90,43.81764939955653
Fra_238,91,36.37731671128047
Fra_238,92,28.60456464558957
Fra_238,93,40.83032724388402
Fra_238,94,28.394710390304187
Fra_238,95,28.09553053543414
Fra_238,96,27.84674208932602
Fra_239,1,73.942306787448
Fra_239,2,19.654963770420935
Fra_239,3,19.655606608251283
Fra_239,4,24.483603627939374
Fra_239,5,14.333584288095603
Fra_239,6,14.333584288095603
Fra_239,7,13.430753437374797
Fra_239,8,16.055094274823333
Fra_239,9,11.315268767642849
Fra_239,10,11.315268767642849
Fra_239,11,11.315268767642852
Fra_239,12,11.315268767642852
Fra_239,13,11.315268767642852
Fra_239,14,14.333584288095603
Fra_239,15,20.462178282636533
Fra_239,16,42.235094883566234
Fra_239,17,24.38748104629679
Fra_239,18,25.634175439524117
Fra_239,19,28.105123953633353
Fra_239,20,45.900617931263156
Fra_239,21,31.58568723595224
Fra_239,22,39.26911262774624
Fra_239,23,65.4891334173897
Fra_239,24,55.49445795775651
Fra_239,25,57.7862740678059
Fra_239,26,68.2086991878108
Fra_239,27,36.99733645757682
Fra_239,28,57.17027034854917
Fra_239,29,422.03748965825065
Fra_239,30,38.89777654471131
Fra_239,31,38.89777654471131
Fra_239,32,34.524407145020824
Fra_239,33,41.35240972274192
Fra_239,34,36.60289586945055
Fra_239,35,36.60289586945054
Fra_239,36,30.691422900552908
Fra_239,37,53.21913160043921
Fra_239,38,53.219131600439226
Fra_239,39,45.671382736474406
Fra_239,40,101.97470624459518
Fra_239,41,20.75501735429213
Fra_239,42,36.60289586945055
Fra_239,43,36.60289586945055
Fra_239,44,36.60289586945055
Fra_239,45,86.83488263884678
Fra_239,46,43.02968065611881
Fra_239,47,36.60289586945054
Fra_239,48,36.60289586945054
Fra_239,49,19.84682543947966
Fra_239,50,20.75501735429213
Fra_239,51,23.908533235760363
Fra_239,52,20.75501735429213
Fra_239,53,22.327239380800076
Fra_239,54,22.327239380800076
Fra_239,55,23.908533235760363
Fra_239,56,22.865210060056274
Fra_239,57,20.00723946904739
Fra_239,58,19.97195989601177
Fra_239,59,20.593539918271073
Fra_239,60,22.327239380800076
Fra_239,61,21.49702090799719
Fra_239,62,22.199021732181457
Fra_239,63,20.575563400666287
Fra_239,64,22.24999536794469
Fra_239,65,32.40614754373736
Fra_239,66,55.6514557146695
Fra_239,67,34.00043255511501
Fra_239,68,23.908533235760363
Fra_239,69,34.00043255511501
Fra_239,70,28.69816744096289
Fra_239,71,22.327239380800076
Fra_239,72,20.593539918271073
Fra_239,73,19.513899225832972
Fra_239,74,20.593539918271073
Fra_239,75,26.50379572435358
Fra_239,76,26.9784845700297
Fra_239,77,28.30749056239424
Fra_239,78,29.471624238640068
Fra_239,79,30.942685642095753
Fra_239,80,55.6514557146695
Fra_239,81,28.095410333252932
Fra_239,82,29.62869721891453
Fra_239,83,40.11555474737496
Fra_239,84,70.88111092800108
Fra_239,85,318.36189880526354
Fra_239,86,58.814800393710925
Fra_239,87,86.1639039322837
Fra_239,88,88.08584497409791
Fra_239,89,66.58657416011836
Fra_239,90,43.946953076450356
Fra_239,91,36.45154341874236
Fra_239,92,28.6210509859152
Fra_239,93,40.873541151013
Fra_239,94,28.40835505654409
Fra_239,95,28.105123953633353
Fra_239,96,27.85540994914725
Fra_240,1,73.68272282839487
Fra_240,2,18.978057859810498
Fra_240,3,18.979192727207526
Fra_240,4,24.409463381154755
Fra_240,5,13.962295101697691
Fra_240,6,13.962295101697691
Fra_240,7,13.131544786324778
Fra_240,8,16.012556434965777
Fra_240,9,11.29239456226263
Fra_240,10,11.29239456226263
Fra_240,11,11.292394562262633
Fra_240,12,11.292394562262633
Fra_240,13,11.292394562262633
Fra_240,14,13.962295101697691
Fra_240,15,20.403116232347248
Fra_240,16,42.09439602876214
Fra_240,17,24.31370120783738
Fra_240,18,25.55572116316853
Fra_240,19,28.017404940517423
Fra_240,20,44.81230539061717
Fra_240,21,31.150616844149575
Fra_240,22,38.1506667753783
Fra_240,23,62.968795843454544
Fra_240,24,52.93531579755229
Fra_240,25,55.616626210566125
Fra_240,26,65.99600957585292
Fra_240,27,36.08094580942142
Fra_240,28,55.316949313659556
Fra_240,29,408.31890395051204
Fra_240,30,37.63331602792401
Fra_240,31,37.63331602792401
Fra_240,32,33.444536728066446
Fra_240,33,40.01044904200018
Fra_240,34,35.43529711169531
Fra_240,35,35.43529711169531
Fra_240,36,29.591992177099275
Fra_240,37,51.53879573526439
Fra_240,38,51.538795735264394
Fra_240,39,44.19242103652214
Fra_240,40,98.6627259558597
Fra_240,41,19.839295138871222
Fra_240,42,35.43529711169531
Fra_240,43,35.43529711169531
Fra_240,44,35.43529711169531
Fra_240,45,84.0157964879899
Fra_240,46,41.63476347927161
Fra_240,47,35.43529711169531
Fra_240,48,35.43529711169531
Fra_240,49,18.971173126100414
Fra_240,50,19.839295138871222
Fra_240,51,22.853676251138896
Fra_240,52,19.839295138871222
Fra_240,53,21.342149907685712
Fra_240,54,21.342149907685712
Fra_240,55,22.853676251138896
Fra_240,56,21.85638503934729
Fra_240,57,19.153975913260766
Fra_240,58,19.143432797278734
Fra_240,59,19.69106061445293
Fra_240,60,21.342149907685712
Fra_240,61,20.53474386139342
Fra_240,62,21.222973229799496
Fra_240,63,19.674667883205743
Fra_240,64,21.27438856707164
Fra_240,65,30.99383648668615
Fra_240,66,53.07593952175771
Fra_240,67,32.48630179321799
Fra_240,68,22.853676251138896
Fra_240,69,32.48630179321799
Fra_240,70,28.081835815152218
Fra_240,71,21.342149907685712
Fra_240,72,19.69106061445293
Fra_240,73,18.729022185536763
Fra_240,74,19.69106061445293
Fra_240,75,26.31258831014463
Fra_240,76,26.695313829941753
Fra_240,77,28.166014542782694
Fra_240,78,29.156398036006475
Fra_240,79,30.384982739784363
Fra_240,80,53.07593952175771
Fra_240,81,27.973342312810342
Fra_240,82,29.370287578127467
Fra_240,83,38.92221447367799
Fra_240,84,67.66373328167627
Fra_240,85,308.00518791050774
Fra_240,86,56.63900848980844
Fra_240,87,83.36666225463328
Fra_240,88,85.22603232484786
Fra_240,89,63.95263365239293
Fra_240,90,42.41315480530082
Fra_240,91,35.583696427910056
Fra_240,92,28.449659820430178
Fra_240,93,40.37980479272524
Fra_240,94,28.271458548437096
Fra_240,95,28.017404940517423
Fra_240,96,27.776153932828922
Fra_241,1,73.70202142754609
Fra_241,2,19.034136054412134
Fra_241,3,19.03522975985168
Fra_241,4,24.414975289166666
Fra_241,5,13.993004956933024
Fra_241,6,13.993004956933024
Fra_241,7,13.156259210041368
Fra_241,8,16.015718882765572
Fra_241,9,11.294107644524765
Fra_241,10,11.294107644524765
Fra_241,11,11.294107644524768
Fra_241,12,11.294107644524768
Fra_241,13,11.294107644524768
Fra_241,14,13.993004956933024
Fra_241,15,20.407507161731868
Fra_241,16,42.10485619282545
Fra_241,17,24.31918632152878
Fra_241,18,25.561553794878936
Fra_241,19,28.023926353004697
Fra_241,20,44.90187014003034
Fra_241,21,31.1860600842929
Fra_241,22,38.242981472669726
Fra_241,23,63.17996835507883
Fra_241,24,53.14769267299829
Fra_241,25,55.823935374545194
Fra_241,26,66.230782147586
Fra_241,27,36.15644519133934
Fra_241,28,55.51363817941902
Fra_241,29,409.77394827828954
Fra_241,30,37.76713557297109
Fra_241,31,37.76713557297109
Fra_241,32,33.56010906318171
Fra_241,33,40.152668128094454
Fra_241,34,35.55954162074087
Fra_241,35,35.55954162074087
Fra_241,36,29.698525184220557
Fra_241,37,51.7187489475943
Fra_241,38,51.71874894759431
Fra_241,39,44.3494375665517
Fra_241,40,99.01399469777957
Fra_241,41,19.91602111485969
Fra_241,42,35.55954162074087
Fra_241,43,35.55954162074087
Fra_241,44,35.55954162074087
Fra_241,45,84.31483129344203
Fra_241,46,41.78272204048512
Fra_241,47,35.55954162074087
Fra_241,48,35.55954162074087
Fra_241,49,19.044541749509534
Fra_241,50,19.91602111485969
Fra_241,51,22.94205996653902
Fra_241,52,19.91602111485969
Fra_241,53,21.42468798526847
Fra_241,54,21.42468798526847
Fra_241,55,22.94205996653902
Fra_241,56,21.94091185655452
Fra_241,57,19.225443226594773
Fra_241,58,19.212337417254666
Fra_241,59,19.766677001419158
Fra_241,60,21.42468798526847
Fra_241,61,20.61518271004051
Fra_241,62,21.304882463146132
Fra_241,63,19.750414288764304
Fra_241,64,21.356363105302577
Fra_241,65,31.112834461336085
Fra_241,66,53.28951364116163
Fra_241,67,32.612907721729485
Fra_241,68,22.94205996653902
Fra_241,69,32.612907721729485
Fra_241,70,28.13347663452575
Fra_241,71,21.42468798526847
Fra_241,72,19.766677001419158
Fra_241,73,18.79413297360457
Fra_241,74,19.766677001419158
Fra_241,75,26.328609080662545
Fra_241,76,26.719039967670803
Fra_241,77,28.177159287562883
Fra_241,78,29.18196778913429
Fra_241,79,30.430824034966115
Fra_241,80,53.28951364116163
Fra_241,81,27.982909092751502
Fra_241,82,29.391200779431465
Fra_241,83,39.020787707108255
Fra_241,84,67.93403875530365
Fra_241,85,309.10301454920227
Fra_241,86,56.84908223085367
Fra_241,87,83.663382115074
Fra_241,88,85.52938307801806
Fra_241,89,64.17199163787018
Fra_241,90,42.5400820560198
Fra_241,91,35.655155939088424
Fra_241,92,28.463159308294248
Fra_241,93,40.4201375160682
Fra_241,94,28.282081256961025
Fra_241,95,28.023926353004697
Fra_241,96,27.782046169370922
Fra_242,1,73.68272282839487
Fra_242,2,18.978057859810498
Fra_242,3,18.979192727207526
Fra_242,4,24.409463381154755
Fra_242,5,13.962295101697691
Fra_242,6,13.962295101697691
Fra_242,7,13.131544786324778
Fra_242,8,16.012556434965777
Fra_242,9,11.29239456226263
Fra_242,10,11.29239456226263
Fra_242,11,11.292394562262633
Fra_242,12,11.292394562262633
Fra_242,13,11.292394562262633
Fra_242,14,13.962295101697691
Fra_242,15,20.403116232347248
Fra_242,16,42.09439602876214
Fra_242,17,24.31370120783738
Fra_242,18,25.55572116316853
Fra_242,19,28.017404940517423
Fra_242,20,44.81230539061717
Fra_242,21,31.150616844149575
Fra_242,22,38.1506667753783
Fra_242,23,62.968795843454544
Fra_242,24,52.93531579755229
Fra_242,25,55.616626210566125
Fra_242,26,65.99600957585292
Fra_242,27,36.08094580942142
Fra_242,28,55.316949313659556
Fra_242,29,408.31890395051204
Fra_242,30,37.63331602792401
Fra_242,31,37.63331602792401
Fra_242,32,33.444536728066446
Fra_242,33,40.01044904200018
Fra_242,34,35.43529711169531
Fra_242,35,35.43529711169531
Fra_242,36,29.591992177099275
Fra_242,37,51.53879573526439
Fra_242,38,51.538795735264394
Fra_242,39,44.19242103652214
Fra_242,40,98.6627259558597
Fra_242,41,19.839295138871222
Fra_242,42,35.43529711169531
Fra_242,43,35.43529711169531
Fra_242,44,35.43529711169531
Fra_242,45,84.0157964879899
Fra_242,46,41.63476347927161
Fra_242,47,35.43529711169531
Fra_242,48,35.43529711169531
Fra_242,49,18.971173126100414
Fra_242,50,19.839295138871222
Fra_242,51,22.853676251138896
Fra_242,52,19.839295138871222
Fra_242,53,21.342149907685712
Fra_242,54,21.342149907685712
Fra_242,55,22.853676251138896
Fra_242,56,21.85638503934729
Fra_242,57,19.153975913260766
Fra_242,58,19.143432797278734
Fra_242,59,19.69106061445293
Fra_242,60,21.342149907685712
Fra_242,61,20.53474386139342
Fra_242,62,21.222973229799496
Fra_242,63,19.674667883205743
Fra_242,64,21.27438856707164
Fra_242,65,30.99383648668615
Fra_242,66,53.07593952175771
Fra_242,67,32.48630179321799
Fra_242,68,22.853676251138896
Fra_242,69,32.48630179321799
Fra_242,70,28.081835815152218
Fra_242,71,21.342149907685712
Fra_242,72,19.69106061445293
Fra_242,73,18.729022185536763
Fra_242,74,19.69106061445293
Fra_242,75,26.31258831014463
Fra_242,76,26.695313829941753
Fra_242,77,28.166014542782694
Fra_242,78,29.156398036006475
Fra_242,79,30.384982739784363
Fra_242,80,53.07593952175771
Fra_242,81,27.973342312810342
Fra_242,82,29.370287578127467
Fra_242,83,38.92221447367799
Fra_242,84,67.66373328167627
Fra_242,85,308.00518791050774
Fra_242,86,56.63900848980844
Fra_242,87,83.36666225463328
Fra_242,88,85.22603232484786
Fra_242,89,63.95263365239293
Fra_242,90,42.41315480530082
Fra_242,91,35.583696427910056
Fra_242,92,28.449659820430178
Fra_242,93,40.37980479272524
Fra_242,94,28.271458548437096
Fra_242,95,28.017404940517423
Fra_242,96,27.776153932828922
Fra_243,1,73.66022843230006
Fra_243,2,18.913312109444398
Fra_243,3,18.914494462283407
Fra_243,4,24.403038715763934
Fra_243,5,13.926833888165271
Fra_243,6,13.926833888165271
Fra_243,7,13.103003360625195
Fra_243,8,16.0088702941801
Fra_243,9,11.290399131211538
Fra_243,10,11.290399131211538
Fra_243,11,11.290399131211542
Fra_243,12,11.290399131211542
Fra_243,13,11.290399131211542
Fra_243,14,13.926833888165271
Fra_243,15,20.39799817667761
Fra_243,16,42.082203689213905
Fra_243,17,24.307307773835635
Fra_243,18,25.54892266308358
Fra_243,19,28.009803599381886
Fra_243,20,44.708839778852486
Fra_243,21,31.109637507685058
Fra_243,22,38.04405065012329
Fra_243,23,62.725213355390494
Fra_243,24,52.69014876590896
Fra_243,25,55.37999882451376
Fra_243,26,65.73003587600935
Fra_243,27,35.99373666543546
Fra_243,28,55.094124134985805
Fra_243,29,406.6704438296702
Fra_243,30,37.481685302960535
Fra_243,31,37.481685302960535
Fra_243,32,33.31367933661611
Fra_243,33,39.84931612006933
Fra_243,34,35.29456698013779
Fra_243,35,35.29456698013779
Fra_243,36,29.470517751030037
Fra_243,37,51.33505320648948
Fra_243,38,51.33505320648949
Fra_243,39,44.01454428327956
Fra_243,40,98.26476306701781
Fra_243,41,19.75079354372201
Fra_243,42,35.29456698013779
Fra_243,43,35.29456698013779
Fra_243,44,35.29456698013779
Fra_243,45,83.67701421342497
Fra_243,46,41.46713762840978
Fra_243,47,35.29456698013779
Fra_243,48,35.29456698013779
Fra_243,49,18.886544157593256
Fra_243,50,19.75079354372201
Fra_243,51,22.751727729828453
Fra_243,52,19.75079354372201
Fra_243,53,21.246944191075197
Fra_243,54,21.246944191075197
Fra_243,55,22.751727729828453
Fra_243,56,21.75888535870654
Fra_243,57,19.07153763561723
Fra_243,58,19.06390375735571
Fra_243,59,19.603838903947256
Fra_243,60,21.246944191075197
Fra_243,61,20.441941578714573
Fra_243,62,21.128505098380934
Fra_243,63,19.587321166161033
Fra_243,64,21.17985483112166
Fra_243,65,30.85663825501878
Fra_243,66,52.82937482691834
Fra_243,67,32.340240125718935
Fra_243,68,22.751727729828453
Fra_243,69,32.340240125718935
Fra_243,70,28.022269353722557
Fra_243,71,21.246944191075197
Fra_243,72,19.603838903947256
Fra_243,73,18.653856214188636
Fra_243,74,19.603838903947256
Fra_243,75,26.29410873099183
Fra_243,76,26.667946292302794
Fra_243,77,28.15309162330439
Fra_243,78,29.126823528159875
Fra_243,79,30.33202117846354
Fra_243,80,52.82937482691834
Fra_243,81,27.962244133711096
Fra_243,82,29.34609417070082
Fra_243,83,38.80837767327198
Fra_243,84,67.35202018913257
Fra_243,85,306.7613811524849
Fra_243,86,56.39941215508587
Fra_243,87,83.03050279345477
Fra_243,88,84.88236011752247
Fra_243,89,63.699484854524925
Fra_243,90,42.266595888663296
Fra_243,91,35.50114980104199
Fra_243,92,28.434006324129626
Fra_243,93,40.333182942544184
Fra_243,94,28.25912463130007
Fra_243,95,28.009803599381886
Fra_243,96,27.769285957510014
Fra_244,1,73.70202142754609
Fra_244,2,19.034136054412134
Fra_244,3,19.03522975985168
Fra_244,4,24.414975289166666
Fra_244,5,13.993004956933024
Fra_244,6,13.993004956933024
Fra_244,7,13.156259210041368
Fra_244,8,16.015718882765572
Fra_244,9,11.294107644524765
Fra_244,10,11.294107644524765
Fra_244,11,11.294107644524768
Fra_244,12,11.294107644524768
Fra_244,13,11.294107644524768
Fra_244,14,13.993004956933024
Fra_244,15,20.407507161731868
Fra_244,16,42.10485619282545
Fra_244,17,24.31918632152878
Fra_244,18,25.561553794878936
Fra_244,19,28.023926353004697
Fra_244,20,44.90187014003035
Fra_244,21,31.1860600842929
Fra_244,22,38.242981472669726
Fra_244,23,63.17996835507883
Fra_244,24,53.14769267299829
Fra_244,25,55.823935374545144
Fra_244,26,66.23078214758588
Fra_244,27,36.15644519133934
Fra_244,28,55.51363817941893
Fra_244,29,409.77394827828886
Fra_244,30,37.76713557297103
Fra_244,31,37.76713557297103
Fra_244,32,33.560109063181656
Fra_244,33,40.15266812809439
Fra_244,34,35.55954162074082
Fra_244,35,35.559541620740816
Fra_244,36,29.69852518422053
Fra_244,37,51.718748947594214
Fra_244,38,51.71874894759423
Fra_244,39,44.34943756655163
Fra_244,40,99.01399469777941
Fra_244,41,19.916021114859692
Fra_244,42,35.55954162074082
Fra_244,43,35.55954162074082
Fra_244,44,35.55954162074082
Fra_244,45,84.3148312934419
Fra_244,46,41.782722040485055
Fra_244,47,35.559541620740816
Fra_244,48,35.559541620740816
Fra_244,49,19.044541749509534
Fra_244,50,19.916021114859692
Fra_244,51,22.942059966539023
Fra_244,52,19.916021114859692
Fra_244,53,21.42468798526847
Fra_244,54,21.42468798526847
Fra_244,55,22.942059966539023
Fra_244,56,21.94091185655452
Fra_244,57,19.225443226594777
Fra_244,58,19.21233741725467
Fra_244,59,19.766677001419158
Fra_244,60,21.42468798526847
Fra_244,61,20.61518271004051
Fra_244,62,21.304882463146132
Fra_244,63,19.750414288764304
Fra_244,64,21.356363105302577
Fra_244,65,31.112834461336085
Fra_244,66,53.28951364116163
Fra_244,67,32.612907721729485
Fra_244,68,22.942059966539023
Fra_244,69,32.612907721729485
Fra_244,70,28.13347663452575
Fra_244,71,21.42468798526847
Fra_244,72,19.766677001419158
Fra_244,73,18.79413297360457
Fra_244,74,19.766677001419158
Fra_244,75,26.328609080662545
Fra_244,76,26.719039967670803
Fra_244,77,28.177159287562883
Fra_244,78,29.18196778913429
Fra_244,79,30.430824034966115
Fra_244,80,53.28951364116163
Fra_244,81,27.982909092751502
Fra_244,82,29.391200779431465
Fra_244,83,39.020787707108255
Fra_244,84,67.93403875530365
Fra_244,85,309.10301454920176
Fra_244,86,56.84908223085361
Fra_244,87,83.66338211507387
Fra_244,88,85.52938307801791
Fra_244,89,64.17199163787018
Fra_244,90,42.5400820560198
Fra_244,91,35.655155939088424
Fra_244,92,28.463159308294248
Fra_244,93,40.4201375160682
Fra_244,94,28.282081256961025
Fra_244,95,28.023926353004697
Fra_244,96,27.782046169370922
Fra_245,1,59.589419900437235
Fra_245,2,24.345825880621753
Fra_245,3,24.3401324245435
Fra_245,4,20.384249493129662
Fra_245,5,16.543829167938142
Fra_245,6,16.543829167938142
Fra_245,7,14.96634658186576
Fra_245,8,13.70309684740018
Fra_245,9,9.971747457482692
Fra_245,10,9.971747457482692
Fra_245,11,9.971747457482696
Fra_245,12,9.971747457482696
Fra_245,13,9.971747457482696
Fra_245,14,16.543829167938142
Fra_245,15,17.19652608205691
Fra_245,16,34.45558972653977
Fra_245,17,20.308054567817244
Fra_245,18,21.29629046989256
Fra_245,19,23.254974207533415
Fra_245,20,49.07711406170322
Fra_245,21,30.207958528703834
Fra_245,22,44.51039901861996
Fra_245,23,100.34221323651904
Fra_245,24,75.90086584255991
Fra_245,25,77.09750964112592
Fra_245,26,90.29183611005041
Fra_245,27,40.28156333356737
Fra_245,28,75.85560264224911
Fra_245,29,553.4947361534958
Fra_245,30,51.96741035943672
Fra_245,31,51.96741035943672
Fra_245,32,52.729184610351545
Fra_245,33,55.174065156507815
Fra_245,34,52.36714357370839
Fra_245,35,52.36714357370839
Fra_245,36,47.77449386218938
Fra_245,37,76.77611964555186
Fra_245,38,76.77611964555187
Fra_245,39,60.81717384000087
Fra_245,40,134.4515592233058
Fra_245,41,33.41829698646564
Fra_245,42,52.36714357370839
Fra_245,43,52.367143573708404
Fra_245,44,52.367143573708404
Fra_245,45,114.65145619990003
Fra_245,46,57.365198614915705
Fra_245,47,52.36714357370839
Fra_245,48,52.36714357370839
Fra_245,49,31.955989024403948
Fra_245,50,33.41829698646564
Fra_245,51,38.49587068729649
Fra_245,52,33.41829698646564
Fra_245,53,35.94978042074184
Fra_245,54,35.94978042074184
Fra_245,55,38.49587068729649
Fra_245,56,36.81598369210053
Fra_245,57,31.620767623131666
Fra_245,58,27.65608343232467
Fra_245,59,33.073686838421416
Fra_245,60,35.94978042074184
Fra_245,61,32.73610070682002
Fra_245,62,35.96135824023124
Fra_245,63,33.57450097154202
Fra_245,64,36.21679148263531
Fra_245,65,53.30340837501625
Fra_245,66,75.00558510272671
Fra_245,67,53.04211764845716
Fra_245,68,38.49587068729649
Fra_245,69,53.04211764845716
Fra_245,70,37.22125401935866
Fra_245,71,35.94978042074184
Fra_245,72,33.073686838421416
Fra_245,73,25.595199752059248
Fra_245,74,33.073686838421416
Fra_245,75,29.14795233986147
Fra_245,76,30.894377626894048
Fra_245,77,24.45457151652346
Fra_245,78,27.24932364127842
Fra_245,79,31.468528430837313
Fra_245,80,75.00558510272671
Fra_245,81,24.293969860019395
Fra_245,82,26.81773696091433
Fra_245,83,46.12381883745638
Fra_245,84,95.13823249034787
Fra_245,85,417.4461843403387
Fra_245,86,78.40237099700252
Fra_245,87,113.77393953508127
Fra_245,88,116.28748471392896
Fra_245,89,84.298860492684
Fra_245,90,53.28615581027413
Fra_245,91,39.26558776802372
Fra_245,92,24.689386878917492
Fra_245,93,38.375974277945396
Fra_245,94,24.0980363251534
Fra_245,95,23.254974207533415
Fra_245,96,23.473195264228206
Fra_246,1,73.70202142754609
Fra_246,2,19.034136054412134
Fra_246,3,19.03522975985168
Fra_246,4,24.414975289166666
Fra_246,5,13.993004956933024
Fra_246,6,13.993004956933024
Fra_246,7,13.156259210041368
Fra_246,8,16.015718882765572
Fra_246,9,11.294107644524765
Fra_246,10,11.294107644524765
Fra_246,11,11.294107644524768
Fra_246,12,11.294107644524768
Fra_246,13,11.294107644524768
Fra_246,14,13.993004956933024
Fra_246,15,20.407507161731868
Fra_246,16,42.10485619282545
Fra_246,17,24.31918632152878
Fra_246,18,25.561553794878936
Fra_246,19,28.023926353004697
Fra_246,20,44.90187014003035
Fra_246,21,31.1860600842929
Fra_246,22,38.242981472669726
Fra_246,23,63.17996835507883
Fra_246,24,53.14769267299829
Fra_246,25,55.823935374545144
Fra_246,26,66.23078214758588
Fra_246,27,36.15644519133934
Fra_246,28,55.51363817941893
Fra_246,29,409.77394827828886
Fra_246,30,37.76713557297103
Fra_246,31,37.76713557297103
Fra_246,32,33.560109063181656
Fra_246,33,40.15266812809439
Fra_246,34,35.55954162074082
Fra_246,35,35.559541620740816
Fra_246,36,29.69852518422053
Fra_246,37,51.718748947594214
Fra_246,38,51.71874894759423
Fra_246,39,44.34943756655163
Fra_246,40,99.01399469777941
Fra_246,41,19.916021114859692
Fra_246,42,35.55954162074082
Fra_246,43,35.55954162074082
Fra_246,44,35.55954162074082
Fra_246,45,84.3148312934419
Fra_246,46,41.782722040485055
Fra_246,47,35.559541620740816
Fra_246,48,35.559541620740816
Fra_246,49,19.044541749509534
Fra_246,50,19.916021114859692
Fra_246,51,22.942059966539023
Fra_246,52,19.916021114859692
Fra_246,53,21.42468798526847
Fra_246,54,21.42468798526847
Fra_246,55,22.942059966539023
Fra_246,56,21.94091185655452
Fra_246,57,19.225443226594777
Fra_246,58,19.21233741725467
Fra_246,59,19.766677001419158
Fra_246,60,21.42468798526847
Fra_246,61,20.61518271004051
Fra_246,62,21.304882463146132
Fra_246,63,19.750414288764304
Fra_246,64,21.356363105302577
Fra_246,65,31.112834461336085
Fra_246,66,53.28951364116163
Fra_246,67,32.612907721729485
Fra_246,68,22.942059966539023
Fra_246,69,32.612907721729485
Fra_246,70,28.13347663452575
Fra_246,71,21.42468798526847
Fra_246,72,19.766677001419158
Fra_246,73,18.79413297360457
Fra_246,74,19.766677001419158
Fra_246,75,26.328609080662545
Fra_246,76,26.719039967670803
Fra_246,77,28.177159287562883
Fra_246,78,29.18196778913429
Fra_246,79,30.430824034966115
Fra_246,80,53.28951364116163
Fra_246,81,27.982909092751502
Fra_246,82,29.391200779431465
Fra_246,83,39.020787707108255
Fra_246,84,67.93403875530365
Fra_246,85,309.10301454920176
Fra_246,86,56.84908223085361
Fra_246,87,83.66338211507387
Fra_246,88,85.52938307801791
Fra_246,89,64.17199163787018
Fra_246,90,42.5400820560198
Fra_246,91,35.655155939088424
Fra_246,92,28.463159308294248
Fra_246,93,40.4201375160682
Fra_246,94,28.282081256961025
Fra_246,95,28.023926353004697
Fra_246,96,27.782046169370922
Fra_247,1,80.65545348068635
Fra_247,2,27.417119539986476
Fra_247,3,27.412797244353303
Fra_247,4,26.40095766766331
Fra_247,5,18.675112566065938
Fra_247,6,18.675112566065938
Fra_247,7,16.986243048204432
Fra_247,8,17.155172877595575
Fra_247,9,12.007728656611274
Fra_247,10,12.007728656611274
Fra_247,11,12.007728656611278
Fra_247,12,12.007728656611278
Fra_247,13,12.007728656611278
Fra_247,14,18.675112566065938
Fra_247,15,21.98959241501067
Fra_247,16,45.87373286149011
Fra_247,17,26.295514502555537
Fra_247,18,27.663095361263665
Fra_247,19,30.37364087194112
Fra_247,20,59.390278922484775
Fra_247,21,37.5908742966469
Fra_247,22,52.674964766777734
Fra_247,23,90.36779016404343
Fra_247,24,84.22231989806045
Fra_247,25,60.38974185785497
Fra_247,26,52.14566193153783
Fra_247,27,48.215016822814995
Fra_247,28,43.65621402103299
Fra_247,29,324.964487245177
Fra_247,30,29.933636485930677
Fra_247,31,29.933636485930677
Fra_247,32,24.98236381582117
Fra_247,33,31.689009097335834
Fra_247,34,27.33550700494395
Fra_247,35,27.33550700494395
Fra_247,36,29.93925278740158
Fra_247,37,38.86868775678312
Fra_247,38,38.86868775678313
Fra_247,39,34.812635932795885
Fra_247,40,78.11446258500891
Fra_247,41,29.79425833071859
Fra_247,42,27.33550700494395
Fra_247,43,27.33550700494395
Fra_247,44,27.33550700494395
Fra_247,45,66.47070913541647
Fra_247,46,32.8884695644668
Fra_247,47,27.33550700494395
Fra_247,48,27.33550700494395
Fra_247,49,28.49052998099515
Fra_247,50,29.79425833071859
Fra_247,51,34.32119585231301
Fra_247,52,29.79425833071859
Fra_247,53,32.05121569246884
Fra_247,54,32.05121569246884
Fra_247,55,34.32119585231301
Fra_247,56,32.82348377196513
Fra_247,57,28.47297559533529
Fra_247,58,29.023393500901367
Fra_247,59,29.502057988568374
Fra_247,60,32.05121569246884
Fra_247,61,31.810595304871338
Fra_247,62,32.101088625862495
Fra_247,63,30.0142746196989
Fra_247,64,32.36026953734311
Fra_247,65,47.72706183777465
Fra_247,66,84.83675884104477
Fra_247,67,49.38546289152335
Fra_247,68,34.32119585231301
Fra_247,69,49.38546289152335
Fra_247,70,34.78207585038668
Fra_247,71,32.05121569246884
Fra_247,72,29.502057988568374
Fra_247,73,28.365605513091737
Fra_247,74,29.502057988568374
Fra_247,75,28.39123480184678
Fra_247,76,29.773708398853625
Fra_247,77,31.348099955530138
Fra_247,78,34.30798746358802
Fra_247,79,38.44648420952222
Fra_247,80,84.83675884104477
Fra_247,81,30.88636500812092
Fra_247,82,34.132323154224046
Fra_247,83,54.39405609402353
Fra_247,84,104.56460189665046
Fra_247,85,244.53378063236437
Fra_247,86,59.68026633450073
Fra_247,87,65.9546720379842
Fra_247,88,67.43280072813884
Fra_247,89,96.29573177209227
Fra_247,90,61.96185907367832
Fra_247,91,47.143516657727254
Fra_247,92,31.7707043690065
Fra_247,93,48.74949583766655
Fra_247,94,31.194751375063653
Fra_247,95,30.37364087194112
Fra_247,96,29.90506380991503
Fra_248,1,69.44490605417329
Fra_248,2,11.054391939597242
Fra_248,3,11.061069075805387
Fra_248,4,23.199092822762562
Fra_248,5,9.589158977432096
Fra_248,6,9.589158977432096
Fra_248,7,9.589158977432096
Fra_248,8,15.318108396092136
Fra_248,9,10.908003635572548
Fra_248,10,10.908003635572548
Fra_248,11,10.908003635572552
Fra_248,12,10.908003635572552
Fra_248,13,10.908003635572552
Fra_248,14,9.589158977432096
Fra_248,15,19.438903542361214
Fra_248,16,39.79742833793292
Fra_248,17,23.10921446619451
Fra_248,18,24.274922266496052
Fra_248,19,26.585355338697592
Fra_248,20,31.74872224966105
Fra_248,21,25.731667865666783
Fra_248,22,24.872149866400022
Fra_248,23,34.75739846706541
Fra_248,24,23.17711224273421
Fra_248,25,24.027928334379908
Fra_248,26,28.403553925028042
Fra_248,27,25.126285542741897
Fra_248,28,23.839046413436982
Fra_248,29,174.80393842525027
Fra_248,30,16.28183810483487
Fra_248,31,16.28183810483487
Fra_248,32,15.654292866878055
Fra_248,33,17.297391282434134
Fra_248,34,15.952540186497366
Fra_248,35,15.952540186497362
Fra_248,36,14.009588080636359
Fra_248,37,23.316696158457017
Fra_248,38,23.31669615845702
Fra_248,39,19.08413431094908
Fra_248,40,42.3661563108798
Fra_248,41,9.589158977432096
Fra_248,42,15.952540186497366
Fra_248,43,15.952540186497362
Fra_248,44,15.952540186497366
Fra_248,45,36.10567852197513
Fra_248,46,17.99132707753833
Fra_248,47,15.952540186497362
Fra_248,48,15.952540186497362
Fra_248,49,9.169559393172811
Fra_248,50,9.589158977432096
Fra_248,51,11.046135120070794
Fra_248,52,9.589158977432096
Fra_248,53,10.31555138186376
Fra_248,54,10.31555138186376
Fra_248,55,11.046135120070794
Fra_248,56,10.56410267336716
Fra_248,57,9.589158977432096
Fra_248,58,9.589158977432096
Fra_248,59,9.589158977432096
Fra_248,60,10.31555138186376
Fra_248,61,9.589158977432096
Fra_248,62,10.296920761869046
Fra_248,63,9.589158977432096
Fra_248,64,10.352760232856252
Fra_248,65,15.18175774110112
Fra_248,66,23.0395142858668
Fra_248,67,15.397048294989101
Fra_248,68,11.046135120070794
Fra_248,69,15.397048294989101
Fra_248,70,21.182928069142342
Fra_248,71,10.31555138186376
Fra_248,72,9.589158977432096
Fra_248,73,9.589158977432096
Fra_248,74,9.589158977432096
Fra_248,75,24.172308214594533
Fra_248,76,23.525642292047717
Fra_248,77,26.132524104458383
Fra_248,78,25.126765642048177
Fra_248,79,23.587986969113388
Fra_248,80,23.0395142858668
Fra_248,81,26.17985973586034
Fra_248,82,25.974339657945517
Fra_248,83,24.78101431681917
Fra_248,84,29.304682528706493
Fra_248,85,131.8445576520386
Fra_248,86,24.459310982017037
Fra_248,87,35.828221703543555
Fra_248,88,36.62296472811179
Fra_248,89,32.786952111252276
Fra_248,90,24.355259031174203
Fra_248,91,25.187341506303895
Fra_248,92,26.063311382490287
Fra_248,93,34.10856237354858
Fra_248,94,26.278529073152846
Fra_248,95,26.585355338697592
Fra_248,96,26.482266295715537
Fra_249,1,81.22624140888917
Fra_249,2,27.133517777655573
Fra_249,3,27.129524755882315
Fra_249,4,26.563981446224208
Fra_249,5,18.534815598749223
Fra_249,6,18.534815598749223
Fra_249,7,16.88351424145978
Fra_249,8,17.248707491872523
Fra_249,9,12.07330644410811
Fra_249,10,12.07330644410811
Fra_249,11,12.073306444108114
Fra_249,12,12.073306444108114
Fra_249,13,12.073306444108114
Fra_249,14,18.534815598749223
Fra_249,15,22.119461400147497
Fra_249,16,46.1831094813979
Fra_249,17,26.457745794854947
Fra_249,18,27.83560507266109
Fra_249,19,30.566522411860113
Fra_249,20,59.11797247375931
Fra_249,21,37.593405907853715
Fra_249,22,52.31194810223683
Fra_249,23,88.5803144332577
Fra_249,24,83.03770765282914
Fra_249,25,62.89939485550931
Fra_249,26,57.67548423484966
Fra_249,27,47.960082663087256
Fra_249,28,48.28271812475725
Fra_249,29,359.6271276165036
Fra_249,30,33.020784215505074
Fra_249,31,33.020784215505074
Fra_249,32,27.36599952855668
Fra_249,33,34.99468198875902
Fra_249,34,30.0534940291886
Fra_249,35,30.0534940291886
Fra_249,36,30.968746506558723
Fra_249,37,42.88092924682115
Fra_249,38,42.88092924682116
Fra_249,39,38.49814067816456
Fra_249,40,86.40749051712427
Fra_249,41,29.14480912473365
Fra_249,42,30.0534940291886
Fra_249,43,30.0534940291886
Fra_249,44,30.0534940291886
Fra_249,45,73.52478554637202
Fra_249,46,36.34346248686689
Fra_249,47,30.0534940291886
Fra_249,48,30.0534940291886
Fra_249,49,27.86949918140749
Fra_249,50,29.14480912473365
Fra_249,51,33.57306937951013
Fra_249,52,29.14480912473365
Fra_249,53,31.35256978723197
Fra_249,54,31.35256978723197
Fra_249,55,33.57306937951013
Fra_249,56,32.108004123613426
Fra_249,57,27.875649998805667
Fra_249,58,28.594539490486632
Fra_249,59,28.862000930420965
Fra_249,60,31.35256978723197
Fra_249,61,31.263818454253247
Fra_249,62,31.445270543104403
Fra_249,63,29.449692021745854
Fra_249,64,31.733720124561476
Fra_249,65,46.91336973195031
Fra_249,66,83.69433234784489
Fra_249,67,48.391414203684704
Fra_249,68,33.57306937951013
Fra_249,69,48.391414203684704
Fra_249,70,34.344960666037714
Fra_249,71,31.35256978723197
Fra_249,72,28.862000930420965
Fra_249,73,28.009747786814042
Fra_249,74,28.862000930420965
Fra_249,75,28.25562653413717
Fra_249,76,29.572877831230286
Fra_249,77,31.53561944887462
Fra_249,78,34.39058423535356
Fra_249,79,38.40195191891182
Fra_249,80,83.69433234784489
Fra_249,81,31.076495703147323
Fra_249,82,34.2865362176677
Fra_249,83,53.99953167390136
Fra_249,84,103.60016045754062
Fra_249,85,270.5346265922113
Fra_249,86,62.47408843555696
Fra_249,87,72.95383961308998
Fra_249,88,74.5892483244221
Fra_249,89,95.40840915590341
Fra_249,90,61.39207993326857
Fra_249,91,46.91454926335317
Fra_249,92,31.914282143110604
Fra_249,93,48.9139528780676
Fra_249,94,31.358655105427722
Fra_249,95,30.566522411860113
Fra_249,96,30.07933643260312
Fra_250,1,78.44477918962129
Fra_250,2,25.888891973600227
Fra_250,3,25.885386145465482
Fra_250,4,25.769562961696778
Fra_250,5,17.800379788291334
Fra_250,6,17.800379788291334
Fra_250,7,16.256627268769886
Fra_250,8,16.792911244351533
Fra_250,9,11.62874507587052
Fra_250,10,11.62874507587052
Fra_250,11,11.628745075870524
Fra_250,12,11.628745075870524
Fra_250,13,11.628745075870524
Fra_250,14,17.800379788291334
Fra_250,15,21.486606958481026
Fra_250,16,44.67551035871191
Fra_250,17,25.667189113436343
Fra_250,18,26.994961427271573
Fra_250,19,29.626606394771077
Fra_250,20,56.49414461099308
Fra_250,21,36.16679176220275
Fra_250,22,49.89748172071782
Fra_250,23,86.42662523492565
Fra_250,24,78.71338498432728
Fra_250,25,64.50246764561592
Fra_250,26,63.90295492136047
Fra_250,27,45.837696838697155
Fra_250,28,53.529488304489604
Fra_250,29,396.1871458009164
Fra_250,30,36.56898455293569
Fra_250,31,36.56898455293569
Fra_250,32,31.461170714458845
Fra_250,33,38.79108680453283
Fra_250,34,33.88871170162347
Fra_250,35,33.88871170162347
Fra_250,36,32.911817815054704
Fra_250,37,48.714540759672474
Fra_250,38,48.71454075967249
Fra_250,39,42.7233012545048
Fra_250,40,95.63487547718567
Fra_250,41,28.362302422290057
Fra_250,42,33.88871170162347
Fra_250,43,33.88871170162347
Fra_250,44,33.88871170162347
Fra_250,45,81.40708481544415
Fra_250,46,40.30946745340255
Fra_250,47,33.88871170162347
Fra_250,48,33.88871170162347
Fra_250,49,27.121233175963305
Fra_250,50,28.362302422290057
Fra_250,51,32.67166866356666
Fra_250,52,28.362302422290057
Fra_250,53,30.51078709130348
Fra_250,54,30.51078709130348
Fra_250,55,32.67166866356666
Fra_250,56,31.245938830226685
Fra_250,57,27.119977603789813
Fra_250,58,27.34824649170179
Fra_250,59,28.09081061510276
Fra_250,60,30.51078709130348
Fra_250,61,29.380764992379053
Fra_250,62,29.900966281338007
Fra_250,63,27.229721515081906
Fra_250,64,29.625051875474277
Fra_250,65,42.04080510276425
Fra_250,66,79.1736004113224
Fra_250,67,46.826956888890095
Fra_250,68,32.67166866356666
Fra_250,69,46.826956888890095
Fra_250,70,33.81829043788
Fra_250,71,30.51078709130348
Fra_250,72,28.09081061510276
Fra_250,73,26.65821205073769
Fra_250,74,28.09081061510276
Fra_250,75,28.092235190500677
Fra_250,76,29.330901609267734
Fra_250,77,29.902665538061434
Fra_250,78,32.722055247828195
Fra_250,79,36.13498503837277
Fra_250,80,79.1736004113224
Fra_250,81,29.46951459931706
Fra_250,82,32.07163323974256
Fra_250,83,51.32067210031701
Fra_250,84,98.60941364063412
Fra_250,85,298.9867610609907
Fra_250,86,64.50984059611514
Fra_250,87,80.77652630802264
Fra_250,88,82.58268835582611
Fra_250,89,90.05574814800504
Fra_250,90,58.09583858291422
Fra_250,91,44.86233564032389
Fra_250,92,30.868829055034613
Fra_250,93,45.23830085080712
Fra_250,94,30.356710699766367
Fra_250,95,29.626606394771077
Fra_250,96,29.23010208143896
Fra_251,1,63.28776287520827
Fra_251,2,33.58329474032538
Fra_251,3,33.57091499877066
Fra_251,4,21.44053995824108
Fra_251,5,21.614168000797
Fra_251,6,21.614168000797
Fra_251,7,19.05472123682692
Fra_251,8,14.309141696138036
Fra_251,9,10.324322343556757
Fra_251,10,10.324322343556757
Fra_251,11,10.32432234355676
Fra_251,12,10.32432234355676
Fra_251,13,10.32432234355676
Fra_251,14,21.614168000797
Fra_251,15,18.037994559383883
Fra_251,16,36.460153579873115
Fra_251,17,21.359210225668456
Fra_251,18,22.4140437504065
Fra_251,19,24.504723988276798
Fra_251,20,63.97102347247664
Fra_251,21,36.187593118882894
Fra_251,22,59.797611384249144
Fra_251,23,134.5684388724352
Fra_251,24,110.7986825669693
Fra_251,25,115.00626051474686
Fra_251,26,136.04807130494336
Fra_251,27,52.81678263437824
Fra_251,28,114.1849721342407
Fra_251,29,837.5052264675544
Fra_251,30,77.98572549834273
Fra_251,31,77.98572549834273
Fra_251,32,74.98206851135532
Fra_251,33,82.85070626898785
Fra_251,34,76.40958734384857
Fra_251,35,76.40958734384857
Fra_251,36,67.06384053822524
Fra_251,37,111.68636139882578
Fra_251,38,111.68636139882582
Fra_251,39,91.40987217423843
Fra_251,40,202.92620873111215
Fra_251,41,45.853819707289546
Fra_251,42,76.40958734384857
Fra_251,43,76.40958734384857
Fra_251,44,76.40958734384859
Fra_251,45,172.93974328939044
Fra_251,46,86.17498743289987
Fra_251,47,76.40958734384857
Fra_251,48,76.40958734384857
Fra_251,49,43.84736181758718
Fra_251,50,45.853819707289546
Fra_251,51,52.820845858342864
Fra_251,52,45.853819707289546
Fra_251,53,49.327311639996424
Fra_251,54,49.327311639996424
Fra_251,55,52.820845858342864
Fra_251,56,50.5158440374083
Fra_251,57,43.20989632321931
Fra_251,58,38.94391686089808
Fra_251,59,45.3293706022421
Fra_251,60,49.327311639996424
Fra_251,61,45.92925435021276
Fra_251,62,49.31657039871534
Fra_251,63,46.013783973483356
Fra_251,64,49.645882429505946
Fra_251,65,73.00109433373684
Fra_251,66,110.13810404066894
Fra_251,67,73.62234712609236
Fra_251,68,52.820845858342864
Fra_251,69,73.62234712609236
Fra_251,70,45.59104761752766
Fra_251,71,49.327311639996424
Fra_251,72,45.3293706022421
Fra_251,73,36.29990929237139
Fra_251,74,45.3293706022421
Fra_251,75,31.744552164287953
Fra_251,76,34.73984092671972
Fra_251,77,26.525993961486567
Fra_251,78,31.657012436237462
Fra_251,79,39.216887305739
Fra_251,80,110.13810404066894
Fra_251,81,26.103735065802244
Fra_251,82,30.53775455463837
Fra_251,83,62.4530103094939
Fra_251,84,140.1059156808488
Fra_251,85,631.5102689369379
Fra_251,86,117.08019725612974
Fra_251,87,171.61077933839397
Fra_251,88,175.41744314982083
Fra_251,89,120.69068753734032
Fra_251,90,74.2699667810148
Fra_251,91,51.13964217177234
Fra_251,92,27.07770886227292
Fra_251,93,45.4358151617796
Fra_251,94,26.01697086098623
Fra_251,95,24.504723988276798
Fra_251,96,24.60237108937708
Fra_252,1,77.28440381977704
Fra_252,2,25.25376996502948
Fra_252,3,25.25055967345778
Fra_252,4,25.438146041341383
Fra_252,5,17.431419617731834
Fra_252,6,17.431419617731834
Fra_252,7,15.945356657006744
Fra_252,8,16.602761352820735
Fra_252,9,11.643943659095946
Fra_252,10,11.643943659095946
Fra_252,11,11.64394365909595
Fra_252,12,11.64394365909595
Fra_252,13,11.64394365909595
Fra_252,14,17.431419617731834
Fra_252,15,21.22259161370327
Fra_252,16,44.04656746765078
Fra_252,17,25.337383266990074
Fra_252,18,26.644260211857315
Fra_252,19,29.234490554262084
Fra_252,20,55.22522261490953
Fra_252,21,35.50923631246832
Fra_252,22,48.70563604332823
Fra_252,23,85.04882063386918
Fra_252,24,76.4638776262045
Fra_252,25,65.26131953318949
Fra_252,26,66.99012399935462
Fra_252,27,44.80382598962277
Fra_252,28,56.12791825208487
Fra_252,29,414.2020766608027
Fra_252,30,38.320438062805295
Fra_252,31,38.320438062805295
Fra_252,32,33.38755835114714
Fra_252,33,40.66642796299114
Fra_252,34,35.73196009785878
Fra_252,35,35.73196009785878
Fra_252,36,33.756520841312586
Fra_252,37,51.51397226364249
Fra_252,38,51.51397226364251
Fra_252,39,44.81260473003452
Fra_252,40,100.21707334653081
Fra_252,41,27.86170032249808
Fra_252,42,35.73196009785878
Fra_252,43,35.73196009785878
Fra_252,44,35.73196009785878
Fra_252,45,85.3189495847427
Fra_252,46,42.269462055740796
Fra_252,47,35.73196009785878
Fra_252,48,35.73196009785878
Fra_252,49,26.642536274890677
Fra_252,50,27.86170032249808
Fra_252,51,32.095005115834546
Fra_252,52,27.86170032249808
Fra_252,53,29.972263671843407
Fra_252,54,29.972263671843407
Fra_252,55,32.095005115834546
Fra_252,56,30.69443978915835
Fra_252,57,26.64296069393168
Fra_252,58,26.681126453175146
Fra_252,59,27.597448079060648
Fra_252,60,29.972263671843407
Fra_252,61,29.23332879316023
Fra_252,62,29.86693734411913
Fra_252,63,27.75717538576212
Fra_252,64,29.9884749568481
Fra_252,65,43.84700599872356
Fra_252,66,76.84255894935664
Fra_252,67,45.89155131061126
Fra_252,68,32.095005115834546
Fra_252,69,45.89155131061126
Fra_252,70,33.481357576742404
Fra_252,71,29.972263671843407
Fra_252,72,27.597448079060648
Fra_252,73,25.958237401723416
Fra_252,74,27.597448079060648
Fra_252,75,27.98770694881682
Fra_252,76,29.176099350787506
Fra_252,77,29.9381743673158
Fra_252,78,32.474276078221976
Fra_252,79,35.9178199317695
Fra_252,80,76.84255894935664
Fra_252,81,29.55726551453587
Fra_252,82,32.26965806119512
Fra_252,83,50.17760164590956
Fra_252,84,96.03244678550615
Fra_252,85,313.1497507134381
Fra_252,86,65.48650986633837
Fra_252,87,84.65868272350227
Fra_252,88,86.54994092105063
Fra_252,89,88.07885254684851
Fra_252,90,56.772675552166476
Fra_252,91,43.86641816127675
Fra_252,92,30.41742855523159
Fra_252,93,45.68491896716654
Fra_252,94,29.929750876487354
Fra_252,95,29.234490554262084
Fra_252,96,28.875816980066652
Fra_253,1,82.24279988233934
Fra_253,2,26.91026942177668
Fra_253,3,26.906638381311268
Fra_253,4,26.8543225611664
Fra_253,5,18.437114373462617
Fra_253,6,18.437114373462617
Fra_253,7,16.82153722524248
Fra_253,8,17.415290210262356
Fra_253,9,12.345370855725708
Fra_253,10,12.345370855725708
Fra_253,11,12.345370855725712
Fra_253,12,12.345370855725712
Fra_253,13,12.345370855725712
Fra_253,14,18.437114373462617
Fra_253,15,22.35075468922405
Fra_253,16,46.73410120514524
Fra_253,17,26.746675512350905
Fra_253,18,28.142840387580343
Fra_253,19,30.910039424201525
Fra_253,20,59.056924286847796
Fra_253,21,37.749667870244096
Fra_253,22,52.11431322478491
Fra_253,23,86.56259389119329
Fra_253,24,82.01135720118803
Fra_253,25,64.18218617752945
Fra_253,26,60.77503628519021
Fra_253,27,47.86708528342514
Fra_253,28,50.8677239212943
Fra_253,29,380.55780242034683
Fra_253,30,34.7269854597899
Fra_253,31,34.7269854597899
Fra_253,32,28.370185522273246
Fra_253,33,36.82614443365704
Fra_253,34,31.39131998087146
Fra_253,35,31.391319980871465
Fra_253,36,31.162046839087765
Fra_253,37,44.834244839750234
Fra_253,38,44.83424483975025
Fra_253,39,40.547136356789196
Fra_253,40,91.08101407101562
Fra_253,41,28.41170434385519
Fra_253,42,31.39131998087146
Fra_253,43,31.39131998087146
Fra_253,44,31.39131998087146
Fra_253,45,77.49258008456542
Fra_253,46,38.26051693498104
Fra_253,47,31.391319980871465
Fra_253,48,31.391319980871465
Fra_253,49,27.168473382846358
Fra_253,50,28.41170434385519
Fra_253,51,32.728576709630346
Fra_253,52,28.41170434385519
Fra_253,53,30.563931278553614
Fra_253,54,30.563931278553614
Fra_253,55,32.728576709630346
Fra_253,56,31.300363516781985
Fra_253,57,27.205242296738056
Fra_253,58,28.188728979183598
Fra_253,59,28.139498100270835
Fra_253,60,30.563931278553614
Fra_253,61,31.355093770467054
Fra_253,62,31.349655323348138
Fra_253,63,30.128645927692396
Fra_253,64,32.18374940857117
Fra_253,65,49.322166290587525
Fra_253,66,82.74213044435446
Fra_253,67,47.308674718406884
Fra_253,68,32.728576709630346
Fra_253,69,47.308674718406884
Fra_253,70,33.851540659534194
Fra_253,71,30.563931278553614
Fra_253,72,28.139498100270835
Fra_253,73,27.707066133872747
Fra_253,74,28.139498100270835
Fra_253,75,28.10255056073015
Fra_253,76,29.346178271180904
Fra_253,77,32.46174311911542
Fra_253,78,35.02041900024746
Fra_253,79,39.16587249567482
Fra_253,80,82.74213044435446
Fra_253,81,32.030432728783566
Fra_253,82,35.534656537674806
Fra_253,83,53.91276530911121
Fra_253,84,102.70181422595205
Fra_253,85,285.29484100804194
Fra_253,86,63.927645301586665
Fra_253,87,76.89035709321006
Fra_253,88,78.6153553265201
Fra_253,89,95.27940413067016
Fra_253,90,61.24904088553329
Fra_253,91,46.846690987905916
Fra_253,92,32.20709458223114
Fra_253,93,50.96486906170349
Fra_253,94,31.672370997264977
Fra_253,95,30.910039424201525
Fra_253,96,30.389711446738
Fra_254,1,79.85476984823559
Fra_254,2,27.814947311059974
Fra_254,3,27.81016312025138
Fra_254,4,26.172272958782067
Fra_254,5,18.871916807821172
Fra_254,6,18.871916807821172
Fra_254,7,17.130347837527225
Fra_254,8,17.02396541678793
Fra_254,9,11.915738166787182
Fra_254,10,11.915738166787182
Fra_254,11,11.915738166787186
Fra_254,12,11.915738166787186
Fra_254,13,11.915738166787186
Fra_254,14,18.871916807821172
Fra_254,15,21.807416223777164
Fra_254,16,45.43974891827138
Fra_254,17,26.067941468864255
Fra_254,18,27.421104079511043
Fra_254,19,30.10307261990871
Fra_254,20,59.77226197736792
Fra_254,21,37.587323030831975
Fra_254,22,53.184193303758214
Fra_254,23,92.87520577381211
Fra_254,24,85.88405727667681
Fra_254,25,56.86927833880364
Fra_254,26,44.38859842361801
Fra_254,27,48.57263056858803
Fra_254,28,37.1662973141711
Fra_254,29,276.3408085870882
Fra_254,30,25.603081237835802
Fra_254,31,25.603081237835802
Fra_254,32,21.638673442197145
Fra_254,33,27.05191351836553
Fra_254,34,23.522798964010917
Fra_254,35,23.522798964010924
Fra_254,36,28.495110874247583
Fra_254,37,33.240439625067175
Fra_254,38,33.24043962506718
Fra_254,39,29.642723989794952
Fra_254,40,66.48125977777858
Fra_254,41,30.705285568063353
Fra_254,42,23.522798964010917
Fra_254,43,23.52279896401092
Fra_254,44,23.522798964010917
Fra_254,45,56.575469160574976
Fra_254,46,28.041912469418733
Fra_254,47,23.522798964010924
Fra_254,48,23.522798964010924
Fra_254,49,29.361692757761208
Fra_254,50,30.705285568063353
Fra_254,51,35.37064450421865
Fra_254,52,30.705285568063353
Fra_254,53,33.03125453625323
Fra_254,54,33.03125453625323
Fra_254,55,35.37064450421865
Fra_254,56,33.827136469370025
Fra_254,57,29.310885447232643
Fra_254,58,29.624976628160482
Fra_254,59,30.3999102117345
Fra_254,60,33.03125453625323
Fra_254,61,32.57759694113821
Fra_254,62,33.02104992634592
Fra_254,63,30.80625360701019
Fra_254,64,33.23917365382556
Fra_254,65,48.86848392958261
Fra_254,66,86.43931935290341
Fra_254,67,50.77988361222378
Fra_254,68,35.37064450421865
Fra_254,69,50.77988361222378
Fra_254,70,35.395247496651066
Fra_254,71,33.03125453625323
Fra_254,72,30.3999102117345
Fra_254,73,28.86479171313783
Fra_254,74,30.3999102117345
Fra_254,75,28.581461880968746
Fra_254,76,30.05542730082502
Fra_254,77,31.085053416408087
Fra_254,78,34.19212326958841
Fra_254,79,38.508952727943004
Fra_254,80,86.43931935290341
Fra_254,81,30.619655556129768
Fra_254,82,33.91599784370423
Fra_254,83,54.94748273496289
Fra_254,84,105.91749048555961
Fra_254,85,208.0605989806899
Fra_254,86,55.761179195888076
Fra_254,87,56.1364564779376
Fra_254,88,57.393957624225266
Fra_254,89,97.54044046402784
Fra_254,90,62.7611276098481
Fra_254,91,47.464705029067744
Fra_254,92,31.56929791307315
Fra_254,93,48.51880059345385
Fra_254,94,30.964832297038758
Fra_254,95,30.10307261990871
Fra_254,96,29.66059957078865
Fra_255,1,76.85902114704632
Fra_255,2,24.960848265133905
Fra_255,3,24.95779416964597
Fra_255,4,25.31665172231953
Fra_255,5,17.263718831210127
Fra_255,6,17.263718831210127
Fra_255,7,15.805453115025001
Fra_255,8,16.53305419496398
Fra_255,9,11.580029448798589
Fra_255,10,11.580029448798589
Fra_255,11,11.580029448798593
Fra_255,12,11.580029448798593
Fra_255,13,11.580029448798593
Fra_255,14,17.263718831210127
Fra_255,15,21.125806076951868
Fra_255,16,43.816002932287994
Fra_255,17,25.216479552477107
Fra_255,18,26.515696452043237
Fra_255,19,29.0907445832681
Fra_255,20,54.66966165372704
Fra_255,21,35.23582680527925
Fra_255,22,48.17300747164354
Fra_255,23,84.29518134485441
Fra_255,24,75.40823082630212
Fra_255,25,65.65162493788989
Fra_255,26,68.49803355237938
Fra_255,27,44.347841318743534
Fra_255,28,57.395530931065316
Fra_255,29,423.8522192602793
Fra_255,30,39.17217225574449
Fra_255,31,39.17217225574449
Fra_255,32,34.26652070191489
Fra_255,33,41.5788524544302
Fra_255,34,36.59798198696838
Fra_255,35,36.59798198696838
Fra_255,36,34.11817950077198
Fra_255,37,52.82470876857526
Fra_255,38,52.82470876857528
Fra_255,39,45.829896753022645
Fra_255,40,102.46003913471871
Fra_255,41,27.58787817799571
Fra_255,42,36.59798198696838
Fra_255,43,36.59798198696838
Fra_255,44,36.59798198696838
Fra_255,45,87.2323347470082
Fra_255,46,43.22335672468859
Fra_255,47,36.59798198696838
Fra_255,48,36.59798198696838
Fra_255,49,26.380695958853615
Fra_255,50,27.58787817799571
Fra_255,51,31.779578453896907
Fra_255,52,27.58787817799571
Fra_255,53,29.67769911120216
Fra_255,54,29.67769911120216
Fra_255,55,31.779578453896907
Fra_255,56,30.392777750227456
Fra_255,57,26.384209580774886
Fra_255,58,26.36024297008828
Fra_255,59,27.327585871746056
Fra_255,60,29.67769911120216
Fra_255,61,28.80419081446009
Fra_255,62,29.481240721364106
Fra_255,63,27.296199918786957
Fra_255,64,29.528298644198827
Fra_255,65,42.9403907151221
Fra_255,66,75.7572321431353
Fra_255,67,45.402027107521334
Fra_255,68,31.779578453896907
Fra_255,69,45.402027107521334
Fra_255,70,33.297060150446434
Fra_255,71,29.67769911120216
Fra_255,72,27.327585871746056
Fra_255,73,25.631039981913908
Fra_255,74,27.327585871746056
Fra_255,75,27.930531504864767
Fra_255,76,29.091424743133082
Fra_255,77,29.692867308534833
Fra_255,78,32.19155901577052
Fra_255,79,35.51052690522921
Fra_255,80,75.7572321431353
Fra_255,81,29.319166335199498
Fra_255,82,31.925318354063464
Fra_255,83,49.59592821822738
Fra_255,84,94.83959097024994
Fra_255,85,320.1032751067248
Fra_255,86,65.98140317623968
Fra_255,87,86.55746127027155
Fra_255,88,88.49055843160458
Fra_255,89,86.89623653646453
Fra_255,90,56.04530687189537
Fra_255,91,43.42884714755178
Fra_255,92,30.244038270735203
Fra_255,93,45.102058689281634
Fra_255,94,29.76858174811662
Fra_255,95,29.0907445832681
Fra_255,96,28.74593940144255
Fra_256,1,59.589419900437235
Fra_256,2,24.345825880621753
Fra_256,3,24.3401324245435
Fra_256,4,20.384249493129662
Fra_256,5,16.543829167938142
Fra_256,6,16.543829167938142
Fra_256,7,14.96634658186576
Fra_256,8,13.70309684740018
Fra_256,9,9.971747457482692
Fra_256,10,9.971747457482692
Fra_256,11,9.971747457482696
Fra_256,12,9.971747457482696
Fra_256,13,9.971747457482696
Fra_256,14,16.543829167938142
Fra_256,15,17.19652608205691
Fra_256,16,34.45558972653977
Fra_256,17,20.308054567817244
Fra_256,18,21.29629046989256
Fra_256,19,23.254974207533415
Fra_256,20,49.07711406170322
Fra_256,21,30.207958528703834
Fra_256,22,44.51039901861996
Fra_256,23,100.34221323651904
Fra_256,24,75.90086584255991
Fra_256,25,77.09750964112592
Fra_256,26,90.29183611005041
Fra_256,27,40.28156333356737
Fra_256,28,75.85560264224911
Fra_256,29,553.4947361534958
Fra_256,30,51.96741035943672
Fra_256,31,51.96741035943672
Fra_256,32,52.729184610351545
Fra_256,33,55.174065156507815
Fra_256,34,52.36714357370839
Fra_256,35,52.36714357370839
Fra_256,36,47.77449386218938
Fra_256,37,76.77611964555186
Fra_256,38,76.77611964555187
Fra_256,39,60.81717384000087
Fra_256,40,134.4515592233058
Fra_256,41,33.41829698646564
Fra_256,42,52.36714357370839
Fra_256,43,52.367143573708404
Fra_256,44,52.367143573708404
Fra_256,45,114.65145619990003
Fra_256,46,57.365198614915705
Fra_256,47,52.36714357370839
Fra_256,48,52.36714357370839
Fra_256,49,31.955989024403948
Fra_256,50,33.41829698646564
Fra_256,51,38.49587068729649
Fra_256,52,33.41829698646564
Fra_256,53,35.94978042074184
Fra_256,54,35.94978042074184
Fra_256,55,38.49587068729649
Fra_256,56,36.81598369210053
Fra_256,57,31.620767623131666
Fra_256,58,27.65608343232467
Fra_256,59,33.073686838421416
Fra_256,60,35.94978042074184
Fra_256,61,32.73610070682002
Fra_256,62,35.96135824023124
Fra_256,63,33.57450097154202
Fra_256,64,36.21679148263531
Fra_256,65,53.30340837501625
Fra_256,66,75.00558510272671
Fra_256,67,53.04211764845716
Fra_256,68,38.49587068729649
Fra_256,69,53.04211764845716
Fra_256,70,37.22125401935866
Fra_256,71,35.94978042074184
Fra_256,72,33.073686838421416
Fra_256,73,25.595199752059248
Fra_256,74,33.073686838421416
Fra_256,75,29.14795233986147
Fra_256,76,30.894377626894048
Fra_256,77,24.45457151652346
Fra_256,78,27.24932364127842
Fra_256,79,31.468528430837313
Fra_256,80,75.00558510272671
Fra_256,81,24.293969860019395
Fra_256,82,26.81773696091433
Fra_256,83,46.12381883745638
Fra_256,84,95.13823249034787
Fra_256,85,417.4461843403387
Fra_256,86,78.40237099700252
Fra_256,87,113.77393953508127
Fra_256,88,116.28748471392896
Fra_256,89,84.298860492684
Fra_256,90,53.28615581027413
Fra_256,91,39.26558776802372
Fra_256,92,24.689386878917492
Fra_256,93,38.375974277945396
Fra_256,94,24.0980363251534
Fra_256,95,23.254974207533415
Fra_256,96,23.473195264228206
Fra_257,1,78.44477918962129
Fra_257,2,25.888891973600227
Fra_257,3,25.885386145465482
Fra_257,4,25.769562961696778
Fra_257,5,17.800379788291334
Fra_257,6,17.800379788291334
Fra_257,7,16.256627268769886
Fra_257,8,16.792911244351533
Fra_257,9,11.62874507587052
Fra_257,10,11.62874507587052
Fra_257,11,11.628745075870524
Fra_257,12,11.628745075870524
Fra_257,13,11.628745075870524
Fra_257,14,17.800379788291334
Fra_257,15,21.486606958481026
Fra_257,16,44.67551035871191
Fra_257,17,25.667189113436343
Fra_257,18,26.994961427271573
Fra_257,19,29.626606394771077
Fra_257,20,56.49414461099308
Fra_257,21,36.16679176220275
Fra_257,22,49.89748172071782
Fra_257,23,86.42662523492565
Fra_257,24,78.71338498432728
Fra_257,25,64.50246764561592
Fra_257,26,63.90295492136047
Fra_257,27,45.837696838697155
Fra_257,28,53.529488304489604
Fra_257,29,396.1871458009164
Fra_257,30,36.56898455293569
Fra_257,31,36.56898455293569
Fra_257,32,31.461170714458845
Fra_257,33,38.79108680453283
Fra_257,34,33.88871170162347
Fra_257,35,33.88871170162347
Fra_257,36,32.911817815054704
Fra_257,37,48.714540759672474
Fra_257,38,48.71454075967249
Fra_257,39,42.7233012545048
Fra_257,40,95.63487547718567
Fra_257,41,28.362302422290057
Fra_257,42,33.88871170162347
Fra_257,43,33.88871170162347
Fra_257,44,33.88871170162347
Fra_257,45,81.40708481544415
Fra_257,46,40.30946745340255
Fra_257,47,33.88871170162347
Fra_257,48,33.88871170162347
Fra_257,49,27.121233175963305
Fra_257,50,28.362302422290057
Fra_257,51,32.67166866356666
Fra_257,52,28.362302422290057
Fra_257,53,30.51078709130348
Fra_257,54,30.51078709130348
Fra_257,55,32.67166866356666
Fra_257,56,31.245938830226685
Fra_257,57,27.119977603789813
Fra_257,58,27.34824649170179
Fra_257,59,28.09081061510276
Fra_257,60,30.51078709130348
Fra_257,61,29.380764992379053
Fra_257,62,29.900966281338007
Fra_257,63,27.229721515081906
Fra_257,64,29.625051875474277
Fra_257,65,42.04080510276425
Fra_257,66,79.1736004113224
Fra_257,67,46.826956888890095
Fra_257,68,32.67166866356666
Fra_257,69,46.826956888890095
Fra_257,70,33.81829043788
Fra_257,71,30.51078709130348
Fra_257,72,28.09081061510276
Fra_257,73,26.65821205073769
Fra_257,74,28.09081061510276
Fra_257,75,28.092235190500677
Fra_257,76,29.330901609267734
Fra_257,77,29.902665538061434
Fra_257,78,32.722055247828195
Fra_257,79,36.13498503837277
Fra_257,80,79.1736004113224
Fra_257,81,29.46951459931706
Fra_257,82,32.07163323974256
Fra_257,83,51.32067210031701
Fra_257,84,98.60941364063412
Fra_257,85,298.9867610609907
Fra_257,86,64.50984059611514
Fra_257,87,80.77652630802264
Fra_257,88,82.58268835582611
Fra_257,89,90.05574814800504
Fra_257,90,58.09583858291422
Fra_257,91,44.86233564032389
Fra_257,92,30.868829055034613
Fra_257,93,45.23830085080712
Fra_257,94,30.356710699766367
Fra_257,95,29.626606394771077
Fra_257,96,29.23010208143896
Fra_258,1,87.51339646712681
Fra_258,2,26.29209452184119
Fra_258,3,26.28991077355392
Fra_258,4,28.359667240104525
Fra_258,5,18.221730752982495
Fra_258,6,18.221730752982495
Fra_258,7,16.731703172121346
Fra_258,8,18.27897914657133
Fra_258,9,12.681013694548653
Fra_258,10,12.681013694548653
Fra_258,11,12.681013694548657
Fra_258,12,12.681013694548657
Fra_258,13,12.681013694548657
Fra_258,14,18.221730752982495
Fra_258,15,23.549951441137093
Fra_258,16,49.59085285620626
Fra_258,17,28.24470245526676
Fra_258,18,29.73577718741202
Fra_258,19,32.69108757770133
Fra_258,20,59.55159874839405
Fra_258,21,38.85023256346255
Fra_258,22,51.94859371836976
Fra_258,23,78.33189584712811
Fra_258,24,78.7631488371373
Fra_258,25,67.09939133583576
Fra_258,26,68.3600906780698
Fra_258,27,48.075770957342975
Fra_258,28,57.1613333832642
Fra_258,29,428.1071293855349
Fra_258,30,38.812713303519295
Fra_258,31,38.812713303519295
Fra_258,32,29.534618058120532
Fra_258,33,41.227141577649626
Fra_258,34,33.944128115311486
Fra_258,35,33.944128115311486
Fra_258,36,30.266356833273047
Fra_258,37,48.45391551224347
Fra_258,38,48.45391551224348
Fra_258,39,45.49542934900075
Fra_258,40,102.61653453887166
Fra_258,41,25.421218813139625
Fra_258,42,33.944128115311486
Fra_258,43,33.94412811531148
Fra_258,44,33.94412811531148
Fra_258,45,87.25681147358382
Fra_258,46,42.876940171251
Fra_258,47,33.944128115311486
Fra_258,48,33.944128115311486
Fra_258,49,24.308844634083705
Fra_258,50,25.421218813139625
Fra_258,51,29.283717017070856
Fra_258,52,25.421218813139625
Fra_258,53,27.34691222386718
Fra_258,54,27.34691222386718
Fra_258,55,29.283717017070856
Fra_258,56,28.00583098644759
Fra_258,57,24.48216299505159
Fra_258,58,26.769690617681967
Fra_258,59,25.192260112167734
Fra_258,60,27.34691222386718
Fra_258,61,28.284512546559473
Fra_258,62,27.45328142090529
Fra_258,63,25.739238078763286
Fra_258,64,27.72516367787775
Fra_258,65,41.051310088077585
Fra_258,66,79.87648204605426
Fra_258,67,43.010766002286694
Fra_258,68,29.283717017070856
Fra_258,69,43.010766002286694
Fra_258,70,31.83877873449773
Fra_258,71,27.34691222386718
Fra_258,72,25.192260112167734
Fra_258,73,26.771296963101594
Fra_258,74,25.192260112167734
Fra_258,75,27.47812210859899
Fra_258,76,28.421424031637002
Fra_258,77,33.415614766958434
Fra_258,78,35.85461213727474
Fra_258,79,39.1623496783364
Fra_258,80,79.87648204605426
Fra_258,81,32.90864156847841
Fra_258,82,35.97198970594761
Fra_258,83,53.460078471863504
Fra_258,84,99.91809309638519
Fra_258,85,322.1466584793533
Fra_258,86,67.28341778832434
Fra_258,87,86.57608708841987
Fra_258,88,88.5259435014674
Fra_258,89,92.79544723477073
Fra_258,90,60.046626540982984
Fra_258,91,47.145327310929325
Fra_258,92,33.7962528192995
Fra_258,93,50.9417805400429
Fra_258,94,33.340637715879296
Fra_258,95,32.69108757770133
Fra_258,96,31.998926786757313
Fra_259,1,84.34461656119609
Fra_259,2,20.470234427055825
Fra_259,3,20.472112844587123
Fra_259,4,27.45462624647454
Fra_259,5,15.007361658206287
Fra_259,6,15.007361658206287
Fra_259,7,14.127125081488867
Fra_259,8,17.759713423550544
Fra_259,9,12.367368573288129
Fra_259,10,12.367368573288129
Fra_259,11,12.367368573288132
Fra_259,12,12.367368573288132
Fra_259,13,12.367368573288132
Fra_259,14,15.007361658206287
Fra_259,15,22.828972229469223
Fra_259,16,47.87332105833644
Fra_259,17,27.34406101954094
Fra_259,18,28.77807419468188
Fra_259,19,31.62028856861102
Fra_259,20,49.93833460612223
Fra_259,21,34.853718561259484
Fra_259,22,42.18373673511151
Fra_259,23,57.66304796983696
Fra_259,24,56.9076198931473
Fra_259,25,50.03607055706077
Fra_259,26,52.248184581141246
Fra_259,27,40.016453295091324
Fra_259,28,43.678170855387876
Fra_259,29,327.5234547454938
Fra_259,30,29.61126919537523
Fra_259,31,29.61126919537523
Fra_259,32,22.10096140203329
Fra_259,33,31.46910585705464
Fra_259,34,25.670312316356384
Fra_259,35,25.670312316356384
Fra_259,36,22.067084852072366
Fra_259,37,36.648659363441354
Fra_259,38,36.64865936344136
Fra_259,39,34.750666216696196
Fra_259,40,78.46343207282001
Fra_259,41,17.911540996910063
Fra_259,42,25.670312316356384
Fra_259,43,25.67031231635638
Fra_259,44,25.67031231635638
Fra_259,45,66.70917809373398
Fra_259,46,32.73858084805795
Fra_259,47,25.670312316356384
Fra_259,48,25.670312316356384
Fra_259,49,17.127773080095395
Fra_259,50,17.911540996910063
Fra_259,51,20.63301928002238
Fra_259,52,17.911540996910063
Fra_259,53,19.268365653007905
Fra_259,54,19.268365653007905
Fra_259,55,20.63301928002238
Fra_259,56,19.732633338847265
Fra_259,57,17.473915342070903
Fra_259,58,19.75637586407968
Fra_259,59,17.791185099070802
Fra_259,60,19.268365653007905
Fra_259,61,20.15174160061821
Fra_259,62,19.345597171119586
Fra_259,63,18.140279247796116
Fra_259,64,19.53897948053126
Fra_259,65,28.93614212694837
Fra_259,66,57.812556751464726
Fra_259,67,30.483701649272277
Fra_259,68,20.63301928002238
Fra_259,69,30.483701649272277
Fra_259,70,26.78435080881536
Fra_259,71,19.268365653007905
Fra_259,72,17.791185099070802
Fra_259,73,20.058033867149415
Fra_259,74,17.791185099070802
Fra_259,75,25.91006352860315
Fra_259,76,26.09919029171807
Fra_259,77,31.810309216689255
Fra_259,78,32.815031717109356
Fra_259,79,34.05083456268511
Fra_259,80,57.812556751464726
Fra_259,81,31.475289684257323
Fra_259,82,33.3109648619013
Fra_259,83,43.039748951550635
Fra_259,84,72.53483485333587
Fra_259,85,246.46208816110925
Fra_259,86,50.292007914888956
Fra_259,87,66.1882437462224
Fra_259,88,67.68040004385163
Fra_259,89,70.06550977683762
Fra_259,90,46.73382294091477
Fra_259,91,39.49576458012165
Fra_259,92,32.02544386819864
Fra_259,93,46.047189556740065
Fra_259,94,31.858414661366268
Fra_259,95,31.62028856861102
Fra_259,96,31.03143683533765
Fra_260,1,77.57703153344937
Fra_260,2,25.634600624191084
Fra_260,3,25.63114007450437
Fra_260,4,25.521723974996544
Fra_260,5,17.643600771777194
Fra_260,6,17.643600771777194
Fra_260,7,16.118574448728815
Fra_260,8,16.65071404938751
Fra_260,9,11.54321387304723
Fra_260,10,11.54321387304723
Fra_260,11,11.543213873047234
Fra_260,12,11.543213873047234
Fra_260,13,11.543213873047234
Fra_260,14,17.643600771777194
Fra_260,15,21.28917197099498
Fra_260,16,44.205176591064344
Fra_260,17,25.420554914122064
Fra_260,18,26.732701329719507
Fra_260,19,29.33337576406988
Fra_260,20,55.877130253218695
Fra_260,21,35.793874849213054
Fra_260,22,49.357653073625414
Fra_260,23,86.30897590943782
Fra_260,24,77.87941501736836
Fra_260,25,64.77361822486021
Fra_260,26,65.04633311130289
Fra_260,27,45.347219370372116
Fra_260,28,54.49684056975751
Fra_260,29,402.8085720814395
Fra_260,30,37.23060299863155
Fra_260,31,37.23060299863155
Fra_260,32,32.372729078692075
Fra_260,33,39.497599153415536
Fra_260,34,34.68148355253322
Fra_260,35,34.68148355253322
Fra_260,36,33.413098558371594
Fra_260,37,49.93060044975462
Fra_260,38,49.930600449754635
Fra_260,39,43.50728482173442
Fra_260,40,97.3167082516787
Fra_260,41,28.31955652106926
Fra_260,42,34.68148355253322
Fra_260,43,34.68148355253322
Fra_260,44,34.68148355253322
Fra_260,45,82.84748817199939
Fra_260,46,41.04665617363681
Fra_260,47,34.68148355253322
Fra_260,48,34.68148355253322
Fra_260,49,27.08035773725369
Fra_260,50,28.31955652106926
Fra_260,51,32.622427953111725
Fra_260,52,28.31955652106926
Fra_260,53,30.464803127387043
Fra_260,54,30.464803127387043
Fra_260,55,32.622427953111725
Fra_260,56,31.198846891254256
Fra_260,57,27.071276177559376
Fra_260,58,27.12963046438288
Fra_260,59,28.048682892825003
Fra_260,60,30.464803127387043
Fra_260,61,29.215625328267006
Fra_260,62,29.846928934955198
Fra_260,63,27.170363210738298
Fra_260,64,29.56429606123936
Fra_260,65,41.93113533887876
Fra_260,66,78.27788813760894
Fra_260,67,46.665823129482135
Fra_260,68,32.622427953111725
Fra_260,69,46.665823129482135
Fra_260,70,33.78952008552588
Fra_260,71,30.464803127387043
Fra_260,72,28.048682892825003
Fra_260,73,26.393984783824294
Fra_260,74,28.048682892825003
Fra_260,75,28.083309630868268
Fra_260,76,29.317683202767835
Fra_260,77,29.599752175369368
Fra_260,78,32.380503585214775
Fra_260,79,35.74466088618534
Fra_260,80,78.27788813760894
Fra_260,81,29.18173818547604
Fra_260,82,31.724552531157574
Fra_260,83,50.759960873929494
Fra_260,84,97.60853928821743
Fra_260,85,304.1192439427466
Fra_260,86,64.86254661216124
Fra_260,87,82.2062298042101
Fra_260,88,84.0430403667598
Fra_260,89,89.059725963752
Fra_260,90,57.44989444805823
Fra_260,91,44.38371476693246
Fra_260,92,30.5603147427399
Fra_260,93,44.716291105257525
Fra_260,94,30.054497233632723
Fra_260,95,29.33337576406988
Fra_260,96,28.965161895425087
Fra_261,1,76.92611459056947
Fra_261,2,25.01677439814011
Fra_261,3,25.013687921916794
Fra_261,4,25.335814402781686
Fra_261,5,17.295419966131156
Fra_261,6,17.295419966131156
Fra_261,7,15.831693912831486
Fra_261,8,16.544048750122514
Fra_261,9,11.586517308870947
Fra_261,10,11.586517308870947
Fra_261,11,11.58651730887095
Fra_261,12,11.58651730887095
Fra_261,13,11.58651730887095
Fra_261,14,17.295419966131156
Fra_261,15,21.141071566968662
Fra_261,16,43.852368702742396
Fra_261,17,25.235549079896597
Fra_261,18,26.53597415941396
Fra_261,19,29.11341690352189
Fra_261,20,54.7719152474355
Fra_261,21,35.284186663583675
Fra_261,22,48.27250552316653
Fra_261,23,84.45427340195197
Fra_261,24,75.61211667514009
Fra_261,25,65.52644571757165
Fra_261,26,68.11413722919994
Fra_261,27,44.43221922230966
Fra_261,28,57.073228373086074
Fra_261,29,421.4666713555528
Fra_261,30,38.95590517857035
Fra_261,31,38.95590517857035
Fra_261,32,34.05838809412399
Fra_261,33,41.3472550603456
Fra_261,34,36.38598338905702
Fra_261,35,36.38598338905702
Fra_261,36,34.028859940318696
Fra_261,37,52.50600114846378
Fra_261,38,52.506001148463795
Fra_261,39,45.571757292342404
Fra_261,40,101.8877305346936
Fra_261,41,27.64568159785814
Fra_261,42,36.38598338905702
Fra_261,43,36.38598338905702
Fra_261,44,36.38598338905702
Fra_261,45,86.74450544688384
Fra_261,46,42.98128399963255
Fra_261,47,36.38598338905702
Fra_261,48,36.38598338905702
Fra_261,49,26.435970033754707
Fra_261,50,27.64568159785814
Fra_261,51,31.846164521320055
Fra_261,52,27.64568159785814
Fra_261,53,29.739881222171604
Fra_261,54,29.739881222171604
Fra_261,55,31.846164521320055
Fra_261,56,30.45645812759273
Fra_261,57,26.438596135221083
Fra_261,58,26.423206242585568
Fra_261,59,27.384553355156704
Fra_261,60,29.739881222171604
Fra_261,61,28.872213703133042
Fra_261,62,29.543506887522724
Fra_261,63,27.35440425389003
Fra_261,64,29.59105754333304
Fra_261,65,43.03291975357303
Fra_261,66,75.96576534284192
Fra_261,67,45.50296468695973
Fra_261,68,31.846164521320055
Fra_261,69,45.50296468695973
Fra_261,70,33.33596504446482
Fra_261,71,29.739881222171604
Fra_261,72,27.384553355156704
Fra_261,73,25.694071754126494
Fra_261,74,27.384553355156704
Fra_261,75,27.94260115028584
Fra_261,76,29.109299418341802
Fra_261,77,29.719497345520058
Fra_261,78,32.23092045148165
Fra_261,79,35.567476062401084
Fra_261,80,75.96576534284192
Fra_261,81,29.343735284442726
Fra_261,82,31.961705180971734
Fra_261,83,49.70121727133334
Fra_261,84,95.0620068514983
Fra_261,85,318.3235390616355
Fra_261,86,65.83197656497717
Fra_261,87,86.0733759907418
Fra_261,88,87.99574883732117
Fra_261,89,87.10419559683018
Fra_261,90,56.17622260797999
Fra_261,91,43.5095924434652
Fra_261,92,30.272666546620787
Fra_261,93,45.1631872522762
Fra_261,94,29.794754623453034
Fra_261,95,29.11341690352189
Fra_261,96,28.766424330766068
Fra_262,1,82.93033982741916
Fra_262,2,27.52510903960859
Fra_262,3,27.521112939969562
Fra_262,4,27.05069209566475
Fra_262,5,18.78450519829033
Fra_262,6,18.78450519829033
Fra_262,7,17.10835535607127
Fra_262,8,17.52795689500728
Fra_262,9,12.242181310649674
Fra_262,10,12.242181310649674
Fra_262,11,12.242181310649677
Fra_262,12,12.242181310649677
Fra_262,13,12.242181310649677
Fra_262,14,18.78450519829033
Fra_262,15,22.507187771454234
Fra_262,16,47.10675937423112
Fra_262,17,26.942090461207588
Fra_262,18,28.35063615837278
Fra_262,19,31.142373986322283
Fra_262,20,60.16754518429007
Fra_262,21,38.26770809960041
Fra_262,22,53.200393823611385
Fra_262,23,88.36551841684974
Fra_262,24,84.26111638637349
Fra_262,25,65.39554511518725
Fra_262,26,61.40141323699585
Fra_262,27,48.7852120713856
Fra_262,28,51.38660447444369
Fra_262,29,383.22405443560626
Fra_262,30,35.0819137865922
Fra_262,31,35.0819137865922
Fra_262,32,28.468602348418056
Fra_262,33,37.199369083499874
Fra_262,34,31.611646532236573
Fra_262,35,31.611646532236577
Fra_262,36,31.561305899941857
Fra_262,37,45.10265905280563
Fra_262,38,45.102659052805635
Fra_262,39,40.954036389445086
Fra_262,40,92.03621718173034
Fra_262,41,29.066766609301254
Fra_262,42,31.611646532236573
Fra_262,43,31.611646532236573
Fra_262,44,31.611646532236573
Fra_262,45,78.30034586179659
Fra_262,46,38.646243612050675
Fra_262,47,31.611646532236577
Fra_262,48,31.611646532236577
Fra_262,49,27.7948716272983
Fra_262,50,29.066766609301254
Fra_262,51,33.483169089755286
Fra_262,52,29.066766609301254
Fra_262,53,31.26861544047357
Fra_262,54,31.26861544047357
Fra_262,55,33.483169089755286
Fra_262,56,32.022026912488236
Fra_262,57,27.820827831106193
Fra_262,58,28.886955279757466
Fra_262,59,28.785087043426017
Fra_262,60,31.26861544047357
Fra_262,61,31.426062604058103
Fra_262,62,31.380857181846004
Fra_262,63,29.411237350243212
Fra_262,64,31.684269435600097
Fra_262,65,46.88988305928433
Fra_262,66,85.03936775328859
Fra_262,67,48.44486218649932
Fra_262,68,33.483169089755286
Fra_262,69,48.44486218649932
Fra_262,70,34.292433742906674
Fra_262,71,31.26861544047357
Fra_262,72,28.785087043426017
Fra_262,73,28.402014456642725
Fra_262,74,28.785087043426017
Fra_262,75,28.239330863547448
Fra_262,76,29.548744577191933
Fra_262,77,32.122888561156415
Fra_262,78,35.024136147809486
Fra_262,79,39.09108233199028
Fra_262,80,85.03936775328859
Fra_262,81,31.636789048217135
Fra_262,82,34.94282801656219
Fra_262,83,54.91703365383506
Fra_262,84,105.48673897293915
Fra_262,85,288.3573045137209
Fra_262,86,65.08748566165376
Fra_262,87,77.69158862579637
Fra_262,88,79.43530344852626
Fra_262,89,97.09227750429447
Fra_262,90,62.420749907124744
Fra_262,91,47.72446696049113
Fra_262,92,32.50595742846167
Fra_262,93,49.882820740683584
Fra_262,94,31.94380691229632
Fra_262,95,31.142373986322283
Fra_262,96,30.599630724129078
Fra_263,1,82.24279988233934
Fra_263,2,26.91026942177668
Fra_263,3,26.906638381311268
Fra_263,4,26.8543225611664
Fra_263,5,18.437114373462617
Fra_263,6,18.437114373462617
Fra_263,7,16.82153722524248
Fra_263,8,17.415290210262356
Fra_263,9,12.345370855725708
Fra_263,10,12.345370855725708
Fra_263,11,12.345370855725712
Fra_263,12,12.345370855725712
Fra_263,13,12.345370855725712
Fra_263,14,18.437114373462617
Fra_263,15,22.35075468922405
Fra_263,16,46.73410120514524
Fra_263,17,26.746675512350905
Fra_263,18,28.142840387580343
Fra_263,19,30.910039424201525
Fra_263,20,59.056924286847796
Fra_263,21,37.749667870244096
Fra_263,22,52.11431322478491
Fra_263,23,86.56259389119329
Fra_263,24,82.01135720118803
Fra_263,25,64.18218617752945
Fra_263,26,60.77503628519021
Fra_263,27,47.86708528342514
Fra_263,28,50.8677239212943
Fra_263,29,380.55780242034683
Fra_263,30,34.7269854597899
Fra_263,31,34.7269854597899
Fra_263,32,28.370185522273246
Fra_263,33,36.82614443365704
Fra_263,34,31.39131998087146
Fra_263,35,31.391319980871465
Fra_263,36,31.162046839087765
Fra_263,37,44.834244839750234
Fra_263,38,44.83424483975025
Fra_263,39,40.547136356789196
Fra_263,40,91.08101407101562
Fra_263,41,28.41170434385519
Fra_263,42,31.39131998087146
Fra_263,43,31.39131998087146
Fra_263,44,31.39131998087146
Fra_263,45,77.49258008456542
Fra_263,46,38.26051693498104
Fra_263,47,31.391319980871465
Fra_263,48,31.391319980871465
Fra_263,49,27.168473382846358
Fra_263,50,28.41170434385519
Fra_263,51,32.728576709630346
Fra_263,52,28.41170434385519
Fra_263,53,30.563931278553614
Fra_263,54,30.563931278553614
Fra_263,55,32.728576709630346
Fra_263,56,31.300363516781985
Fra_263,57,27.205242296738056
Fra_263,58,28.188728979183598
Fra_263,59,28.139498100270835
Fra_263,60,30.563931278553614
Fra_263,61,31.355093770467054
Fra_263,62,31.349655323348138
Fra_263,63,30.128645927692396
Fra_263,64,32.18374940857117
Fra_263,65,49.322166290587525
Fra_263,66,82.74213044435446
Fra_263,67,47.308674718406884
Fra_263,68,32.728576709630346
Fra_263,69,47.308674718406884
Fra_263,70,33.851540659534194
Fra_263,71,30.563931278553614
Fra_263,72,28.139498100270835
Fra_263,73,27.707066133872747
Fra_263,74,28.139498100270835
Fra_263,75,28.10255056073015
Fra_263,76,29.346178271180904
Fra_263,77,32.46174311911542
Fra_263,78,35.02041900024746
Fra_263,79,39.16587249567482
Fra_263,80,82.74213044435446
Fra_263,81,32.030432728783566
Fra_263,82,35.534656537674806
Fra_263,83,53.91276530911121
Fra_263,84,102.70181422595205
Fra_263,85,285.29484100804194
Fra_263,86,63.927645301586665
Fra_263,87,76.89035709321006
Fra_263,88,78.6153553265201
Fra_263,89,95.27940413067016
Fra_263,90,61.24904088553329
Fra_263,91,46.846690987905916
Fra_263,92,32.20709458223114
Fra_263,93,50.96486906170349
Fra_263,94,31.672370997264977
Fra_263,95,30.910039424201525
Fra_263,96,30.389711446738
Fra_264,1,62.767938908521074
Fra_264,2,19.678030330972145
Fra_264,3,19.676630074143713
Fra_264,4,21.29207208944314
Fra_264,5,14.095083744918886
Fra_264,6,14.095083744918886
Fra_264,7,13.068529981366934
Fra_264,8,14.223958510205758
Fra_264,9,10.274193836255238
Fra_264,10,10.274193836255238
Fra_264,11,10.27419383625524
Fra_264,12,10.27419383625524
Fra_264,13,10.27419383625524
Fra_264,14,14.095083744918886
Fra_264,15,17.91972119082119
Fra_264,16,36.17840028094279
Fra_264,17,21.211464084383724
Fra_264,18,22.25693691958577
Fra_264,19,24.329064269093315
Fra_264,20,42.915204445818645
Fra_264,21,28.559077406515254
Fra_264,22,37.56976906620255
Fra_264,23,77.61383024084469
Fra_264,24,57.4316538423149
Fra_264,25,58.436769545494684
Fra_264,26,68.49165524782478
Fra_264,27,34.90555700642457
Fra_264,28,57.536161886067816
Fra_264,29,419.99937953011886
Fra_264,30,39.40683373263585
Fra_264,31,39.40683373263585
Fra_264,32,39.806864453741916
Fra_264,33,41.84066855239089
Fra_264,34,39.616745744971674
Fra_264,35,39.61674574497167
Fra_264,36,36.03075357005435
Fra_264,37,58.06794048496705
Fra_264,38,58.06794048496707
Fra_264,39,46.12366933517131
Fra_264,40,102.00396678693556
Fra_264,41,25.160321767202742
Fra_264,42,39.616745744971674
Fra_264,43,39.616745744971674
Fra_264,44,39.616745744971674
Fra_264,45,86.97789383523067
Fra_264,46,43.50372779739421
Fra_264,47,39.61674574497167
Fra_264,48,39.61674574497167
Fra_264,49,24.059363843969386
Fra_264,50,25.160321767202742
Fra_264,51,28.98317929226844
Fra_264,52,25.160321767202742
Fra_264,53,27.066251856355045
Fra_264,54,27.066251856355045
Fra_264,55,28.98317929226844
Fra_264,56,27.718408159592606
Fra_264,57,23.98326915725086
Fra_264,58,21.345180992653084
Fra_264,59,24.935136084356415
Fra_264,60,27.066251856355045
Fra_264,61,24.686838190279776
Fra_264,62,27.070468059224808
Fra_264,63,25.26873720888455
Fra_264,64,27.25920274641624
Fra_264,65,40.10840673661531
Fra_264,66,56.7820649748908
Fra_264,67,39.97119506578477
Fra_264,68,28.98317929226844
Fra_264,69,39.97119506578477
Fra_264,70,31.663180613382398
Fra_264,71,27.066251856355045
Fra_264,72,24.935136084356415
Fra_264,73,19.985303149221465
Fra_264,74,24.935136084356415
Fra_264,75,27.4236454903754
Fra_264,76,28.34074627986842
Fra_264,77,24.959009132648145
Fra_264,78,26.426618081671723
Fra_264,79,28.642250248858154
Fra_264,80,56.7820649748908
Fra_264,81,24.874672340763954
Fra_264,82,26.44060113696995
Fra_264,83,38.58884392816299
Fra_264,84,72.03986711698907
Fra_264,85,316.765368630262
Fra_264,86,59.43087707199378
Fra_264,87,86.31195642034366
Fra_264,88,88.21945726415872
Fra_264,89,66.19461070115106
Fra_264,90,43.1032812999357
Fra_264,91,34.26548144999456
Fra_264,92,25.082317788240616
Fra_264,93,36.77298264139406
Fra_264,94,24.771781709914773
Fra_264,95,24.329064269093315
Fra_264,96,24.443658752387154
Fra_265,1,67.40241739425721
Fra_265,2,13.290513718206682
Fra_265,3,13.295039997949944
Fra_265,4,22.615733920874586
Fra_265,5,10.750564098722029
Fra_265,6,10.750564098722029
Fra_265,7,10.481003333992703
Fra_265,8,14.983407223325903
Fra_265,9,10.714639447658124
Fra_265,10,10.714639447658124
Fra_265,11,10.714639447658127
Fra_265,12,10.714639447658127
Fra_265,13,10.714639447658127
Fra_265,14,10.750564098722029
Fra_265,15,18.97418465762241
Fra_265,16,38.690365264972655
Fra_265,17,22.528691370955986
Fra_265,18,23.657619216019764
Fra_265,19,25.895154410250985
Fra_265,20,34.56011450826699
Fra_265,21,26.380199802835694
Fra_265,22,28.116320857914953
Fra_265,23,46.205078733118434
Fra_265,24,32.110834671248774
Fra_265,25,32.924509132751304
Fra_265,26,38.726076519696825
Fra_265,27,27.60299792701609
Fra_265,28,32.51968686695482
Fra_265,29,237.8290351767293
Fra_265,30,22.247110892227575
Fra_265,31,22.247110892227575
Fra_265,32,22.024923430836125
Fra_265,33,23.626759472664688
Fra_265,34,22.13052030386598
Fra_265,35,22.13052030386598
Fra_265,36,19.84532414815947
Fra_265,37,32.40056333802516
Fra_265,38,32.400563338025165
Fra_265,39,26.054402891051804
Fra_265,40,57.711115048573035
Fra_265,41,13.748480825057708
Fra_265,42,22.13052030386598
Fra_265,43,22.130520303865982
Fra_265,44,22.13052030386598
Fra_265,45,49.198703912955175
Fra_265,46,24.56948463541119
Fra_265,47,22.13052030386598
Fra_265,48,22.13052030386598
Fra_265,49,13.14687886476402
Fra_265,50,13.748480825057708
Fra_265,51,15.837424037572776
Fra_265,52,13.748480825057708
Fra_265,53,14.789947763639082
Fra_265,54,14.789947763639082
Fra_265,55,15.837424037572776
Fra_265,56,15.146308803571797
Fra_265,57,13.431385250360982
Fra_265,58,12.674932823520592
Fra_265,59,13.68832990742357
Fra_265,60,14.789947763639082
Fra_265,61,13.591723268892608
Fra_265,62,14.780816396237324
Fra_265,63,13.784375123238162
Fra_265,64,14.874855088789278
Fra_265,65,21.857618551977545
Fra_265,66,31.818020206113964
Fra_265,67,21.933843911898453
Fra_265,68,15.837424037572776
Fra_265,69,21.933843911898453
Fra_265,70,23.982381389643763
Fra_265,71,14.789947763639082
Fra_265,72,13.68832990742357
Fra_265,73,12.297265404997031
Fra_265,74,13.68832990742357
Fra_265,75,25.040795581128197
Fra_265,76,24.81183828688304
Fra_265,77,25.734825853377636
Fra_265,78,25.378728944311064
Fra_265,79,24.833911923476332
Fra_265,80,31.818020206113964
Fra_265,81,25.751585416096663
Fra_265,82,26.00612602869871
Fra_265,83,28.31777087904823
Fra_265,84,40.409762460229445
Fra_265,85,179.37546170972868
Fra_265,86,33.497405152559686
Fra_265,87,48.821444126959946
Fra_265,88,49.90206123006334
Fra_265,89,41.43433304494329
Fra_265,90,29.191674953654065
Fra_265,91,27.479672360863233
Fra_265,92,25.71032053000023
Fra_265,93,34.684591973290125
Fra_265,94,25.786520092107548
Fra_265,95,25.895154410250985
Fra_265,96,25.858654901734226
Fra_266,1,78.44477918962129
Fra_266,2,25.88889197360037
Fra_266,3,25.88538614546562
Fra_266,4,25.769562961696778
Fra_266,5,17.80037978829141
Fra_266,6,17.80037978829141
Fra_266,7,16.25662726876995
Fra_266,8,16.792911244351533
Fra_266,9,11.628745075870526
Fra_266,10,11.628745075870526
Fra_266,11,11.62874507587053
Fra_266,12,11.62874507587053
Fra_266,13,11.62874507587053
Fra_266,14,17.80037978829141
Fra_266,15,21.486606958481026
Fra_266,16,44.67551035871191
Fra_266,17,25.667189113436343
Fra_266,18,26.994961427271573
Fra_266,19,29.626606394771077
Fra_266,20,56.494144610993295
Fra_266,21,36.16679176220283
Fra_266,22,49.89748172071805
Fra_266,23,86.42662523492623
Fra_266,24,78.71338498432783
Fra_266,25,64.50246764561649
Fra_266,26,63.902954921361136
Fra_266,27,45.83769683869734
Fra_266,28,53.52948830449016
Fra_266,29,396.1871458009205
Fra_266,30,36.56898455293607
Fra_266,31,36.56898455293607
Fra_266,32,31.461170714459197
Fra_266,33,38.791086804533236
Fra_266,34,33.88871170162383
Fra_266,35,33.88871170162384
Fra_266,36,32.91181781505502
Fra_266,37,48.714540759673
Fra_266,38,48.714540759673014
Fra_266,39,42.723301254505245
Fra_266,40,95.63487547718667
Fra_266,41,28.36230242229027
Fra_266,42,33.88871170162383
Fra_266,43,33.88871170162383
Fra_266,44,33.88871170162383
Fra_266,45,81.40708481544499
Fra_266,46,40.309467453402966
Fra_266,47,33.88871170162384
Fra_266,48,33.88871170162384
Fra_266,49,27.12123317596351
Fra_266,50,28.36230242229027
Fra_266,51,32.67166866356691
Fra_266,52,28.36230242229027
Fra_266,53,30.51078709130371
Fra_266,54,30.51078709130371
Fra_266,55,32.67166866356691
Fra_266,56,31.24593883022692
Fra_266,57,27.11997760379001
Fra_266,58,27.34824649170197
Fra_266,59,28.09081061510297
Fra_266,60,30.51078709130371
Fra_266,61,29.380764992379287
Fra_266,62,29.900966281338253
Fra_266,63,27.229721515082158
Fra_266,64,29.62505187547454
Fra_266,65,42.040805102764686
Fra_266,66,79.17360041132295
Fra_266,67,46.82695688889044
Fra_266,68,32.67166866356691
Fra_266,69,46.82695688889044
Fra_266,70,33.818290437880144
Fra_266,71,30.51078709130371
Fra_266,72,28.09081061510297
Fra_266,73,26.658212050737852
Fra_266,74,28.09081061510297
Fra_266,75,28.09223519050072
Fra_266,76,29.330901609267798
Fra_266,77,29.902665538061466
Fra_266,78,32.72205524782826
Fra_266,79,36.13498503837289
Fra_266,80,79.17360041132295
Fra_266,81,29.469514599317087
Fra_266,82,32.071633239742624
Fra_266,83,51.32067210031726
Fra_266,84,98.6094136406348
Fra_266,85,298.98676106099384
Fra_266,86,64.50984059611572
Fra_266,87,80.77652630802348
Fra_266,88,82.58268835582697
Fra_266,89,90.0557481480056
Fra_266,90,58.09583858291454
Fra_266,91,44.86233564032406
Fra_266,92,30.86882905503463
Fra_266,93,45.238300850807256
Fra_266,94,30.356710699766378
Fra_266,95,29.626606394771077
Fra_266,96,29.23010208143896
Fra_267,1,67.22918565938151
Fra_267,2,43.427911770194065
Fra_267,3,43.408406275809455
Fra_267,4,22.566256889930685
Fra_267,5,27.017763377330517
Fra_267,6,27.017763377330517
Fra_267,7,23.411811189063634
Fra_267,8,14.955019861397732
Fra_267,9,10.700070806741312
Fra_267,10,10.700070806741312
Fra_267,11,10.700070806741316
Fra_267,12,10.700070806741316
Fra_267,13,10.700070806741316
Fra_267,14,27.017763377330517
Fra_267,15,18.93476996699881
Fra_267,16,38.59647076239383
Fra_267,17,22.479454856258418
Fra_267,18,23.60526324436778
Fra_267,19,25.836615674348025
Fra_267,20,79.8438601178308
Fra_267,21,42.56024924502841
Fra_267,22,76.08960148235931
Fra_267,23,171.04424072691404
Fra_267,24,147.99021696326275
Fra_267,25,155.40662776897238
Fra_267,26,184.81171198007658
Fra_267,27,66.17590029703425
Fra_267,28,155.0336038726427
Fra_267,29,1140.1827837152919
Fra_267,30,105.7141381398531
Fra_267,31,105.7141381398531
Fra_267,32,98.69756061668309
Fra_267,33,112.34644114654247
Fra_267,34,102.03226114918967
Fra_267,35,102.03226114918967
Fra_267,36,87.62101195239075
Fra_267,37,148.89113747989393
Fra_267,38,148.89113747989396
Fra_267,39,124.01332703671397
Fra_267,40,275.9014696924214
Fra_267,41,59.106688064636266
Fra_267,42,102.03226114918967
Fra_267,43,102.03226114918967
Fra_267,44,102.0322611491897
Fra_267,45,235.05912603786805
Fra_267,46,116.87834805386841
Fra_267,47,102.03226114918967
Fra_267,48,102.03226114918967
Fra_267,49,56.52031507851375
Fra_267,50,59.106688064636266
Fra_267,51,68.08735410461303
Fra_267,52,59.106688064636266
Fra_267,53,63.58410358796938
Fra_267,54,63.58410358796938
Fra_267,55,68.08735410461303
Fra_267,56,65.11615073512057
Fra_267,57,55.560739989920805
Fra_267,58,50.97366211784936
Fra_267,59,58.39057978480439
Fra_267,60,63.58410358796938
Fra_267,61,59.98955019618819
Fra_267,62,63.5495763281275
Fra_267,63,59.27065976274547
Fra_267,64,63.957622954871006
Fra_267,65,93.99344381641191
Fra_267,66,147.57976684804396
Fra_267,67,95.55524678413065
Fra_267,68,68.08735410461303
Fra_267,69,95.55524678413065
Fra_267,70,54.51095997062478
Fra_267,71,63.58410358796938
Fra_267,72,58.39057978480439
Fra_267,73,47.70820386319995
Fra_267,74,58.39057978480439
Fra_267,75,34.5118178773897
Fra_267,76,38.838053766639746
Fra_267,77,28.733564128969714
Fra_267,78,36.35440398713115
Fra_267,79,47.47452009367122
Fra_267,80,147.57976684804396
Fra_267,81,28.03245013218088
Fra_267,82,34.50227655853306
Fra_267,83,79.85546534248058
Fra_267,84,188.029175445445
Fra_267,85,859.6440753626243
Fra_267,86,158.30018866848758
Fra_267,87,233.2490426688695
Fra_267,88,238.4338175088988
Fra_267,89,159.47442859380047
Fra_267,90,96.63297400426478
Fra_267,91,63.79413876300431
Fra_267,92,29.623007323057674
Fra_267,93,52.95967595619507
Fra_267,94,28.062030595159918
Fra_267,95,25.836615674348025
Fra_267,96,25.805763893922183
Fra_268,1,66.28287461870528
Fra_268,2,14.516191995705269
Fra_268,3,14.519539333374697
Fra_268,4,22.295979272058357
Fra_268,5,11.387161372697825
Fra_268,6,11.387161372697825
Fra_268,7,10.969847128280954
Fra_268,8,14.799948540155249
Fra_268,9,10.60865135387896
Fra_268,10,10.60865135387896
Fra_268,11,10.608651353878964
Fra_268,12,10.608651353878964
Fra_268,13,10.608651353878964
Fra_268,14,11.387161372697825
Fra_268,15,18.71945978189494
Fra_268,16,38.08355432411587
Fra_268,17,22.210491103767215
Fra_268,18,23.319258869619947
Fra_268,19,25.516836783188424
Fra_268,20,36.10111395376399
Fra_268,21,26.735677539001866
Fra_268,22,29.894537925888592
Fra_268,23,52.4798590979768
Fra_268,24,37.007647368382635
Fra_268,25,37.80096350696517
Fra_268,26,44.38412780934607
Fra_268,27,28.960550363585234
Fra_268,28,37.277778550704156
Fra_268,29,272.3747798514995
Fra_268,30,25.516836783188424
Fra_268,31,25.516836783188424
Fra_268,32,25.516836783188424
Fra_268,33,27.096055812097696
Fra_268,34,25.516836783188424
Fra_268,35,25.516836783188424
Fra_268,36,23.044047491226344
Fra_268,37,37.37967439726402
Fra_268,38,37.37967439726403
Fra_268,39,29.874993911043397
Fra_268,40,66.12209819529537
Fra_268,41,16.028316604364115
Fra_268,42,25.516836783188424
Fra_268,43,25.516836783188424
Fra_268,44,25.516836783188424
Fra_268,45,56.375342037932995
Fra_268,46,28.175149095090948
Fra_268,47,25.516836783188424
Fra_268,48,25.516836783188424
Fra_268,49,15.326954263892373
Fra_268,50,16.028316604364115
Fra_268,51,18.463657905324794
Fra_268,52,16.028316604364115
Fra_268,53,17.24248433947386
Fra_268,54,17.24248433947386
Fra_268,55,18.463657905324794
Fra_268,56,17.65793879194629
Fra_268,57,15.537412446648979
Fra_268,58,14.366328170859838
Fra_268,59,15.93519535666074
Fra_268,60,17.24248433947386
Fra_268,61,15.785636030381593
Fra_268,62,17.238559767009217
Fra_268,63,16.083885529385842
Fra_268,64,17.353536476683995
Fra_268,65,25.516836783188424
Fra_268,66,36.62975457508501
Fra_268,67,25.516836783188424
Fra_268,68,18.463657905324794
Fra_268,69,25.516836783188424
Fra_268,70,25.516836783188424
Fra_268,71,17.24248433947386
Fra_268,72,15.93519535666074
Fra_268,73,13.781651118321095
Fra_268,74,15.93519535666074
Fra_268,75,25.516836783188424
Fra_268,76,25.516836783188424
Fra_268,77,25.516836783188424
Fra_268,78,25.516836783188424
Fra_268,79,25.516836783188424
Fra_268,80,36.62975457508501
Fra_268,81,25.516836783188424
Fra_268,82,26.02354899041989
Fra_268,83,30.256361939961035
Fra_268,84,46.49675439964766
Fra_268,85,205.42842410679833
Fra_268,86,38.4514267987822
Fra_268,87,55.94337757058149
Fra_268,88,57.180689917885026
Fra_268,89,46.174194294482
Fra_268,90,31.842644142290187
Fra_268,91,28.73616033935801
Fra_268,92,25.516836783188424
Fra_268,93,35.00032923516605
Fra_268,94,25.516836783188424
Fra_268,95,25.516836783188424
Fra_268,96,25.516836783188424
Fra_269,1,78.10273848364129
Fra_269,2,25.7327660758044
Fra_269,3,25.729322605329703
Fra_269,4,25.671872093415686
Fra_269,5,17.708406335096488
Fra_269,6,17.708406335096488
Fra_269,7,16.178219197331128
Fra_269,8,16.736861275667742
Fra_269,9,11.616874206645528
Fra_269,10,11.616874206645528
Fra_269,11,11.616874206645532
Fra_269,12,11.616874206645532
Fra_269,13,11.616874206645532
Fra_269,14,17.708406335096488
Fra_269,15,21.40878387013897
Fra_269,16,44.490118565616086
Fra_269,17,25.56997313704936
Fra_269,18,26.891586179549417
Fra_269,19,29.511023470142437
Fra_269,20,56.16686724661368
Fra_269,21,35.98970454798963
Fra_269,22,49.59567770727418
Fra_269,23,86.14907510074566
Fra_269,24,78.16980600900905
Fra_269,25,64.68860516422151
Fra_269,26,64.65665659464952
Fra_269,27,45.57276812995997
Fra_269,28,54.16454251075128
Fra_269,29,400.70773862550357
Fra_269,30,36.99837727340697
Fra_269,31,36.99837727340697
Fra_269,32,31.958313817792803
Fra_269,33,39.25057381378805
Fra_269,34,34.353655739663324
Fra_269,35,34.353655739663324
Fra_269,36,33.144641509249105
Fra_269,37,49.42220221103082
Fra_269,38,49.422202211030836
Fra_269,39,43.234758714465734
Fra_269,40,96.75151387518922
Fra_269,41,28.26145925493417
Fra_269,42,34.353655739663324
Fra_269,43,34.353655739663324
Fra_269,44,34.353655739663324
Fra_269,45,82.36099156492955
Fra_269,46,40.78951813640329
Fra_269,47,34.353655739663324
Fra_269,48,34.353655739663324
Fra_269,49,27.024802674118288
Fra_269,50,28.26145925493417
Fra_269,51,32.555503392433856
Fra_269,52,28.26145925493417
Fra_269,53,30.40230491087267
Fra_269,54,30.40230491087267
Fra_269,55,32.555503392433856
Fra_269,56,31.13484279183976
Fra_269,57,27.022762781678612
Fra_269,58,27.19108569805518
Fra_269,59,27.991425812662072
Fra_269,60,30.40230491087267
Fra_269,61,29.318589347625267
Fra_269,62,29.876178033058984
Fra_269,63,27.299358774102792
Fra_269,64,29.666068461821773
Fra_269,65,42.31209592878247
Fra_269,66,78.6058794025918
Fra_269,67,46.62707721121422
Fra_269,68,32.555503392433856
Fra_269,69,46.62707721121422
Fra_269,70,33.75041741673703
Fra_269,71,30.40230491087267
Fra_269,72,27.991425812662072
Fra_269,73,26.488402367543557
Fra_269,74,27.991425812662072
Fra_269,75,28.071178628864356
Fra_269,76,29.299717660847467
Fra_269,77,29.856915029717428
Fra_269,78,32.620402051310386
Fra_269,79,36.02788550110721
Fra_269,80,78.6058794025918
Fra_269,81,29.435272108950386
Fra_269,82,32.0447057059509
Fra_269,83,51.02284021918356
Fra_269,84,97.98083952570057
Fra_269,85,302.42925512816066
Fra_269,86,64.74907158395999
Fra_269,87,81.72322098728299
Fra_269,88,83.5500411776272
Fra_269,89,89.53191978178917
Fra_269,90,57.75002232341594
Fra_269,91,44.60626620429057
Fra_269,92,30.739863599689915
Fra_269,93,45.221765320880664
Fra_269,94,30.233262322670893
Fra_269,95,29.511023470142437
Fra_269,96,29.125670421356546
Fra_270,1,78.44477918962129
Fra_270,2,25.888891973600177
Fra_270,3,25.885386145465432
Fra_270,4,25.769562961696778
Fra_270,5,17.800379788291306
Fra_270,6,17.800379788291306
Fra_270,7,16.25662726876987
Fra_270,8,16.792911244351533
Fra_270,9,11.628745075870524
Fra_270,10,11.628745075870524
Fra_270,11,11.628745075870528
Fra_270,12,11.628745075870528
Fra_270,13,11.628745075870528
Fra_270,14,17.800379788291306
Fra_270,15,21.486606958481026
Fra_270,16,44.67551035871191
Fra_270,17,25.667189113436343
Fra_270,18,26.994961427271573
Fra_270,19,29.626606394771077
Fra_270,20,56.49414461099301
Fra_270,21,36.16679176220273
Fra_270,22,49.89748172071774
Fra_270,23,86.42662523492545
Fra_270,24,78.71338498432709
Fra_270,25,64.50246764561567
Fra_270,26,63.902954921360134
Fra_270,27,45.83769683869709
Fra_270,28,53.52948830448932
Fra_270,29,396.1871458009143
Fra_270,30,36.568984552935504
Fra_270,31,36.568984552935504
Fra_270,32,31.461170714458675
Fra_270,33,38.791086804532625
Fra_270,34,33.88871170162329
Fra_270,35,33.88871170162329
Fra_270,36,32.91181781505457
Fra_270,37,48.714540759672204
Fra_270,38,48.71454075967222
Fra_270,39,42.72330125450458
Fra_270,40,95.63487547718516
Fra_270,41,28.362302422289982
Fra_270,42,33.88871170162329
Fra_270,43,33.88871170162329
Fra_270,44,33.88871170162329
Fra_270,45,81.40708481544372
Fra_270,46,40.309467453402334
Fra_270,47,33.88871170162329
Fra_270,48,33.88871170162329
Fra_270,49,27.121233175963237
Fra_270,50,28.362302422289982
Fra_270,51,32.671668663566585
Fra_270,52,28.362302422289982
Fra_270,53,30.510787091303403
Fra_270,54,30.510787091303403
Fra_270,55,32.671668663566585
Fra_270,56,31.245938830226603
Fra_270,57,27.119977603789746
Fra_270,58,27.34824649170173
Fra_270,59,28.09081061510269
Fra_270,60,30.510787091303403
Fra_270,61,29.380764992378992
Fra_270,62,29.900966281337944
Fra_270,63,27.229721515081863
Fra_270,64,29.625051875474224
Fra_270,65,42.04080510276421
Fra_270,66,79.17360041132221
Fra_270,67,46.826956888889974
Fra_270,68,32.671668663566585
Fra_270,69,46.826956888889974
Fra_270,70,33.81829043787995
Fra_270,71,30.510787091303403
Fra_270,72,28.09081061510269
Fra_270,73,26.65821205073763
Fra_270,74,28.09081061510269
Fra_270,75,28.092235190500663
Fra_270,76,29.33090160926771
Fra_270,77,29.90266553806144
Fra_270,78,32.72205524782819
Fra_270,79,36.13498503837275
Fra_270,80,79.17360041132221
Fra_270,81,29.46951459931707
Fra_270,82,32.07163323974257
Fra_270,83,51.32067210031693
Fra_270,84,98.60941364063387
Fra_270,85,298.9867610609892
Fra_270,86,64.50984059611488
Fra_270,87,80.77652630802221
Fra_270,88,82.58268835582568
Fra_270,89,90.05574814800487
Fra_270,90,58.09583858291411
Fra_270,91,44.862335640323835
Fra_270,92,30.868829055034606
Fra_270,93,45.23830085080713
Fra_270,94,30.356710699766364
Fra_270,95,29.626606394771077
Fra_270,96,29.23010208143896
Fra_271,1,79.14013435860831
Fra_271,2,27.978855806537215
Fra_271,3,27.97381159718895
Fra_271,4,25.968164616512848
Fra_271,5,18.944361213185278
Fra_271,6,18.944361213185278
Fra_271,7,17.17690755701701
Fra_271,8,16.906858604313168
Fra_271,9,11.837006432473178
Fra_271,10,11.837006432473178
Fra_271,11,11.837006432473181
Fra_271,12,11.837006432473181
Fra_271,13,11.837006432473181
Fra_271,14,18.944361213185278
Fra_271,15,21.644818205853284
Fra_271,16,45.05240451008957
Fra_271,17,25.864825331894973
Fra_271,18,27.20511919970091
Fra_271,19,29.86158188944761
Fra_271,20,59.82565635292446
Fra_271,21,37.48122244019176
Fra_271,22,53.33422449924243
Fra_271,23,94.32246565441599
Fra_271,24,86.63235447153707
Fra_271,25,56.62994721330912
Fra_271,26,43.431297383603564
Fra_271,27,48.64693068600883
Fra_271,28,36.372822889255445
Fra_271,29,270.0128678839235
Fra_271,30,25.092245528085616
Fra_271,31,25.092245528085616
Fra_271,32,21.529715537983783
Fra_271,33,26.50005932894769
Fra_271,34,23.222844505180888
Fra_271,35,23.222844505180895
Fra_271,36,28.707634050757065
Fra_271,37,32.8136190822851
Fra_271,38,32.81361908228511
Fra_271,39,29.019910069405732
Fra_271,40,65.02282123694162
Fra_271,41,31.23112307406344
Fra_271,42,23.222844505180888
Fra_271,43,23.222844505180895
Fra_271,44,23.222844505180888
Fra_271,45,55.341728001099085
Fra_271,46,27.46203001724716
Fra_271,47,23.222844505180895
Fra_271,48,23.222844505180895
Fra_271,49,29.864520821595946
Fra_271,50,31.23112307406344
Fra_271,51,35.97637772400864
Fra_271,52,31.23112307406344
Fra_271,53,33.59692497976355
Fra_271,54,33.59692497976355
Fra_271,55,35.97637772400864
Fra_271,56,34.40643663698283
Fra_271,57,29.791902427686416
Fra_271,58,29.919107012442495
Fra_271,59,30.91814320679
Fra_271,60,33.59692497976355
Fra_271,61,32.98193444649683
Fra_271,62,33.546716299024915
Fra_271,63,31.25249949646699
Fra_271,64,33.73690584024143
Fra_271,65,49.499805750919975
Fra_271,66,87.13546619105898
Fra_271,67,51.55803984112721
Fra_271,68,35.97637772400864
Fra_271,69,51.55803984112721
Fra_271,70,35.74916517990428
Fra_271,71,33.59692497976355
Fra_271,72,30.91814320679
Fra_271,73,29.08575876234636
Fra_271,74,30.91814320679
Fra_271,75,28.691259402666027
Fra_271,76,30.218033157964353
Fra_271,77,30.843205129056827
Fra_271,78,34.027061951008605
Fra_271,79,38.43461909101239
Fra_271,80,87.13546619105898
Fra_271,81,30.379755514617262
Fra_271,82,33.6881825352836
Fra_271,83,55.1172817172071
Fra_271,84,106.6652696570446
Fra_271,85,203.39065436193596
Fra_271,86,55.45460168526604
Fra_271,87,54.912673635166044
Fra_271,88,56.14165033292169
Fra_271,89,98.07014242350512
Fra_271,90,63.05187170391231
Fra_271,91,47.52081079452148
Fra_271,92,31.3643693207005
Fra_271,93,48.23113812597217
Fra_271,94,30.74483060817391
Fra_271,95,29.86158188944761
Fra_271,96,29.442407498234726
Fra_272,1,76.9882054255709
Fra_272,2,25.06853057749831
Fra_272,3,25.065414134905815
Fra_272,4,25.353548279123125
Fra_272,5,17.324757407084736
Fra_272,6,17.324757407084736
Fra_272,7,15.855978149283601
Fra_272,8,16.554223531359177
Fra_272,9,11.592521422359722
Fra_272,10,11.592521422359722
Fra_272,11,11.592521422359725
Fra_272,12,11.592521422359725
Fra_272,13,11.592521422359725
Fra_272,14,17.324757407084736
Fra_272,15,21.155198834434398
Fra_272,16,43.886022975565716
Fra_272,17,25.253196748854748
Fra_272,18,26.55473992424057
Fra_272,19,29.134398734563135
Fra_272,20,54.86654462821912
Fra_272,21,35.328940723369406
Fra_272,22,48.3645848199748
Fra_272,23,84.60150326747255
Fra_272,24,75.80080042625664
Fra_272,25,65.41060008637004
Fra_272,26,67.758864910348
Fra_272,27,44.510305756745275
Fra_272,28,56.77495727687743
Fra_272,29,419.25899421807634
Fra_272,30,38.755763365899014
Fra_272,31,38.755763365899014
Fra_272,32,33.86577423008337
Fra_272,33,41.132925986925315
Fra_272,34,36.189791790112935
Fra_272,35,36.189791790112935
Fra_272,36,33.94620020787234
Fra_272,37,52.21105694505223
Fra_272,38,52.21105694505224
Fra_272,39,45.332865176826644
Fra_272,40,101.3580942991968
Fra_272,41,27.699175090168428
Fra_272,42,36.189791790112935
Fra_272,43,36.189791790112935
Fra_272,44,36.189791790112935
Fra_272,45,86.29304958186349
Fra_272,46,42.757260654868006
Fra_272,47,36.189791790112935
Fra_272,48,36.189791790112935
Fra_272,49,26.487122773639594
Fra_272,50,27.699175090168428
Fra_272,51,31.907785811101004
Fra_272,52,27.699175090168428
Fra_272,53,29.797426922458857
Fra_272,54,29.797426922458857
Fra_272,55,31.907785811101004
Fra_272,56,30.51539038082295
Fra_272,57,26.48892752978173
Fra_272,58,26.48147485958409
Fra_272,59,27.43727323994928
Fra_272,60,29.797426922458857
Fra_272,61,28.935164682172253
Fra_272,62,29.60113037569221
Fra_272,63,27.408268768475413
Fra_272,64,29.649137025416124
Fra_272,65,43.118549659530856
Fra_272,66,76.15874992993925
Fra_272,67,45.59637617787774
Fra_272,68,31.907785811101004
Fra_272,69,45.59637617787774
Fra_272,70,33.371969119205694
Fra_272,71,29.797426922458857
Fra_272,72,27.43727323994928
Fra_272,73,25.752403763377643
Fra_272,74,27.43727323994928
Fra_272,75,27.953770861110158
Fra_272,76,29.125841325431423
Fra_272,77,29.744141798773697
Fra_272,78,32.26734702734091
Fra_272,79,35.62017898739257
Fra_272,80,76.15874992993925
Fra_272,81,29.36647232838494
Fra_272,82,31.99537894024161
Fra_272,83,49.79865578217057
Fra_272,84,95.26783900228753
Fra_272,85,316.67650335562337
Fra_272,86,65.69369147216382
Fra_272,87,85.62538498536757
Fra_272,88,87.53783314150168
Fra_272,89,87.29664885345444
Fra_272,90,56.297377029953985
Fra_272,91,43.584317224046124
Fra_272,92,30.299160246467515
Fra_272,93,45.219757959031725
Fra_272,94,29.81897600185739
Fra_272,95,29.134398734563135
Fra_272,96,28.78538186670181
Fra_273,1,78.82160962903579
Fra_273,2,32.365323981023984
Fra_273,3,32.35672882484847
Fra_273,4,25.877190189034152
Fra_273,5,21.305448631660024
Fra_273,6,21.305448631660024
Fra_273,7,19.049205980300556
Fra_273,8,16.854662182058686
Fra_273,9,11.823889705662898
Fra_273,10,11.823889705662898
Fra_273,11,11.823889705662902
Fra_273,12,11.823889705662902
Fra_273,13,11.823889705662902
Fra_273,14,21.305448631660024
Fra_273,15,21.57234560906797
Fra_273,16,44.87975877018672
Fra_273,17,25.774293146551503
Fra_273,18,27.108851205133274
Fra_273,19,29.753945519954524
Fra_273,20,66.33738679064386
Fra_273,21,39.75644232617327
Fra_273,22,60.271117916659634
Fra_273,23,112.8084324480257
Fra_273,24,103.54700392274984
Fra_273,25,86.04449017778335
Fra_273,26,86.37656722645009
Fra_273,27,54.205496300160625
Fra_273,28,72.37789861105512
Fra_273,29,535.7489782005921
Fra_273,30,49.46703845845527
Fra_273,31,49.46703845845527
Fra_273,32,43.39773296835242
Fra_273,33,52.47499044571272
Fra_273,34,46.28223273807024
Fra_273,35,46.28223273807025
Fra_273,36,44.783779748257146
Fra_273,37,66.67262970736924
Fra_273,38,66.67262970736927
Fra_273,39,57.795287310924394
Fra_273,40,129.19780112993666
Fra_273,41,37.947687807894226
Fra_273,42,46.28223273807024
Fra_273,43,46.28223273807024
Fra_273,44,46.28223273807025
Fra_273,45,109.99784281715712
Fra_273,46,54.53034864846789
Fra_273,47,46.28223273807025
Fra_273,48,46.28223273807025
Fra_273,49,36.28718410102404
Fra_273,50,37.947687807894226
Fra_273,51,43.71345683253181
Fra_273,52,37.947687807894226
Fra_273,53,40.82227902640171
Fra_273,54,40.82227902640171
Fra_273,55,43.71345683253181
Fra_273,56,41.80588424521369
Fra_273,57,36.02730779961923
Fra_273,58,35.52872485851735
Fra_273,59,37.537574911033374
Fra_273,60,40.82227902640171
Fra_273,61,39.88432504555818
Fra_273,62,40.83674928592437
Fra_273,63,38.12776476649627
Fra_273,64,41.12785513454424
Fra_273,65,60.53478212396521
Fra_273,66,104.01182426870076
Fra_273,67,62.428808144709734
Fra_273,68,43.71345683253181
Fra_273,69,62.428808144709734
Fra_273,70,40.2697841979346
Fra_273,71,40.82227902640171
Fra_273,72,37.537574911033374
Fra_273,73,34.251447874670006
Fra_273,74,37.537574911033374
Fra_273,75,30.093711973430068
Fra_273,76,32.295010842352234
Fra_273,77,31.25099848411602
Fra_273,78,35.58434450985003
Fra_273,79,41.73548625364511
Fra_273,80,104.01182426870076
Fra_273,81,30.689575073152973
Fra_273,82,34.93492096314291
Fra_273,83,62.5914920650977
Fra_273,84,129.677358188225
Fra_273,85,403.61480787807125
Fra_273,86,86.15974361247976
Fra_273,87,109.14692384146427
Fra_273,88,111.58428301046027
Fra_273,89,115.78452539821018
Fra_273,90,72.8697231820652
Fra_273,91,52.74823387353604
Fra_273,92,31.84089062728375
Fra_273,93,50.94993153088487
Fra_273,94,30.980527239874743
Fra_273,95,29.753945519954524
Fra_273,96,29.345155721750245
Fra_274,1,70.07758807904727
Fra_274,2,50.5424570763103
Fra_274,3,50.51780191574825
Fra_274,4,23.379794286872485
Fra_274,5,30.922854251422223
Fra_274,6,30.922854251422223
Fra_274,7,26.56060953987418
Fra_274,8,15.42178555223465
Fra_274,9,10.9716181363042
Fra_274,10,10.9716181363042
Fra_274,11,10.971618136304203
Fra_274,12,10.971618136304203
Fra_274,13,10.971618136304203
Fra_274,14,30.922854251422223
Fra_274,15,19.582855031916026
Fra_274,16,40.14035259519294
Fra_274,17,23.289037509812637
Fra_274,18,24.46613828233052
Fra_274,19,26.79915222753684
Fra_274,20,91.31490212051406
Fra_274,21,47.1656646301271
Fra_274,22,87.8635588976787
Fra_274,23,197.40471204674844
Fra_274,24,174.86793660066536
Fra_274,25,184.60331894973177
Fra_274,26,220.05240542927953
Fra_274,27,75.83031829748455
Fra_274,28,184.5542485370287
Fra_274,29,1358.922952850376
Fra_274,30,125.75301292860061
Fra_274,31,125.75301292860061
Fra_274,32,115.83636271820527
Fra_274,33,133.66253109568626
Fra_274,34,120.54935258086795
Fra_274,35,120.54935258086795
Fra_274,36,102.47734683549868
Fra_274,37,175.77842666845035
Fra_274,38,175.7784266684504
Fra_274,39,147.57531589328715
Fra_274,40,328.63950904526484
Fra_274,41,68.68432141271528
Fra_274,42,120.54935258086795
Fra_274,43,120.54935258086795
Fra_274,44,120.54935258086796
Fra_274,45,279.9517980037893
Fra_274,46,139.06716957177542
Fra_274,47,120.54935258086795
Fra_274,48,120.54935258086795
Fra_274,49,65.67885317741607
Fra_274,50,68.68432141271528
Fra_274,51,79.12021239201502
Fra_274,52,68.68432141271528
Fra_274,53,73.88725625769584
Fra_274,54,73.88725625769584
Fra_274,55,79.12021239201502
Fra_274,56,75.66755595168806
Fra_274,57,64.48649470124226
Fra_274,58,59.6673642082351
Fra_274,59,67.82970415094945
Fra_274,60,73.88725625769584
Fra_274,61,70.15069831501185
Fra_274,62,73.83553922742516
Fra_274,63,68.85118921697433
Fra_274,64,74.30048607165462
Fra_274,65,109.1642748424623
Fra_274,66,174.63825023761564
Fra_274,67,111.40579819087189
Fra_274,68,79.12021239201502
Fra_274,69,111.40579819087189
Fra_274,70,60.95723618128419
Fra_274,71,73.88725625769584
Fra_274,72,67.82970415094945
Fra_274,73,55.95279360634835
Fra_274,74,67.82970415094945
Fra_274,75,36.51167599581028
Fra_274,76,41.799765820572944
Fra_274,77,30.328939340147357
Fra_274,78,39.749132792528556
Fra_274,79,53.44217758738263
Fra_274,80,174.63825023761564
Fra_274,81,29.426301277503
Fra_274,82,37.36737241022817
Fra_274,83,92.43193778363211
Fra_274,84,222.6625392195302
Fra_274,85,1024.5126829222559
Fra_274,86,188.0892089555319
Fra_274,87,277.79401742253316
Fra_274,88,283.9747307861337
Fra_274,89,187.50281020069235
Fra_274,90,112.79435718332574
Fra_274,91,72.93933852560133
Fra_274,92,31.462453302713325
Fra_274,93,58.397048312719825
Fra_274,94,29.53996214783985
Fra_274,95,26.79915222753684
Fra_274,96,26.67543638631217
Fra_275,1,77.21876140118935
Fra_275,2,12.220779706177664
Fra_275,3,12.22793654508979
Fra_275,4,25.419397790750775
Fra_275,5,10.393473543244408
Fra_275,6,10.393473543244408
Fra_275,7,10.3487169292175
Fra_275,8,16.59200457609258
Fra_275,9,11.669476225512446
Fra_275,10,11.669476225512446
Fra_275,11,11.66947622551245
Fra_275,12,11.66947622551245
Fra_275,13,11.66947622551245
Fra_275,14,10.393473543244408
Fra_275,15,21.20765626930881
Fra_275,16,44.010988177021474
Fra_275,17,25.318726154828173
Fra_275,18,26.62442104896253
Fra_275,19,29.212308566599756
Fra_275,20,35.60416946609185
Fra_275,21,28.473908556475106
Fra_275,22,27.93763815187494
Fra_275,23,31.21313537692214
Fra_275,24,26.374811803050896
Fra_275,25,23.190074488874693
Fra_275,26,24.215316647685086
Fra_275,27,28.09619846369093
Fra_275,28,20.24339690142407
Fra_275,29,151.79635866369574
Fra_275,30,13.723850228562192
Fra_275,31,13.723850228562192
Fra_275,32,10.2430693594218
Fra_275,33,14.584896471659473
Fra_275,34,11.897346217267607
Fra_275,35,11.897346217267607
Fra_275,36,10.227368691718013
Fra_275,37,16.985449318734915
Fra_275,38,16.985449318734915
Fra_275,39,16.105791864375075
Fra_275,40,36.36522241182844
Fra_275,41,8.30141066843354
Fra_275,42,11.897346217267607
Fra_275,43,11.897346217267607
Fra_275,44,11.8973462172676
Fra_275,45,30.917511944130823
Fra_275,46,15.173256414304408
Fra_275,47,11.897346217267607
Fra_275,48,11.897346217267607
Fra_275,49,7.9381599940586405
Fra_275,50,8.30141066843354
Fra_275,51,9.562726423299978
Fra_275,52,8.30141066843354
Fra_275,53,8.93025431048909
Fra_275,54,8.93025431048909
Fra_275,55,9.562726423299978
Fra_275,56,9.145427126769984
Fra_275,57,8.47362745301848
Fra_275,58,10.135653434156929
Fra_275,59,8.320033714522719
Fra_275,60,8.93025431048909
Fra_275,61,9.339670033960047
Fra_275,62,8.966048581261333
Fra_275,63,8.407423331247504
Fra_275,64,9.055674927018696
Fra_275,65,13.410951017413652
Fra_275,66,26.79422030013057
Fra_275,67,14.128194002306625
Fra_275,68,9.562726423299978
Fra_275,69,14.128194002306625
Fra_275,70,20.316202335558145
Fra_275,71,8.93025431048909
Fra_275,72,8.320033714522719
Fra_275,73,10.65028062512584
Fra_275,74,8.320033714522719
Fra_275,75,23.903419876876985
Fra_275,76,23.12742912700125
Fra_275,77,28.71657224222554
Fra_275,78,27.76846090464317
Fra_275,79,26.229100526889635
Fra_275,80,26.79422030013057
Fra_275,81,28.65394796658827
Fra_275,82,28.7413481910699
Fra_275,83,27.898135020856927
Fra_275,84,33.617512417743555
Fra_275,85,114.2270789753932
Fra_275,86,23.308693043977925
Fra_275,87,30.676075992264252
Fra_275,88,31.3676414030933
Fra_275,89,37.59823029731246
Fra_275,90,27.646420977005562
Fra_275,91,28.13429249582356
Fra_275,92,28.68082755421766
Fra_275,93,38.06040299762413
Fra_275,94,28.89993576293419
Fra_275,95,29.212308566599756
Fra_275,96,28.855775076792902
Fra_276,1,66.34245891420011
Fra_276,2,41.21310617981016
Fra_276,3,41.19520381098701
Fra_276,4,22.31299725109138
Fra_276,5,25.802082441057607
Fra_276,6,25.802082441057607
Fra_276,7,22.431569179167177
Fra_276,8,14.809712576534963
Fra_276,9,10.615536304859285
Fra_276,10,10.615536304859285
Fra_276,11,10.615536304859289
Fra_276,12,10.615536304859289
Fra_276,13,10.615536304859289
Fra_276,14,25.802082441057607
Fra_276,15,18.733016746931625
Fra_276,16,38.11585001053275
Fra_276,17,22.22742635551529
Fra_276,18,23.33726708092182
Fra_276,19,25.536971600521053
Fra_276,20,76.27284793617667
Fra_276,21,41.1265525993429
Fra_276,22,72.42428970453236
Fra_276,23,162.8380495042461
Fra_276,24,139.62300287601607
Fra_276,25,146.31750231322928
Fra_276,26,173.84104814957124
Fra_276,27,63.17041533077534
Fra_276,28,145.8436295283636
Fra_276,29,1072.0875044533238
Fra_276,30,99.47590224458554
Fra_276,31,99.47590224458554
Fra_276,32,93.36213676685495
Fra_276,33,105.7105996200427
Fra_276,34,96.26776660232461
Fra_276,35,96.26776660232461
Fra_276,36,82.99613543028376
Fra_276,37,140.52094432729848
Fra_276,38,140.5209443272985
Fra_276,39,116.67832214255168
Fra_276,40,259.48376492580053
Fra_276,41,56.12510667478456
Fra_276,42,96.26776660232461
Fra_276,43,96.26776660232461
Fra_276,44,96.26776660232463
Fra_276,45,221.08373666872353
Fra_276,46,109.97081934649711
Fra_276,47,96.26776660232461
Fra_276,48,96.26776660232461
Fra_276,49,53.66920084585084
Fra_276,50,56.12510667478456
Fra_276,51,64.6527514474559
Fra_276,52,56.12510667478456
Fra_276,53,60.37666317545674
Fra_276,54,60.37666317545674
Fra_276,55,64.6527514474559
Fra_276,56,61.8314276425612
Fra_276,57,52.78209278445068
Fra_276,58,48.26725444702243
Fra_276,59,55.452117168438036
Fra_276,60,60.37666317545674
Fra_276,61,56.82631675118607
Fra_276,62,60.34748720624625
Fra_276,63,56.28817679565796
Fra_276,64,60.737820414301744
Fra_276,65,89.2706625392471
Fra_276,66,139.15627979441405
Fra_276,67,90.62086400127896
Fra_276,68,64.6527514474559
Fra_276,69,90.62086400127896
Fra_276,70,52.50419102416049
Fra_276,71,60.37666317545674
Fra_276,72,55.452117168438036
Fra_276,73,45.14160787317245
Fra_276,74,55.452117168438036
Fra_276,75,33.88924865475157
Fra_276,76,37.916052973627785
Fra_276,77,28.236913143637125
Fra_276,78,35.297602180054646
Fra_276,79,45.616748358461976
Fra_276,80,139.15627979441405
Fra_276,81,27.598534937886125
Fra_276,82,33.61035303618727
Fra_276,83,75.9403252637428
Fra_276,84,177.24757740927805
Fra_276,85,808.319373924857
Fra_276,86,149.02666719592253
Fra_276,87,219.3818937699637
Fra_276,88,224.25662627913772
Fra_276,89,150.74900573100828
Fra_276,90,91.60182720946557
Fra_276,91,60.94717684374229
Fra_276,92,29.050375473282543
Fra_276,93,51.26698553480203
Fra_276,94,27.6019406070807
Fra_276,95,25.536971600521053
Fra_276,96,25.535029024008235
Fra_277,1,77.06527613292037
Fra_277,2,25.15185182567957
Fra_277,3,25.148682993643067
Fra_277,4,25.37556058405752
Fra_277,5,17.37147315105432
Fra_277,6,17.37147315105432
Fra_277,7,15.894310649262657
Fra_277,8,16.566853053687517
Fra_277,9,11.60028793116113
Fra_277,10,11.60028793116113
Fra_277,11,11.600287931161134
Fra_277,12,11.600287931161134
Fra_277,13,11.600287931161136
Fra_277,14,17.37147315105432
Fra_277,15,21.17273440947497
Fra_277,16,43.927796590170274
Fra_277,17,25.275102048238182
Fra_277,18,26.578033068375404
Fra_277,19,29.160442587247648
Fra_277,20,55.012700603041836
Fra_277,21,35.39476465098737
Fra_277,22,48.509265495577495
Fra_277,23,84.86316492036758
Fra_277,24,76.10834493699898
Fra_277,25,65.36556999086369
Fra_277,26,67.45013068883185
Fra_277,27,44.63167067514414
Fra_277,28,56.5156097962455
Fra_277,29,417.3354226266402
Fra_277,30,38.58258003113346
Fra_277,31,38.58258003113346
Fra_277,32,33.69457203214735
Fra_277,33,40.946992330083624
Fra_277,34,36.01764803655117
Fra_277,35,36.01764803655117
Fra_277,36,33.89759310645526
Fra_277,37,51.94943688353149
Fra_277,38,51.949436883531504
Fra_277,39,45.12496456342768
Fra_277,40,100.89828848357149
Fra_277,41,27.794245445408826
Fra_277,42,36.01764803655117
Fra_277,43,36.01764803655117
Fra_277,44,36.01764803655117
Fra_277,45,85.90098044836367
Fra_277,46,42.56261459863365
Fra_277,47,36.01764803655117
Fra_277,48,36.01764803655117
Fra_277,49,26.578033068375404
Fra_277,50,27.794245445408826
Fra_277,51,32.01730114945029
Fra_277,52,27.794245445408826
Fra_277,53,29.89969899206188
Fra_277,54,29.89969899206188
Fra_277,55,32.01730114945029
Fra_277,56,30.62012667691698
Fra_277,57,26.578033068375404
Fra_277,58,26.578033068375404
Fra_277,59,27.53096871502483
Fra_277,60,29.89969899206188
Fra_277,61,29.043917089044136
Fra_277,62,29.704724969766197
Fra_277,63,27.506416491635424
Fra_277,64,29.754483685157343
Fra_277,65,43.27684614581662
Fra_277,66,76.47156633073354
Fra_277,67,45.75887193523592
Fra_277,68,32.01730114945029
Fra_277,69,45.75887193523592
Fra_277,70,33.43595671896571
Fra_277,71,29.89969899206188
Fra_277,72,27.53096871502483
Fra_277,73,25.847221368328324
Fra_277,74,27.53096871502483
Fra_277,75,27.97362203047934
Fra_277,76,29.155240134808864
Fra_277,77,29.7777989301978
Fra_277,78,32.320304950512266
Fra_277,79,35.701224168331144
Fra_277,80,76.47156633073354
Fra_277,81,29.397366406470244
Fra_277,82,32.044387219350526
Fra_277,83,49.952512780605964
Fra_277,84,95.6195197873757
Fra_277,85,315.24856535694283
Fra_277,86,65.62402754939097
Fra_277,87,85.23631785985299
Fra_277,88,87.14016711068916
Fra_277,89,87.61223304169133
Fra_277,90,56.49094885139847
Fra_277,91,43.70008054394946
Fra_277,92,30.334557435786536
Fra_277,93,45.304783256421
Fra_277,94,29.850517187315944
Fra_277,95,29.160442587247648
Fra_277,96,28.808913048141665
Fra_278,1,78.07796991377873
Fra_278,2,26.715352119135442
Fra_278,3,26.711121663075044
Fra_278,4,25.664797897117847
Fra_278,5,18.238345304140402
Fra_278,6,18.238345304140402
Fra_278,7,16.59917263838667
Fra_278,8,16.732802467634468
Fra_278,9,11.703365994794828
Fra_278,10,11.703365994794828
Fra_278,11,11.703365994794831
Fra_278,12,11.703365994794831
Fra_278,13,11.703365994794831
Fra_278,14,18.238345304140402
Fra_278,15,21.403148381243
Fra_278,16,44.476693585784865
Fra_278,17,25.5629333296206
Fra_278,18,26.8841003540307
Fra_278,19,29.502653636688315
Fra_278,20,57.63811018339081
Fra_278,21,36.512031412095205
Fra_278,22,51.15680613668745
Fra_278,23,90.2398579291193
Fra_278,24,81.95104781469507
Fra_278,25,60.8629929483226
Fra_278,26,54.771571917540626
Fra_278,27,46.826751696078134
Fra_278,28,45.88422803245885
Fra_278,29,339.68216023987895
Fra_278,30,31.466878290700194
Fra_278,31,31.466878290700194
Fra_278,32,27.323869541795784
Fra_278,33,33.32520548062422
Fra_278,34,29.292877000992103
Fra_278,35,29.292877000992103
Fra_278,36,31.260012653131366
Fra_278,37,41.89051499225622
Fra_278,38,41.890514992256236
Fra_278,39,36.62615607380033
Fra_278,40,81.95751664840462
Fra_278,41,29.747776307516617
Fra_278,42,29.292877000992103
Fra_278,43,29.292877000992103
Fra_278,44,29.292877000992103
Fra_278,45,69.7680265766667
Fra_278,46,34.595015653590394
Fra_278,47,29.292877000992103
Fra_278,48,29.292877000992103
Fra_278,49,28.446081904425718
Fra_278,50,29.747776307516617
Fra_278,51,34.267651353765054
Fra_278,52,29.747776307516617
Fra_278,53,32.00121259002769
Fra_278,54,32.00121259002769
Fra_278,55,34.267651353765054
Fra_278,56,32.77227585407294
Fra_278,57,28.403077475929656
Fra_278,58,28.44205968501351
Fra_278,59,29.456248175032187
Fra_278,60,32.00121259002769
Fra_278,61,31.19776953834493
Fra_278,62,31.827176412965645
Fra_278,63,29.51044614511413
Fra_278,64,31.90797720341267
Fra_278,65,46.497370249211144
Fra_278,66,82.3819058461485
Fra_278,67,49.037516353759514
Fra_278,68,34.267651353765054
Fra_278,69,49.037516353759514
Fra_278,70,34.75079088159527
Fra_278,71,32.00121259002769
Fra_278,72,29.456248175032187
Fra_278,73,27.643684786232114
Fra_278,74,29.456248175032187
Fra_278,75,28.38152912111306
Fra_278,76,29.759334663359137
Fra_278,77,30.27113114195367
Fra_278,78,33.19003690118153
Fra_278,79,37.12286987502155
Fra_278,80,82.3819058461485
Fra_278,81,29.84339102808512
Fra_278,82,32.8270166472364
Fra_278,83,52.776882563533604
Fra_278,84,101.78279499821623
Fra_278,85,256.1768209187678
Fra_278,86,60.35457552437288
Fra_278,87,69.22780309091269
Fra_278,88,70.7752108981453
Fra_278,89,93.3516486030897
Fra_278,90,60.085016319014926
Fra_278,91,45.78645837735626
Fra_278,92,30.861370696560478
Fra_278,93,46.71744391245432
Fra_278,94,30.301226393743605
Fra_278,95,29.502653636688315
Fra_278,96,29.118108096687607
Fra_279,1,70.07758807904719
Fra_279,2,50.54245707631037
Fra_279,3,50.51780191574832
Fra_279,4,23.37979428687246
Fra_279,5,30.922854251422258
Fra_279,6,30.922854251422258
Fra_279,7,26.560609539874207
Fra_279,8,15.421785552234638
Fra_279,9,10.971618136304192
Fra_279,10,10.971618136304192
Fra_279,11,10.971618136304196
Fra_279,12,10.971618136304196
Fra_279,13,10.971618136304196
Fra_279,14,30.922854251422258
Fra_279,15,19.582855031916004
Fra_279,16,40.14035259519289
Fra_279,17,23.289037509812612
Fra_279,18,24.46613828233049
Fra_279,19,26.799152227536815
Fra_279,20,91.31490212051415
Fra_279,21,47.16566463012712
Fra_279,22,87.8635588976788
Fra_279,23,197.40471204674884
Fra_279,24,174.86793660066564
Fra_279,25,184.60331894973214
Fra_279,26,220.05240542928
Fra_279,27,75.83031829748464
Fra_279,28,184.55424853702908
Fra_279,29,1358.9229528503788
Fra_279,30,125.7530129286009
Fra_279,31,125.7530129286009
Fra_279,32,115.83636271820552
Fra_279,33,133.66253109568655
Fra_279,34,120.5493525808682
Fra_279,35,120.5493525808682
Fra_279,36,102.4773468354989
Fra_279,37,175.77842666845072
Fra_279,38,175.77842666845078
Fra_279,39,147.57531589328747
Fra_279,40,328.63950904526547
Fra_279,41,68.68432141271542
Fra_279,42,120.5493525808682
Fra_279,43,120.5493525808682
Fra_279,44,120.54935258086822
Fra_279,45,279.9517980037898
Fra_279,46,139.0671695717757
Fra_279,47,120.5493525808682
Fra_279,48,120.5493525808682
Fra_279,49,65.6788531774162
Fra_279,50,68.68432141271542
Fra_279,51,79.12021239201518
Fra_279,52,68.68432141271542
Fra_279,53,73.88725625769598
Fra_279,54,73.88725625769598
Fra_279,55,79.12021239201518
Fra_279,56,75.66755595168823
Fra_279,57,64.4864947012424
Fra_279,58,59.66736420823521
Fra_279,59,67.8297041509496
Fra_279,60,73.88725625769598
Fra_279,61,70.150698315012
Fra_279,62,73.83553922742531
Fra_279,63,68.85118921697449
Fra_279,64,74.30048607165477
Fra_279,65,109.16427484246256
Fra_279,66,174.63825023761592
Fra_279,67,111.4057981908721
Fra_279,68,79.12021239201518
Fra_279,69,111.4057981908721
Fra_279,70,60.95723618128429
Fra_279,71,73.88725625769598
Fra_279,72,67.8297041509496
Fra_279,73,55.95279360634845
Fra_279,74,67.8297041509496
Fra_279,75,36.51167599581031
Fra_279,76,41.799765820572986
Fra_279,77,30.328939340147343
Fra_279,78,39.74913279252856
Fra_279,79,53.44217758738267
Fra_279,80,174.63825023761592
Fra_279,81,29.426301277502986
Fra_279,82,37.36737241022818
Fra_279,83,92.43193778363222
Fra_279,84,222.66253921953057
Fra_279,85,1024.5126829222581
Fra_279,86,188.08920895553226
Fra_279,87,277.7940174225337
Fra_279,88,283.9747307861343
Fra_279,89,187.50281020069264
Fra_279,90,112.7943571833259
Fra_279,91,72.93933852560139
Fra_279,92,31.462453302713307
Fra_279,93,58.397048312719846
Fra_279,94,29.53996214783983
Fra_279,95,26.799152227536815
Fra_279,96,26.675436386312146
Fra_280,1,76.95586845966004
Fra_280,2,25.04157591007362
Fra_280,3,25.03847507399469
Fra_280,4,25.344312459461374
Fra_280,5,17.309478439939145
Fra_280,6,17.309478439939145
Fra_280,7,15.843330895847465
Fra_280,8,16.548924495615932
Fra_280,9,11.589394474345463
Fra_280,10,11.589394474345463
Fra_280,11,11.589394474345466
Fra_280,12,11.589394474345466
Fra_280,13,11.589394474345466
Fra_280,14,17.309478439939145
Fra_280,15,21.147841340104634
Fra_280,16,43.86849579827751
Fra_280,17,25.244005826080187
Fra_280,18,26.54496669607452
Fra_280,19,29.12347137700525
Fra_280,20,54.81726155672396
Fra_280,21,35.30563276647638
Fra_280,22,48.316629834638874
Fra_280,23,84.52482581350854
Fra_280,24,75.70253374925579
Fra_280,25,65.47093260125742
Fra_280,26,67.94389107183444
Fra_280,27,44.46963821535875
Fra_280,28,56.9302971474088
Fra_280,29,420.40875457055375
Fra_280,30,38.859997412253044
Fra_280,31,38.859997412253044
Fra_280,32,33.966087713632184
Fra_280,33,41.24454877216806
Fra_280,34,36.291968561401546
Fra_280,35,36.291968561401546
Fra_280,36,33.9892494751315
Fra_280,37,52.364664166651316
Fra_280,38,52.36466416665133
Fra_280,39,45.45728041774971
Fra_280,40,101.6339293542745
Fra_280,41,27.671315628506264
Fra_280,42,36.291968561401546
Fra_280,43,36.291968561401546
Fra_280,44,36.291968561401546
Fra_280,45,86.52816822565535
Fra_280,46,42.873932225845124
Fra_280,47,36.291968561401546
Fra_280,48,36.291968561401546
Fra_280,49,26.460482378066402
Fra_280,50,27.671315628506264
Fra_280,51,31.875693384787397
Fra_280,52,27.671315628506264
Fra_280,53,29.767457067029046
Fra_280,54,29.767457067029046
Fra_280,55,31.875693384787397
Fra_280,56,30.484698407301966
Fra_280,57,26.46271489163442
Fra_280,58,26.451128508443638
Fra_280,59,27.409816673817964
Fra_280,60,29.767457067029046
Fra_280,61,28.90237975242855
Fra_280,62,29.571120008259367
Fra_280,63,27.380216078059583
Fra_280,64,29.618889175919477
Fra_280,65,43.07395352308256
Fra_280,66,76.05824337346995
Fra_280,67,45.54772738458265
Fra_280,68,31.875693384787397
Fra_280,69,45.54772738458265
Fra_280,70,33.35321816284437
Fra_280,71,29.767457067029046
Fra_280,72,27.409816673817964
Fra_280,73,25.722024397491747
Fra_280,74,27.409816673817964
Fra_280,75,27.947953665091575
Fra_280,76,29.117226284489448
Fra_280,77,29.73130694408481
Fra_280,78,32.2483760319954
Fra_280,79,35.592731253941814
Fra_280,80,76.05824337346995
Fra_280,81,29.3546308542792
Fra_280,82,31.977841614393505
Fra_280,83,49.74790971307229
Fra_280,84,95.16064142243074
Fra_280,85,317.5342811174803
Fra_280,86,65.76571047999627
Fra_280,87,85.858699126961
Fra_280,88,87.7763160713164
Fra_280,89,87.19641901440077
Fra_280,90,56.23427969178422
Fra_280,91,43.545400487263805
Fra_280,92,30.285362302394496
Fra_280,93,45.1902958811604
Fra_280,94,29.80636148495231
Fra_280,95,29.12347137700525
Fra_280,96,28.77550876395977
Fra_281,1,70.07758807904719
Fra_281,2,50.54245707631037
Fra_281,3,50.51780191574832
Fra_281,4,23.37979428687246
Fra_281,5,30.922854251422258
Fra_281,6,30.922854251422258
Fra_281,7,26.560609539874207
Fra_281,8,15.421785552234638
Fra_281,9,10.971618136304192
Fra_281,10,10.971618136304192
Fra_281,11,10.971618136304196
Fra_281,12,10.971618136304196
Fra_281,13,10.971618136304196
Fra_281,14,30.922854251422258
Fra_281,15,19.582855031916004
Fra_281,16,40.14035259519289
Fra_281,17,23.289037509812612
Fra_281,18,24.46613828233049
Fra_281,19,26.799152227536815
Fra_281,20,91.31490212051415
Fra_281,21,47.16566463012712
Fra_281,22,87.8635588976788
Fra_281,23,197.40471204674884
Fra_281,24,174.86793660066564
Fra_281,25,184.60331894973214
Fra_281,26,220.05240542928
Fra_281,27,75.83031829748464
Fra_281,28,184.55424853702908
Fra_281,29,1358.9229528503788
Fra_281,30,125.7530129286009
Fra_281,31,125.7530129286009
Fra_281,32,115.83636271820552
Fra_281,33,133.66253109568655
Fra_281,34,120.5493525808682
Fra_281,35,120.5493525808682
Fra_281,36,102.4773468354989
Fra_281,37,175.77842666845072
Fra_281,38,175.77842666845078
Fra_281,39,147.57531589328747
Fra_281,40,328.63950904526547
Fra_281,41,68.68432141271542
Fra_281,42,120.5493525808682
Fra_281,43,120.5493525808682
Fra_281,44,120.54935258086822
Fra_281,45,279.9517980037898
Fra_281,46,139.0671695717757
Fra_281,47,120.5493525808682
Fra_281,48,120.5493525808682
Fra_281,49,65.6788531774162
Fra_281,50,68.68432141271542
Fra_281,51,79.12021239201518
Fra_281,52,68.68432141271542
Fra_281,53,73.88725625769598
Fra_281,54,73.88725625769598
Fra_281,55,79.12021239201518
Fra_281,56,75.66755595168823
Fra_281,57,64.4864947012424
Fra_281,58,59.66736420823521
Fra_281,59,67.8297041509496
Fra_281,60,73.88725625769598
Fra_281,61,70.150698315012
Fra_281,62,73.83553922742531
Fra_281,63,68.85118921697449
Fra_281,64,74.30048607165477
Fra_281,65,109.16427484246256
Fra_281,66,174.63825023761592
Fra_281,67,111.4057981908721
Fra_281,68,79.12021239201518
Fra_281,69,111.4057981908721
Fra_281,70,60.95723618128429
Fra_281,71,73.88725625769598
Fra_281,72,67.8297041509496
Fra_281,73,55.95279360634845
Fra_281,74,67.8297041509496
Fra_281,75,36.51167599581031
Fra_281,76,41.799765820572986
Fra_281,77,30.328939340147343
Fra_281,78,39.74913279252856
Fra_281,79,53.44217758738267
Fra_281,80,174.63825023761592
Fra_281,81,29.426301277502986
Fra_281,82,37.36737241022818
Fra_281,83,92.43193778363222
Fra_281,84,222.66253921953057
Fra_281,85,1024.5126829222581
Fra_281,86,188.08920895553226
Fra_281,87,277.7940174225337
Fra_281,88,283.9747307861343
Fra_281,89,187.50281020069264
Fra_281,90,112.7943571833259
Fra_281,91,72.93933852560139
Fra_281,92,31.462453302713307
Fra_281,93,58.397048312719846
Fra_281,94,29.53996214783983
Fra_281,95,26.799152227536815
Fra_281,96,26.675436386312146
Fra_282,1,77.16139260345845
Fra_282,2,25.303084847487632
Fra_282,3,25.29981299438291
Fra_282,4,25.403012584064584
Fra_282,5,17.45528198545797
Fra_282,6,17.45528198545797
Fra_282,7,15.96242875563376
Fra_282,8,16.582603591765203
Fra_282,9,11.584203844189343
Fra_282,10,11.584203844189343
Fra_282,11,11.584203844189346
Fra_282,12,11.584203844189346
Fra_282,13,11.584203844189346
Fra_282,14,17.45528198545797
Fra_282,15,21.194603387193222
Fra_282,16,43.979893327510474
Fra_282,17,25.302420599413132
Fra_282,18,26.607082429396883
Fra_282,19,29.192922413699716
Fra_282,20,55.26615223448446
Fra_282,21,35.50233472148059
Fra_282,22,48.76506907002551
Fra_282,23,85.38521667458136
Fra_282,24,76.67379743452298
Fra_282,25,65.20088274763144
Fra_282,26,66.73095346234311
Fra_282,27,44.84364570636652
Fra_282,28,55.91230425461975
Fra_282,29,413.14906901984835
Fra_282,30,38.18012863027629
Fra_282,31,38.18012863027629
Fra_282,32,33.32652410388764
Fra_282,33,40.51514904006393
Fra_282,34,35.63324950459443
Fra_282,35,35.63324950459443
Fra_282,36,33.78540625305684
Fra_282,37,51.369789676949914
Fra_282,38,51.36978967694993
Fra_282,39,44.64236419652047
Fra_282,40,99.82466551251731
Fra_282,41,27.983924159037095
Fra_282,42,35.63324950459443
Fra_282,43,35.63324950459443
Fra_282,44,35.63324950459443
Fra_282,45,84.98628198506975
Fra_282,46,42.110687590276505
Fra_282,47,35.63324950459443
Fra_282,48,35.63324950459443
Fra_282,49,26.75941187691621
Fra_282,50,27.983924159037095
Fra_282,51,32.23579963352695
Fra_282,52,27.983924159037095
Fra_282,53,30.103746137498003
Fra_282,54,30.103746137498003
Fra_282,55,32.23579963352695
Fra_282,56,30.829090300362694
Fra_282,57,26.755213420778087
Fra_282,58,26.75855628550627
Fra_282,59,27.71790434958916
Fra_282,60,30.103746137498003
Fra_282,61,29.147472910273745
Fra_282,62,29.80795716055391
Fra_282,63,27.491010661555496
Fra_282,64,29.778952086204878
Fra_282,65,43.058727826504224
Fra_282,66,77.04342843310816
Fra_282,67,46.07697920292877
Fra_282,68,32.23579963352695
Fra_282,69,46.07697920292877
Fra_282,70,33.56362096908818
Fra_282,71,30.103746137498003
Fra_282,72,27.71790434958916
Fra_282,73,26.021061367203256
Fra_282,74,27.71790434958916
Fra_282,75,28.013227901946237
Fra_282,76,29.213894889288483
Fra_282,77,29.7310029619637
Fra_282,78,32.34063763708593
Fra_282,79,35.73313196326302
Fra_282,80,77.04342843310816
Fra_282,81,29.341031784128514
Fra_282,82,31.9705972078831
Fra_282,83,50.20316346904769
Fra_282,84,96.25091193773612
Fra_282,85,311.9035005937747
Fra_282,86,65.407470133849
Fra_282,87,84.32866273890141
Fra_282,88,86.21233714873755
Fra_282,89,88.09026776248668
Fra_282,90,56.7982855696107
Fra_282,91,43.90152579054388
Fra_282,92,30.384931868021365
Fra_282,93,45.17625713223325
Fra_282,94,29.893514394537267
Fra_282,95,29.192922413699716
Fra_282,96,28.838259270401366
Fra_283,1,77.53744219858443
Fra_283,2,25.474734243680228
Fra_283,3,25.47139383273311
Fra_283,4,25.510416793044193
Fra_283,5,17.556400300417412
Fra_283,6,17.556400300417412
Fra_283,7,16.048632891584933
Fra_283,8,16.644226573070814
Fra_283,9,11.597255026366799
Fra_283,10,11.597255026366799
Fra_283,11,11.597255026366803
Fra_283,12,11.597255026366803
Fra_283,13,11.597255026366803
Fra_283,14,17.556400300417412
Fra_283,15,21.28016437555171
Fra_283,16,44.18371850829887
Fra_283,17,25.40930269830062
Fra_283,18,26.72073621203829
Fra_283,19,29.319997674772935
Fra_283,20,55.62597057837451
Fra_283,21,35.69702960440689
Fra_283,22,49.0968812639503
Fra_283,23,85.69036344150292
Fra_283,24,77.27142412050931
Fra_283,25,64.99623769432107
Fra_283,26,65.90231171260072
Fra_283,27,45.13491610756736
Fra_283,28,55.21410701384471
Fra_283,29,408.1789965352112
Fra_283,30,37.70804166559536
Fra_283,31,37.70804166559536
Fra_283,32,32.77995037900626
Fra_283,33,40.00997553066783
Fra_283,34,35.122076377523726
Fra_283,35,35.122076377523726
Fra_283,36,33.52943304750868
Fra_283,37,50.59176589902757
Fra_283,38,50.591765899027585
Fra_283,39,44.08005284766627
Fra_283,40,98.59700047110462
Fra_283,41,28.09479409817689
Fra_283,42,35.122076377523726
Fra_283,43,35.122076377523726
Fra_283,44,35.122076377523726
Fra_283,45,83.93752889615159
Fra_283,46,41.58290577417562
Fra_283,47,35.122076377523726
Fra_283,48,35.122076377523726
Fra_283,49,26.86543040202904
Fra_283,50,28.09479409817689
Fra_283,51,32.36351514344545
Fra_283,52,28.09479409817689
Fra_283,53,30.223014631908445
Fra_283,54,30.223014631908445
Fra_283,55,32.36351514344545
Fra_283,56,30.951232546957968
Fra_283,57,26.862094250620714
Fra_283,58,26.931343476583717
Fra_283,59,27.8271709195208
Fra_283,60,30.223014631908445
Fra_283,61,29.215830639712102
Fra_283,62,29.83521008854219
Fra_283,63,27.41444941430414
Fra_283,64,29.733857246848515
Fra_283,65,42.76046272676011
Fra_283,66,77.66759757948448
Fra_283,67,46.296732789416254
Fra_283,68,32.36351514344545
Fra_283,69,46.296732789416254
Fra_283,70,33.63824256141479
Fra_283,71,30.223014631908445
Fra_283,72,27.8271709195208
Fra_283,73,26.207755118844922
Fra_283,74,27.8271709195208
Fra_283,75,28.036378104070227
Fra_283,76,29.24817943780224
Fra_283,77,29.781302414159804
Fra_283,78,32.4523981460705
Fra_283,79,35.85088033918063
Fra_283,80,77.66759757948448
Fra_283,81,29.378678983462844
Fra_283,82,32.000202129177666
Fra_283,83,50.53060858408121
Fra_283,84,96.94198477583576
Fra_283,85,308.1187215380918
Fra_283,86,65.14445256153083
Fra_283,87,83.28783881174891
Fra_283,88,85.14880105311303
Fra_283,89,88.66618004891002
Fra_283,90,57.17848611913187
Fra_283,91,44.183056047208844
Fra_283,92,30.526720276300583
Fra_283,93,45.194436779349175
Fra_283,94,30.029237164997287
Fra_283,95,29.319997674772935
Fra_283,96,28.953074503809937
Fra_284,1,82.26390797263974
Fra_284,2,26.898029063256306
Fra_284,3,26.89441159524409
Fra_284,4,26.860351281237282
Fra_284,5,18.430979886841325
Fra_284,6,18.430979886841325
Fra_284,7,16.816985945451837
Fra_284,8,17.41874917809755
Fra_284,9,12.35917440511464
Fra_284,10,12.35917440511464
Fra_284,11,12.359174405114643
Fra_284,12,12.359174405114643
Fra_284,13,12.359174405114643
Fra_284,14,18.430979886841325
Fra_284,15,22.35555732454628
Fra_284,16,46.745542143727114
Fra_284,17,26.752674925790124
Fra_284,18,28.149219903309305
Fra_284,19,30.91717230273788
Fra_284,20,59.04421810272243
Fra_284,21,37.74881782724258
Fra_284,22,52.09809727298913
Fra_284,23,86.48924296567587
Fra_284,24,81.96081240270071
Fra_284,25,64.22955444726541
Fra_284,26,60.89925992865288
Fra_284,27,47.855412605449544
Fra_284,28,50.97154157454085
Fra_284,29,381.4278019941399
Fra_284,30,34.795853614313955
Fra_284,31,34.795853614313955
Fra_284,32,28.418877807096365
Fra_284,33,36.90001936976866
Fra_284,34,31.449601054988694
Fra_284,35,31.449601054988698
Fra_284,36,31.176074638185632
Fra_284,37,44.92029397629854
Fra_284,38,44.92029397629855
Fra_284,39,40.62969680110456
Fra_284,40,91.26765862778683
Fra_284,41,28.385053520285904
Fra_284,42,31.449601054988694
Fra_284,43,31.449601054988694
Fra_284,44,31.449601054988694
Fra_284,45,77.65123668246392
Fra_284,46,38.33781304591492
Fra_284,47,31.449601054988698
Fra_284,48,31.449601054988698
Fra_284,49,27.142988738137614
Fra_284,50,28.385053520285904
Fra_284,51,32.6978765617967
Fra_284,52,28.385053520285904
Fra_284,53,30.53526161726789
Fra_284,54,30.53526161726789
Fra_284,55,32.6978765617967
Fra_284,56,31.271003065341112
Fra_284,57,27.18070642020602
Fra_284,58,28.170643705754802
Fra_284,59,28.11323269325553
Fra_284,60,30.53526161726789
Fra_284,61,31.378468910445267
Fra_284,62,31.36779022221821
Fra_284,63,30.19745168336388
Fra_284,64,32.238903817894844
Fra_284,65,49.52127144483397
Fra_284,66,82.69315181486301
Fra_284,67,47.26763818588909
Fra_284,68,32.6978765617967
Fra_284,69,47.26763818588909
Fra_284,70,33.83360318336179
Fra_284,71,30.53526161726789
Fra_284,72,28.11323269325553
Fra_284,73,27.69184743176658
Fra_284,74,28.11323269325553
Fra_284,75,28.09698573443741
Fra_284,76,29.33793697998257
Fra_284,77,32.50980749819833
Fra_284,78,35.050656100493356
Fra_284,79,39.20916388337958
Fra_284,80,82.69315181486301
Fra_284,81,32.080826476289985
Fra_284,82,35.60534938724604
Fra_284,83,53.90497377368536
Fra_284,84,102.65260243711477
Fra_284,85,285.8815058030722
Fra_284,86,63.982229328217244
Fra_284,87,77.04777329855625
Fra_284,88,78.77632449313155
Fra_284,89,95.27701570312985
Fra_284,90,61.241702135225545
Fra_284,91,46.836109829093665
Fra_284,92,32.21217344826478
Fra_284,93,51.08615757566218
Fra_284,94,31.678296649899952
Fra_284,95,30.91717230273788
Fra_284,96,30.396156156015874
Fra_285,1,82.46468573179682
Fra_285,2,26.91026700086985
Fra_285,3,26.906676166654048
Fra_285,4,26.91769578228838
Fra_285,5,18.442096181914607
Fra_285,6,18.442096181914607
Fra_285,7,16.82892535025494
Fra_285,8,17.451650487551092
Fra_285,9,12.352507208774856
Fra_285,10,12.352507208774856
Fra_285,11,12.35250720877486
Fra_285,12,12.35250720877486
Fra_285,13,12.35250720877486
Fra_285,14,18.442096181914607
Fra_285,15,22.40123944662948
Fra_285,16,46.854367052964875
Fra_285,17,26.809740665487166
Fra_285,18,28.209901132844532
Fra_285,19,30.98501943378993
Fra_285,20,59.11688997597556
Fra_285,21,37.81001160909199
Fra_285,22,52.14878219303702
Fra_285,23,86.32372211012601
Fra_285,24,81.97464230417532
Fra_285,25,64.32934578725065
Fra_285,26,61.06801321746818
Fra_285,27,47.909204704990806
Fra_285,28,51.11068100027942
Fra_285,29,382.33668557732153
Fra_285,30,34.885138376586205
Fra_285,31,34.885138376586205
Fra_285,32,28.41098339192147
Fra_285,33,36.996223374539454
Fra_285,34,31.487892041986214
Fra_285,35,31.487892041986218
Fra_285,36,31.140075319028657
Fra_285,37,44.969128407596024
Fra_285,38,44.96912840759603
Fra_285,39,40.737987046381186
Fra_285,40,91.52699925690104
Fra_285,41,28.324914304765734
Fra_285,42,31.487892041986214
Fra_285,43,31.487892041986214
Fra_285,44,31.487892041986214
Fra_285,45,77.86996023918539
Fra_285,46,38.43874502569546
Fra_285,47,31.487892041986218
Fra_285,48,31.487892041986218
Fra_285,49,27.085481076634778
Fra_285,50,28.324914304765734
Fra_285,51,32.62859979808736
Fra_285,52,28.324914304765734
Fra_285,53,30.470566770803945
Fra_285,54,30.470566770803945
Fra_285,55,32.62859979808736
Fra_285,56,31.204749408587055
Fra_285,57,27.126927516180995
Fra_285,58,28.162040036009266
Fra_285,59,28.053963193792892
Fra_285,60,30.470566770803945
Fra_285,61,31.237387698103348
Fra_285,62,31.19986775108254
Fra_285,63,29.92631091316187
Fra_285,64,31.98845849385211
Fra_285,65,48.89267885917385
Fra_285,66,82.72143009064658
Fra_285,67,47.19122678769063
Fra_285,68,32.62859979808736
Fra_285,69,47.19122678769063
Fra_285,70,33.79312616986105
Fra_285,71,30.470566770803945
Fra_285,72,28.053963193792892
Fra_285,73,27.698240840348575
Fra_285,74,28.053963193792892
Fra_285,75,28.0844283631096
Fra_285,76,29.319340001684594
Fra_285,77,32.47913970363472
Fra_285,78,35.04795020189713
Fra_285,79,39.1568668290951
Fra_285,80,82.72143009064658
Fra_285,81,32.042675513963324
Fra_285,82,35.520187158217816
Fra_285,83,53.93220597832442
Fra_285,84,102.70152812703522
Fra_285,85,286.7213693295445
Fra_285,86,64.08856365115759
Fra_285,87,77.26469675565912
Fra_285,88,78.99840412777405
Fra_285,89,95.24938615659067
Fra_285,90,61.24581094971797
Fra_285,91,46.89064842688602
Fra_285,92,32.27742205606156
Fra_285,93,50.90825050928139
Fra_285,94,31.744616524143712
Fra_285,95,30.98501943378993
Fra_285,96,30.457457499188834
Fra_286,1,77.24984845534638
Fra_286,2,28.037312521932915
Fra_286,3,28.031879251742343
Fra_286,4,25.428276620842652
Fra_286,5,18.93346974927053
Fra_286,6,18.93346974927053
Fra_286,7,17.139050659883093
Fra_286,8,16.59709878968035
Fra_286,9,11.639021600626366
Fra_286,10,11.639021600626366
Fra_286,11,11.63902160062637
Fra_286,12,11.63902160062637
Fra_286,13,11.63902160062637
Fra_286,14,18.93346974927053
Fra_286,15,21.21472937645559
Fra_286,16,44.02783788119842
Fra_286,17,25.327561823419757
Fra_286,18,26.633816515257188
Fra_286,19,29.222813552043707
Fra_286,20,59.40269322111028
Fra_286,21,36.9986074484249
Fra_286,22,53.13364895183621
Fra_286,23,96.59915799995028
Fra_286,24,87.16976866867326
Fra_286,25,35.719100832862225
Fra_286,26,3.951933037447816
Fra_286,27,48.36296388326087
Fra_286,28,3.311328304800597
Fra_286,29,24.47119281933152
Fra_286,30,2.9088106387565773
Fra_286,31,2.9088106387565773
Fra_286,32,3.1576970437578886
Fra_286,33,2.7875853624792626
Fra_286,34,3.0394112235626594
Fra_286,35,3.0394112235626665
Fra_286,36,18.586604158251586
Fra_286,37,3.0456708146466696
Fra_286,38,3.0456708146466767
Fra_286,39,2.6440012846477146
Fra_286,40,5.911511183772461
Fra_286,41,32.05832089869028
Fra_286,42,3.0394112235626594
Fra_286,43,3.0394112235626665
Fra_286,44,3.0394112235626594
Fra_286,45,5.032885901631715
Fra_286,46,2.704751139382175
Fra_286,47,3.0394112235626665
Fra_286,48,3.0394112235626665
Fra_286,49,30.655522368308276
Fra_286,50,32.05832089869028
Fra_286,51,36.929259928106134
Fra_286,52,32.05832089869028
Fra_286,53,34.486784213820094
Fra_286,54,34.486784213820094
Fra_286,55,36.929259928106134
Fra_286,56,35.31773686373995
Fra_286,57,30.54065010284578
Fra_286,58,30.220695400339245
Fra_286,59,31.73337833412169
Fra_286,60,34.486784213820094
Fra_286,61,33.51643372295789
Fra_286,62,34.37198918350036
Fra_286,63,31.951110765401673
Fra_286,64,34.51691877927874
Fra_286,65,50.484396012814244
Fra_286,66,87.53624573021295
Fra_286,67,52.70117344579939
Fra_286,68,36.929259928106134
Fra_286,69,52.70117344579939
Fra_286,70,36.305915001557324
Fra_286,71,34.486784213820094
Fra_286,72,31.73337833412169
Fra_286,73,29.229591116737446
Fra_286,74,31.73337833412169
Fra_286,75,28.86398247787663
Fra_286,76,30.473829311267302
Fra_286,77,30.20287113862362
Fra_286,78,33.47841998008005
Fra_286,79,37.997585598134584
Fra_286,80,87.53624573021295
Fra_286,81,29.755515488565454
Fra_286,82,33.038438251071995
Fra_286,83,54.93352129001342
Fra_286,84,104.3773709143937
Fra_286,85,18.46933636497721
Fra_286,86,32.791412263845714
Fra_286,87,4.993946289736826
Fra_286,88,5.105484312510143
Fra_286,89,97.24222625965355
Fra_286,90,62.997317761878556
Fra_286,91,47.21680928621456
Fra_286,92,30.772929902580152
Fra_286,93,47.34712377802479
Fra_286,94,30.133879383454435
Fra_286,95,29.222813552043707
Fra_286,96,28.865266557239327
Fra_287,1,76.9882054255709
Fra_287,2,25.06853057749831
Fra_287,3,25.065414134905815
Fra_287,4,25.353548279123125
Fra_287,5,17.324757407084736
Fra_287,6,17.324757407084736
Fra_287,7,15.855978149283601
Fra_287,8,16.554223531359177
Fra_287,9,11.592521422359722
Fra_287,10,11.592521422359722
Fra_287,11,11.592521422359725
Fra_287,12,11.592521422359725
Fra_287,13,11.592521422359725
Fra_287,14,17.324757407084736
Fra_287,15,21.155198834434398
Fra_287,16,43.886022975565716
Fra_287,17,25.253196748854748
Fra_287,18,26.55473992424057
Fra_287,19,29.134398734563135
Fra_287,20,54.86654462821912
Fra_287,21,35.328940723369406
Fra_287,22,48.3645848199748
Fra_287,23,84.60150326747255
Fra_287,24,75.80080042625664
Fra_287,25,65.41060008637004
Fra_287,26,67.758864910348
Fra_287,27,44.510305756745275
Fra_287,28,56.77495727687743
Fra_287,29,419.25899421807634
Fra_287,30,38.755763365899014
Fra_287,31,38.755763365899014
Fra_287,32,33.86577423008337
Fra_287,33,41.132925986925315
Fra_287,34,36.189791790112935
Fra_287,35,36.189791790112935
Fra_287,36,33.94620020787234
Fra_287,37,52.21105694505223
Fra_287,38,52.21105694505224
Fra_287,39,45.332865176826644
Fra_287,40,101.3580942991968
Fra_287,41,27.699175090168428
Fra_287,42,36.189791790112935
Fra_287,43,36.189791790112935
Fra_287,44,36.189791790112935
Fra_287,45,86.29304958186349
Fra_287,46,42.757260654868006
Fra_287,47,36.189791790112935
Fra_287,48,36.189791790112935
Fra_287,49,26.487122773639594
Fra_287,50,27.699175090168428
Fra_287,51,31.907785811101004
Fra_287,52,27.699175090168428
Fra_287,53,29.797426922458857
Fra_287,54,29.797426922458857
Fra_287,55,31.907785811101004
Fra_287,56,30.51539038082295
Fra_287,57,26.48892752978173
Fra_287,58,26.48147485958409
Fra_287,59,27.43727323994928
Fra_287,60,29.797426922458857
Fra_287,61,28.935164682172253
Fra_287,62,29.60113037569221
Fra_287,63,27.408268768475413
Fra_287,64,29.649137025416124
Fra_287,65,43.118549659530856
Fra_287,66,76.15874992993925
Fra_287,67,45.59637617787774
Fra_287,68,31.907785811101004
Fra_287,69,45.59637617787774
Fra_287,70,33.371969119205694
Fra_287,71,29.797426922458857
Fra_287,72,27.43727323994928
Fra_287,73,25.752403763377643
Fra_287,74,27.43727323994928
Fra_287,75,27.953770861110158
Fra_287,76,29.125841325431423
Fra_287,77,29.744141798773697
Fra_287,78,32.26734702734091
Fra_287,79,35.62017898739257
Fra_287,80,76.15874992993925
Fra_287,81,29.36647232838494
Fra_287,82,31.99537894024161
Fra_287,83,49.79865578217057
Fra_287,84,95.26783900228753
Fra_287,85,316.67650335562337
Fra_287,86,65.69369147216382
Fra_287,87,85.62538498536757
Fra_287,88,87.53783314150168
Fra_287,89,87.29664885345444
Fra_287,90,56.297377029953985
Fra_287,91,43.584317224046124
Fra_287,92,30.299160246467515
Fra_287,93,45.219757959031725
Fra_287,94,29.81897600185739
Fra_287,95,29.134398734563135
Fra_287,96,28.78538186670181
Fra_288,1,76.71095736528169
Fra_288,2,24.85573994930313
Fra_288,3,24.852742730230236
Fra_288,4,25.27436295624964
Fra_288,5,17.203645952103805
Fra_288,6,17.203645952103805
Fra_288,7,15.755404258654286
Fra_288,8,16.508791087719672
Fra_288,9,11.559430288616781
Fra_288,10,11.559430288616781
Fra_288,11,11.559430288616785
Fra_288,12,11.559430288616785
Fra_288,13,11.559430288616785
Fra_288,14,17.203645952103805
Fra_288,15,21.09211774522096
Fra_288,16,43.73574988195223
Fra_288,17,25.174396359277758
Fra_288,18,26.470947011842124
Fra_288,19,29.04071064102459
Fra_288,20,54.47154772076531
Fra_288,21,35.13896427636121
Fra_288,22,47.982596584433516
Fra_288,23,84.01982977326857
Fra_288,24,75.02867904067689
Fra_288,25,65.82277409178093
Fra_288,26,69.0977204617237
Fra_288,27,44.18509009116308
Fra_288,28,57.89944521709241
Fra_288,29,427.65580785959025
Fra_288,30,39.51067752858672
Fra_288,31,39.51067752858672
Fra_288,32,34.60839162978672
Fra_288,33,41.94140882140147
Fra_288,34,36.93825335272002
Fra_288,35,36.93825335272002
Fra_288,36,34.26222496337113
Fra_288,37,53.33850495942903
Fra_288,38,53.338504959429045
Fra_288,39,46.23404334132078
Fra_288,40,103.35268975491954
Fra_288,41,27.487833821334974
Fra_288,42,36.93825335272002
Fra_288,43,36.93825335272002
Fra_288,44,36.93825335272002
Fra_288,45,87.99362784845373
Fra_288,46,43.60234740105469
Fra_288,47,36.93825335272002
Fra_288,48,36.93825335272002
Fra_288,49,26.285029313581454
Fra_288,50,27.487833821334974
Fra_288,51,31.664333364700255
Fra_288,52,27.487833821334974
Fra_288,53,29.570076252510574
Fra_288,54,29.570076252510574
Fra_288,55,31.664333364700255
Fra_288,56,30.282561738777204
Fra_288,57,26.289747871691418
Fra_288,58,26.244550955223307
Fra_288,59,27.228988327829732
Fra_288,60,29.570076252510574
Fra_288,61,28.656678160788363
Fra_288,62,29.348448495780065
Fra_288,63,27.144369637149353
Fra_288,64,29.374756280500527
Fra_288,65,42.65109167396611
Fra_288,66,75.36736056975862
Fra_288,67,45.22395085331323
Fra_288,68,31.664333364700255
Fra_288,69,45.22395085331323
Fra_288,70,33.22972477301918
Fra_288,71,29.570076252510574
Fra_288,72,27.228988327829732
Fra_288,73,25.51345068688979
Fra_288,74,27.228988327829732
Fra_288,75,27.909641738927938
Fra_288,76,29.06048781265333
Fra_288,77,29.61314566830356
Fra_288,78,32.096030014950955
Fra_288,79,35.37308763697712
Fra_288,80,75.36736056975862
Fra_288,81,29.242346083053025
Fra_288,82,31.81405330732439
Fra_288,83,49.38949253584819
Fra_288,84,94.41519036093638
Fra_288,85,322.87336402775253
Fra_288,86,66.19267780977258
Fra_288,87,87.31293276505065
Fra_288,88,89.26270524658695
Fra_288,89,86.47993485007768
Fra_288,90,55.787635264013645
Fra_288,91,43.27274113875678
Fra_288,92,30.183271212259296
Fra_288,93,44.91410203807727
Fra_288,94,29.712239521039837
Fra_288,95,29.04071064102459
Fra_288,96,28.700732657749693
Fra_289,1,71.11668887579802
Fra_289,2,11.324040986842578
Fra_289,3,11.33080630038094
Fra_289,4,23.67657375578192
Fra_289,5,9.772286601311325
Fra_289,6,9.772286601311325
Fra_289,7,9.7605798346537
Fra_289,8,15.592062265207487
Fra_289,9,11.063561188871216
Fra_289,10,11.063561188871216
Fra_289,11,11.063561188871219
Fra_289,12,11.063561188871219
Fra_289,13,11.063561188871219
Fra_289,14,9.772286601311325
Fra_289,15,19.81927728133848
Fra_289,16,40.70356263583698
Fra_289,17,23.584374283344268
Fra_289,18,24.78018658241407
Fra_289,19,27.150286776649317
Fra_289,20,32.60614404271157
Fra_289,21,26.33152287487129
Fra_289,22,25.561356119513587
Fra_289,23,34.07301963429019
Fra_289,24,23.937110541124994
Fra_289,25,25.25692417227009
Fra_289,26,30.090514397145597
Fra_289,27,25.789073106750422
Fra_289,28,25.23428598313759
Fra_289,29,185.79704895025026
Fra_289,30,17.19046717716614
Fra_289,31,17.19046717716614
Fra_289,32,15.755799167921062
Fra_289,33,18.2723774956305
Fra_289,34,16.43763987424854
Fra_289,35,16.43763987424854
Fra_289,36,13.937802735653872
Fra_289,37,23.96009081339298
Fra_289,38,23.960090813392984
Fra_289,39,20.175484086202285
Fra_289,40,44.94547657378449
Fra_289,41,9.340501453369722
Fra_289,42,16.43763987424854
Fra_289,43,16.43763987424854
Fra_289,44,16.437639874248532
Fra_289,45,38.284887222897964
Fra_289,46,19.01165566799544
Fra_289,47,16.43763987424854
Fra_289,48,16.43763987424854
Fra_289,49,8.931782551552455
Fra_289,50,9.340501453369722
Fra_289,51,10.75969658923826
Fra_289,52,9.340501453369722
Fra_289,53,10.04805769738223
Fra_289,54,10.04805769738223
Fra_289,55,10.75969658923826
Fra_289,56,10.290163778320949
Fra_289,57,9.375525336837782
Fra_289,58,9.730580946037062
Fra_289,59,9.344097467046208
Fra_289,60,10.04805769738223
Fra_289,61,9.531084023895684
Fra_289,62,10.008528282981377
Fra_289,63,9.296845361203353
Fra_289,64,10.045918303519436
Fra_289,65,14.677722159738202
Fra_289,66,23.91923227799262
Fra_289,67,15.170084014274416
Fra_289,68,10.75969658923826
Fra_289,69,15.170084014274416
Fra_289,70,21.015567822230587
Fra_289,71,10.04805769738223
Fra_289,72,9.344097467046208
Fra_289,73,9.83945836237895
Fra_289,74,9.344097467046208
Fra_289,75,24.120387270230733
Fra_289,76,23.44874939381786
Fra_289,77,26.660366494368102
Fra_289,78,25.681698880539958
Fra_289,79,24.136787124331192
Fra_289,80,23.91923227799262
Fra_289,81,26.682026778285383
Fra_289,82,26.527534228578524
Fra_289,83,25.476488162400123
Fra_289,84,30.49691408830006
Fra_289,85,140.14250581067645
Fra_289,86,25.73233221028721
Fra_289,87,37.98969794302362
Fra_289,88,38.83523355621787
Fra_289,89,33.92377702718817
Fra_289,90,25.092420397415975
Fra_289,91,25.8437819940476
Fra_289,92,26.62869037049706
Fra_289,93,34.88607373705586
Fra_289,94,26.843723554303143
Fra_289,95,27.150286776649317
Fra_289,96,26.992694008871236
Fra_290,1,77.26154445791151
Fra_290,2,28.199215455464767
Fra_290,3,28.193655370597384
Fra_290,4,25.431617137412843
Fra_290,5,19.021143320579306
Fra_290,6,19.021143320579306
Fra_290,7,17.20893752017603
Fra_290,8,16.599015405352226
Fra_290,9,11.643049357731526
Fra_290,10,11.643049357731526
Fra_290,11,11.64304935773153
Fra_290,12,11.64304935773153
Fra_290,13,11.64304935773153
Fra_290,14,19.021143320579306
Fra_290,15,21.217390518901393
Fra_290,16,44.034177310540294
Fra_290,17,25.330886101171835
Fra_290,18,26.637351407863218
Fra_290,19,29.226765883328575
Fra_290,20,59.64937737515429
Fra_290,21,37.08896326142101
Fra_290,22,53.39333081550019
Fra_290,23,97.25622132816065
Fra_290,24,87.79020251893489
Fra_290,25,33.847889272866134
Fra_290,26,0.0
Fra_290,27,48.57258072159031
Fra_290,28,0.0
Fra_290,29,0.0
Fra_290,30,0.6879037498614764
Fra_290,31,0.6879037498614764
Fra_290,32,1.2539383053752928
Fra_290,33,0.41220490092553064
Fra_290,34,0.9849245693400235
Fra_290,35,0.9849245693400235
Fra_290,36,17.61789238332181
Fra_290,37,0.0
Fra_290,38,0.0
Fra_290,39,0.0
Fra_290,40,0.0
Fra_290,41,32.29705379415761
Fra_290,42,0.9849245693400235
Fra_290,43,0.9849245693400235
Fra_290,44,0.9849245693400235
Fra_290,45,0.0
Fra_290,46,0.22381762178969922
Fra_290,47,0.9849245693400235
Fra_290,48,0.9849245693400235
Fra_290,49,30.88380886029821
Fra_290,50,32.29705379415761
Fra_290,51,37.2042658829708
Fra_290,52,32.29705379415761
Fra_290,53,34.743601465002406
Fra_290,54,34.743601465002406
Fra_290,55,37.2042658829708
Fra_290,56,35.580742078812776
Fra_290,57,30.762519363223642
Fra_290,58,30.42492372818198
Fra_290,59,31.96865874304003
Fra_290,60,34.743601465002406
Fra_290,61,33.774044494498064
Fra_290,62,34.64016296376509
Fra_290,63,32.21397764923745
Fra_290,64,34.79588150990095
Fra_290,65,50.9233698898712
Fra_290,66,88.15695894566927
Fra_290,67,53.089996270744756
Fra_290,68,37.2042658829708
Fra_290,69,53.089996270744756
Fra_290,70,36.46659542529285
Fra_290,71,34.743601465002406
Fra_290,72,31.96865874304003
Fra_290,73,29.419322304592015
Fra_290,74,31.96865874304003
Fra_290,75,28.91383110976544
Fra_290,76,30.54765319536052
Fra_290,77,30.233402553684876
Fra_290,78,33.547997131114485
Fra_290,79,38.13374342039332
Fra_290,80,88.15695894566927
Fra_290,81,29.782609508093298
Fra_290,82,33.10455174709384
Fra_290,83,55.214682140895825
Fra_290,84,104.84175076862789
Fra_290,85,0.0
Fra_290,86,30.72431424391376
Fra_290,87,0.0
Fra_290,88,0.0
Fra_290,89,97.77973352043763
Fra_290,90,63.36518048435181
Fra_290,91,47.41439802834533
Fra_290,92,30.797951555056947
Fra_290,93,47.47988680805185
Fra_290,94,30.150215003659735
Fra_290,95,29.226765883328575
Fra_290,96,28.86883757362086
Fra_291,1,76.87131522927783
Fra_291,2,25.021774817075087
Fra_291,3,25.018674429390455
Fra_291,4,25.32016305751127
Fra_291,5,17.296888992316415
Fra_291,6,17.296888992316415
Fra_291,7,15.83201545005019
Fra_291,8,16.535068817527975
Fra_291,9,11.565710204052078
Fra_291,10,11.565710204052078
Fra_291,11,11.565710204052081
Fra_291,12,11.565710204052081
Fra_291,13,11.565710204052081
Fra_291,14,17.296888992316415
Fra_291,15,21.12860329795761
Fra_291,16,43.822666530829096
Fra_291,17,25.219973818472415
Fra_291,18,26.519412102765443
Fra_291,19,29.09489901855928
Fra_291,20,54.76462584453718
Fra_291,21,35.27197561306358
Fra_291,22,48.27195596376513
Fra_291,23,84.533947784608
Fra_291,24,75.64040392649572
Fra_291,25,65.59816088407283
Fra_291,26,68.23037212900265
Fra_291,27,44.42822168283672
Fra_291,28,57.171279076375086
Fra_291,29,422.3659344948623
Fra_291,30,39.023298770721574
Fra_291,31,39.023298770721574
Fra_291,32,34.14116661335422
Fra_291,33,41.41891507612064
Fra_291,34,36.461450063680175
Fra_291,35,36.461450063680175
Fra_291,36,34.09155764249384
Fra_291,37,52.619215031723606
Fra_291,38,52.61921503172362
Fra_291,39,45.65086526065783
Fra_291,40,102.05958999092047
Fra_291,41,27.674629943092768
Fra_291,42,36.461450063680175
Fra_291,43,36.461450063680175
Fra_291,44,36.461450063680175
Fra_291,45,86.89142425878183
Fra_291,46,43.05585929757592
Fra_291,47,36.461450063680175
Fra_291,48,36.461450063680175
Fra_291,49,26.463651665854844
Fra_291,50,27.674629943092768
Fra_291,51,31.879511276099777
Fra_291,52,27.674629943092768
Fra_291,53,29.771022445650175
Fra_291,54,29.771022445650175
Fra_291,55,31.879511276099777
Fra_291,56,30.488349693057692
Fra_291,57,26.464916765933875
Fra_291,58,26.436147973202676
Fra_291,59,27.413083057739083
Fra_291,60,29.771022445650175
Fra_291,61,28.83149377428879
Fra_291,62,29.512892549655753
Fra_291,63,27.257379218369643
Fra_291,64,29.511552581005986
Fra_291,65,42.76031038419332
Fra_291,66,75.99008002545105
Fra_291,67,45.54416955972067
Fra_291,68,31.879511276099777
Fra_291,69,45.54416955972067
Fra_291,70,33.35544887960885
Fra_291,71,29.771022445650175
Fra_291,72,27.413083057739083
Fra_291,73,25.70212490870034
Fra_291,74,27.413083057739083
Fra_291,75,27.94864571068279
Fra_291,76,29.118251177080825
Fra_291,77,29.646568815707692
Fra_291,78,32.179379767032444
Fra_291,79,35.49603941662903
Fra_291,80,75.99008002545105
Fra_291,81,29.268293064108352
Fra_291,82,31.857087290313924
Fra_291,83,49.688572841686955
Fra_291,84,95.09792825055288
Fra_291,85,318.8518647586534
Fra_291,86,65.90791003916718
Fra_291,87,86.21918946338958
Fra_291,88,88.14472842664199
Fra_291,89,87.06977936163467
Fra_291,90,56.15866138502511
Fra_291,91,43.504766528580184
Fra_291,92,30.255955930147096
Fra_291,93,44.985599717123264
Fra_291,94,29.777298942993887
Fra_291,95,29.09489901855928
Fra_291,96,28.749693023143646
Fra_292,1,70.07758807904736
Fra_292,2,50.54245707631023
Fra_292,3,50.517801915748166
Fra_292,4,23.37979428687251
Fra_292,5,30.92285425142218
Fra_292,6,30.92285425142218
Fra_292,7,26.56060953987415
Fra_292,8,15.421785552234665
Fra_292,9,10.971618136304206
Fra_292,10,10.971618136304206
Fra_292,11,10.97161813630421
Fra_292,12,10.97161813630421
Fra_292,13,10.97161813630421
Fra_292,14,30.92285425142218
Fra_292,15,19.582855031916043
Fra_292,16,40.14035259519298
Fra_292,17,23.28903750981266
Fra_292,18,24.46613828233054
Fra_292,19,26.79915222753687
Fra_292,20,91.31490212051395
Fra_292,21,47.16566463012711
Fra_292,22,87.86355889767859
Fra_292,23,197.40471204674802
Fra_292,24,174.86793660066505
Fra_292,25,184.6033189497314
Fra_292,26,220.05240542927913
Fra_292,27,75.83031829748447
Fra_292,28,184.55424853702837
Fra_292,29,1358.9229528503733
Fra_292,30,125.75301292860038
Fra_292,31,125.75301292860038
Fra_292,32,115.83636271820501
Fra_292,33,133.662531095686
Fra_292,34,120.54935258086769
Fra_292,35,120.5493525808676
Fra_292,36,102.47734683549845
Fra_292,37,175.7784266684505
Fra_292,38,175.77842666845004
Fra_292,39,147.57531589328687
Fra_292,40,328.6395090452642
Fra_292,41,68.68432141271514
Fra_292,42,120.54935258086769
Fra_292,43,120.5493525808677
Fra_292,44,120.54935258086772
Fra_292,45,279.9517980037887
Fra_292,46,139.06716957177514
Fra_292,47,120.54935258086769
Fra_292,48,120.54935258086769
Fra_292,49,65.67885317741593
Fra_292,50,68.68432141271514
Fra_292,51,79.12021239201484
Fra_292,52,68.68432141271514
Fra_292,53,73.88725625769567
Fra_292,54,73.88725625769567
Fra_292,55,79.12021239201484
Fra_292,56,75.6675559516879
Fra_292,57,64.48649470124212
Fra_292,58,59.667364208235
Fra_292,59,67.82970415094931
Fra_292,60,73.88725625769567
Fra_292,61,70.15069831501171
Fra_292,62,73.83553922742499
Fra_292,63,68.85118921697418
Fra_292,64,74.30048607165446
Fra_292,65,109.16427484246205
Fra_292,66,174.63825023761535
Fra_292,67,111.40579819087165
Fra_292,68,79.12021239201484
Fra_292,69,111.40579819087165
Fra_292,70,60.95723618128409
Fra_292,71,73.88725625769567
Fra_292,72,67.82970415094931
Fra_292,73,55.952793606348266
Fra_292,74,67.82970415094931
Fra_292,75,36.51167599581025
Fra_292,76,41.7997658205729
Fra_292,77,30.328939340147286
Fra_292,78,39.74913279252857
Fra_292,79,53.44217758738256
Fra_292,80,174.63825023761535
Fra_292,81,29.426301277503015
Fra_292,82,37.367372410228086
Fra_292,83,92.43193778363198
Fra_292,84,222.6625392195298
Fra_292,85,1024.512682922254
Fra_292,86,188.08920895553157
Fra_292,87,277.79401742253265
Fra_292,88,283.97473078613314
Fra_292,89,187.50281020069204
Fra_292,90,112.79435718332579
Fra_292,91,72.93933852560124
Fra_292,92,31.462453302713328
Fra_292,93,58.3970483127198
Fra_292,94,29.539962147839873
Fra_292,95,26.79915222753687
Fra_292,96,26.675436386312196
Fra_293,1,75.02728036655792
Fra_293,2,30.141178339734616
Fra_293,3,30.133666907909387
Fra_293,4,24.79348490567094
Fra_293,5,20.019426052496055
Fra_293,6,20.019426052496055
Fra_293,7,17.9681267708362
Fra_293,8,16.232888128211673
Fra_293,9,11.42457457732019
Fra_293,10,11.42457457732019
Fra_293,11,11.424574577320193
Fra_293,12,11.424574577320193
Fra_293,13,11.424574577320193
Fra_293,14,20.019426052496055
Fra_293,15,20.709037773976743
Fra_293,16,42.823168740788766
Fra_293,17,24.69585593853379
Fra_293,18,25.962087908863484
Fra_293,19,28.471759904342854
Fra_293,20,61.96648505511304
Fra_293,21,37.52695238032839
Fra_293,22,56.13919663416301
Fra_293,23,107.69366515505088
Fra_293,24,95.62487765806937
Fra_293,25,135.5399045105189
Fra_293,26,184.94560325078413
Fra_293,27,50.63607129446846
Fra_293,28,155.0149317744864
Fra_293,29,1144.9134756945898
Fra_293,30,105.03936719218507
Fra_293,31,105.03936719218507
Fra_293,32,92.81481667001145
Fra_293,33,111.86733225310411
Fra_293,34,98.62465985941995
Fra_293,35,98.62465985941995
Fra_293,36,72.19916132499287
Fra_293,37,144.2896186128071
Fra_293,38,144.28961861280712
Fra_293,39,123.83572751710756
Fra_293,40,276.5020447516172
Fra_293,41,36.08932324382819
Fra_293,42,98.62465985941995
Fra_293,43,98.62465985941995
Fra_293,44,98.62465985941995
Fra_293,45,235.45045188896256
Fra_293,46,116.53293664291398
Fra_293,47,98.62465985941995
Fra_293,48,98.62465985941995
Fra_293,49,34.51013730427413
Fra_293,50,36.08932324382819
Fra_293,51,41.5727324869102
Fra_293,52,36.08932324382819
Fra_293,53,38.823140708643656
Fra_293,54,38.823140708643656
Fra_293,55,41.5727324869102
Fra_293,56,39.758577061596824
Fra_293,57,34.26181925006102
Fra_293,58,33.16014713264726
Fra_293,59,35.70608548140569
Fra_293,60,38.823140708643656
Fra_293,61,37.348944671121615
Fra_293,62,38.703017059214204
Fra_293,63,35.98722386697413
Fra_293,64,38.87341027554888
Fra_293,65,56.879282717081864
Fra_293,66,95.82360240838777
Fra_293,67,59.01060311452047
Fra_293,68,41.5727324869102
Fra_293,69,59.01060311452047
Fra_293,70,39.019002209869235
Fra_293,71,38.823140708643656
Fra_293,72,35.70608548140569
Fra_293,73,31.789489406078363
Fra_293,74,35.70608548140569
Fra_293,75,29.70567608550604
Fra_293,76,31.720344791777155
Fra_293,77,29.72218037682875
Fra_293,78,33.622290856495056
Fra_293,79,39.08916898372181
Fra_293,80,95.82360240838777
Fra_293,81,29.2486475482984
Fra_293,82,32.956499994462504
Fra_293,83,58.21506101810922
Fra_293,84,126.69551616195021
Fra_293,85,863.2353621940088
Fra_293,86,140.2800984657427
Fra_293,87,233.63109484765067
Fra_293,88,238.84243305139478
Fra_293,89,109.22580895736459
Fra_293,90,67.51661338289883
Fra_293,91,49.31394830467813
Fra_293,92,30.345450485562402
Fra_293,93,47.73244041194743
Fra_293,94,29.57300334751696
Fra_293,95,28.471759904342854
Fra_293,96,28.18667342168444
Fra_294,1,3000.0
Fra_294,2,3000.0
Fra_294,3,3000.0
Fra_294,4,3000.0
Fra_294,5,3000.0
Fra_294,6,3000.0
Fra_294,7,3000.0
Fra_294,8,3000.0
Fra_294,9,3000.0
Fra_294,10,3000.0
Fra_294,11,3000.0
Fra_294,12,3000.0
Fra_294,13,3000.0
Fra_294,14,3000.0
Fra_294,15,3000.0
Fra_294,16,3000.0
Fra_294,17,3000.0
Fra_294,18,3000.0
Fra_294,19,3000.0
Fra_294,20,3000.0
Fra_294,21,3000.0
Fra_294,22,3000.0
Fra_294,23,3000.0
Fra_294,24,3000.0
Fra_294,25,3000.0
Fra_294,26,3000.0
Fra_294,27,3000.0
Fra_294,28,3000.0
Fra_294,29,3000.0
Fra_294,30,3000.0
Fra_294,31,3000.0
Fra_294,32,3000.0
Fra_294,33,3000.0
Fra_294,34,3000.0
Fra_294,35,3000.0
Fra_294,36,3000.0
Fra_294,37,3000.0
Fra_294,38,3000.0
Fra_294,39,3000.0
Fra_294,40,3000.0
Fra_294,41,3000.0
Fra_294,42,3000.0
Fra_294,43,3000.0
Fra_294,44,3000.0
Fra_294,45,3000.0
Fra_294,46,3000.0
Fra_294,47,3000.0
Fra_294,48,3000.0
Fra_294,49,3000.0
Fra_294,50,3000.0
Fra_294,51,3000.0
Fra_294,52,3000.0
Fra_294,53,3000.0
Fra_294,54,3000.0
Fra_294,55,3000.0
Fra_294,56,3000.0
Fra_294,57,3000.0
Fra_294,58,3000.0
Fra_294,59,3000.0
Fra_294,60,3000.0
Fra_294,61,3000.0
Fra_294,62,3000.0
Fra_294,63,3000.0
Fra_294,64,3000.0
Fra_294,65,3000.0
Fra_294,66,3000.0
Fra_294,67,3000.0
Fra_294,68,3000.0
Fra_294,69,3000.0
Fra_294,70,3000.0
Fra_294,71,3000.0
Fra_294,72,3000.0
Fra_294,73,3000.0
Fra_294,74,3000.0
Fra_294,75,3000.0
Fra_294,76,3000.0
Fra_294,77,3000.0
Fra_294,78,3000.0
Fra_294,79,3000.0
Fra_294,80,3000.0
Fra_294,81,3000.0
Fra_294,82,3000.0
Fra_294,83,3000.0
Fra_294,84,3000.0
Fra_294,85,3000.0
Fra_294,86,3000.0
Fra_294,87,3000.0
Fra_294,88,3000.0
Fra_294,89,3000.0
Fra_294,90,3000.0
Fra_294,91,3000.0
Fra_294,92,3000.0
Fra_294,93,3000.0
Fra_294,94,3000.0
Fra_294,95,3000.0
Fra_294,96,3000.0
Fra_295,1,71.06331417778321
Fra_295,2,5.094746126202931
Fra_295,3,5.106462564419701
Fra_295,4,23.66132931118177
Fra_295,5,6.4079105267878855
Fra_295,6,6.4079105267878855
Fra_295,7,7.084857161153966
Fra_295,8,15.583315791176961
Fra_295,9,11.066623737229744
Fra_295,10,11.066623737229744
Fra_295,11,11.066623737229747
Fra_295,12,11.066623737229747
Fra_295,13,11.066623737229747
Fra_295,14,6.4079105267878855
Fra_295,15,19.807133159992055
Fra_295,16,40.67463265528814
Fra_295,17,23.56920394457712
Fra_295,18,24.76405510293543
Fra_295,19,27.13225031610569
Fra_295,20,23.222049000572614
Fra_295,21,22.962909118791952
Fra_295,22,15.631591228452635
Fra_295,23,8.365205216461362
Fra_295,24,0.0
Fra_295,25,0.0
Fra_295,26,0.0
Fra_295,27,17.799258958655034
Fra_295,28,0.0
Fra_295,29,0.0
Fra_295,30,0.0
Fra_295,31,0.0
Fra_295,32,0.0
Fra_295,33,0.0
Fra_295,34,0.0
Fra_295,35,0.0
Fra_295,36,0.0
Fra_295,37,0.0
Fra_295,38,0.0
Fra_295,39,0.0
Fra_295,40,0.0
Fra_295,41,0.0
Fra_295,42,0.0
Fra_295,43,0.0
Fra_295,44,0.0
Fra_295,45,0.0
Fra_295,46,0.0
Fra_295,47,0.0
Fra_295,48,0.0
Fra_295,49,0.0
Fra_295,50,0.0
Fra_295,51,0.0
Fra_295,52,0.0
Fra_295,53,0.0
Fra_295,54,0.0
Fra_295,55,0.0
Fra_295,56,0.0
Fra_295,57,0.6990101120070982
Fra_295,58,1.8250931100016352
Fra_295,59,0.1386756622744656
Fra_295,60,0.0
Fra_295,61,0.0
Fra_295,62,0.0
Fra_295,63,0.0
Fra_295,64,0.0
Fra_295,65,0.0
Fra_295,66,0.0
Fra_295,67,0.0
Fra_295,68,0.0
Fra_295,69,0.0
Fra_295,70,14.728894473374169
Fra_295,71,0.0
Fra_295,72,0.1386756622744656
Fra_295,73,2.523687076450699
Fra_295,74,0.1386756622744656
Fra_295,75,22.170043486670966
Fra_295,76,20.56036614308774
Fra_295,77,26.04414426806595
Fra_295,78,23.409138465750367
Fra_295,79,19.47254009003493
Fra_295,80,0.0
Fra_295,81,26.216820119845828
Fra_295,82,24.794027677685683
Fra_295,83,14.818525158636781
Fra_295,84,0.0
Fra_295,85,0.0
Fra_295,86,0.0
Fra_295,87,0.0
Fra_295,88,0.0
Fra_295,89,9.552385856712647
Fra_295,90,11.158365468918184
Fra_295,91,18.320039999140338
Fra_295,92,25.791685305186363
Fra_295,93,31.161267098095006
Fra_295,94,26.344346249542774
Fra_295,95,27.13225031610569
Fra_295,96,26.976397678573022
Fra_296,1,78.8072646239848
Fra_296,2,26.004483564368265
Fra_296,3,26.000951363155565
Fra_296,4,25.87309308604487
Fra_296,5,17.870928040167318
Fra_296,6,17.870928040167318
Fra_296,7,16.318316699367443
Fra_296,8,16.852311476222162
Fra_296,9,11.59916264291899
Fra_296,10,11.59916264291899
Fra_296,11,11.599162642918994
Fra_296,12,11.599162642918994
Fra_296,13,11.599162642918994
Fra_296,14,17.870928040167318
Fra_296,15,21.56908175018851
Fra_296,16,44.871983537116876
Fra_296,17,25.77021596027535
Fra_296,18,27.10451570229752
Fra_296,19,29.749098033650654
Fra_296,20,56.765978726359684
Fra_296,21,36.3276139461706
Fra_296,22,50.13790261028664
Fra_296,23,86.51451065724346
Fra_296,24,79.09776454992098
Fra_296,25,64.39867057112845
Fra_296,26,63.4171723459001
Fra_296,27,46.054582594736374
Fra_296,28,53.118587810885046
Fra_296,29,393.2199703574657
Fra_296,30,36.28836663072895
Fra_296,31,36.28836663072895
Fra_296,32,31.07807031828095
Fra_296,33,38.49128176781354
Fra_296,34,33.554317153759186
Fra_296,35,33.554317153759186
Fra_296,36,32.708452050259424
Fra_296,37,48.2012808967632
Fra_296,38,48.20128089676321
Fra_296,39,42.39040648580519
Fra_296,40,94.92003232243552
Fra_296,41,28.394234110513235
Fra_296,42,33.554317153759186
Fra_296,43,33.554317153759186
Fra_296,44,33.554317153759186
Fra_296,45,80.79494663139562
Fra_296,46,39.996551704355525
Fra_296,47,33.554317153759186
Fra_296,48,33.554317153759186
Fra_296,49,27.15176760681129
Fra_296,50,28.394234110513235
Fra_296,51,32.708452050259424
Fra_296,52,28.394234110513235
Fra_296,53,30.545137650236864
Fra_296,54,30.545137650236864
Fra_296,55,32.708452050259424
Fra_296,56,31.281117059487197
Fra_296,57,27.153395694071403
Fra_296,58,27.45146528731149
Fra_296,59,28.12228051642447
Fra_296,60,30.545137650236864
Fra_296,61,29.198448361838096
Fra_296,62,29.67911760991631
Fra_296,63,26.73869008366907
Fra_296,64,29.199725881568455
Fra_296,65,40.76939107666231
Fra_296,66,79.58373900333977
Fra_296,67,46.91711911019121
Fra_296,68,32.708452050259424
Fra_296,69,46.91711911019121
Fra_296,70,33.839782227623715
Fra_296,71,30.545137650236864
Fra_296,72,28.12228051642447
Fra_296,73,26.77959095839237
Fra_296,74,28.12228051642447
Fra_296,75,28.098902687950954
Fra_296,76,29.340775913542704
Fra_296,77,29.79304960533332
Fra_296,78,32.708452050259424
Fra_296,79,36.039571528404885
Fra_296,80,79.58373900333977
Fra_296,81,29.340775913542704
Fra_296,82,31.843385252384582
Fra_296,83,51.51469072909085
Fra_296,84,99.06967961697019
Fra_296,85,296.80399854001286
Fra_296,86,64.37034027348953
Fra_296,87,80.16893988429797
Fra_296,88,81.96206394014526
Fra_296,89,90.28392630736028
Fra_296,90,58.28529627716738
Fra_296,91,45.07356709281984
Fra_296,92,30.998938217654885
Fra_296,93,44.79465968141969
Fra_296,94,30.483679464248613
Fra_296,95,29.749098033650654
Fra_296,96,29.340775913542704
Fra_297,1,69.97838552385186
Fra_297,2,8.962144197306202
Fra_297,3,8.97058419066964
Fra_297,4,23.351460864612186
Fra_297,5,8.471541662212221
Fra_297,6,8.471541662212221
Fra_297,7,8.708820530765422
Fra_297,8,15.405529299645872
Fra_297,9,10.960455131535658
Fra_297,10,10.960455131535658
Fra_297,11,10.960455131535662
Fra_297,12,10.960455131535662
Fra_297,13,10.960455131535662
Fra_297,14,8.471541662212221
Fra_297,15,19.560283890289444
Fra_297,16,40.086583148265056
Fra_297,17,23.26084182112765
Fra_297,18,24.436156211370236
Fra_297,19,26.765629546582048
Fra_297,20,28.74589368887129
Fra_297,21,24.750206663190184
Fra_297,22,21.622684763621674
Fra_297,23,25.529261833711963
Fra_297,24,15.04608255550935
Fra_297,25,15.590057604128624
Fra_297,26,18.42472803471282
Fra_297,27,22.547406402841464
Fra_297,28,15.46424666643243
Fra_297,29,113.379157568876
Fra_297,30,10.562804881542665
Fra_297,31,10.562804881542665
Fra_297,32,10.170995148926163
Fra_297,33,11.221452806660238
Fra_297,34,10.357206748482067
Fra_297,35,10.35720674848206
Fra_297,36,9.10550060544573
Fra_297,37,15.139705965588675
Fra_297,38,15.139705965588675
Fra_297,39,12.380271308416312
Fra_297,40,27.480693899825994
Fra_297,41,6.2362709319997265
Fra_297,42,10.357206748482067
Fra_297,43,10.357206748482067
Fra_297,44,10.357206748482064
Fra_297,45,23.420227835629518
Fra_297,46,11.671512322687416
Fra_297,47,10.35720674848206
Fra_297,48,10.35720674848206
Fra_297,49,5.963386031816739
Fra_297,50,6.2362709319997265
Fra_297,51,7.18380950012012
Fra_297,52,6.2362709319997265
Fra_297,53,6.708677307537332
Fra_297,54,6.708677307537332
Fra_297,55,7.18380950012012
Fra_297,56,6.870321639220808
Fra_297,57,6.4803466762010835
Fra_297,58,6.867607590476048
Fra_297,59,6.2847594356658725
Fra_297,60,6.708677307537332
Fra_297,61,6.232483072261019
Fra_297,62,6.696987276784391
Fra_297,63,6.237141358364916
Fra_297,64,6.733641231605105
Fra_297,65,9.875595322055041
Fra_297,66,14.95428699075876
Fra_297,67,10.00998278944644
Fra_297,68,7.18380950012012
Fra_297,69,10.00998278944644
Fra_297,70,18.926249236410662
Fra_297,71,6.708677307537332
Fra_297,72,6.2847594356658725
Fra_297,73,7.110069282093402
Fra_297,74,6.2847594356658725
Fra_297,75,23.472208290727842
Fra_297,76,22.488821547428454
Fra_297,77,26.091082895033015
Fra_297,78,24.51427260412781
Fra_297,79,22.135972842402957
Fra_297,80,14.95428699075876
Fra_297,81,26.182819385989447
Fra_297,82,25.550033631972664
Fra_297,83,21.278626759062803
Fra_297,84,19.01942414147932
Fra_297,85,85.51524403723585
Fra_297,86,15.86954193746358
Fra_297,87,23.24027288115017
Fra_297,88,23.75573307282042
Fra_297,89,24.628330399176967
Fra_297,90,19.719452835099233
Fra_297,91,22.76957029388541
Fra_297,92,25.95695551847914
Fra_297,93,33.06105411755202
Fra_297,94,26.29033923982613
Fra_297,95,26.765629546582048
Fra_297,96,26.645147922564
Fra_298,1,75.02728036655792
Fra_298,2,30.141178339734616
Fra_298,3,30.133666907909387
Fra_298,4,24.79348490567094
Fra_298,5,20.019426052496055
Fra_298,6,20.019426052496055
Fra_298,7,17.9681267708362
Fra_298,8,16.232888128211673
Fra_298,9,11.42457457732019
Fra_298,10,11.42457457732019
Fra_298,11,11.424574577320193
Fra_298,12,11.424574577320193
Fra_298,13,11.424574577320193
Fra_298,14,20.019426052496055
Fra_298,15,20.709037773976743
Fra_298,16,42.823168740788766
Fra_298,17,24.69585593853379
Fra_298,18,25.962087908863484
Fra_298,19,28.471759904342854
Fra_298,20,61.96648505511304
Fra_298,21,37.52695238032839
Fra_298,22,56.13919663416301
Fra_298,23,107.69366515505088
Fra_298,24,95.62487765806937
Fra_298,25,135.5399045105189
Fra_298,26,184.94560325078413
Fra_298,27,50.63607129446846
Fra_298,28,155.0149317744864
Fra_298,29,1144.9134756945898
Fra_298,30,105.03936719218507
Fra_298,31,105.03936719218507
Fra_298,32,92.81481667001145
Fra_298,33,111.86733225310411
Fra_298,34,98.62465985941995
Fra_298,35,98.62465985941995
Fra_298,36,72.19916132499287
Fra_298,37,144.2896186128071
Fra_298,38,144.28961861280712
Fra_298,39,123.83572751710756
Fra_298,40,276.5020447516172
Fra_298,41,36.08932324382819
Fra_298,42,98.62465985941995
Fra_298,43,98.62465985941995
Fra_298,44,98.62465985941995
Fra_298,45,235.45045188896256
Fra_298,46,116.53293664291398
Fra_298,47,98.62465985941995
Fra_298,48,98.62465985941995
Fra_298,49,34.51013730427413
Fra_298,50,36.08932324382819
Fra_298,51,41.5727324869102
Fra_298,52,36.08932324382819
Fra_298,53,38.823140708643656
Fra_298,54,38.823140708643656
Fra_298,55,41.5727324869102
Fra_298,56,39.758577061596824
Fra_298,57,34.26181925006102
Fra_298,58,33.16014713264726
Fra_298,59,35.70608548140569
Fra_298,60,38.823140708643656
Fra_298,61,37.348944671121615
Fra_298,62,38.703017059214204
Fra_298,63,35.98722386697413
Fra_298,64,38.87341027554888
Fra_298,65,56.879282717081864
Fra_298,66,95.82360240838777
Fra_298,67,59.01060311452047
Fra_298,68,41.5727324869102
Fra_298,69,59.01060311452047
Fra_298,70,39.019002209869235
Fra_298,71,38.823140708643656
Fra_298,72,35.70608548140569
Fra_298,73,31.789489406078363
Fra_298,74,35.70608548140569
Fra_298,75,29.70567608550604
Fra_298,76,31.720344791777155
Fra_298,77,29.72218037682875
Fra_298,78,33.622290856495056
Fra_298,79,39.08916898372181
Fra_298,80,95.82360240838777
Fra_298,81,29.2486475482984
Fra_298,82,32.956499994462504
Fra_298,83,58.21506101810922
Fra_298,84,126.69551616195021
Fra_298,85,863.2353621940088
Fra_298,86,140.2800984657427
Fra_298,87,233.63109484765067
Fra_298,88,238.84243305139478
Fra_298,89,109.22580895736459
Fra_298,90,67.51661338289883
Fra_298,91,49.31394830467813
Fra_298,92,30.345450485562402
Fra_298,93,47.73244041194743
Fra_298,94,29.57300334751696
Fra_298,95,28.471759904342854
Fra_298,96,28.18667342168444
Fra_299,1,70.07758807904744
Fra_299,2,50.54245707631034
Fra_299,3,50.51780191574829
Fra_299,4,23.37979428687253
Fra_299,5,30.922854251422244
Fra_299,6,30.922854251422244
Fra_299,7,26.5606095398742
Fra_299,8,15.421785552234677
Fra_299,9,10.971618136304214
Fra_299,10,10.971618136304214
Fra_299,11,10.971618136304217
Fra_299,12,10.971618136304217
Fra_299,13,10.971618136304217
Fra_299,14,30.922854251422244
Fra_299,15,19.58285503191606
Fra_299,16,40.14035259519302
Fra_299,17,23.289037509812683
Fra_299,18,24.466138282330565
Fra_299,19,26.799152227536897
Fra_299,20,91.31490212051415
Fra_299,21,47.16566463012717
Fra_299,22,87.86355889767879
Fra_299,23,197.40471204674841
Fra_299,24,174.86793660066547
Fra_299,25,184.60331894973191
Fra_299,26,220.05240542927976
Fra_299,27,75.83031829748464
Fra_299,28,184.55424853702885
Fra_299,29,1358.9229528503772
Fra_299,30,125.75301292860073
Fra_299,31,125.75301292860073
Fra_299,32,115.8363627182053
Fra_299,33,133.66253109568635
Fra_299,34,120.54935258086799
Fra_299,35,120.54935258086799
Fra_299,36,102.47734683549868
Fra_299,37,175.7784266684504
Fra_299,38,175.77842666845046
Fra_299,39,147.57531589328727
Fra_299,40,328.6395090452651
Fra_299,41,68.68432141271528
Fra_299,42,120.54935258086799
Fra_299,43,120.54935258086799
Fra_299,44,120.549352580868
Fra_299,45,279.95179800378946
Fra_299,46,139.06716957177554
Fra_299,47,120.54935258086799
Fra_299,48,120.54935258086799
Fra_299,49,65.67885317741606
Fra_299,50,68.68432141271528
Fra_299,51,79.12021239201499
Fra_299,52,68.68432141271528
Fra_299,53,73.88725625769582
Fra_299,54,73.88725625769582
Fra_299,55,79.12021239201499
Fra_299,56,75.66755595168806
Fra_299,57,64.48649470124226
Fra_299,58,59.66736420823513
Fra_299,59,67.82970415094945
Fra_299,60,73.88725625769582
Fra_299,61,70.15069831501187
Fra_299,62,73.83553922742514
Fra_299,63,68.8511892169743
Fra_299,64,74.3004860716546
Fra_299,65,109.16427484246225
Fra_299,66,174.63825023761578
Fra_299,67,111.40579819087188
Fra_299,68,79.12021239201499
Fra_299,69,111.40579819087188
Fra_299,70,60.95723618128419
Fra_299,71,73.88725625769582
Fra_299,72,67.82970415094945
Fra_299,73,55.95279360634839
Fra_299,74,67.82970415094945
Fra_299,75,36.51167599581028
Fra_299,76,41.799765820572944
Fra_299,77,30.328939340147404
Fra_299,78,39.749132792528606
Fra_299,79,53.44217758738269
Fra_299,80,174.63825023761578
Fra_299,81,29.426301277503043
Fra_299,82,37.36737241022822
Fra_299,83,92.43193778363218
Fra_299,84,222.66253921953034
Fra_299,85,1024.5126829222568
Fra_299,86,188.08920895553206
Fra_299,87,277.7940174225334
Fra_299,88,283.9747307861339
Fra_299,89,187.5028102006925
Fra_299,90,112.79435718332583
Fra_299,91,72.9393385256014
Fra_299,92,31.46245330271338
Fra_299,93,58.39704831271989
Fra_299,94,29.53996214783991
Fra_299,95,26.799152227536897
Fra_299,96,26.67543638631222
Fra_300,1,77.05558701173867
Fra_300,2,25.40057889854899
Fra_300,3,25.397210233232126
Fra_300,4,25.372793256530205
Fra_300,5,17.50554254421058
Fra_300,6,17.50554254421058
Fra_300,7,16.00075489571372
Fra_300,8,16.56526530424918
Fra_300,9,11.58180353723438
Fra_300,10,11.58180353723438
Fra_300,11,11.581803537234384
Fra_300,12,11.581803537234384
Fra_300,13,11.581803537234384
Fra_300,14,17.50554254421058
Fra_300,15,21.17052988433952
Fra_300,16,43.92254492416096
Fra_300,17,25.27234817315974
Fra_300,18,26.575104717202997
Fra_300,19,29.15716842442526
Fra_300,20,55.38419977082376
Fra_300,21,35.52605400939779
Fra_300,22,48.9039107502629
Fra_300,23,85.90236680524391
Fra_300,24,77.06607582096584
Fra_300,25,65.0397802253894
Fra_300,26,66.1513348933053
Fra_300,27,44.948448882396505
Fra_300,28,55.42810761348488
Fra_300,29,409.53237418898755
Fra_300,30,37.86056353221262
Fra_300,31,37.86056353221262
Fra_300,32,33.10987022885615
Fra_300,33,40.17168976461128
Fra_300,34,35.367686013854566
Fra_300,35,35.367686013854566
Fra_300,36,33.759256009207135
Fra_300,37,50.97580635919386
Fra_300,38,50.975806359193875
Fra_300,39,44.257569928736125
Fra_300,40,98.95315599252436
Fra_300,41,28.171821950290553
Fra_300,42,35.367686013854566
Fra_300,43,35.367686013854566
Fra_300,44,35.367686013854566
Fra_300,45,84.24564898542293
Fra_300,46,41.75090122792133
Fra_300,47,35.367686013854566
Fra_300,48,35.367686013854566
Fra_300,49,26.9390876921571
Fra_300,50,28.171821950290553
Fra_300,51,32.45224660200806
Fra_300,52,28.171821950290553
Fra_300,53,30.305877453161397
Fra_300,54,30.305877453161397
Fra_300,55,32.45224660200806
Fra_300,56,31.036091932473713
Fra_300,57,26.92864604737657
Fra_300,58,26.895109802612787
Fra_300,59,27.903084816966427
Fra_300,60,30.305877453161397
Fra_300,61,29.35759534588314
Fra_300,62,30.040869225592495
Fra_300,63,27.742499809597703
Fra_300,64,30.037723395246232
Fra_300,65,43.51696055366525
Fra_300,66,77.42773023455543
Fra_300,67,46.37084864299321
Fra_300,68,32.45224660200806
Fra_300,69,46.37084864299321
Fra_300,70,33.69008656009303
Fra_300,71,30.305877453161397
Fra_300,72,27.903084816966427
Fra_300,73,26.139799921888105
Fra_300,74,27.903084816966427
Fra_300,75,28.052461907844666
Fra_300,76,29.271998925331417
Fra_300,77,29.736197674400227
Fra_300,78,32.36560763764315
Fra_300,79,35.814839062939974
Fra_300,80,77.42773023455543
Fra_300,81,29.346547433587357
Fra_300,82,32.010882959125624
Fra_300,83,50.36155240029581
Fra_300,84,96.66544980452815
Fra_300,85,309.16142748286535
Fra_300,86,65.20716908203815
Fra_300,87,83.59383002865216
Fra_300,88,85.46089017914068
Fra_300,89,88.46922163008772
Fra_300,90,57.019587507770765
Fra_300,91,43.99815123370885
Fra_300,92,30.364231382197033
Fra_300,93,45.27277451562554
Fra_300,94,29.866607955726803
Fra_300,95,29.15716842442526
Fra_300,96,28.805954771562142
Fra_301,1,71.15923250719908
Fra_301,2,11.437972353642337
Fra_301,3,11.444654644803606
Fra_301,4,23.688724719742456
Fra_301,5,9.834753245847388
Fra_301,6,9.834753245847388
Fra_301,7,9.810902019751168
Fra_301,8,15.599033860009023
Fra_301,9,11.06738122526978
Fra_301,10,11.06738122526978
Fra_301,11,11.067381225269784
Fra_301,12,11.067381225269784
Fra_301,13,11.067381225269784
Fra_301,14,9.834753245847388
Fra_301,15,19.828957055491177
Fra_301,16,40.72662199682049
Fra_301,17,23.596466179406317
Fra_301,18,24.79304457960035
Fra_301,19,27.164663186403143
Fra_301,20,32.789009945402825
Fra_301,21,26.404438362156583
Fra_301,22,25.749425671350345
Fra_301,23,34.49845785933335
Fra_301,24,24.3680346161933
Fra_301,25,25.721601769433825
Fra_301,26,30.6492304806509
Fra_301,27,25.943094789777838
Fra_301,28,25.702348405048102
Fra_301,29,189.26122979234773
Fra_301,30,17.508294202501972
Fra_301,31,17.508294202501972
Fra_301,32,16.02892767568602
Fra_301,33,18.61043209811286
Fra_301,34,16.73201181157066
Fra_301,35,16.732011811570658
Fra_301,36,14.17557437837057
Fra_301,37,24.38757891600755
Fra_301,38,24.387578916007556
Fra_301,39,20.54911130528812
Fra_301,40,45.78149771779309
Fra_301,41,9.49507726812972
Fra_301,42,16.73201181157066
Fra_301,43,16.732011811570658
Fra_301,44,16.732011811570654
Fra_301,45,38.996571790954874
Fra_301,46,19.363531939435976
Fra_301,47,16.732011811570658
Fra_301,48,16.732011811570658
Fra_301,49,9.07959448349828
Fra_301,50,9.49507726812972
Fra_301,51,10.937758642454028
Fra_301,52,9.49507726812972
Fra_301,53,10.214342849531956
Fra_301,54,10.214342849531956
Fra_301,55,10.937758642454028
Fra_301,56,10.460455540277042
Fra_301,57,9.519544784159642
Fra_301,58,9.870169976338989
Fra_301,59,9.496437850781032
Fra_301,60,10.214342849531956
Fra_301,61,9.693683680124256
Fra_301,62,10.173611091306828
Fra_301,63,9.449579492149613
Fra_301,64,10.211184008663668
Fra_301,65,14.917794345218251
Fra_301,66,24.352829481513297
Fra_301,67,15.425537681757856
Fra_301,68,10.937758642454028
Fra_301,69,15.425537681757856
Fra_301,70,21.11960588270098
Fra_301,71,10.214342849531956
Fra_301,72,9.496437850781032
Fra_301,73,9.971608186870904
Fra_301,74,9.496437850781032
Fra_301,75,24.152663479480406
Fra_301,76,23.496549203769142
Fra_301,77,26.684113825376272
Fra_301,78,25.73462981146448
Fra_301,79,24.230729967872595
Fra_301,80,24.352829481513297
Fra_301,81,26.70253549932362
Fra_301,82,26.57114242115056
Fra_301,83,25.677247031379967
Fra_301,84,31.051423380755352
Fra_301,85,142.7556178444745
Fra_301,86,26.206235848073277
Fra_301,87,38.695872064124
Fra_301,88,39.55719171645525
Fra_301,89,34.37152976099521
Fra_301,90,25.350604445934472
Fra_301,91,25.98962369436928
Fra_301,92,26.657173863365777
Fra_301,93,34.96953916770606
Fra_301,94,26.86639126515988
Fra_301,95,27.164663186403143
Fra_301,96,27.005683404505934
Fra_302,1,70.75879981859032
Fra_302,2,10.6562748360274
Fra_302,3,10.663507088276514
Fra_302,4,23.5743564110751
Fra_302,5,9.403724206219845
Fra_302,6,9.403724206219845
Fra_302,7,9.462020733751242
Fra_302,8,15.533415238411978
Fra_302,9,11.031048397605055
Fra_302,10,11.031048397605055
Fra_302,11,11.031048397605058
Fra_302,12,11.031048397605058
Fra_302,13,11.031048397605058
Fra_302,14,9.403724206219845
Fra_302,15,19.73784828406188
Fra_302,16,40.509580770856886
Fra_302,17,23.482653834501846
Fra_302,18,24.67202147428785
Fra_302,19,27.02934835265053
Fra_302,20,31.50500986307647
Fra_302,21,25.87463820697814
Fra_302,22,24.44219430898158
Fra_302,23,31.696311610354535
Fra_302,24,21.42936457202049
Fra_302,25,22.522399557135365
Fra_302,26,26.786754014022492
Fra_302,27,24.865728311934053
Fra_302,28,22.467815335136663
Fra_302,29,165.2760391711056
Fra_302,30,15.314659203912967
Fra_302,31,15.314659203912967
Fra_302,32,14.190717929007228
Fra_302,33,16.276587108076875
Fra_302,34,14.724882563482893
Fra_302,35,14.724882563482893
Fra_302,36,12.586945445498916
Fra_302,37,21.476984338302287
Fra_302,38,21.476984338302294
Fra_302,39,17.968715762622445
Fra_302,40,39.998173504301384
Fra_302,41,8.47696461624324
Fra_302,42,14.724882563482893
Fra_302,43,14.724882563482893
Fra_302,44,14.72488256348289
Fra_302,45,34.07450712799585
Fra_302,46,16.933880315102112
Fra_302,47,14.724882563482893
Fra_302,48,14.724882563482893
Fra_302,49,8.1060321041087
Fra_302,50,8.47696461624324
Fra_302,51,9.76495402563003
Fra_302,52,8.47696461624324
Fra_302,53,9.119106719045671
Fra_302,54,9.119106719045671
Fra_302,55,9.76495402563003
Fra_302,56,9.338829898977774
Fra_302,57,8.569715158736944
Fra_302,58,8.925485375491135
Fra_302,59,8.49304885157386
Fra_302,60,9.119106719045671
Fra_302,61,8.608659055412371
Fra_302,62,9.087866354719136
Fra_302,63,8.446807013977981
Fra_302,64,9.12548470336997
Fra_302,65,13.34467458665322
Fra_302,66,21.38798525597089
Fra_302,67,13.730284519959646
Fra_302,68,9.76495402563003
Fra_302,69,13.730284519959646
Fra_302,70,20.43435983818169
Fra_302,71,9.119106719045671
Fra_302,72,8.49304885157386
Fra_302,73,9.069227027542368
Fra_302,74,8.49304885157386
Fra_302,75,23.94007642604614
Fra_302,76,23.181716049923377
Fra_302,77,26.488593554724382
Fra_302,78,25.34177881391475
Fra_302,79,23.56361819049186
Fra_302,80,21.38798525597089
Fra_302,81,26.530479692312348
Fra_302,82,26.240847396345885
Fra_302,83,24.28459329050332
Fra_302,84,27.254898865498305
Fra_302,85,124.66266961825193
Fra_302,86,22.94202957575832
Fra_302,87,33.81197738479756
Fra_302,88,34.56396352566075
Fra_302,89,31.294023479328132
Fra_302,90,23.570457676747075
Fra_302,91,24.967482135024778
Fra_302,92,26.427344179848063
Fra_302,93,34.35679309205063
Fra_302,94,26.675526246318196
Fra_302,95,27.02934835265053
Fra_302,96,26.883423539841985
Fra_303,1,76.93671585369492
Fra_303,2,25.047238658693335
Fra_303,3,25.04412984266462
Fra_303,4,25.33884224882894
Fra_303,5,17.3121056112373
Fra_303,6,17.3121056112373
Fra_303,7,15.845123835907655
Fra_303,8,16.545785971616333
Fra_303,9,11.585131950995825
Fra_303,10,11.585131950995825
Fra_303,11,11.585131950995828
Fra_303,12,11.585131950995828
Fra_303,13,11.585131950995828
Fra_303,14,17.3121056112373
Fra_303,15,21.143483627937794
Fra_303,16,43.858114764967
Fra_303,17,25.238562207070224
Fra_303,18,26.539178188006467
Fra_303,19,29.116999298761332
Fra_303,20,54.8206026712205
Fra_303,21,35.30347298723841
Fra_303,22,48.32267335813253
Fra_303,23,84.56886569107192
Fra_303,24,75.72747016788733
Fra_303,25,65.50026221560915
Fra_303,26,67.9816787905473
Fra_303,27,44.47325624934582
Fra_303,28,56.96220110138512
Fra_303,29,420.6744659699779
Fra_303,30,38.882102667551415
Fra_303,31,38.882102667551415
Fra_303,32,33.99433139987103
Fra_303,33,41.26798605273618
Fra_303,34,36.31729489529043
Fra_303,35,36.31729489529043
Fra_303,36,34.013845747919625
Fra_303,37,52.40247206862226
Fra_303,38,52.402472068622274
Fra_303,39,45.483055170693284
Fra_303,40,101.68971521787803
Fra_303,41,27.687316776394656
Fra_303,42,36.31729489529043
Fra_303,43,36.31729489529043
Fra_303,44,36.31729489529043
Fra_303,45,86.57588417627163
Fra_303,46,42.89827969017816
Fra_303,47,36.31729489529043
Fra_303,48,36.31729489529043
Fra_303,49,26.475783352454965
Fra_303,50,27.687316776394656
Fra_303,51,31.89412574596395
Fra_303,52,27.687316776394656
Fra_303,53,29.784670324583747
Fra_303,54,29.784670324583747
Fra_303,55,31.89412574596395
Fra_303,56,30.502326415095197
Fra_303,57,26.477379048927087
Fra_303,58,26.46062429227345
Fra_303,59,27.425586417702544
Fra_303,60,29.784670324583747
Fra_303,61,28.90641219321387
Fra_303,62,29.578705629083338
Fra_303,63,27.37662366027454
Fra_303,64,29.618937437127723
Fra_303,65,43.04975740776983
Fra_303,66,76.08177770515692
Fra_303,67,45.57168073883011
Fra_303,68,31.89412574596395
Fra_303,69,45.57168073883011
Fra_303,70,33.36398781910782
Fra_303,71,29.784670324583747
Fra_303,72,27.425586417702544
Fra_303,73,25.729438268912187
Fra_303,74,27.425586417702544
Fra_303,75,27.951294785423254
Fra_303,76,29.122174353689374
Fra_303,77,29.71713952857066
Fra_303,78,32.23915323727421
Fra_303,79,35.58294393576158
Fra_303,80,76.08177770515692
Fra_303,81,29.340070847372296
Fra_303,82,31.959707629982105
Fra_303,83,49.75277981012222
Fra_303,84,95.19086271594216
Fra_303,85,317.7054068860257
Fra_303,86,65.79585619284845
Fra_303,87,85.90605742877507
Fra_303,88,87.82469881683456
Fra_303,89,87.20952430506819
Fra_303,90,56.24157433112809
Fra_303,91,43.54843579866323
Fra_303,92,30.280037293144108
Fra_303,93,45.16136309964707
Fra_303,94,29.80056358536983
Fra_303,95,29.116999298761332
Fra_303,96,28.76966110196846
Fra_304,1,77.06751610639382
Fra_304,2,25.513361111250617
Fra_304,3,25.509904791541715
Fra_304,4,25.37620034695627
Fra_304,5,17.566701222245676
Fra_304,6,17.566701222245676
Fra_304,7,16.049564288162745
Fra_304,8,16.567220116557067
Fra_304,9,11.57623173631911
Fra_304,10,11.57623173631911
Fra_304,11,11.576231736319114
Fra_304,12,11.576231736319114
Fra_304,13,11.576231736319114
Fra_304,14,17.566701222245676
Fra_304,15,21.173244061251676
Fra_304,16,43.929010693320784
Fra_304,17,25.27573870114088
Fra_304,18,26.57871005742572
Fra_304,19,29.161199522549868
Fra_304,20,55.55706297210857
Fra_304,21,35.590024684049766
Fra_304,22,49.085393668096756
Fra_304,23,86.35600873781303
Fra_304,24,77.49764687666821
Fra_304,25,64.88995619360914
Fra_304,26,65.55975413865222
Fra_304,27,45.09518668328696
Fra_304,28,54.932577925278636
Fra_304,29,405.9596580996249
Fra_304,30,37.53116708987784
Fra_304,31,37.53116708987784
Fra_304,32,32.835939732269864
Fra_304,33,39.818074780186244
Fra_304,34,35.067394756881505
Fra_304,35,35.067394756881505
Fra_304,36,33.6881307182872
Fra_304,37,50.52550939082959
Fra_304,38,50.525509390829605
Fra_304,39,43.862097996409375
Fra_304,40,98.06775978327327
Fra_304,41,28.336645107234332
Fra_304,42,35.067394756881505
Fra_304,43,35.067394756881505
Fra_304,44,35.067394756881505
Fra_304,45,83.49199219527982
Fra_304,46,41.38073751553959
Fra_304,47,35.067394756881505
Fra_304,48,35.067394756881505
Fra_304,49,27.09669856611624
Fra_304,50,28.336645107234332
Fra_304,51,32.64211297786047
Fra_304,52,28.336645107234332
Fra_304,53,30.483186198211513
Fra_304,54,30.483186198211513
Fra_304,55,32.64211297786047
Fra_304,56,31.21767289875037
Fra_304,57,27.081866370506965
Fra_304,58,27.036921240628885
Fra_304,59,28.065524348766317
Fra_304,60,30.483186198211513
Fra_304,61,29.500465290193304
Fra_304,62,30.191350968725875
Fra_304,63,27.853203285864783
Fra_304,64,30.168088513374972
Fra_304,65,43.64110594955604
Fra_304,66,77.85976883381431
Fra_304,67,46.63970256248473
Fra_304,68,32.64211297786047
Fra_304,69,46.63970256248473
Fra_304,70,33.801021647808156
Fra_304,71,30.483186198211513
Fra_304,72,28.065524348766317
Fra_304,73,26.271817043164056
Fra_304,74,28.065524348766317
Fra_304,75,28.086877813793272
Fra_304,76,29.322967542832902
Fra_304,77,29.726908125274722
Fra_304,78,32.39376175509521
Fra_304,79,35.87498213401842
Fra_304,80,77.85976883381431
Fra_304,81,29.33313902313363
Fra_304,82,32.007775940580125
Fra_304,83,50.55042389497078
Fra_304,84,97.13801976356261
Fra_304,85,306.3931346301207
Fra_304,86,65.01599800552783
Fra_304,87,82.84601177053811
Fra_304,88,84.69634812007612
Fra_304,89,88.86287092918967
Fra_304,90,57.262599946274
Fra_304,91,44.13654153839339
Fra_304,92,30.382860163332058
Fra_304,93,45.277442706698324
Fra_304,94,29.879218700278567
Fra_304,95,29.161199522549868
Fra_304,96,28.809596955478668
Fra_305,1,70.92890616078921
Fra_305,2,10.943153839062983
Fra_305,3,10.950188452956905
Fra_305,4,23.622940792930816
Fra_305,5,9.562429559670356
Fra_305,6,9.562429559670356
Fra_305,7,9.590829306124583
Fra_305,8,15.561290444451695
Fra_305,9,11.046541516367215
Fra_305,10,11.046541516367215
Fra_305,11,11.046541516367219
Fra_305,12,11.046541516367219
Fra_305,13,11.046541516367219
Fra_305,14,9.562429559670356
Fra_305,15,19.77655186718822
Fra_305,16,40.60178125824294
Fra_305,17,23.53100203942998
Fra_305,18,24.723432855905536
Fra_305,19,27.08683095102401
Fra_305,20,31.98248801029241
Fra_305,21,26.075368025068215
Fra_305,22,24.925538139807873
Fra_305,23,32.6997642924114
Fra_305,24,22.504011960313804
Fra_305,25,23.69883461443945
Fra_305,26,28.210460286411305
Fra_305,27,25.26551100345706
Fra_305,28,23.659798977157052
Fra_305,29,174.12476752373385
Fra_305,30,16.122481337737963
Fra_305,31,16.122481337737963
Fra_305,32,14.85770437122391
Fra_305,33,17.136169751761546
Fra_305,34,15.458802614606672
Fra_305,35,15.458802614606672
Fra_305,36,13.160845484096829
Fra_305,37,22.540368190107948
Fra_305,38,22.540368190107955
Fra_305,39,18.91931065968816
Fra_305,40,42.13070782515369
Fra_305,41,8.841552250291187
Fra_305,42,15.458802614606672
Fra_305,43,15.458802614606672
Fra_305,44,15.458802614606665
Fra_305,45,35.88922087851847
Fra_305,46,17.828831338657718
Fra_305,47,15.458802614606672
Fra_305,48,15.458802614606672
Fra_305,49,8.45466622022743
Fra_305,50,8.841552250291187
Fra_305,51,10.18493707923032
Fra_305,52,8.841552250291187
Fra_305,53,9.511312383907939
Fra_305,54,9.511312383907939
Fra_305,55,10.18493707923032
Fra_305,56,9.740485686371336
Fra_305,57,8.910127476009034
Fra_305,58,9.269395641885765
Fra_305,59,8.85236392400012
Fra_305,60,9.511312383907939
Fra_305,61,9.00033253643532
Fra_305,62,9.47632382789498
Fra_305,63,8.805188113227647
Fra_305,64,9.513648159753053
Fra_305,65,13.906208231579509
Fra_305,66,22.473909248864167
Fra_305,67,14.340180934497521
Fra_305,68,10.18493707923032
Fra_305,69,14.340180934497521
Fra_305,70,20.67974745186971
Fra_305,71,9.511312383907939
Fra_305,72,8.85236392400012
Fra_305,73,9.39947585614183
Fra_305,74,8.85236392400012
Fra_305,75,24.016204161711943
Fra_305,76,23.29445826412511
Fra_305,77,26.567298960049637
Fra_305,78,25.492284696697126
Fra_305,79,23.813256229368022
Fra_305,80,22.473909248864167
Fra_305,81,26.600308436120926
Fra_305,82,26.368695978894383
Fra_305,83,24.798936767490243
Fra_305,84,28.646490454295204
Fra_305,85,131.33768096806804
Fra_305,86,24.142684031506867
Fra_305,87,35.61260571129198
Fra_305,88,36.404937923150186
Fra_305,89,32.424608231116366
Fra_305,90,24.225620940786776
Fra_305,91,25.347189306455764
Fra_305,92,26.519027875381777
Fra_305,93,34.59021629218085
Fra_305,94,26.7531102074111
Fra_305,95,27.08683095102401
Fra_305,96,26.93536030466499
Fra_306,1,77.24066985529277
Fra_306,2,27.910256951781292
Fra_306,3,27.904923201165285
Fra_306,4,25.425655104183473
Fra_306,5,18.86466669952422
Fra_306,6,18.86466669952422
Fra_306,7,17.08420597803007
Fra_306,8,16.595594698978356
Fra_306,9,11.635860762436076
Fra_306,10,11.635860762436076
Fra_306,11,11.63586076243608
Fra_306,12,11.63586076243608
Fra_306,13,11.63586076243608
Fra_306,14,18.86466669952422
Fra_306,15,21.21264100805282
Fra_306,16,44.02286292619365
Fra_306,17,25.324953050398072
Fra_306,18,26.63104245931093
Fra_306,19,29.219711905310888
Fra_306,20,59.209104413571715
Fra_306,21,36.92769947235372
Fra_306,22,52.92986001159833
Fra_306,23,96.08351844994127
Fra_306,24,86.68287460896278
Fra_306,25,37.18756002901936
Fra_306,26,7.053267240112426
Fra_306,27,48.19846416527345
Fra_306,28,5.909939068347732
Fra_306,29,43.67530041716816
Fra_306,30,4.651698089074287
Fra_306,31,4.651698089074287
Fra_306,32,4.651698089074287
Fra_306,33,4.651698089074287
Fra_306,34,4.651698089074287
Fra_306,35,4.651698089074287
Fra_306,36,19.346814144515374
Fra_306,37,5.435803182279344
Fra_306,38,5.435803182279358
Fra_306,39,4.7189179237369885
Fra_306,40,10.550651485478511
Fra_306,41,31.870971951479362
Fra_306,42,4.651698089074287
Fra_306,43,4.651698089074287
Fra_306,44,4.651698089074287
Fra_306,45,8.982512840381403
Fra_306,46,4.651698089074287
Fra_306,47,4.651698089074287
Fra_306,48,4.651698089074287
Fra_306,49,30.476371380954532
Fra_306,50,31.870971951479362
Fra_306,51,36.71344519499291
Fra_306,52,31.870971951479362
Fra_306,53,34.28524331791455
Fra_306,54,34.28524331791455
Fra_306,55,36.71344519499291
Fra_306,56,35.11133987744101
Fra_306,57,30.366535126906285
Fra_306,58,30.060424390610645
Fra_306,59,31.548738773562093
Fra_306,60,34.28524331791455
Fra_306,61,33.3142701009578
Fra_306,62,34.161536094059876
Fra_306,63,31.744822336457496
Fra_306,64,34.29799891157114
Fra_306,65,50.13990518108897
Fra_306,66,87.04913243479554
Fra_306,67,52.396039347029756
Fra_306,68,36.71344519499291
Fra_306,69,52.396039347029756
Fra_306,70,36.17981881290545
Fra_306,71,34.28524331791455
Fra_306,72,31.548738773562093
Fra_306,73,29.080696938463248
Fra_306,74,31.548738773562093
Fra_306,75,28.82486307338069
Fra_306,76,30.415894995442027
Fra_306,77,30.17891118766092
Fra_306,78,33.423818346858475
Fra_306,79,37.890733860736745
Fra_306,80,87.04913243479554
Fra_306,81,29.73425308137053
Fra_306,82,32.98655476910829
Fra_306,83,54.71287641697812
Fra_306,84,104.01294239009498
Fra_306,85,32.963403958342155
Fra_306,86,34.41359607332025
Fra_306,87,8.913014828568393
Fra_306,88,9.112083860001661
Fra_306,89,96.82040998993094
Fra_306,90,62.70863239391288
Fra_306,91,47.061748783360706
Fra_306,92,30.753293814139873
Fra_306,93,47.24293615086345
Fra_306,94,30.121059779178683
Fra_306,95,29.219711905310888
Fra_306,96,28.862464152659772
Fra_307,1,81.38375335410443
Fra_307,2,27.099992591089585
Fra_307,3,27.096054807794754
Fra_307,4,26.60896871944549
Fra_307,5,18.52025285775131
Fra_307,6,18.52025285775131
Fra_307,7,16.874368852565045
Fra_307,8,17.27451886298212
Fra_307,9,12.114318438970777
Fra_307,10,12.114318438970777
Fra_307,11,12.11431843897078
Fra_307,12,12.11431843897078
Fra_307,13,12.11431843897078
Fra_307,14,18.52025285775131
Fra_307,15,22.155299432911157
Fra_307,16,46.2684835946158
Fra_307,17,26.50251437730434
Fra_307,18,27.883210039178667
Fra_307,19,30.619749092116674
Fra_307,20,59.110117159404886
Fra_307,21,37.61819226165385
Fra_307,22,52.283023645595044
Fra_307,23,88.27208658782713
Fra_307,24,82.88277747816076
Fra_307,25,63.09525161381716
Fra_307,26,58.147354390730584
Fra_307,27,47.947039006091515
Fra_307,28,48.67622441536257
Fra_307,29,362.809208875941
Fra_307,30,33.28046487968
Fra_307,31,33.28046487968
Fra_307,32,27.51769062434642
Fra_307,33,35.273434072761795
Fra_307,34,30.256508276473504
Fra_307,35,30.256508276473504
Fra_307,36,30.997293536609238
Fra_307,37,43.17720977316707
Fra_307,38,43.177209773167085
Fra_307,39,38.81001422077889
Fra_307,40,87.1190718553142
Fra_307,41,29.032819727602458
Fra_307,42,30.256508276473504
Fra_307,43,30.256508276473504
Fra_307,44,30.2565082764735
Fra_307,45,74.12888645282536
Fra_307,46,36.63524622807278
Fra_307,47,30.256508276473504
Fra_307,48,30.256508276473504
Fra_307,49,27.76241018321517
Fra_307,50,29.032819727602458
Fra_307,51,33.44406432123152
Fra_307,52,29.032819727602458
Fra_307,53,31.232097034298206
Fra_307,54,31.232097034298206
Fra_307,55,33.44406432123152
Fra_307,56,31.98462860210974
Fra_307,57,27.773261271935603
Fra_307,58,28.533015003625152
Fra_307,59,28.75163109177779
Fra_307,60,31.232097034298206
Fra_307,61,31.274949392647663
Fra_307,62,31.427634127528247
Fra_307,63,29.547222468553084
Fra_307,64,31.79702718582637
Fra_307,65,47.26569915265638
Fra_307,66,83.5508874944701
Fra_307,67,48.2262493671483
Fra_307,68,33.44406432123152
Fra_307,69,48.2262493671483
Fra_307,70,34.269585616655846
Fra_307,71,31.232097034298206
Fra_307,72,28.75163109177779
Fra_307,73,27.964101050402483
Fra_307,74,28.75163109177779
Fra_307,75,28.232242583542032
Fra_307,76,29.538247110326495
Fra_307,77,31.675075843623823
Fra_307,78,34.48576880385786
Fra_307,79,38.51647254804048
Fra_307,80,83.5508874944701
Fra_307,81,31.220016036217157
Fra_307,82,34.47364939970019
Fra_307,83,53.98692743099646
Fra_307,84,103.46524983282097
Fra_307,85,272.7823809720644
Fra_307,86,62.69589009289528
Fra_307,87,73.55317711655096
Fra_307,88,75.20223004582945
Fra_307,89,95.38837960802297
Fra_307,90,61.370529122609305
Fra_307,91,46.90532096018135
Fra_307,92,31.959792719186023
Fra_307,93,49.22069927539702
Fra_307,94,31.407346720385082
Fra_307,95,30.619749092116674
Fra_307,96,30.127427883807766
Fra_308,1,70.34541913511141
Fra_308,2,10.068507928720502
Fra_308,3,10.076133356304684
Fra_308,4,23.456290002037676
Fra_308,5,9.077106928128167
Fra_308,6,9.077106928128167
Fra_308,7,9.19595360743184
Fra_308,8,15.465674838049129
Fra_308,9,10.993255996586425
Fra_308,10,10.993255996586425
Fra_308,11,10.993255996586429
Fra_308,12,10.993255996586429
Fra_308,13,10.993255996586429
Fra_308,14,9.077106928128167
Fra_308,15,19.64379350962471
Fra_308,16,40.28552151474656
Fra_308,17,23.365161366320972
Fra_308,18,24.54708508569121
Fra_308,19,26.88965811243605
Fra_308,20,30.509207164849425
Fra_308,21,25.445736538708676
Fra_308,22,23.441826911863238
Fra_308,23,29.710229281606566
Fra_308,24,19.23832224295139
Fra_308,25,20.105513712560068
Fra_308,26,23.85245564614695
Fra_308,27,24.034327509617803
Fra_308,28,20.011837757289854
Fra_308,29,147.01679562934982
Fra_308,30,13.651808238900696
Fra_308,31,13.651808238900696
Fra_308,32,12.845544760093475
Fra_308,33,14.50683534876729
Fra_308,34,13.228729759224553
Fra_308,35,13.22872975922455
Fra_308,36,11.436669675340195
Fra_308,37,19.311708820587818
Fra_308,38,19.311708820587825
Fra_308,39,16.011011724167055
Fra_308,40,35.60071553221924
Fra_308,41,7.755355047391021
Fra_308,42,13.228729759224553
Fra_308,43,13.228729759224557
Fra_308,44,13.228729759224553
Fra_308,45,30.333092918431795
Fra_308,46,15.091082368429557
Fra_308,47,13.22872975922455
Fra_308,48,13.22872975922455
Fra_308,49,7.415998513483615
Fra_308,50,7.755355047391021
Fra_308,51,8.933703149485705
Fra_308,52,7.755355047391021
Fra_308,53,8.342834201022093
Fra_308,54,8.342834201022093
Fra_308,55,8.933703149485705
Fra_308,56,8.54385323904545
Fra_308,57,7.895159355011369
Fra_308,58,8.228671760169657
Fra_308,59,7.781874992996098
Fra_308,60,8.342834201022093
Fra_308,61,7.824467905950719
Fra_308,62,8.320015454362604
Fra_308,63,7.739529605773189
Fra_308,64,8.35901326577256
Fra_308,65,12.238436632545646
Fra_308,66,19.169157711843155
Fra_308,67,12.515039657209208
Fra_308,68,8.933703149485705
Fra_308,69,12.515039657209208
Fra_308,70,19.948676744246043
Fra_308,71,8.342834201022093
Fra_308,72,7.781874992996098
Fra_308,73,8.395181595596881
Fra_308,74,7.781874992996098
Fra_308,75,23.789400710850956
Fra_308,76,22.95857117888571
Fra_308,77,26.3078653361591
Fra_308,78,25.015677510174104
Fra_308,79,23.038670960026174
Fra_308,80,19.169157711843155
Fra_308,81,26.368681654310024
Fra_308,82,25.960325360965307
Fra_308,83,23.22169327338596
Fra_308,84,24.408562447623524
Fra_308,85,110.88865141238196
Fra_308,86,20.474504511826723
Fra_308,87,30.099638242862156
Fra_308,88,30.768342209160856
Fra_308,89,28.9744072489649
Fra_308,90,22.222931009715687
Fra_308,91,24.176675468895663
Fra_308,92,26.21894156363013
Fra_308,93,33.854596611214276
Fra_308,94,26.495450974392945
Fra_308,95,26.88965811243605
Fra_308,96,26.75721040126827
Fra_309,1,71.31407077174704
Fra_309,2,11.852627486077122
Fra_309,3,11.859007615895688
Fra_309,4,23.73294835816435
Fra_309,5,10.062101652966758
Fra_309,6,10.062101652966758
Fra_309,7,9.99405046176601
Fra_309,8,15.624407096957826
Fra_309,9,11.081284312218049
Fra_309,10,11.081284312218049
Fra_309,11,11.081284312218052
Fra_309,12,11.081284312218052
Fra_309,13,11.081284312218052
Fra_309,14,10.062101652966756
Fra_309,15,19.86418675689798
Fra_309,16,40.81054693032262
Fra_309,17,23.64047483921471
Fra_309,18,24.839841477380848
Fra_309,19,27.216986372351435
Fra_309,20,33.45455348471205
Fra_309,21,26.669815508820403
Fra_309,22,26.433907979553336
Fra_309,23,36.04684746004929
Fra_309,24,25.9363900606675
Fra_309,25,27.412803727276298
Fra_309,26,32.6826870967428
Fra_309,27,26.5036593047793
Fra_309,28,27.405869489686616
Fra_309,29,201.86917443662443
Fra_309,30,18.665031025589727
Fra_309,31,18.665031025589727
Fra_309,32,17.022983489639874
Fra_309,33,19.840787529632397
Fra_309,34,17.803383445950658
Fra_309,35,17.803383445950654
Fra_309,36,15.040948285217674
Fra_309,37,25.94342908074321
Fra_309,38,25.943429080743222
Fra_309,39,21.90893387534107
Fra_309,40,48.82421078202314
Fra_309,41,10.057658554924743
Fra_309,42,17.803383445950658
Fra_309,43,17.803383445950658
Fra_309,44,17.80338344595065
Fra_309,45,41.586759788419435
Fra_309,46,20.644191568415014
Fra_309,47,17.803383445950654
Fra_309,48,17.803383445950654
Fra_309,49,9.617558504628317
Fra_309,50,10.057658554924743
Fra_309,51,11.58581849051646
Fra_309,52,10.057658554924743
Fra_309,53,10.819540467390532
Fra_309,54,10.819540467390532
Fra_309,55,11.58581849051646
Fra_309,56,11.080235282150628
Fra_309,57,10.043705993490097
Fra_309,58,10.378206608147503
Fra_309,59,10.050883248629681
Fra_309,60,10.819540467390532
Fra_309,61,10.285467873372895
Fra_309,62,10.774432758523435
Fra_309,63,10.005457939620062
Fra_309,64,10.812671331939214
Fra_309,65,15.791541116281735
Fra_309,66,25.930913822107733
Fra_309,67,16.355265616185875
Fra_309,68,11.58581849051646
Fra_309,69,16.355265616185875
Fra_309,70,21.49825415976791
Fra_309,71,10.819540467390532
Fra_309,72,10.050883248629681
Fra_309,73,10.452569703572921
Fra_309,74,10.050883248629681
Fra_309,75,24.270133287811937
Fra_309,76,23.670517418866062
Fra_309,77,26.77054263739492
Fra_309,78,25.927272827948055
Fra_309,79,24.572636532536407
Fra_309,80,25.930913822107733
Fra_309,81,26.77717733569449
Fra_309,82,26.72985517404836
Fra_309,83,26.40791232349924
Fra_309,84,33.06956930981712
Fra_309,85,152.26608319635588
Fra_309,86,27.93101613648055
Fra_309,87,41.26600469688336
Fra_309,88,42.184770626061315
Fra_309,89,36.001133392988045
Fra_309,90,26.29026964822373
Fra_309,91,26.52041702424907
Fra_309,92,26.760840016414214
Fra_309,93,35.27331301131148
Fra_309,94,26.94889078141525
Fra_309,95,27.216986372351435
Fra_309,96,27.052958529157237
Fra_310,1,71.31407077174704
Fra_310,2,11.852627486077122
Fra_310,3,11.859007615895688
Fra_310,4,23.73294835816435
Fra_310,5,10.062101652966758
Fra_310,6,10.062101652966758
Fra_310,7,9.99405046176601
Fra_310,8,15.624407096957826
Fra_310,9,11.081284312218049
Fra_310,10,11.081284312218049
Fra_310,11,11.081284312218052
Fra_310,12,11.081284312218052
Fra_310,13,11.081284312218052
Fra_310,14,10.062101652966756
Fra_310,15,19.86418675689798
Fra_310,16,40.81054693032262
Fra_310,17,23.64047483921471
Fra_310,18,24.839841477380848
Fra_310,19,27.216986372351435
Fra_310,20,33.45455348471205
Fra_310,21,26.669815508820403
Fra_310,22,26.433907979553336
Fra_310,23,36.04684746004929
Fra_310,24,25.9363900606675
Fra_310,25,27.412803727276298
Fra_310,26,32.6826870967428
Fra_310,27,26.5036593047793
Fra_310,28,27.405869489686616
Fra_310,29,201.86917443662443
Fra_310,30,18.665031025589727
Fra_310,31,18.665031025589727
Fra_310,32,17.022983489639874
Fra_310,33,19.840787529632397
Fra_310,34,17.803383445950658
Fra_310,35,17.803383445950654
Fra_310,36,15.040948285217674
Fra_310,37,25.94342908074321
Fra_310,38,25.943429080743222
Fra_310,39,21.90893387534107
Fra_310,40,48.82421078202314
Fra_310,41,10.057658554924743
Fra_310,42,17.803383445950658
Fra_310,43,17.803383445950658
Fra_310,44,17.80338344595065
Fra_310,45,41.586759788419435
Fra_310,46,20.644191568415014
Fra_310,47,17.803383445950654
Fra_310,48,17.803383445950654
Fra_310,49,9.617558504628317
Fra_310,50,10.057658554924743
Fra_310,51,11.58581849051646
Fra_310,52,10.057658554924743
Fra_310,53,10.819540467390532
Fra_310,54,10.819540467390532
Fra_310,55,11.58581849051646
Fra_310,56,11.080235282150628
Fra_310,57,10.043705993490097
Fra_310,58,10.378206608147503
Fra_310,59,10.050883248629681
Fra_310,60,10.819540467390532
Fra_310,61,10.285467873372895
Fra_310,62,10.774432758523435
Fra_310,63,10.005457939620062
Fra_310,64,10.812671331939214
Fra_310,65,15.791541116281735
Fra_310,66,25.930913822107733
Fra_310,67,16.355265616185875
Fra_310,68,11.58581849051646
Fra_310,69,16.355265616185875
Fra_310,70,21.49825415976791
Fra_310,71,10.819540467390532
Fra_310,72,10.050883248629681
Fra_310,73,10.452569703572921
Fra_310,74,10.050883248629681
Fra_310,75,24.270133287811937
Fra_310,76,23.670517418866062
Fra_310,77,26.77054263739492
Fra_310,78,25.927272827948055
Fra_310,79,24.572636532536407
Fra_310,80,25.930913822107733
Fra_310,81,26.77717733569449
Fra_310,82,26.72985517404836
Fra_310,83,26.40791232349924
Fra_310,84,33.06956930981712
Fra_310,85,152.26608319635588
Fra_310,86,27.93101613648055
Fra_310,87,41.26600469688336
Fra_310,88,42.184770626061315
Fra_310,89,36.001133392988045
Fra_310,90,26.29026964822373
Fra_310,91,26.52041702424907
Fra_310,92,26.760840016414214
Fra_310,93,35.27331301131148
Fra_310,94,26.94889078141525
Fra_310,95,27.216986372351435
Fra_310,96,27.052958529157237
Fra_311,1,76.939066988854
Fra_311,2,25.05429231172888
Fra_311,3,25.051178304424788
Fra_311,4,25.33951376081895
Fra_311,5,17.315966658924307
Fra_311,6,17.315966658924307
Fra_311,7,15.848229936233324
Fra_311,8,16.54617125047272
Fra_311,9,11.58515861509112
Fra_311,10,11.58515861509112
Fra_311,11,11.585158615091123
Fra_311,12,11.585158615091123
Fra_311,13,11.585158615091123
Fra_311,14,17.315966658924307
Fra_311,15,21.144018571866955
Fra_311,16,43.85938911961348
Fra_311,17,25.23923045472646
Fra_311,18,26.539888773545698
Fra_311,19,29.117793797992366
Fra_311,20,54.831847726366256
Fra_311,21,35.30791037685558
Fra_311,22,48.33427307482755
Fra_311,23,84.59550961497959
Fra_311,24,75.75419607316451
Fra_311,25,65.5100724126269
Fra_311,26,67.98073423564294
Fra_311,27,44.48273826421533
Fra_311,28,56.961404285581594
Fra_311,29,420.6710092071466
Fra_311,30,38.881766150062845
Fra_311,31,38.881766150062845
Fra_311,32,33.994042531451655
Fra_311,33,41.26753021855077
Fra_311,34,36.31698338116153
Fra_311,35,36.31698338116153
Fra_311,36,34.01874463289577
Fra_311,37,52.40155097067927
Fra_311,38,52.40155097067928
Fra_311,39,45.4824122568029
Fra_311,40,101.68831873638212
Fra_311,41,27.696997397467232
Fra_311,42,36.31698338116153
Fra_311,43,36.31698338116153
Fra_311,44,36.31698338116153
Fra_311,45,86.57469032722993
Fra_311,46,42.89774232591759
Fra_311,47,36.31698338116153
Fra_311,48,36.31698338116153
Fra_311,49,26.485040371771955
Fra_311,50,27.696997397467232
Fra_311,51,31.905277239923485
Fra_311,52,27.696997397467232
Fra_311,53,29.79508426644429
Fra_311,54,29.79508426644429
Fra_311,55,31.905277239923485
Fra_311,56,30.512991278947528
Fra_311,57,26.48639530857471
Fra_311,58,26.46930045987691
Fra_311,59,27.4351270404143
Fra_311,60,29.79508426644429
Fra_311,61,28.915812309002256
Fra_311,62,29.5883192723418
Fra_311,63,27.38470868878791
Fra_311,64,29.627986063337694
Fra_311,65,43.0610505618719
Fra_311,66,76.10864869651225
Fra_311,67,45.58764592301591
Fra_311,68,31.905277239923485
Fra_311,69,45.58764592301591
Fra_311,70,33.37050341174502
Fra_311,71,29.79508426644429
Fra_311,72,27.4351270404143
Fra_311,73,25.73763109712047
Fra_311,74,27.4351270404143
Fra_311,75,27.953316147897652
Fra_311,76,29.125167912857723
Fra_311,77,29.71785883000485
Fra_311,78,32.2419043009487
Fra_311,79,35.587955464831545
Fra_311,80,76.10864869651225
Fra_311,81,29.340557557230525
Fra_311,82,31.961270572012495
Fra_311,83,49.765011456894975
Fra_311,84,95.22276249898512
Fra_311,85,317.70111426326486
Fra_311,86,65.8046730192478
Fra_311,87,85.90487256015913
Fra_311,88,87.82348822482578
Fra_311,89,87.2358013031371
Fra_311,90,56.257251510669704
Fra_311,91,43.55740903677476
Fra_311,92,30.281711111384347
Fra_311,93,45.16455138842257
Fra_311,94,29.801874895809206
Fra_311,95,29.117793797992366
Fra_311,96,28.770378949123632
Fra_312,1,71.05194233912049
Fra_312,2,11.150650489221649
Fra_312,3,11.1575421533137
Fra_312,4,23.65808137965347
Fra_312,5,9.677219519391262
Fra_312,6,9.677219519391262
Fra_312,7,9.683995229724339
Fra_312,8,15.581452296014604
Fra_312,9,11.057747530783178
Fra_312,10,11.057747530783178
Fra_312,11,11.057747530783182
Fra_312,12,11.057747530783182
Fra_312,13,11.057747530783182
Fra_312,14,9.677219519391262
Fra_312,15,19.8045457732004
Fra_312,16,40.66846892821233
Fra_312,17,23.565971801795328
Fra_312,18,24.760618182655875
Fra_312,19,27.128407526788326
Fra_312,20,32.32784307295964
Fra_312,21,26.22055385045075
Fra_312,22,25.275135791466152
Fra_312,23,33.42555135914121
Fra_312,24,23.281293430247565
Fra_312,25,24.549738064803
Fra_312,26,29.240212478815394
Fra_312,27,25.55466973729491
Fra_312,28,24.52194855989422
Fra_312,29,180.5249622814757
Fra_312,30,16.70677082884422
Fra_312,31,16.70677082884422
Fra_312,32,15.340128846339887
Fra_312,33,17.757897090506493
Fra_312,34,15.98963948478917
Fra_312,35,15.98963948478917
Fra_312,36,13.575941515088857
Fra_312,37,23.309502859246358
Fra_312,38,23.309502859246365
Fra_312,39,19.60686623089395
Fra_312,40,43.67314809872924
Fra_312,41,9.105254758853143
Fra_312,42,15.98963948478917
Fra_312,43,15.98963948478917
Fra_312,44,15.989639484789166
Fra_312,45,37.2017847826242
Fra_312,46,18.476140264995703
Fra_312,47,15.98963948478917
Fra_312,48,15.98963948478917
Fra_312,49,8.706829712362488
Fra_312,50,9.105254758853143
Fra_312,51,10.488706528452344
Fra_312,52,9.105254758853143
Fra_312,53,9.794990731821375
Fra_312,54,9.794990731821375
Fra_312,55,10.488706528452344
Fra_312,56,10.03099921130395
Fra_312,57,9.156344225088986
Fra_312,58,9.518142421806825
Fra_312,59,9.112252842642008
Fra_312,60,9.794990731821375
Fra_312,61,9.283625961218206
Fra_312,62,9.757291147079023
Fra_312,63,9.064401498618793
Fra_312,64,9.794402819596584
Fra_312,65,14.312359776449227
Fra_312,66,23.259346971625412
Fra_312,67,14.781312776219348
Fra_312,68,10.488706528452344
Fra_312,69,14.781312776219348
Fra_312,70,20.857233804275868
Fra_312,71,9.794990731821375
Fra_312,72,9.112252842642008
Fra_312,73,9.638341457765222
Fra_312,74,9.112252842642008
Fra_312,75,24.07126657467237
Fra_312,76,23.376003555104226
Fra_312,77,26.624225775123413
Fra_312,78,25.60114406310614
Fra_312,79,23.993816870861004
Fra_312,80,23.259346971625412
Fra_312,81,26.650814852664965
Fra_312,82,26.46116755166766
Fra_312,83,25.170956146310047
Fra_312,84,29.653014424362567
Fra_312,85,136.1656484393795
Fra_312,86,25.011105125172683
Fra_312,87,36.914981772192085
Fra_312,88,37.73649588474691
Fra_312,89,33.24234862422356
Fra_312,90,24.69949383199446
Fra_312,91,25.6218276218412
Fra_312,92,26.58534175508751
Fra_312,93,34.7590489065716
Fra_312,94,26.80922589333605
Fra_312,95,27.128407526788326
Fra_312,96,26.97292563571679
Fra_313,1,71.15923250719908
Fra_313,2,11.437972353642337
Fra_313,3,11.444654644803606
Fra_313,4,23.688724719742456
Fra_313,5,9.834753245847388
Fra_313,6,9.834753245847388
Fra_313,7,9.810902019751168
Fra_313,8,15.599033860009023
Fra_313,9,11.06738122526978
Fra_313,10,11.06738122526978
Fra_313,11,11.067381225269784
Fra_313,12,11.067381225269784
Fra_313,13,11.067381225269784
Fra_313,14,9.834753245847388
Fra_313,15,19.828957055491177
Fra_313,16,40.72662199682049
Fra_313,17,23.596466179406317
Fra_313,18,24.79304457960035
Fra_313,19,27.164663186403143
Fra_313,20,32.789009945402825
Fra_313,21,26.404438362156583
Fra_313,22,25.749425671350345
Fra_313,23,34.49845785933335
Fra_313,24,24.3680346161933
Fra_313,25,25.721601769433825
Fra_313,26,30.6492304806509
Fra_313,27,25.943094789777838
Fra_313,28,25.702348405048102
Fra_313,29,189.26122979234773
Fra_313,30,17.508294202501972
Fra_313,31,17.508294202501972
Fra_313,32,16.02892767568602
Fra_313,33,18.61043209811286
Fra_313,34,16.73201181157066
Fra_313,35,16.732011811570658
Fra_313,36,14.17557437837057
Fra_313,37,24.38757891600755
Fra_313,38,24.387578916007556
Fra_313,39,20.54911130528812
Fra_313,40,45.78149771779309
Fra_313,41,9.49507726812972
Fra_313,42,16.73201181157066
Fra_313,43,16.732011811570658
Fra_313,44,16.732011811570654
Fra_313,45,38.996571790954874
Fra_313,46,19.363531939435976
Fra_313,47,16.732011811570658
Fra_313,48,16.732011811570658
Fra_313,49,9.07959448349828
Fra_313,50,9.49507726812972
Fra_313,51,10.937758642454028
Fra_313,52,9.49507726812972
Fra_313,53,10.214342849531956
Fra_313,54,10.214342849531956
Fra_313,55,10.937758642454028
Fra_313,56,10.460455540277042
Fra_313,57,9.519544784159642
Fra_313,58,9.870169976338989
Fra_313,59,9.496437850781032
Fra_313,60,10.214342849531956
Fra_313,61,9.693683680124256
Fra_313,62,10.173611091306828
Fra_313,63,9.449579492149613
Fra_313,64,10.211184008663668
Fra_313,65,14.917794345218251
Fra_313,66,24.352829481513297
Fra_313,67,15.425537681757856
Fra_313,68,10.937758642454028
Fra_313,69,15.425537681757856
Fra_313,70,21.11960588270098
Fra_313,71,10.214342849531956
Fra_313,72,9.496437850781032
Fra_313,73,9.971608186870904
Fra_313,74,9.496437850781032
Fra_313,75,24.152663479480406
Fra_313,76,23.496549203769142
Fra_313,77,26.684113825376272
Fra_313,78,25.73462981146448
Fra_313,79,24.230729967872595
Fra_313,80,24.352829481513297
Fra_313,81,26.70253549932362
Fra_313,82,26.57114242115056
Fra_313,83,25.677247031379967
Fra_313,84,31.051423380755352
Fra_313,85,142.7556178444745
Fra_313,86,26.206235848073277
Fra_313,87,38.695872064124
Fra_313,88,39.55719171645525
Fra_313,89,34.37152976099521
Fra_313,90,25.350604445934472
Fra_313,91,25.98962369436928
Fra_313,92,26.657173863365777
Fra_313,93,34.96953916770606
Fra_313,94,26.86639126515988
Fra_313,95,27.164663186403143
Fra_313,96,27.005683404505934
Fra_314,1,76.64322873324694
Fra_314,2,24.80058204284926
Fra_314,3,24.797616477630424
Fra_314,4,25.255018858441144
Fra_314,5,17.17234531529383
Fra_314,6,17.17234531529383
Fra_314,7,15.729472071786407
Fra_314,8,16.497692444668793
Fra_314,9,11.551168740452306
Fra_314,10,11.551168740452306
Fra_314,11,11.55116874045231
Fra_314,12,11.55116874045231
Fra_314,13,11.55116874045231
Fra_314,14,17.17234531529383
Fra_314,15,21.076707733424193
Fra_314,16,43.69903982868277
Fra_314,17,25.15514629641244
Fra_314,18,26.450477330917998
Fra_314,19,29.01782367688609
Fra_314,20,54.37027796658483
Fra_314,21,35.09084531285987
Fra_314,22,47.884223411815626
Fra_314,23,83.86459899846898
Fra_314,24,74.82785139656177
Fra_314,25,65.91053884304476
Fra_314,26,69.40935808310385
Fra_314,27,44.10157569687648
Fra_314,28,58.161205148673105
Fra_314,29,429.61311313649594
Fra_314,30,39.68627954760972
Fra_314,31,39.68627954760972
Fra_314,32,34.781716246109305
Fra_314,33,42.129542125121176
Fra_314,34,37.11266032806631
Fra_314,35,37.11266032806631
Fra_314,36,34.33228306228522
Fra_314,37,53.60163240235556
Fra_314,38,53.60163240235558
Fra_314,39,46.443844977232246
Fra_314,40,103.81690075882264
Fra_314,41,27.43143333337215
Fra_314,42,37.11266032806631
Fra_314,43,37.11266032806631
Fra_314,44,37.11266032806631
Fra_314,45,88.38942880628755
Fra_314,46,43.79904343413362
Fra_314,47,37.11266032806631
Fra_314,48,37.11266032806631
Fra_314,49,26.23109678150057
Fra_314,50,27.43143333337215
Fra_314,51,31.599363390551165
Fra_314,52,27.43143333337215
Fra_314,53,29.509403347523605
Fra_314,54,29.509403347523605
Fra_314,55,31.599363390551165
Fra_314,56,30.22042693143179
Fra_314,57,26.236657850532573
Fra_314,58,26.182639810243405
Fra_314,59,27.173403487520606
Fra_314,60,29.509403347523605
Fra_314,61,28.583040842896672
Fra_314,62,29.280884612488606
Fra_314,63,27.073675896490595
Fra_314,64,29.30129758833888
Fra_314,65,42.525666131212496
Fra_314,66,75.16183705034507
Fra_314,67,45.12522380459546
Fra_314,68,31.599363390551165
Fra_314,69,45.12522380459546
Fra_314,70,33.191764129652384
Fra_314,71,29.509403347523605
Fra_314,72,27.173403487520606
Fra_314,73,25.45134664830712
Fra_314,74,27.173403487520606
Fra_314,75,27.897865032758876
Fra_314,76,29.043046969077842
Fra_314,77,29.58017863750336
Fra_314,78,32.05258345056066
Fra_314,79,35.30961464513641
Fra_314,80,75.16183705034507
Fra_314,81,29.21109894539421
Fra_314,82,31.767834967769822
Fra_314,83,49.283952614354135
Fra_314,84,94.19134251654546
Fra_314,85,324.3153313250812
Fra_314,86,66.30140361928646
Fra_314,87,87.7057018722221
Fra_314,88,89.66415873995976
Fra_314,89,86.26737405771176
Fra_314,90,55.65572785065048
Fra_314,91,43.1927965582068
Fra_314,92,30.154542747457008
Fra_314,93,44.83568667451663
Fra_314,94,29.685919271614654
Fra_314,95,29.01782367688609
Fra_314,96,28.680053793056572
Fra_315,1,76.93573742337587
Fra_315,2,25.044303264714202
Fra_315,3,25.041196609046708
Fra_315,4,25.338562797565537
Fra_315,5,17.310498827337312
Fra_315,6,17.310498827337312
Fra_315,7,15.843831225093286
Fra_315,8,16.54562563693165
Fra_315,9,11.58512085467107
Fra_315,10,11.58512085467107
Fra_315,11,11.585120854671073
Fra_315,12,11.585120854671073
Fra_315,13,11.585120854671073
Fra_315,14,17.310498827337312
Fra_315,15,21.143261009787892
Fra_315,16,43.85758443934172
Fra_315,17,25.238284114266854
Fra_315,18,26.538882476195436
Fra_315,19,29.116668666073924
Fra_315,20,54.81592301558624
Fra_315,21,35.301626357314916
Fra_315,22,48.317846109276566
Fra_315,23,84.55777776068676
Fra_315,24,75.71634812076617
Fra_315,25,65.49617967949419
Fra_315,26,67.98207186924922
Fra_315,27,44.469310286988765
Fra_315,28,56.962532698119496
Fra_315,29,420.67590450980265
Fra_315,30,38.88224271008041
Fra_315,31,38.88224271008041
Fra_315,32,33.99445161312998
Fra_315,33,41.268175749183754
Fra_315,34,36.31742453261363
Fra_315,35,36.31742453261363
Fra_315,36,34.01180706563811
Fra_315,37,52.40285538565562
Fra_315,38,52.402855385655634
Fra_315,39,45.483322720791556
Fra_315,40,101.69029636687334
Fra_315,41,27.68328816360813
Fra_315,42,36.31742453261363
Fra_315,43,36.31742453261363
Fra_315,44,36.31742453261363
Fra_315,45,86.57638099930378
Fra_315,46,42.89850331555454
Fra_315,47,36.31742453261363
Fra_315,48,36.31742453261363
Fra_315,49,26.471931022516006
Fra_315,50,27.68328816360813
Fra_315,51,31.88948502603312
Fra_315,52,27.68328816360813
Fra_315,53,29.780336538659988
Fra_315,54,29.780336538659988
Fra_315,55,31.88948502603312
Fra_315,56,30.497888207405836
Fra_315,57,26.473626911679823
Fra_315,58,26.457013685114745
Fra_315,59,27.42161606555676
Fra_315,60,29.780336538659988
Fra_315,61,28.902500313348312
Fra_315,62,29.574704889268627
Fra_315,63,27.373259057011566
Fra_315,64,29.615171830460888
Fra_315,65,43.04505773564398
Fra_315,66,76.07059528012974
Fra_315,67,45.56503679060943
Fra_315,68,31.88948502603312
Fra_315,69,45.56503679060943
Fra_315,70,33.36127634020443
Fra_315,71,29.780336538659988
Fra_315,72,27.42161606555676
Fra_315,73,25.726028804557547
Fra_315,74,27.42161606555676
Fra_315,75,27.95045359076751
Fra_315,76,29.120928577137185
Fra_315,77,29.716840189619845
Fra_315,78,32.23800837578108
Fra_315,79,35.58085837638063
Fra_315,80,76.07059528012974
Fra_315,81,29.339868301942257
Fra_315,82,31.95905720805143
Fra_315,83,49.747689582106936
Fra_315,84,95.17758754765586
Fra_315,85,317.70719327088796
Fra_315,86,65.79218705020742
Fra_315,87,85.90655051458232
Fra_315,88,87.82520260749106
Fra_315,89,87.19858907171711
Fra_315,90,56.23505023670434
Fra_315,91,43.54470156492743
Fra_315,92,30.279340729822977
Fra_315,93,45.16003628591975
Fra_315,94,29.800017880506104
Fra_315,95,29.116668666073924
Fra_315,96,28.76936236821921
Fra_316,1,75.98614836692343
Fra_316,2,25.620065583934323
Fra_316,3,25.616328351419636
Fra_316,4,25.06734893964395
Fra_316,5,17.600025271393356
Fra_316,6,17.600025271393356
Fra_316,7,16.05935620576828
Fra_316,8,16.390017149561313
Fra_316,9,11.4981635271401
Fra_316,10,11.4981635271401
Fra_316,11,11.498163527140104
Fra_316,12,11.498163527140104
Fra_316,13,11.498163527140104
Fra_316,14,17.600025271393356
Fra_316,15,20.927204991492605
Fra_316,16,43.342891261594104
Fra_316,17,24.9683886729482
Fra_316,18,26.251887384006736
Fra_316,19,28.795782062750927
Fra_316,20,55.4252979346424
Fra_316,21,35.353385093632326
Fra_316,22,49.08733875453098
Fra_316,23,87.96145442707038
Fra_316,24,78.08671382274184
Fra_316,25,75.23579596213511
Fra_316,26,84.56018987368108
Fra_316,27,45.026588886072176
Fra_316,28,70.86760268276652
Fra_316,29,523.4525932305272
Fra_316,30,48.274787462880425
Fra_316,31,48.274787462880425
Fra_316,32,42.617836069514524
Fra_316,33,51.2902740970725
Fra_316,34,45.30636031962479
Fra_316,35,45.30636031962479
Fra_316,36,39.61252908667488
Fra_316,37,65.69156987669258
Fra_316,38,65.6915698766926
Fra_316,39,56.60384073624358
Fra_316,40,126.44513586070292
Fra_316,41,28.91995676298577
Fra_316,42,45.30636031962479
Fra_316,43,45.30636031962479
Fra_316,44,45.30636031962479
Fra_316,45,107.66498537049569
Fra_316,46,53.350780785723565
Fra_316,47,45.30636031962479
Fra_316,48,45.30636031962479
Fra_316,49,27.654485842845187
Fra_316,50,28.91995676298577
Fra_316,51,33.31405296568494
Fra_316,52,28.91995676298577
Fra_316,53,31.110684539901882
Fra_316,54,31.110684539901882
Fra_316,55,33.31405296568494
Fra_316,56,31.860290696247784
Fra_316,57,27.612466197487617
Fra_316,58,27.302502384599855
Fra_316,59,28.640400318931132
Fra_316,60,31.110684539901882
Fra_316,61,30.062061822192508
Fra_316,62,30.92167596637363
Fra_316,63,28.648773170111436
Fra_316,64,30.984472295434067
Fra_316,65,45.101172797213906
Fra_316,66,78.37041620238966
Fra_316,67,47.47239930442596
Fra_316,68,33.31405296568494
Fra_316,69,47.47239930442596
Fra_316,70,34.193622608109585
Fra_316,71,31.110684539901882
Fra_316,72,28.640400318931132
Fra_316,73,26.44016511419494
Fra_316,74,28.640400318931132
Fra_316,75,28.20867622765277
Fra_316,76,29.50334625427995
Fra_316,77,29.495754364355133
Fra_316,78,32.19274429837417
Fra_316,79,35.823146804247024
Fra_316,80,78.37041620238966
Fra_316,81,29.116217621778453
Fra_316,82,31.859373254196026
Fra_316,83,50.60094347419188
Fra_316,84,99.03857003462491
Fra_316,85,394.8620042646275
Fra_316,86,76.17903481982489
Fra_316,87,106.83267177073917
Fra_316,88,109.21673798831861
Fra_316,89,89.72959728362729
Fra_316,90,57.44997134351933
Fra_316,91,44.050995850210946
Fra_316,92,30.054163092607304
Fra_316,93,45.175886817211726
Fra_316,94,29.535383292555924
Fra_316,95,28.795782062750927
Fra_316,96,28.479434415704635
Fra_317,1,74.16775612859604
Fra_317,2,22.804548597635076
Fra_317,3,22.802724064610903
Fra_317,4,24.547994624405856
Fra_317,5,16.039098719463226
Fra_317,6,16.039098719463226
Fra_317,7,14.79023086776082
Fra_317,8,16.092038498976198
Fra_317,9,11.339820216356598
Fra_317,10,11.339820216356598
Fra_317,11,11.339820216356602
Fra_317,12,11.339820216356602
Fra_317,13,11.339820216356602
Fra_317,14,16.039098719463226
Fra_317,15,20.51347382637175
Fra_317,16,42.357292203583896
Fra_317,17,24.451559027198837
Fra_317,18,25.70231318185277
Fra_317,19,28.181308143847875
Fra_317,20,50.698935460181715
Fra_317,21,33.342861962126875
Fra_317,22,44.32052051830618
Fra_317,23,78.27357803540085
Fra_317,24,67.56443524428613
Fra_317,25,82.50527123908797
Fra_317,26,105.82087681496608
Fra_317,27,41.07473080336739
Fra_317,28,88.6961626548757
Fra_317,29,654.9388593758887
Fra_317,30,60.20347760916633
Fra_317,31,60.20347760916633
Fra_317,32,53.32175559354633
Fra_317,33,64.06973807915526
Fra_317,34,56.59236466103975
Fra_317,35,56.59236466103974
Fra_317,36,43.91980166639866
Fra_317,37,82.5876456023892
Fra_317,38,82.58764560238922
Fra_317,39,70.85710544997767
Fra_317,40,158.20452919838863
Fra_317,41,25.400030018310837
Fra_317,42,56.59236466103975
Fra_317,43,56.59236466103974
Fra_317,44,56.592364661039745
Fra_317,45,134.7170242773556
Fra_317,46,66.71158549049815
Fra_317,47,56.59236466103974
Fra_317,48,56.59236466103974
Fra_317,49,24.28858301227625
Fra_317,50,25.400030018310837
Fra_317,51,29.259308798241545
Fra_317,52,25.400030018310837
Fra_317,53,27.32411834775244
Fra_317,54,27.32411834775244
Fra_317,55,29.259308798241545
Fra_317,56,27.982487896128305
Fra_317,57,24.32411535248155
Fra_317,58,23.945173451222047
Fra_317,59,25.171377743602463
Fra_317,60,27.32411834775244
Fra_317,61,26.290954505440315
Fra_317,62,27.20380391214
Fra_317,63,25.25513834022094
Fra_317,64,27.29528629397766
Fra_317,65,39.84759710349763
Fra_317,66,67.72671757079522
Fra_317,67,41.56551259919073
Fra_317,68,29.259308798241545
Fra_317,69,41.56551259919073
Fra_317,70,31.82451750533252
Fra_317,71,27.32411834775244
Fra_317,72,25.171377743602463
Fra_317,73,23.204924723602073
Fra_317,74,25.171377743602463
Fra_317,75,27.47369778143821
Fra_317,76,28.41487177527345
Fra_317,77,28.706195865222654
Fra_317,78,30.693489149784103
Fra_317,79,33.373070221491794
Fra_317,80,67.72671757079522
Fra_317,81,28.41694757434013
Fra_317,82,30.605708346271335
Fra_317,83,45.538680151307545
Fra_317,84,87.83080748335891
Fra_317,85,493.9016537135973
Fra_317,86,84.76040095867536
Fra_317,87,133.67608641158515
Fra_317,88,136.65773275391155
Fra_317,89,79.45048725829038
Fra_317,90,51.01983890942939
Fra_317,91,40.29493151891501
Fra_317,92,29.107151606829266
Fra_317,93,42.90767495171728
Fra_317,94,28.725463648088198
Fra_317,95,28.181308143847875
Fra_317,96,27.924244004711248
Fra_318,1,82.40668843243664
Fra_318,2,26.91328965371552
Fra_318,3,26.909685903616904
Fra_318,4,26.901131068108466
Fra_318,5,18.4424255988546
Fra_318,6,18.4424255988546
Fra_318,7,16.82829142830221
Fra_318,8,17.442146511106042
Fra_318,9,12.34740147648807
Fra_318,10,12.34740147648807
Fra_318,11,12.347401476488074
Fra_318,12,12.347401476488074
Fra_318,13,12.347401476488074
Fra_318,14,18.4424255988546
Fra_318,15,22.388043564172225
Fra_318,16,46.822931545041065
Fra_318,17,26.793256475194802
Fra_318,18,28.19237256070749
Fra_318,19,30.965420896646798
Fra_318,20,59.105761445520514
Fra_318,21,37.795865926229894
Fra_318,22,52.14458578106499
Fra_318,23,86.39865876771631
Fra_318,24,81.99585587490463
Fra_318,25,64.28264209251914
Fra_318,26,60.967644950058755
Fra_318,27,47.902066569065454
Fra_318,28,51.02725039850001
Fra_318,29,381.6986977192651
Fra_318,30,34.83051121166783
Fra_318,31,34.83051121166783
Fra_318,32,28.389255872394983
Fra_318,33,36.93752290558027
Fra_318,34,31.450528628087397
Fra_318,35,31.450528628087397
Fra_318,36,31.141838876804844
Fra_318,37,44.91579504572828
Fra_318,38,44.915795045728295
Fra_318,39,40.67220065070451
Fra_318,40,91.37481950929671
Fra_318,41,28.352141277380234
Fra_318,42,31.450528628087397
Fra_318,43,31.450528628087394
Fra_318,44,31.450528628087394
Fra_318,45,77.74101144896326
Fra_318,46,38.37726123475904
Fra_318,47,31.450528628087397
Fra_318,48,31.450528628087397
Fra_318,49,27.11151665942911
Fra_318,50,28.352141277380234
Fra_318,51,32.65996363501174
Fra_318,52,28.352141277380234
Fra_318,53,30.499856225242908
Fra_318,54,30.499856225242908
Fra_318,55,32.65996363501174
Fra_318,56,31.234744586981893
Fra_318,57,27.151616087182905
Fra_318,58,28.172854391675184
Fra_318,59,28.080796417751444
Fra_318,60,30.499856225242908
Fra_318,61,31.259618347326807
Fra_318,62,31.23102425786377
Fra_318,63,29.95745790869985
Fra_318,64,32.02130016594631
Fra_318,65,48.945694378265
Fra_318,66,82.73844718188106
Fra_318,67,47.22929891218781
Fra_318,68,32.65996363501174
Fra_318,69,47.22929891218781
Fra_318,70,33.81145142616127
Fra_318,71,30.499856225242908
Fra_318,72,28.080796417751444
Fra_318,73,27.704097758760298
Fra_318,74,28.080796417751444
Fra_318,75,28.09011349222702
Fra_318,76,29.327759456684994
Fra_318,77,32.46313429032992
Fra_318,78,35.033935257101966
Fra_318,79,39.14832083954401
Fra_318,80,82.73844718188106
Fra_318,81,32.02732106238795
Fra_318,82,35.50617569627878
Fra_318,83,53.92950480160613
Fra_318,84,102.7137463078064
Fra_318,85,286.2371591845368
Fra_318,86,64.03680527223386
Fra_318,87,77.13677753342553
Fra_318,88,78.86753582689884
Fra_318,89,95.25711701191553
Fra_318,90,61.24839123650496
Fra_318,91,46.8828035433167
Fra_318,92,32.25943746442661
Fra_318,93,50.89177439062496
Fra_318,94,31.72596656779953
Fra_318,95,30.965420896646798
Fra_318,96,30.439749799062536
Bel_1,1,78.45673056184701
Bel_1,2,25.722475349896815
Bel_1,3,25.719104215741964
Bel_1,4,25.7729764148603
Bel_1,5,17.710800362433115
Bel_1,6,17.710800362433115
Bel_1,7,16.185590388720644
Bel_1,8,16.794869707269157
Bel_1,9,16.84559288812358
Bel_1,10,16.84559288812358
Bel_1,11,16.845592888123583
Bel_1,12,16.845592888123583
Bel_1,13,16.845592888123583
Bel_1,14,17.710800362433115
Bel_1,15,21.489326204115446
Bel_1,16,44.6819882026882
Bel_1,17,25.67058597322459
Bel_1,18,26.998573500463017
Bel_1,19,29.6306450209668
Bel_1,20,56.24706248183115
Bel_1,21,36.08043684369067
Bel_1,22,49.634284772915215
Bel_1,23,85.72543605050924
Bel_1,24,78.07168824434139
Bel_1,25,64.85618807703051
Bel_1,26,65.02664560013612
Bel_1,27,45.626787183025435
Bel_1,28,54.47048182726573
Bel_1,29,395.73698600248105
Bel_1,30,37.195407246626594
Bel_1,31,37.195407246626594
Bel_1,32,31.974067464195493
Bel_1,33,39.463002677768934
Bel_1,34,34.45556282220651
Bel_1,35,34.45556282220651
Bel_1,36,33.07316034590509
Bel_1,37,49.560846159508095
Bel_1,38,49.5608461595081
Bel_1,39,43.47397656311515
Bel_1,40,97.31742770669149
Bel_1,41,28.107537140042396
Bel_1,42,34.45556282220651
Bel_1,43,34.45556282220651
Bel_1,44,34.45556282220651
Bel_1,45,82.83905765947922
Bel_1,46,41.012469188428916
Bel_1,47,34.45556282220651
Bel_1,48,34.45556282220651
Bel_1,49,26.87761583763507
Bel_1,50,28.107537140042396
Bel_1,51,32.37819436219846
Bel_1,52,28.107537140042396
Bel_1,53,30.236722977284117
Bel_1,54,30.236722977284117
Bel_1,55,32.37819436219846
Bel_1,56,30.96527119236525
Bel_1,57,26.88346177109184
Bel_1,58,27.135441234967296
Bel_1,59,27.83972967517578
Bel_1,60,30.236722977284117
Bel_1,61,50.34036142237832
Bel_1,62,50.35467450289896
Bel_1,63,69.29447099722559
Bel_1,64,66.55822960134213
Bel_1,65,148.61456748901028
Bel_1,66,78.53334679305101
Bel_1,67,46.414605163686424
Bel_1,68,32.37819436219846
Bel_1,69,46.414605163686424
Bel_1,70,33.64681933238144
Bel_1,71,30.236722977284117
Bel_1,72,27.83972967517578
Bel_1,73,26.46223813585508
Bel_1,74,27.83972967517578
Bel_1,75,28.03903891544209
Bel_1,76,29.252119995905186
Bel_1,77,48.82398226060039
Bel_1,78,45.41837945038823
Bel_1,79,57.21570630204653
Bel_1,80,78.53334679305101
Bel_1,81,49.39896298649613
Bel_1,82,62.046045569183526
Bel_1,83,55.52829067890119
Bel_1,84,97.92671334789536
Bel_1,85,304.2507400724442
Bel_1,86,64.93572019865204
Bel_1,87,82.19739377617402
Bel_1,88,84.03536589110311
Bel_1,89,107.2858976667504
Bel_1,90,65.8169891245856
Bel_1,91,44.66398797928847
Bel_1,92,30.85070832424885
Bel_1,93,98.43929016043214
Bel_1,94,30.347725379091983
Bel_1,95,29.6306450209668
Bel_1,96,29.233751067129766
Bel_2,1,78.24662976285032
Bel_2,2,25.67723819302821
Bel_2,3,25.673865015242153
Bel_2,4,25.712969143439985
Bel_2,5,17.681658512102338
Bel_2,6,17.681658512102338
Bel_2,7,16.159175488461813
Bel_2,8,16.760440637868005
Bel_2,9,19.034166058334527
Bel_2,10,19.034166058334527
Bel_2,11,19.03416605833453
Bel_2,12,19.03416605833453
Bel_2,13,19.03416605833453
Bel_2,14,17.681658512102338
Bel_2,15,21.44152284985032
Bel_2,16,44.56811004966177
Bel_2,17,25.610870407337114
Bel_2,18,26.9350745608246
Bel_2,19,29.559647433865948
Bel_2,20,56.12223574411102
Bel_2,21,35.99893944773698
Bel_2,22,49.529593147299515
Bel_2,23,85.76450364090644
Bel_2,24,77.93254880212928
Bel_2,25,64.85174039784333
Bel_2,26,65.12701101960091
Bel_2,27,45.52895344898084
Bel_2,28,54.556867523858514
Bel_2,29,399.13301720842907
Bel_2,30,37.25678967317433
Bel_2,31,37.25678967317433
Bel_2,32,32.11162202994382
Bel_2,33,39.52824001098367
Bel_2,34,34.55691579646446
Bel_2,35,34.55691579646446
Bel_2,36,33.159605099648616
Bel_2,37,49.72050553496554
Bel_2,38,49.720505534965554
Bel_2,39,43.54579938445694
Bel_2,40,97.46055640596919
Bel_2,41,28.12173169112145
Bel_2,42,34.55691579646446
Bel_2,43,34.55691579646446
Bel_2,44,34.55691579646445
Bel_2,45,82.96301238559268
Bel_2,46,41.08034061090852
Bel_2,47,34.55691579646446
Bel_2,48,34.55691579646446
Bel_2,49,26.891189267743496
Bel_2,50,28.12173169112145
Bel_2,51,32.39454563237313
Bel_2,52,28.12173169112145
Bel_2,53,30.25199278575669
Bel_2,54,30.25199278575669
Bel_2,55,32.39454563237313
Bel_2,56,30.980908924032267
Bel_2,57,26.89446813082604
Bel_2,58,27.1032534415939
Bel_2,59,27.853718948735057
Bel_2,60,30.25199278575669
Bel_2,61,59.3133867286855
Bel_2,62,59.14783273274615
Bel_2,63,87.23080454254014
Bel_2,64,82.33108575533839
Bel_2,65,193.94140392834416
Bel_2,66,78.37920120535668
Bel_2,67,46.41543912545763
Bel_2,68,32.39454563237313
Bel_2,69,46.41543912545763
Bel_2,70,33.656373049214864
Bel_2,71,30.25199278575669
Bel_2,72,27.853718948735057
Bel_2,73,26.417449434089278
Bel_2,74,27.853718948735057
Bel_2,75,28.042002809253965
Bel_2,76,29.2565094073081
Bel_2,77,56.77259098664909
Bel_2,78,50.74395663772955
Bel_2,79,66.114838484588
Bel_2,80,78.37920120535668
Bel_2,81,57.77624477287879
Bel_2,82,74.68172533825887
Bel_2,83,57.32262641325362
Bel_2,84,97.74669603850666
Bel_2,85,304.6679143835658
Bel_2,86,64.94102945045199
Bel_2,87,82.32049873494219
Bel_2,88,84.16090491032791
Bel_2,89,114.65865037932329
Bel_2,90,69.12503862624521
Bel_2,91,44.56780185011347
Bel_2,92,30.77816038124632
Bel_2,93,120.8987118401017
Bel_2,94,30.275816585365867
Bel_2,95,29.559647433865948
Bel_2,96,29.169603219109746
Bel_3,1,77.58455095603239
Bel_3,2,25.39355231135793
Bel_3,3,25.39028508671597
Bel_3,4,25.52387161095994
Bel_3,5,17.513628390732656
Bel_3,6,17.513628390732656
Bel_3,7,16.015354080620423
Bel_3,8,16.651946251850347
Bel_3,9,11.980372729839782
Bel_3,10,11.980372729839782
Bel_3,11,11.980372729839786
Bel_3,12,11.980372729839786
Bel_3,13,11.980372729839786
Bel_3,14,17.513628390732656
Bel_3,15,21.29088283370146
Bel_3,16,44.209252244082656
Bel_3,17,25.422692110062474
Bel_3,18,26.734973931075597
Bel_3,19,29.335916738984476
Bel_3,20,55.5165945321189
Bel_3,21,35.6661299570079
Bel_3,22,48.97490078129177
Bel_3,23,85.30387019343252
Bel_3,24,76.95156086469382
Bel_3,25,65.11823706255082
Bel_3,26,66.35899731850233
Bel_3,27,45.03986570629189
Bel_3,28,55.59601310704262
Bel_3,29,409.64780307043367
Bel_3,30,37.96079428853142
Bel_3,31,37.96079428853142
Bel_3,32,32.96655622207676
Bel_3,33,40.28150798508934
Bel_3,34,35.340119157093945
Bel_3,35,35.340119157093945
Bel_3,36,33.56315915662815
Bel_3,37,50.916716668019674
Bel_3,38,50.91671666801969
Bel_3,39,44.38406006369726
Bel_3,40,99.2824329023402
Bel_3,41,27.95436828497297
Bel_3,42,35.340119157093945
Bel_3,43,35.340119157093945
Bel_3,44,35.340119157093945
Bel_3,45,84.52039703602435
Bel_3,46,41.867270641100234
Bel_3,47,35.340119157093945
Bel_3,48,35.340119157093945
Bel_3,49,26.73114930005353
Bel_3,50,27.95436828497297
Bel_3,51,32.201753042029985
Bel_3,52,27.95436828497297
Bel_3,53,30.071951364018712
Bel_3,54,30.071951364018712
Bel_3,55,32.201753042029985
Bel_3,56,30.796529437731326
Bel_3,57,26.732147595948636
Bel_3,58,26.822567567843556
Bel_3,59,27.68877590408468
Bel_3,60,30.071951364018712
Bel_3,61,30.618458707613893
Bel_3,62,31.188776240635445
Bel_3,63,30.345514361004504
Bel_3,64,32.28277002635862
Bel_3,65,50.30238571609738
Bel_3,66,77.35141758088363
Bel_3,67,46.07372958549988
Bel_3,68,32.201753042029985
Bel_3,69,46.07372958549988
Bel_3,70,33.54372823348841
Bel_3,71,30.071951364018712
Bel_3,72,27.68877590408468
Bel_3,73,26.11051315968563
Bel_3,74,27.68877590408468
Bel_3,75,28.007056486467484
Bel_3,76,29.204755263109558
Bel_3,77,31.16211568506529
Bel_3,78,33.3616841640444
Bel_3,79,37.33922319478837
Bel_3,80,77.35141758088363
Bel_3,81,30.833815724536056
Bel_3,82,34.170373568142004
Bel_3,83,50.72439993716175
Bel_3,84,96.59880357843691
Bel_3,85,310.2700626643632
Bel_3,86,65.29778965365809
Bel_3,87,83.86616142603629
Bel_3,88,85.74014380066801
Bel_3,89,89.66474508689743
Bel_3,90,57.588191589682175
Bel_3,91,44.094475583926005
Bel_3,92,30.530964009897055
Bel_3,93,49.03252303370434
Bel_3,94,30.03829416702225
Bel_3,95,29.335916738984476
Bel_3,96,28.96745772094959
Bel_4,1,78.73942595018353
Bel_4,2,25.80976406215026
Bel_4,3,25.806374636899946
Bel_4,4,25.853717559007244
Bel_4,5,17.764276050155836
Bel_4,6,17.764276050155836
Bel_4,7,16.232473576143967
Bel_4,8,16.84119480070479
Bel_4,9,16.512461626181466
Bel_4,10,16.512461626181466
Bel_4,11,16.51246162618147
Bel_4,12,16.51246162618147
Bel_4,13,16.51246162618147
Bel_4,14,17.764276050155836
Bel_4,15,21.553646701049786
Bel_4,16,44.83521383936635
Bel_4,17,25.750934620963726
Bel_4,18,27.08401276335855
Bel_4,19,29.726173884028128
Bel_4,20,56.45476044522098
Bel_4,21,36.20431959438713
Bel_4,22,49.81723091814137
Bel_4,23,85.78215121484192
Bel_4,24,78.36046844699736
Bel_4,25,64.80965847827585
Bel_4,26,64.72017370000661
Bel_4,27,45.79226991767886
Bel_4,28,54.210674057155686
Bel_4,29,391.2025448405139
Bel_4,30,37.017232532729984
Bel_4,31,37.017232532729984
Bel_4,32,31.710082991637126
Bel_4,33,39.272692775345696
Bel_4,34,34.232360318771796
Bel_4,35,34.232360318771796
Bel_4,36,32.93229552060655
Bel_4,37,49.21626996565635
Bel_4,38,49.21626996565636
Bel_4,39,43.262779477951554
Bel_4,40,96.86821254422996
Bel_4,41,28.128143639928673
Bel_4,42,34.232360318771796
Bel_4,43,34.232360318771796
Bel_4,44,34.232360318771796
Bel_4,45,82.4538449658018
Bel_4,46,40.81386721240017
Bel_4,47,34.232360318771796
Bel_4,48,34.232360318771796
Bel_4,49,26.89732064439
Bel_4,50,28.128143639928673
Bel_4,51,32.401931812232526
Bel_4,52,28.128143639928673
Bel_4,53,30.258890448787877
Bel_4,54,30.258890448787877
Bel_4,55,32.401931812232526
Bel_4,56,30.987972784970992
Bel_4,57,26.905533159536713
Bel_4,58,27.21230840791712
Bel_4,59,27.860038169780715
Bel_4,60,30.258890448787877
Bel_4,61,48.932378817716234
Bel_4,62,48.944836177578495
Bel_4,63,66.39138930042708
Bel_4,64,64.0099072924579
Bel_4,65,141.25656580320688
Bel_4,66,78.8422259360905
Bel_4,67,46.47794565861361
Bel_4,68,32.401931812232526
Bel_4,69,46.47794565861361
Bel_4,70,33.66068864489052
Bel_4,71,30.258890448787877
Bel_4,72,27.860038169780715
Bel_4,73,26.553540652103568
Bel_4,74,27.860038169780715
Bel_4,75,28.04334165648386
Bel_4,76,29.258492187957707
Bel_4,77,47.61260136808538
Bel_4,78,44.64854204531831
Bel_4,79,55.87866156984808
Bel_4,80,78.8422259360905
Bel_4,81,48.11303464700216
Bel_4,82,60.082737304679114
Bel_4,83,55.40775408357129
Bel_4,84,98.27762608643083
Bel_4,85,302.88676428279246
Bel_4,86,64.86492037957093
Bel_4,87,81.81501759465421
Bel_4,88,83.64486484797744
Bel_4,89,106.39419886107574
Bel_4,90,65.47725908507061
Bel_4,91,44.82527513866909
Bel_4,92,30.951801567460794
Bel_4,93,94.92316502083153
Bel_4,94,30.446524652549574
Bel_4,95,29.726173884028128
Bel_4,96,29.32006345096443
Bel_5,1,78.11752156198203
Bel_5,2,25.649439688864557
Bel_5,3,25.64606525525487
Bel_5,4,25.676094315314206
Bel_5,5,17.66375067032285
Bel_5,6,17.66375067032285
Bel_5,7,16.142943373853893
Bel_5,8,16.739283768264563
Bel_5,9,9.972349240285288
Bel_5,10,9.972349240285288
Bel_5,11,9.972349240285293
Bel_5,12,9.972349240285293
Bel_5,13,9.972349240285293
Bel_5,14,17.66375067032285
Bel_5,15,21.412147401998087
Bel_5,16,44.49813124174834
Bel_5,17,25.574174834010496
Bel_5,18,26.896054081640752
Bel_5,19,29.51601899085025
Bel_5,20,56.04552896524938
Bel_5,21,35.94885880921835
Bel_5,22,49.46525951556772
Bel_5,23,85.78851090947731
Bel_5,24,77.8470467805302
Bel_5,25,64.84900727231211
Bel_5,26,65.18868617171078
Bel_5,27,45.46883403274333
Bel_5,28,54.609952052433066
Bel_5,29,401.2198987490359
Bel_5,30,37.29450954237222
Bel_5,31,37.29450954237222
Bel_5,32,32.19615013545227
Bel_5,33,39.56832874344467
Bel_5,34,34.61919780691658
Bel_5,35,34.61919780691658
Bel_5,36,33.21272591919639
Bel_5,37,49.8186171785934
Bel_5,38,49.81861717859341
Bel_5,39,43.589934938862385
Bel_5,40,97.5485098499573
Bel_5,41,28.130454327878237
Bel_5,42,34.61919780691658
Bel_5,43,34.61919780691658
Bel_5,44,34.61919780691658
Bel_5,45,83.03918330809319
Bel_5,46,41.12204800701829
Bel_5,47,34.61919780691658
Bel_5,48,34.61919780691658
Bel_5,49,26.899530221939237
Bel_5,50,28.130454327878237
Bel_5,51,32.40459358594712
Bel_5,52,28.130454327878237
Bel_5,53,30.26137617462966
Bel_5,54,30.26137617462966
Bel_5,55,32.40459358594712
Bel_5,56,30.990518403914503
Bel_5,57,26.901231604883193
Bel_5,58,27.083473849549527
Bel_5,59,27.862315441224986
Bel_5,60,30.26137617462966
Bel_5,61,22.490355677344635
Bel_5,62,23.194225543468974
Bel_5,63,13.812826344873745
Bel_5,64,17.78216346684325
Bel_5,65,8.344002222982404
Bel_5,66,78.28447781737333
Bel_5,67,46.415951599967016
Bel_5,68,32.40459358594712
Bel_5,69,46.415951599967016
Bel_5,70,33.662243865498596
Bel_5,71,30.26137617462966
Bel_5,72,27.862315441224986
Bel_5,73,26.3899265082755
Bel_5,74,27.862315441224986
Bel_5,75,28.04382413977458
Bel_5,76,29.259206726936636
Bel_5,77,23.87785207192917
Bel_5,78,28.569291005916558
Bel_5,79,29.277216453364666
Bel_5,80,78.28447781737333
Bel_5,81,23.141111318983732
Bel_5,82,22.552662194836195
Bel_5,83,49.46525951556772
Bel_5,84,97.63607432240048
Bel_5,85,304.9242704993671
Bel_5,86,64.94429201752051
Bel_5,87,82.39614747031334
Bel_5,88,84.23804939044568
Bel_5,89,83.59839856507514
Bel_5,90,55.01094829052051
Bel_5,91,44.5086948969483
Bel_5,92,30.733579235232224
Bel_5,93,28.357648498319644
Bel_5,94,30.23162820041482
Bel_5,95,29.51601899085025
Bel_5,96,29.130183981834175
Bel_6,1,78.53859801431474
Bel_6,2,25.74775381143604
Bel_6,3,25.744377380253187
Bel_6,4,25.79635872689424
Bel_6,5,17.72628670746542
Bel_6,6,17.72628670746542
Bel_6,7,16.19916757206453
Bel_6,8,16.808285268828975
Bel_6,9,16.74911940861951
Bel_6,10,16.74911940861951
Bel_6,11,16.749119408619514
Bel_6,12,16.749119408619514
Bel_6,13,16.749119408619514
Bel_6,14,17.72628670746542
Bel_6,15,21.50795316246966
Bel_6,16,44.7263617335102
Bel_6,17,25.6938546198705
Bel_6,18,27.023316368873914
Bel_6,19,29.658309797184017
Bel_6,20,56.30721098034583
Bel_6,21,36.11631279222982
Bel_6,22,49.68726524400317
Bel_6,23,85.74186053499602
Bel_6,24,78.1553178346707
Bel_6,25,64.84271329154919
Bel_6,26,64.93789256506113
Bel_6,27,45.6747103203401
Bel_6,28,54.395242537387645
Bel_6,29,394.4238299991952
Bel_6,30,37.14380856294545
Bel_6,31,37.14380856294545
Bel_6,32,31.897618618013134
Bel_6,33,39.4078896920833
Bel_6,34,34.3909242709795
Bel_6,35,34.3909242709795
Bel_6,36,33.032366456562336
Bel_6,37,49.461058273551835
Bel_6,38,49.46105827355185
Bel_6,39,43.41281473294626
Bel_6,40,97.18733679443064
Bel_6,41,28.11350469989506
Bel_6,42,34.3909242709795
Bel_6,43,34.3909242709795
Bel_6,44,34.3909242709795
Bel_6,45,82.72750160589378
Bel_6,46,40.954954851431005
Bel_6,47,34.3909242709795
Bel_6,48,34.3909242709795
Bel_6,49,26.883322270767533
Bel_6,50,28.11350469989506
Bel_6,51,32.385068632676685
Bel_6,52,28.11350469989506
Bel_6,53,30.24314258826662
Bel_6,54,30.24314258826662
Bel_6,55,32.385068632676685
Bel_6,56,30.97184548268011
Bel_6,57,26.88985355680523
Bel_6,58,27.157701660455068
Bel_6,59,27.845610933892264
Bel_6,60,30.24314258826662
Bel_6,61,49.93261529803965
Bel_6,62,49.94639096928847
Bel_6,63,68.4537501626154
Bel_6,64,65.82024566491225
Bel_6,65,146.48371966437838
Bel_6,66,78.6227969560334
Bel_6,67,46.432948317383605
Bel_6,68,32.385068632676685
Bel_6,69,46.432948317383605
Bel_6,70,33.650835829747315
Bel_6,71,30.24314258826662
Bel_6,72,27.845610933892264
Bel_6,73,26.488678978958834
Bel_6,74,27.845610933892264
Bel_6,75,28.040284972018366
Bel_6,76,29.25396535720749
Bel_6,77,48.47317120484911
Bel_6,78,45.19543762053263
Bel_6,79,56.82850350151745
Bel_6,80,78.6227969560334
Bel_6,81,49.02656328860939
Bel_6,82,61.4774793574398
Bel_6,83,55.49338376355719
Bel_6,84,98.02833627181863
Bel_6,85,303.8557381455164
Bel_6,86,64.91521685454917
Bel_6,87,82.08665916515119
Bel_6,88,83.92227835269354
Bel_6,89,107.02766526324811
Bel_6,90,65.71860466551985
Bel_6,91,44.71069609480443
Bel_6,92,30.879984522676292
Bel_6,93,97.42103439959052
Bel_6,94,30.37633725306429
Bel_6,95,29.658309797184017
Bel_6,96,29.258746787868407
Bel_7,1,79.99775267466943
Bel_7,2,26.198301420403023
Bel_7,3,26.194830578280726
Bel_7,4,26.21311054395657
Bel_7,5,18.002305709457097
Bel_7,6,18.002305709457097
Bel_7,7,16.4411588610756
Bel_7,8,17.047395911474155
Bel_7,9,15.029635987850735
Bel_7,10,15.029635987850735
Bel_7,11,15.029635987850739
Bel_7,12,15.029635987850739
Bel_7,13,15.029635987850739
Bel_7,14,18.002305709457097
Bel_7,15,21.839948507035896
Bel_7,16,45.51724800569294
Bel_7,17,26.108580535604897
Bel_7,18,27.464317898346618
Bel_7,19,30.151389597864714
Bel_7,20,57.37926048568028
Bel_7,21,36.75574343197246
Bel_7,22,50.63155627744215
Bel_7,23,86.0346003523518
Bel_7,24,79.64587974656922
Bel_7,25,64.60254707848686
Bel_7,26,63.35601355397205
Bel_7,27,46.52886257552433
Bel_7,28,53.054224133151344
Bel_7,29,371.0189524293237
Bel_7,30,36.22414565061726
Bel_7,31,36.22414565061726
Bel_7,32,30.535041832940063
Bel_7,33,38.42559004203865
Bel_7,34,33.23884685292968
Bel_7,35,33.23884685292968
Bel_7,36,32.305281492340875
Bel_7,37,47.68250092932261
Bel_7,38,47.68250092932262
Bel_7,39,42.3227042331506
Bel_7,40,94.86867711744051
Bel_7,41,28.219866782841116
Bel_7,42,33.23884685292968
Bel_7,43,33.23884685292968
Bel_7,44,33.23884685292968
Bel_7,45,80.73919574595725
Bel_7,46,39.92985500603591
Bel_7,47,33.23884685292968
Bel_7,48,33.23884685292968
Bel_7,49,26.98503019312556
Bel_7,50,28.219866782841116
Bel_7,51,32.50759136304745
Bel_7,52,28.219866782841116
Bel_7,53,30.357561749977705
Bel_7,54,30.357561749977705
Bel_7,55,32.50759136304745
Bel_7,56,31.089021552806777
Bel_7,57,27.003776778189902
Bel_7,58,27.554457668036488
Bel_7,59,27.95043483895138
Bel_7,60,30.357561749977705
Bel_7,61,42.665201452418785
Bel_7,62,42.669398674358845
Bel_7,63,53.46926381425884
Bel_7,64,52.66687802431211
Bel_7,65,108.50481058521069
Bel_7,66,80.21710114226254
Bel_7,67,46.75988530389097
Bel_7,68,32.50759136304745
Bel_7,69,46.75988530389097
Bel_7,70,33.72242338588914
Bel_7,71,30.357561749977705
Bel_7,72,27.95043483895138
Bel_7,73,26.959944155480024
Bel_7,74,27.95043483895138
Bel_7,75,28.062493911047593
Bel_7,76,29.286855931704785
Bel_7,77,42.22053268400812
Bel_7,78,41.22186081783873
Bel_7,79,49.927241108914714
Bel_7,80,80.21710114226254
Bel_7,81,42.38914220970497
Bel_7,82,51.3437080896436
Bel_7,83,54.87122457003943
Bel_7,84,99.83960019382697
Bel_7,85,296.81546896464874
Bel_7,86,64.54977797501175
Bel_7,87,80.11299418760848
Bel_7,88,81.90667625779403
Bel_7,89,102.42509117957383
Bel_7,90,63.96506113112643
Bel_7,91,45.54319255557261
Bel_7,92,31.40178531267535
Bel_7,93,79.27227571616757
Bel_7,94,30.886297536299224
Bel_7,95,30.151389597864714
Bel_7,96,29.704255000293685
Bel_8,1,79.67740014839997
Bel_8,2,26.099385199484978
Bel_8,3,26.095935084968726
Bel_8,4,26.12161407613811
Bel_8,5,17.94170666057703
Bel_8,6,17.94170666057703
Bel_8,7,16.388030482791795
Bel_8,8,16.994899969467106
Bel_8,9,15.407142822930115
Bel_8,10,15.407142822930115
Bel_8,11,15.407142822930119
Bel_8,12,15.407142822930119
Bel_8,13,15.407142822930119
Bel_8,14,17.94170666057703
Bel_8,15,21.76706003932841
Bel_8,16,45.343611569357954
Bel_8,17,26.017528847648368
Bel_8,18,27.367497487259467
Bel_8,19,30.04313557648352
Bel_8,20,57.14389560171634
Bel_8,21,36.615358573272246
Bel_8,22,50.424240338758686
Bel_8,23,85.97033030437292
Bel_8,24,79.31863186324911
Bel_8,25,64.65527476744923
Bel_8,26,63.70330980105527
Bel_8,27,46.34133630418273
Bel_8,28,53.3486402394376
Bel_8,29,376.15741503390797
Bel_8,30,36.42605456766731
Bel_8,31,36.42605456766731
Bel_8,32,30.834191009647792
Bel_8,33,38.64125064539718
Bel_8,34,33.49178159751709
Bel_8,35,33.49178159751709
Bel_8,36,32.46491056486448
Bel_8,37,48.07297724675462
Bel_8,38,48.07297724675463
Bel_8,39,42.56203434805262
Bel_8,40,95.3777310959287
Bel_8,41,28.196515343204982
Bel_8,42,33.49178159751709
Bel_8,43,33.49178159751709
Bel_8,44,33.49178159751709
Bel_8,45,81.17572164861406
Bel_8,46,40.15491224915983
Bel_8,47,33.49178159751709
Bel_8,48,33.49178159751709
Bel_8,49,26.96270055888302
Bel_8,50,28.196515343204982
Bel_8,51,32.48069190731041
Bel_8,52,28.196515343204982
Bel_8,53,30.332441405641568
Bel_8,54,30.332441405641568
Bel_8,55,32.48069190731041
Bel_8,56,31.063295938447098
Bel_8,57,26.97876531589401
Bel_8,58,27.467351213323592
Bel_8,59,27.927421101126658
Bel_8,60,30.332441405641568
Bel_8,61,44.26073786000204
Bel_8,62,44.2670379984575
Bel_8,63,56.7590576839369
Bel_8,64,55.554655904960924
Bel_8,65,116.84295307211747
Bel_8,66,79.86707698952718
Bel_8,67,46.688107381780156
Bel_8,68,32.48069190731041
Bel_8,69,46.688107381780156
Bel_8,70,33.7067065773269
Bel_8,71,30.332441405641568
Bel_8,72,27.927421101126658
Bel_8,73,26.85647946188497
Bel_8,74,27.927421101126658
Bel_8,75,28.05761801275039
Bel_8,76,29.279634916059944
Bel_8,77,43.59327856244337
Bel_8,78,42.09424631723434
Bel_8,79,51.44239018939785
Bel_8,80,79.86707698952718
Bel_8,81,43.846365812050664
Bel_8,82,53.568543684169825
Bel_8,83,55.007817540476715
Bel_8,84,99.4419432566144
Bel_8,85,298.36113652065717
Bel_8,86,64.63000885898708
Bel_8,87,80.54630573349483
Bel_8,88,82.3491949575584
Bel_8,89,103.43557092864259
Bel_8,90,64.35004575025515
Bel_8,91,45.36042074147811
Bel_8,92,31.287225694132268
Bel_8,93,83.25677499568675
Bel_8,94,30.77433746142156
Bel_8,95,30.04313557648352
Bel_8,96,29.606445162034635
Bel_9,1,77.9338206747814
Bel_9,2,25.52196274112174
Bel_9,3,25.52196274112174
Bel_9,4,25.52196274112174
Bel_9,5,17.592587126573186
Bel_9,6,17.592587126573186
Bel_9,7,16.08352626333903
Bel_9,8,16.709180833746057
Bel_9,9,13.928680240135748
Bel_9,10,13.928680240135748
Bel_9,11,13.928680240135751
Bel_9,12,13.928680240135751
Bel_9,13,13.928680240135751
Bel_9,14,17.592587126573186
Bel_9,15,21.370350709022123
Bel_9,16,40.79817672872192
Bel_9,17,25.52196274112174
Bel_9,18,25.52196274112174
Bel_9,19,25.52196274112174
Bel_9,20,37.236112233145015
Bel_9,21,25.52196274112174
Bel_9,22,25.52196274112174
Bel_9,23,25.52196274112174
Bel_9,24,37.23611223314503
Bel_9,25,25.52196274112174
Bel_9,26,25.52196274112174
Bel_9,27,25.52196274112174
Bel_9,28,37.23611223314503
Bel_9,29,119.23515867730796
Bel_9,30,25.52196274112174
Bel_9,31,25.52196274112174
Bel_9,32,25.52196274112174
Bel_9,33,25.52196274112174
Bel_9,34,25.52196274112174
Bel_9,35,25.52196274112174
Bel_9,36,25.52196274112174
Bel_9,37,25.52196274112174
Bel_9,38,25.52196274112174
Bel_9,39,25.52196274112174
Bel_9,40,25.52196274112174
Bel_9,41,25.52196274112174
Bel_9,42,25.52196274112174
Bel_9,43,25.52196274112174
Bel_9,44,25.52196274112174
Bel_9,45,25.52196274112174
Bel_9,46,25.52196274112174
Bel_9,47,25.52196274112174
Bel_9,48,25.52196274112174
Bel_9,49,25.52196274112174
Bel_9,50,25.52196274112174
Bel_9,51,25.52196274112174
Bel_9,52,25.52196274112174
Bel_9,53,25.52196274112174
Bel_9,54,25.52196274112174
Bel_9,55,25.52196274112174
Bel_9,56,25.52196274112174
Bel_9,57,25.52196274112174
Bel_9,58,25.52196274112174
Bel_9,59,25.52196274112174
Bel_9,60,25.52196274112174
Bel_9,61,25.52196274112174
Bel_9,62,25.52196274112174
Bel_9,63,25.52196274112174
Bel_9,64,25.52196274112174
Bel_9,65,25.52196274112174
Bel_9,66,77.82472844571339
Bel_9,67,46.21023531955732
Bel_9,68,32.272410060217666
Bel_9,69,46.21023531955732
Bel_9,70,33.585011701796844
Bel_9,71,30.13793517588427
Bel_9,72,27.74922627556965
Bel_9,73,26.25136360228338
Bel_9,74,27.74922627556965
Bel_9,75,28.019864048004585
Bel_9,76,29.223722763371967
Bel_9,77,38.23491941756867
Bel_9,78,38.18986237828987
Bel_9,79,45.29888381779344
Bel_9,80,64.87919253683204
Bel_9,81,25.52196274112174
Bel_9,82,25.52196274112174
Bel_9,83,25.52196274112174
Bel_9,84,45.965764748596854
Bel_9,85,248.5413214343064
Bel_9,86,45.96576474859688
Bel_9,87,25.52196274112174
Bel_9,88,25.52196274112174
Bel_9,89,37.23611223314502
Bel_9,90,25.52196274112174
Bel_9,91,25.52196274112174
Bel_9,92,25.52196274112174
Bel_9,93,37.23611223314502
Bel_9,94,25.52196274112174
Bel_9,95,25.52196274112174
Bel_9,96,25.52196274112174
Bel_10,1,81.97695239043344
Bel_10,2,26.809424918023794
Bel_10,3,26.805826016752192
Bel_10,4,26.778393375368974
Bel_10,5,18.376698325353342
Bel_10,6,18.376698325353342
Bel_10,7,16.76939623264501
Bel_10,8,17.371725969704208
Bel_10,9,12.697325924968558
Bel_10,10,12.697325924968558
Bel_10,11,12.69732592496856
Bel_10,12,12.69732592496856
Bel_10,13,12.69732592496856
Bel_10,14,18.376698325353342
Bel_10,15,22.290267523555187
Bel_10,16,46.59000741059745
Bel_10,17,26.671115431214904
Bel_10,18,28.062493078468854
Bel_10,19,30.820203828371977
Bel_10,20,58.83339014985661
Bel_10,21,37.62306817472577
Bel_10,22,51.912394145942415
Bel_10,23,86.43167310895909
Bel_10,24,81.6676803085748
Bel_10,25,64.27678524285425
Bel_10,26,61.21035033252884
Bel_10,27,47.68743606098946
Bel_10,28,51.2352646241891
Bel_10,29,339.27253904876954
Bel_10,30,34.97671340499349
Bel_10,31,34.97671340499349
Bel_10,32,28.686840501720184
Bel_10,33,37.09319722516558
Bel_10,34,31.676167199911937
Bel_10,35,31.676167199911937
Bel_10,36,31.319062283628902
Bel_10,37,45.27006290214819
Bel_10,38,45.270062902148204
Bel_10,39,40.84407660719186
Bel_10,40,91.72364342201529
Bel_10,41,28.364136482314738
Bel_10,42,31.676167199911937
Bel_10,43,31.676167199911934
Bel_10,44,31.676167199911934
Bel_10,45,78.04225449650694
Bel_10,46,38.539407935714735
Bel_10,47,31.676167199911937
Bel_10,48,31.676167199911937
Bel_10,49,27.122986981731522
Bel_10,50,28.364136482314738
Bel_10,51,32.67378139054289
Bel_10,52,28.364136482314738
Bel_10,53,30.512760083978495
Bel_10,54,30.512760083978495
Bel_10,55,32.67378139054289
Bel_10,56,31.24795936179316
Bel_10,57,27.158302417938504
Bel_10,58,28.092618151478273
Bel_10,59,28.092618151478273
Bel_10,60,30.512760083978495
Bel_10,61,32.80766968529506
Bel_10,62,32.798874683268444
Bel_10,63,33.14428255810507
Bel_10,64,34.8256291129126
Bel_10,65,56.9901575488781
Bel_10,66,82.37961789114442
Bel_10,67,47.20334315544649
Bel_10,68,32.67378139054289
Bel_10,69,47.20334315544649
Bel_10,70,33.819524861570734
Bel_10,71,30.512760083978495
Bel_10,72,28.092618151478273
Bel_10,73,27.59916899487675
Bel_10,74,28.092618151478273
Bel_10,75,28.092618151478273
Bel_10,76,29.33146875957359
Bel_10,77,33.73944379092525
Bel_10,78,35.83209488545499
Bel_10,79,40.566357758459766
Bel_10,80,82.37961789114442
Bel_10,81,33.386133639262496
Bel_10,82,37.59824452927954
Bel_10,83,54.02732684457751
Bel_10,84,102.29640147542729
Bel_10,85,287.2660365841992
Bel_10,86,64.05409609415221
Bel_10,87,77.43591185446066
Bel_10,88,79.1727103515695
Bel_10,89,96.18215232895378
Bel_10,90,61.58655187563194
Bel_10,91,46.67239208684533
Bel_10,92,32.10955673904391
Bel_10,93,54.65527040230263
Bel_10,94,31.57800848034965
Bel_10,95,30.820203828371977
Bel_10,96,30.308543052382905
Bel_11,1,79.38310715442117
Bel_11,2,26.00851545937072
Bel_11,3,26.00508438634389
Bel_11,4,26.03756051874511
Bel_11,5,17.88603712759452
Bel_11,6,17.88603712759452
Bel_11,7,16.33922390807094
Bel_11,8,16.946674384593777
Bel_11,9,15.753940827105964
Bel_11,10,15.753940827105964
Bel_11,11,15.753940827105968
Bel_11,12,15.753940827105968
Bel_11,13,15.753940827105964
Bel_11,14,17.88603712759452
Bel_11,15,21.700100787787743
Bel_11,16,45.18409983611864
Bel_11,17,25.93388388886627
Bel_11,18,27.27855307034193
Bel_11,19,29.943687632577753
Bel_11,20,56.927676809294596
Bel_11,21,36.486393520749345
Bel_11,22,50.23378881023418
Bel_11,23,85.91128839493905
Bel_11,24,79.01800442485477
Bel_11,25,64.70371324749163
Bel_11,26,64.02235474052185
Bel_11,27,46.169064624338404
Bel_11,28,53.61910664843849
Bel_11,29,380.87788208300583
Bel_11,30,36.61153891643012
Bel_11,31,36.61153891643012
Bel_11,32,31.109005470719033
Bel_11,33,38.83936802996933
Bel_11,34,33.724141005237875
Bel_11,35,33.724141005237875
Bel_11,36,32.61155438324185
Bel_11,37,48.43168971227809
Bel_11,38,48.43168971227811
Bel_11,39,42.781895814056746
Bel_11,40,95.845375353867
Bel_11,41,28.175063459668188
Bel_11,42,33.724141005237875
Bel_11,43,33.724141005237875
Bel_11,44,33.724141005237875
Bel_11,45,81.57673773029768
Bel_11,46,40.36166189045896
Bel_11,47,33.724141005237875
Bel_11,48,33.724141005237875
Bel_11,49,26.94218736052548
Bel_11,50,28.175063459668188
Bel_11,51,32.455980626093236
Bel_11,52,28.175063459668188
Bel_11,53,30.309364511475735
Bel_11,54,30.309364511475735
Bel_11,55,32.455980626093236
Bel_11,56,31.039663010809424
Bel_11,57,26.955788446603858
Bel_11,58,27.387330557170596
Bel_11,59,27.90627944856669
Bel_11,60,30.309364511475735
Bel_11,61,45.726483087167026
Bel_11,62,45.73471507740034
Bel_11,63,59.78123858806384
Bel_11,64,58.207523382980455
Bel_11,65,124.50281748857265
Bel_11,66,79.54552604977657
Bel_11,67,46.62216833692359
Bel_11,68,32.455980626093236
Bel_11,69,46.62216833692359
Bel_11,70,33.69226827493095
Bel_11,71,30.309364511475735
Bel_11,72,27.90627944856669
Bel_11,73,26.761431251078637
Bel_11,74,27.90627944856669
Bel_11,75,28.0531387513413
Bel_11,76,29.273001304212272
Bel_11,77,44.85435647320986
Bel_11,78,42.89566637628762
Bel_11,79,52.83428731102195
Bel_11,80,79.54552604977657
Bel_11,81,45.185049486016894
Bel_11,82,55.61239686007019
Bel_11,83,55.13329916128525
Bel_11,84,99.07663428904797
Bel_11,85,299.78106954896873
Bel_11,86,64.70371324749163
Bel_11,87,80.94436893483531
Bel_11,88,82.75571634373773
Bel_11,89,104.3638517640436
Bel_11,90,64.70371324749163
Bel_11,91,45.19251676078786
Bel_11,92,31.181985090842133
Bel_11,93,86.9171495091358
Bel_11,94,30.671484938216782
Bel_11,95,29.943687632577756
Bel_11,96,29.516591804307012
Bel_12,1,77.9338206747814
Bel_12,2,25.52196274112174
Bel_12,3,25.52196274112174
Bel_12,4,25.52196274112174
Bel_12,5,17.592587126573186
Bel_12,6,17.592587126573186
Bel_12,7,16.08352626333903
Bel_12,8,16.709180833746057
Bel_12,9,13.928680240135748
Bel_12,10,13.928680240135748
Bel_12,11,13.928680240135751
Bel_12,12,13.928680240135751
Bel_12,13,13.928680240135751
Bel_12,14,17.592587126573186
Bel_12,15,21.370350709022123
Bel_12,16,40.79817672872193
Bel_12,17,25.52196274112174
Bel_12,18,25.52196274112174
Bel_12,19,25.521962741121744
Bel_12,20,37.23611223314503
Bel_12,21,25.521962741121744
Bel_12,22,25.52196274112175
Bel_12,23,25.52196274112178
Bel_12,24,37.23611223314506
Bel_12,25,25.521962741121772
Bel_12,26,25.52196274112177
Bel_12,27,25.52196274112175
Bel_12,28,37.23611223314504
Bel_12,29,119.23515867730815
Bel_12,30,25.52196274112175
Bel_12,31,25.52196274112175
Bel_12,32,25.521962741121744
Bel_12,33,25.521962741121754
Bel_12,34,25.521962741121744
Bel_12,35,25.521962741121744
Bel_12,36,25.521962741121744
Bel_12,37,25.521962741121758
Bel_12,38,25.521962741121758
Bel_12,39,25.52196274112175
Bel_12,40,25.52196274112179
Bel_12,41,25.521962741121744
Bel_12,42,25.521962741121744
Bel_12,43,25.521962741121744
Bel_12,44,25.521962741121744
Bel_12,45,25.521962741121765
Bel_12,46,25.52196274112175
Bel_12,47,25.521962741121744
Bel_12,48,25.521962741121744
Bel_12,49,25.52196274112174
Bel_12,50,25.521962741121744
Bel_12,51,25.521962741121744
Bel_12,52,25.521962741121744
Bel_12,53,25.521962741121744
Bel_12,54,25.521962741121744
Bel_12,55,25.521962741121744
Bel_12,56,25.52196274112174
Bel_12,57,25.52196274112174
Bel_12,58,25.521962741121737
Bel_12,59,25.52196274112174
Bel_12,60,25.521962741121744
Bel_12,61,25.521962741121754
Bel_12,62,25.521962741121747
Bel_12,63,25.521962741121747
Bel_12,64,25.521962741121754
Bel_12,65,25.52196274112176
Bel_12,66,77.82472844571338
Bel_12,67,46.21023531955732
Bel_12,68,32.272410060217666
Bel_12,69,46.21023531955732
Bel_12,70,33.585011701796844
Bel_12,71,30.13793517588427
Bel_12,72,27.74922627556965
Bel_12,73,26.25136360228338
Bel_12,74,27.74922627556965
Bel_12,75,28.019864048004585
Bel_12,76,29.223722763371967
Bel_12,77,38.23491941756867
Bel_12,78,38.18986237828987
Bel_12,79,45.29888381779344
Bel_12,80,64.87919253683204
Bel_12,81,25.52196274112175
Bel_12,82,25.521962741121747
Bel_12,83,25.521962741121754
Bel_12,84,45.9657647485969
Bel_12,85,248.54132143430644
Bel_12,86,45.9657647485969
Bel_12,87,25.521962741121786
Bel_12,88,25.521962741121772
Bel_12,89,37.23611223314506
Bel_12,90,25.521962741121765
Bel_12,91,25.52196274112175
Bel_12,92,25.52196274112174
Bel_12,93,37.23611223314505
Bel_12,94,25.521962741121744
Bel_12,95,25.521962741121744
Bel_12,96,25.521962741121744
Bel_13,1,78.73762869398543
Bel_13,2,25.809209117904253
Bel_13,3,25.80581980894089
Bel_13,4,25.853204241394906
Bel_13,5,17.76393607463739
Bel_13,6,17.76393607463739
Bel_13,7,16.2321755129188
Bel_13,8,16.840900285602178
Bel_13,9,16.51457953206196
Bel_13,10,16.51457953206196
Bel_13,11,16.514579532061962
Bel_13,12,16.514579532061962
Bel_13,13,16.514579532061962
Bel_13,14,17.76393607463739
Bel_13,15,21.553237778879318
Bel_13,16,44.834239696396246
Bel_13,17,25.75042379867544
Bel_13,18,27.083469577119455
Bel_13,19,29.725566552432642
Bel_13,20,56.45343999052858
Bel_13,21,36.203532000918266
Bel_13,22,49.81606782490743
Bel_13,23,85.78179064411856
Bel_13,24,78.35863250615587
Bel_13,25,64.80995429353568
Bel_13,26,64.72212211708306
Bel_13,27,45.79121784932961
Bel_13,28,54.212325803680116
Bel_13,29,391.2313728752817
Bel_13,30,37.01836529124716
Bel_13,31,37.01836529124716
Bel_13,32,31.71176129184678
Bel_13,33,39.27390268419392
Bel_13,34,34.23377934468905
Bel_13,35,34.23377934468905
Bel_13,36,32.93319107883213
Bel_13,37,49.21846063351186
Bel_13,38,49.218460633511874
Bel_13,39,43.26412217856148
Bel_13,40,96.87106846183013
Bel_13,41,28.128012632628295
Bel_13,42,34.23377934468905
Bel_13,43,34.23377934468905
Bel_13,44,34.23377934468905
Bel_13,45,82.45629398311826
Bel_13,46,40.81512983870081
Bel_13,47,34.23377934468905
Bel_13,48,34.23377934468905
Bel_13,49,26.89719536966835
Bel_13,50,28.128012632628295
Bel_13,51,32.40178089969211
Bel_13,52,28.128012632628295
Bel_13,53,30.25874951749853
Bel_13,54,30.25874951749853
Bel_13,55,32.40178089969211
Bel_13,56,30.987828457968444
Bel_13,57,26.905392839102305
Bel_13,58,27.21181971935436
Bel_13,59,27.85990905707028
Bel_13,60,30.25874951749853
Bel_13,61,48.94133016806576
Bel_13,62,48.95379932580512
Bel_13,63,66.40984585044077
Bel_13,64,64.02610843422968
Bel_13,65,141.30334482643062
Bel_13,66,78.84026221479462
Bel_13,67,46.477542966876086
Bel_13,68,32.40178089969211
Bel_13,69,46.477542966876086
Bel_13,70,33.6606004697419
Bel_13,71,30.25874951749853
Bel_13,72,27.85990905707028
Bel_13,73,26.5529601898109
Bel_13,74,27.85990905707028
Bel_13,75,28.04331430149921
Bel_13,76,29.258451676289887
Bel_13,77,47.620302808955316
Bel_13,78,44.65343634181189
Bel_13,79,55.887161927587826
Bel_13,80,78.84026221479462
Bel_13,81,48.12121002861068
Bel_13,82,60.09521917772328
Bel_13,83,55.40852040361757
Bel_13,84,98.27539513353811
Bel_13,85,302.8954358566604
Bel_13,86,64.86537049449646
Bel_13,87,81.81744857864126
Bel_13,88,83.64734748635465
Bel_13,89,106.39986790016007
Bel_13,90,65.47941894315261
Bel_13,91,44.82424974399043
Bel_13,92,30.951158859919584
Bel_13,93,94.94551903848294
Bel_13,94,30.445896529085534
Bel_13,95,29.725566552432642
Bel_13,96,29.31951471379637
Bel_14,1,79.09878343530531
Bel_14,2,25.920723962485035
Bel_14,3,25.917311285910724
Bel_14,4,25.95635430408199
Bel_14,5,17.83225341889989
Bel_14,6,17.83225341889989
Bel_14,7,16.292070672602023
Bel_14,8,16.900082457744478
Bel_14,9,16.088990931412358
Bel_14,10,16.088990931412358
Bel_14,11,16.08899093141236
Bel_14,12,16.08899093141236
Bel_14,13,16.08899093141236
Bel_14,14,17.83225341889989
Bel_14,15,21.635409803575506
Bel_14,16,45.0299916168775
Bel_14,17,25.85307243139769
Bel_14,18,27.192621675677444
Bel_14,19,29.84760852145984
Bel_14,20,56.718782501710415
Bel_14,21,36.36179720306766
Bel_14,22,50.049788891754076
Bel_14,23,85.85424655018785
Bel_14,24,78.72756084277385
Bel_14,25,64.75051085761417
Bel_14,26,64.33059192458754
Bel_14,27,46.002628706005964
Bel_14,28,53.88041091621399
Bel_14,29,385.43844171175596
Bel_14,30,36.790739920045766
Bel_14,31,36.790739920045766
Bel_14,32,31.374510498828034
Bel_14,33,39.03077412102684
Bel_14,34,33.948629159310336
Bel_14,35,33.948629159310336
Bel_14,36,32.7532305925961
Bel_14,37,48.77825067151806
Bel_14,38,48.77825067151807
Bel_14,39,42.99430939842191
Bel_14,40,96.29717800415314
Bel_14,41,28.15433826595308
Bel_14,42,33.948629159310336
Bel_14,43,33.948629159310336
Bel_14,44,33.948629159310336
Bel_14,45,81.96416925637007
Bel_14,46,40.56140781762264
Bel_14,47,33.948629159310336
Bel_14,48,33.948629159310336
Bel_14,49,26.922369053711197
Bel_14,50,28.15433826595308
Bel_14,51,32.432106447898306
Bel_14,52,28.15433826595308
Bel_14,53,30.287069354917122
Bel_14,54,30.287069354917122
Bel_14,55,32.432106447898306
Bel_14,56,31.01683065660119
Bel_14,57,26.93358992654438
Bel_14,58,27.31002062785186
Bel_14,59,27.885853976648978
Bel_14,60,30.287069354917122
Bel_14,61,47.14257569823991
Bel_14,62,47.152674098117664
Bel_14,63,62.70104209029821
Bel_14,64,60.770524076521916
Bel_14,65,131.9032014031375
Bel_14,66,79.23486775703569
Bel_14,67,46.558462999548496
Bel_14,68,32.432106447898306
Bel_14,69,46.558462999548496
Bel_14,70,33.67831907491968
Bel_14,71,30.287069354917122
Bel_14,72,27.885853976648978
Bel_14,73,26.669602830611037
Bel_14,74,27.885853976648978
Bel_14,75,28.0488112264298
Bel_14,76,29.26659240821309
Bel_14,77,46.07271494255834
Bel_14,78,43.66993805935904
Bel_14,79,54.17903344614521
Bel_14,80,79.23486775703569
Bel_14,81,46.47838479704774
Bel_14,82,57.587013817280635
Bel_14,83,55.25453004968199
Bel_14,84,98.72370028650661
Bel_14,85,301.15290186494406
Bel_14,86,64.77492087486836
Bel_14,87,81.32894761038646
Bel_14,88,83.14846668025113
Bel_14,89,105.2606867716899
Bel_14,90,65.04540013845426
Bel_14,91,45.030300584321076
Bel_14,92,31.08030954863877
Bel_14,93,90.45352759598802
Bel_14,94,30.572116579076916
Bel_14,95,29.84760852145984
Bel_14,96,29.429782259510286
Bel_15,1,78.32361096619914
Bel_15,2,25.672272270625456
Bel_15,3,25.66891699603926
Bel_15,4,25.734955884973928
Bel_15,5,17.680706270607445
Bel_15,6,17.680706270607445
Bel_15,7,16.159607450862648
Bel_15,8,16.773055493239035
Bel_15,9,16.10302090422187
Bel_15,10,16.10302090422187
Bel_15,11,16.10302090422187
Bel_15,12,16.10302090422187
Bel_15,13,16.10302090422187
Bel_15,14,17.680706270607445
Bel_15,15,21.45903806042074
Bel_15,16,44.60983515159846
Bel_15,17,25.632750267588126
Bel_15,18,26.9583406540907
Bel_15,19,29.585661041220067
Bel_15,20,56.13557214491985
Bel_15,21,36.01720174295952
Bel_15,22,49.533643884551836
Bel_15,23,85.66109302292763
Bel_15,24,77.9007247147441
Bel_15,25,64.8961842598806
Bel_15,26,65.23000064401359
Bel_15,27,45.53720615047325
Bel_15,28,54.64227014684335
Bel_15,29,397.86017522964283
Bel_15,30,37.31222723743252
Bel_15,31,37.31222723743252
Bel_15,32,32.125549683285804
Bel_15,33,39.587930037706734
Bel_15,34,34.590571461302005
Bel_15,35,34.590571461302005
Bel_15,36,33.147948202805736
Bel_15,37,49.76779084457121
Bel_15,38,49.76779084457122
Bel_15,39,43.61288137904467
Bel_15,40,97.61734379661898
Bel_15,41,28.084159184496578
Bel_15,42,34.590571461302005
Bel_15,43,34.590571461302005
Bel_15,44,34.590571461302005
Bel_15,45,83.09567821843305
Bel_15,46,41.14293638002579
Bel_15,47,34.590571461302005
Bel_15,48,34.590571461302005
Bel_15,49,26.85526084775818
Bel_15,50,28.084159184496578
Bel_15,51,32.351264361726265
Bel_15,52,28.084159184496578
Bel_15,53,30.211574108420496
Bel_15,54,30.211574108420496
Bel_15,55,32.351264361726265
Bel_15,56,30.939516366184904
Bel_15,57,26.860366892839032
Bel_15,58,27.0876877495857
Bel_15,59,27.816689804906837
Bel_15,60,30.211574108420496
Bel_15,61,47.33023403887566
Bel_15,62,47.42940932828293
Bel_15,63,63.349744333414606
Bel_15,64,61.32681248398878
Bel_15,65,133.6093119228224
Bel_15,66,78.35295053319899
Bel_15,67,46.36257778442654
Bel_15,68,32.351264361726265
Bel_15,69,46.36257778442654
Bel_15,70,33.63108467714753
Bel_15,71,30.211574108420496
Bel_15,72,27.816689804906837
Bel_15,73,26.408554827629573
Bel_15,74,27.816689804906837
Bel_15,75,28.034157480489295
Bel_15,76,29.244890780688856
Bel_15,77,46.12827541163658
Bel_15,78,43.578182327379324
Bel_15,79,54.18198552194681
Bel_15,80,78.35295053319899
Bel_15,81,46.565389625942586
Bel_15,82,57.79141938846233
Bel_15,83,54.79507932104167
Bel_15,84,97.72403627268201
Bel_15,85,305.16946115256053
Bel_15,86,64.99098237071544
Bel_15,87,82.45209552945818
Bel_15,88,84.29556384170583
Bel_15,89,104.59640493997678
Bel_15,90,64.56103886707979
Bel_15,91,44.5770640713208
Bel_15,92,30.80190618125737
Bel_15,93,90.89840200124024
Bel_15,94,30.300497310977413
Bel_15,95,29.585661041220067
Bel_15,96,29.19310707324262
Bel_16,1,79.99775267466943
Bel_16,2,26.198301420403023
Bel_16,3,26.194830578280726
Bel_16,4,26.21311054395657
Bel_16,5,18.002305709457097
Bel_16,6,18.002305709457097
Bel_16,7,16.4411588610756
Bel_16,8,17.047395911474155
Bel_16,9,15.029635987850739
Bel_16,10,15.029635987850739
Bel_16,11,15.02963598785074
Bel_16,12,15.02963598785074
Bel_16,13,15.02963598785074
Bel_16,14,18.002305709457097
Bel_16,15,21.839948507035896
Bel_16,16,45.51724800569294
Bel_16,17,26.108580535604897
Bel_16,18,27.464317898346618
Bel_16,19,30.151389597864714
Bel_16,20,57.37926048568028
Bel_16,21,36.75574343197246
Bel_16,22,50.63155627744215
Bel_16,23,86.0346003523518
Bel_16,24,79.64587974656921
Bel_16,25,64.60254707848688
Bel_16,26,63.35601355397206
Bel_16,27,46.52886257552433
Bel_16,28,53.05422413315136
Bel_16,29,371.0189524293238
Bel_16,30,36.22414565061727
Bel_16,31,36.22414565061727
Bel_16,32,30.53504183294007
Bel_16,33,38.42559004203866
Bel_16,34,33.23884685292969
Bel_16,35,33.23884685292969
Bel_16,36,32.305281492340875
Bel_16,37,47.68250092932262
Bel_16,38,47.682500929322636
Bel_16,39,42.32270423315061
Bel_16,40,94.86867711744053
Bel_16,41,28.219866782841116
Bel_16,42,33.23884685292969
Bel_16,43,33.23884685292969
Bel_16,44,33.23884685292969
Bel_16,45,80.73919574595728
Bel_16,46,39.92985500603592
Bel_16,47,33.23884685292969
Bel_16,48,33.23884685292969
Bel_16,49,26.98503019312556
Bel_16,50,28.219866782841116
Bel_16,51,32.507591363047446
Bel_16,52,28.219866782841116
Bel_16,53,30.3575617499777
Bel_16,54,30.3575617499777
Bel_16,55,32.507591363047446
Bel_16,56,31.089021552806773
Bel_16,57,27.0037767781899
Bel_16,58,27.554457668036488
Bel_16,59,27.95043483895138
Bel_16,60,30.3575617499777
Bel_16,61,42.6652014524188
Bel_16,62,42.66939867435885
Bel_16,63,53.46926381425885
Bel_16,64,52.666878024312126
Bel_16,65,108.50481058521075
Bel_16,66,80.21710114226252
Bel_16,67,46.75988530389097
Bel_16,68,32.507591363047446
Bel_16,69,46.75988530389097
Bel_16,70,33.72242338588914
Bel_16,71,30.3575617499777
Bel_16,72,27.95043483895138
Bel_16,73,26.95994415548002
Bel_16,74,27.95043483895138
Bel_16,75,28.062493911047593
Bel_16,76,29.286855931704785
Bel_16,77,42.22053268400813
Bel_16,78,41.22186081783874
Bel_16,79,49.92724110891472
Bel_16,80,80.21710114226252
Bel_16,81,42.389142209704985
Bel_16,82,51.34370808964361
Bel_16,83,54.87122457003943
Bel_16,84,99.83960019382695
Bel_16,85,296.81546896464886
Bel_16,86,64.54977797501176
Bel_16,87,80.1129941876085
Bel_16,88,81.90667625779406
Bel_16,89,102.42509117957383
Bel_16,90,63.96506113112643
Bel_16,91,45.54319255557261
Bel_16,92,31.40178531267535
Bel_16,93,79.2722757161676
Bel_16,94,30.886297536299224
Bel_16,95,30.151389597864714
Bel_16,96,29.704255000293685
Bel_17,1,77.93382067478136
Bel_17,2,25.525271576970923
Bel_17,3,25.521962741121705
Bel_17,4,25.623627170729115
Bel_17,5,17.592587126573168
Bel_17,6,17.592587126573168
Bel_17,7,16.083526263339017
Bel_17,8,16.70918083374605
Bel_17,9,13.928680240135744
Bel_17,10,13.928680240135744
Bel_17,11,13.928680240135748
Bel_17,12,13.928680240135748
Bel_17,13,13.928680240135748
Bel_17,14,17.592587126573168
Bel_17,15,21.370350709022112
Bel_17,16,44.39856228321212
Bel_17,17,25.52196274112173
Bel_17,18,26.84053400935363
Bel_17,19,29.45394250279397
Bel_17,20,55.80911494150504
Bel_17,21,35.83204171282372
Bel_17,22,49.238955179911635
Bel_17,23,85.47268884884905
Bel_17,24,77.40012280336367
Bel_17,25,65.01329792517477
Bel_17,26,65.82544883050036
Bel_17,27,45.274902042546266
Bel_17,28,55.145287143135526
Bel_17,29,404.0771303185128
Bel_17,30,37.6542903126553
Bel_17,31,37.6542903126553
Bel_17,32,32.56910795910921
Bel_17,33,39.95373247121985
Bel_17,34,34.985893100621055
Bel_17,35,34.985893100621055
Bel_17,36,33.36693610157431
Bel_17,37,50.373749935008746
Bel_17,38,50.37374993500876
Bel_17,39,44.019611495802174
Bel_17,40,98.49553441555022
Bel_17,41,28.01570570054029
Bel_17,42,34.985893100621055
Bel_17,43,34.985893100621055
Bel_17,44,34.985893100621055
Bel_17,45,83.84709428134792
Bel_17,46,41.524960111284635
Bel_17,47,34.985893100621055
Bel_17,48,34.985893100621055
Bel_17,49,26.789802731120005
Bel_17,50,28.01570570054029
Bel_17,51,32.272410060217624
Bel_17,52,28.01570570054029
Bel_17,53,30.137935175884234
Bel_17,54,30.137935175884234
Bel_17,55,32.272410060217624
Bel_17,56,30.86410311726852
Bel_17,57,26.79274229346582
Bel_17,58,26.947859763386464
Bel_17,59,27.749226275569615
Bel_17,60,30.137935175884234
Bel_17,61,38.51621665615778
Bel_17,62,38.863878766542165
Bel_17,63,45.94286499750877
Bel_17,64,46.008589852843556
Bel_17,65,89.6721070997468
Bel_17,66,77.82472844571326
Bel_17,67,46.21023531955726
Bel_17,68,32.272410060217624
Bel_17,69,46.21023531955726
Bel_17,70,33.585011701796816
Bel_17,71,30.137935175884234
Bel_17,72,27.749226275569615
Bel_17,73,26.251363602283345
Bel_17,74,27.749226275569615
Bel_17,75,28.019864048004578
Bel_17,76,29.223722763371956
Bel_17,77,38.234919417568655
Bel_17,78,38.18986237828984
Bel_17,79,45.2988838177934
Bel_17,80,77.82472844571326
Bel_17,81,38.26834379592069
Bel_17,82,45.33335886937326
Bel_17,83,52.64814770319783
Bel_17,84,97.13057326051926
Bel_17,85,307.85958769484637
Bel_17,86,65.15279670051572
Bel_17,87,83.19789309708301
Bel_17,88,85.05745494044506
Bel_17,89,96.72124464795921
Bel_17,90,60.883464468682284
Bel_17,91,44.32254034584682
Bel_17,92,30.659007598626612
Bel_17,93,68.81776857671443
Bel_17,94,30.16220781014259
Bel_17,95,29.45394250279397
Bel_17,96,29.074096538808902
Bel_18,1,81.44070774031672
Bel_18,2,26.643847031391303
Bel_18,3,26.640282826483674
Bel_18,4,26.62523556530395
Bel_18,5,18.275260337201598
Bel_18,6,18.275260337201598
Bel_18,7,16.680463552900484
Bel_18,8,17.283851937986913
Bel_18,9,13.329242342332892
Bel_18,10,13.329242342332892
Bel_18,11,13.329242342332895
Bel_18,12,13.329242342332895
Bel_18,13,13.329242342332895
Bel_18,14,18.275260337201598
Bel_18,15,22.16825802571071
Bel_18,16,46.29935382614077
Bel_18,17,26.518702147263724
Bel_18,18,27.900423410805562
Bel_18,19,30.6389952064351
Bel_18,20,58.43940805356792
Bel_18,21,37.388075086604886
Bel_18,22,51.565363753213624
Bel_18,23,86.32409016028436
Bel_18,24,81.11989337916923
Bel_18,25,64.36504720054286
Bel_18,26,61.79169662835071
Bel_18,27,47.37353199744324
Bel_18,28,51.72809377007617
Bel_18,29,347.8739167673114
Bel_18,30,35.314692873548836
Bel_18,31,35.314692873548836
Bel_18,32,29.187592431053734
Bel_18,33,37.454195922877254
Bel_18,34,32.09955984548612
Bel_18,35,32.09955984548612
Bel_18,36,31.586268655124325
Bel_18,37,45.923689201458274
Bel_18,38,45.92368920145828
Bel_18,39,41.24469618470077
Bel_18,40,92.5757592949996
Bel_18,41,28.325048029592864
Bel_18,42,32.09955984548612
Bel_18,43,32.09955984548612
Bel_18,44,32.09955984548612
Bel_18,45,78.7729641389841
Bel_18,46,38.91613586104306
Bel_18,47,32.09955984548612
Bel_18,48,32.09955984548612
Bel_18,49,27.08560894997045
Bel_18,50,28.325048029592864
Bel_18,51,32.62875384105534
Bel_18,52,28.325048029592864
Bel_18,53,30.470710625476556
Bel_18,54,30.470710625476556
Bel_18,55,32.62875384105534
Bel_18,56,31.204896729411242
Bel_18,57,27.11643521931213
Bel_18,58,27.94680887419744
Bel_18,59,28.05409498472999
Bel_18,60,30.470710625476556
Bel_18,61,35.4784707324929
Bel_18,62,35.47319584546011
Bel_18,63,38.65113584609114
Bel_18,64,39.65953960912874
Bel_18,65,70.94754490768318
Bel_18,66,81.7937052982213
Bel_18,67,47.08319262260484
Bel_18,68,32.62875384105534
Bel_18,69,47.08319262260484
Bel_18,70,33.79321617405525
Bel_18,71,30.470710625476556
Bel_18,72,28.05409498472999
Bel_18,73,27.425977326740327
Bel_18,74,28.05409498472999
Bel_18,75,28.084456285527533
Bel_18,76,29.319381353699026
Bel_18,77,36.03731121170999
Bel_18,78,37.29239882729684
Bel_18,79,43.1025968136028
Bel_18,80,81.7937052982213
Bel_18,81,35.82541005103768
Bel_18,82,41.322442364855235
Bel_18,83,54.25597261332952
Bel_18,84,101.6307553897063
Bel_18,85,289.85336114011983
Bel_18,86,64.18839621285854
Bel_18,87,78.1612409193541
Bel_18,88,79.91345145977468
Bel_18,89,97.87361506158595
Bel_18,90,62.23098550875811
Bel_18,91,46.36644660659063
Bel_18,92,31.917793048966217
Bel_18,93,61.32500529379165
Bel_18,94,31.39059621961625
Bel_18,95,30.6389952064351
Bel_18,96,30.144817162326774
Bel_19,1,79.24811844400597
Bel_19,2,25.966834585939377
Bel_19,3,25.963412247018198
Bel_19,4,25.999006147589718
Bel_19,5,17.86050217222534
Bel_19,6,17.86050217222534
Bel_19,7,16.316836910364113
Bel_19,8,16.9245538800481
Bel_19,9,15.913012963772786
Bel_19,10,15.913012963772786
Bel_19,11,15.91301296377279
Bel_19,12,15.91301296377279
Bel_19,13,15.91301296377279
Bel_19,14,17.86050217222534
Bel_19,15,21.669387372243467
Bel_19,16,45.110933693510376
Bel_19,17,25.89551693705381
Bel_19,18,27.237755319855232
Bel_19,19,29.89807203867663
Bel_19,20,56.828499810338904
Bel_19,21,36.42723877875799
Bel_19,22,50.146430950012984
Bel_19,23,85.88420657043802
Bel_19,24,78.88011017981849
Bel_19,25,64.72593140453007
Bel_19,26,64.16869687514424
Bel_19,27,46.090045645365066
Bel_19,28,53.74316638655255
Bel_19,29,383.04310440414054
Bel_19,30,36.69661839013177
Bel_19,31,36.69661839013177
Bel_19,32,31.235059608814556
Bel_19,33,38.93024212755747
Bel_19,34,33.83072151324489
Bel_19,35,33.83072151324489
Bel_19,36,32.678818165724635
Bel_19,37,48.59622687123779
Bel_19,38,48.596226871237796
Bel_19,39,42.88274366423748
Bel_19,40,96.05987823570243
Bel_19,41,28.16522373478919
Bel_19,42,33.83072151324489
Bel_19,43,33.83072151324489
Bel_19,44,33.83072151324489
Bel_19,45,81.76067905690077
Bel_19,46,40.456495501958045
Bel_19,47,33.83072151324489
Bel_19,48,33.83072151324489
Bel_19,49,26.932778199419403
Bel_19,50,28.16522373478919
Bel_19,51,32.444645854106085
Bel_19,52,28.16522373478919
Bel_19,53,30.298779413469582
Bel_19,54,30.298779413469582
Bel_19,55,32.444645854106085
Bel_19,56,31.028822866836
Bel_19,57,26.945249228823357
Bel_19,58,27.350626030044086
Bel_19,59,27.89658202296205
Bel_19,60,30.298779413469582
Bel_19,61,46.39880306100445
Bel_19,62,46.40792116876532
Bel_19,63,61.16747717082514
Bel_19,64,59.42436227173182
Bel_19,65,128.01630656472628
Bel_19,66,79.39803444250865
Bel_19,67,46.59192287810111
Bel_19,68,32.444645854106085
Bel_19,69,46.59192287810111
Bel_19,70,33.68564559664481
Bel_19,71,30.298779413469582
Bel_19,72,27.89658202296205
Bel_19,73,26.71783376263516
Bel_19,74,27.89658202296205
Bel_19,75,28.05108416719017
Bel_19,76,29.269958545033422
Bel_19,77,45.43279797331503
Bel_19,78,43.26326826449408
Bel_19,79,53.47273403358412
Bel_19,80,79.39803444250865
Bel_19,81,45.79908783045564
Bel_19,82,56.54988810225994
Bel_19,83,55.19085609441101
Bel_19,84,98.9090713927382
Bel_19,85,300.4323760098435
Bel_19,86,64.73752057746509
Bel_19,87,81.12695581020209
Bel_19,88,82.94218288830227
Bel_19,89,104.78964318768561
Bel_19,90,64.86593633925595
Bel_19,91,45.11550119368076
Bel_19,92,31.133712472695905
Bel_19,93,88.5961199410414
Bel_19,94,30.62430770411871
Bel_19,95,29.89807203867663
Bel_19,96,29.475377133437203
Bel_20,1,78.94771100531014
Bel_20,2,25.874076870189455
Bel_20,3,25.870673968377496
Bel_20,4,25.913206232517595
Bel_20,5,17.80367600864404
Bel_20,6,17.80367600864404
Bel_20,7,16.267016294843568
Bel_20,8,16.87532632544159
Bel_20,9,16.267016294843568
Bel_20,10,16.267016294843568
Bel_20,11,16.267016294843568
Bel_20,12,16.267016294843568
Bel_20,13,16.267016294843568
Bel_20,14,17.80367600864404
Bel_20,15,21.60103692672192
Bel_20,16,44.94810782879473
Bel_20,17,25.810134109933713
Bel_20,18,27.14696292921336
Bel_20,19,29.796557892150773
Bel_20,20,56.607788699445116
Bel_20,21,36.295594254755265
Bel_20,22,49.952022462382224
Bel_20,23,85.82393796346595
Bel_20,24,78.57323668769507
Bel_20,25,64.77537627757012
Bel_20,26,64.49437052370186
Bel_20,27,45.914194724137936
Bel_20,28,54.019252201857654
Bel_20,29,387.8616473007807
Bel_20,30,36.88595649627103
Bel_20,31,36.88595649627103
Bel_20,32,31.515583814473807
Bel_20,33,39.1324757426218
Bel_20,34,34.067908588569246
Bel_20,35,34.067908588569246
Bel_20,36,32.82850876244505
Bel_20,37,48.96239220714767
Bel_20,38,48.96239220714768
Bel_20,39,43.107173131542325
Bel_20,40,96.53723860996325
Bel_20,41,28.143326151359275
Bel_20,42,34.067908588569246
Bel_20,43,34.067908588569246
Bel_20,44,34.067908588569246
Bel_20,45,82.17002693958632
Bel_20,46,40.667540723776774
Bel_20,47,34.067908588569246
Bel_20,48,34.067908588569246
Bel_20,49,26.911838803972927
Bel_20,50,28.143326151359275
Bel_20,51,32.419421153385294
Bel_20,52,28.143326151359275
Bel_20,53,30.275223057011047
Bel_20,54,30.275223057011047
Bel_20,55,32.419421153385294
Bel_20,56,31.00469892435088
Bel_20,57,26.921794975429883
Bel_20,58,27.26894280669351
Bel_20,59,27.87500111609277
Bel_20,60,30.275223057011047
Bel_20,61,47.8950016742306
Bel_20,62,47.906091771323176
Bel_20,63,64.25244909764439
Bel_20,64,62.13234764881045
Bel_20,65,135.83531788060657
Bel_20,66,79.0698027271873
Bel_20,67,46.52461383581776
Bel_20,68,32.419421153385294
Bel_20,69,46.52461383581776
Bel_20,70,33.670907313605035
Bel_20,71,30.275223057011047
Bel_20,72,27.87500111609277
Bel_20,73,26.620810761255086
Bel_20,74,27.87500111609277
Bel_20,75,28.046511841396878
Bel_20,76,29.263187108454115
Bel_20,77,46.7200769535157
Bel_20,78,44.08133920802797
Bel_20,79,54.893550219460764
Bel_20,80,79.0698027271873
Bel_20,81,47.16558496748593
Bel_20,82,58.63620585431207
Bel_20,83,55.31894481239526
Bel_20,84,98.53617250107396
Bel_20,85,301.88181059674173
Bel_20,86,64.81275630180889
Bel_20,87,81.53328946136052
Bel_20,88,83.35715045768318
Bel_20,89,105.73721065907881
Bel_20,90,65.22695188895817
Bel_20,91,44.94410871809356
Bel_20,92,31.026285314292437
Bel_20,93,92.33254505054259
Bel_20,94,30.51931824228471
Bel_20,95,29.796557892150773
Bel_20,96,29.383656917171642
Bel_21,1,80.63714593729274
Bel_21,2,26.395728816889275
Bel_21,3,26.392216604430963
Bel_21,4,26.395728816889275
Bel_21,5,18.123255664266296
Bel_21,6,18.123255664266296
Bel_21,7,16.54719806583655
Bel_21,8,17.152172833402155
Bel_21,9,14.27616814492518
Bel_21,10,14.27616814492518
Bel_21,11,14.276168144925183
Bel_21,12,14.276168144925183
Bel_21,13,14.276168144925183
Bel_21,14,18.123255664266296
Bel_21,15,21.98542697638907
Bel_21,16,45.863809866251295
Bel_21,17,26.29031107011273
Bel_21,18,27.65756225716111
Bel_21,19,30.36745435854899
Bel_21,20,57.84902647384701
Bel_21,21,37.03593829689995
Bel_21,22,51.04533923077887
Bel_21,23,86.16287727323262
Bel_21,24,80.29903548796229
Bel_21,25,64.49730761161325
Bel_21,26,62.66284317974345
Bel_21,27,46.90314722954904
Bel_21,28,52.46659750520087
Bel_21,29,360.7630683635028
Bel_21,30,35.82115459970003
Bel_21,31,35.82115459970003
Bel_21,32,29.93796844527683
Bel_21,33,37.995151929355615
Bel_21,34,32.734013089151425
Bel_21,35,32.734013089151425
Bel_21,36,31.986677001597716
Bel_21,37,46.90314722954904
Bel_21,38,46.90314722954904
Bel_21,39,41.84502402006423
Bel_21,40,93.85265365120748
Bel_21,41,28.266474041881
Bel_21,42,32.734013089151425
Bel_21,43,32.73401308915148
Bel_21,44,32.734013089151425
Bel_21,45,79.86793144106946
Bel_21,46,39.48066209148741
Bel_21,47,32.734013089151425
Bel_21,48,32.734013089151425
Bel_21,49,27.029598025500125
Bel_21,50,28.266474041881
Bel_21,51,32.561280125757754
Bel_21,52,28.266474041881
Bel_21,53,30.407699575049257
Bel_21,54,30.407699575049257
Bel_21,55,32.561280125757754
Bel_21,56,31.14036743944609
Bel_21,57,27.053697285034673
Bel_21,58,27.728313891126174
Bel_21,59,27.996368077200774
Bel_21,60,30.407699575049257
Bel_21,61,39.48066209148741
Bel_21,62,39.48066209148741
Bel_21,63,46.90314722954904
Bel_21,64,46.90314722954904
Bel_21,65,91.86266890771105
Bel_21,66,80.91571615747932
Bel_21,67,46.90314722954904
Bel_21,68,32.561280125757754
Bel_21,69,46.90314722954904
Bel_21,70,33.75379264531617
Bel_21,71,30.407699575049257
Bel_21,72,27.996368077200774
Bel_21,73,27.16644987208684
Bel_21,74,27.996368077200774
Bel_21,75,28.07222574165551
Bel_21,76,29.301268394145406
Bel_21,77,39.48066209148741
Bel_21,78,39.48066209148741
Bel_21,79,46.90314722954904
Bel_21,80,80.91571615747932
Bel_21,81,39.48066209148741
Bel_21,82,46.90314722954904
Bel_21,83,54.598597954490856
Bel_21,84,100.63328572972735
Bel_21,85,293.7304631022774
Bel_21,86,64.38964473908742
Bel_21,87,79.24814543400926
Bel_21,88,81.02345089819113
Bel_21,89,100.40826942668919
Bel_21,90,63.196668340374984
Bel_21,91,45.90798776380888
Bel_21,92,31.63043544731963
Bel_21,93,71.31959301402136
Bel_21,94,31.109759228308373
Bel_21,95,30.36745435854899
Bel_21,96,29.899474161913492
Bel_22,1,77.9338206747814
Bel_22,2,25.521962741121737
Bel_22,3,25.52196274112174
Bel_22,4,25.52196274112174
Bel_22,5,17.592587126573186
Bel_22,6,17.592587126573186
Bel_22,7,16.08352626333903
Bel_22,8,16.709180833746057
Bel_22,9,13.928680240135748
Bel_22,10,13.928680240135748
Bel_22,11,13.928680240135751
Bel_22,12,13.928680240135751
Bel_22,13,13.928680240135751
Bel_22,14,17.592587126573186
Bel_22,15,21.370350709022123
Bel_22,16,40.79817672872193
Bel_22,17,25.52196274112174
Bel_22,18,25.52196274112174
Bel_22,19,25.521962741121744
Bel_22,20,37.236112233145036
Bel_22,21,25.521962741121747
Bel_22,22,25.521962741121754
Bel_22,23,25.521962741121794
Bel_22,24,37.236112233145064
Bel_22,25,25.52196274112178
Bel_22,26,25.52196274112178
Bel_22,27,25.521962741121758
Bel_22,28,37.23611223314504
Bel_22,29,119.2351586773082
Bel_22,30,25.521962741121754
Bel_22,31,25.521962741121754
Bel_22,32,25.521962741121747
Bel_22,33,25.521962741121758
Bel_22,34,25.521962741121744
Bel_22,35,25.521962741121744
Bel_22,36,25.521962741121747
Bel_22,37,25.521962741121765
Bel_22,38,25.521962741121765
Bel_22,39,25.521962741121754
Bel_22,40,25.521962741121808
Bel_22,41,25.521962741121744
Bel_22,42,25.521962741121744
Bel_22,43,25.521962741121744
Bel_22,44,25.521962741121744
Bel_22,45,25.52196274112178
Bel_22,46,25.521962741121754
Bel_22,47,25.521962741121744
Bel_22,48,25.521962741121744
Bel_22,49,25.52196274112174
Bel_22,50,25.521962741121744
Bel_22,51,25.521962741121747
Bel_22,52,25.521962741121744
Bel_22,53,25.521962741121744
Bel_22,54,25.521962741121744
Bel_22,55,25.521962741121747
Bel_22,56,25.521962741121744
Bel_22,57,25.52196274112174
Bel_22,58,25.52196274112174
Bel_22,59,25.52196274112174
Bel_22,60,25.521962741121744
Bel_22,61,25.521962741121758
Bel_22,62,25.521962741121747
Bel_22,63,25.521962741121754
Bel_22,64,25.521962741121758
Bel_22,65,25.521962741121783
Bel_22,66,77.82472844571339
Bel_22,67,46.21023531955732
Bel_22,68,32.272410060217666
Bel_22,69,46.21023531955732
Bel_22,70,33.585011701796844
Bel_22,71,30.13793517588427
Bel_22,72,27.74922627556965
Bel_22,73,26.25136360228338
Bel_22,74,27.74922627556965
Bel_22,75,28.019864048004585
Bel_22,76,29.223722763371967
Bel_22,77,38.23491941756867
Bel_22,78,38.18986237828987
Bel_22,79,45.29888381779344
Bel_22,80,64.87919253683205
Bel_22,81,25.52196274112175
Bel_22,82,25.521962741121754
Bel_22,83,25.52196274112176
Bel_22,84,45.965764748596904
Bel_22,85,248.54132143430647
Bel_22,86,45.9657647485969
Bel_22,87,25.5219627411218
Bel_22,88,25.521962741121786
Bel_22,89,37.23611223314507
Bel_22,90,25.521962741121776
Bel_22,91,25.521962741121758
Bel_22,92,25.521962741121744
Bel_22,93,37.23611223314506
Bel_22,94,25.521962741121744
Bel_22,95,25.521962741121744
Bel_22,96,25.521962741121744
Bel_23,1,79.99775267466943
Bel_23,2,26.19830142040302
Bel_23,3,26.194830578280722
Bel_23,4,26.21311054395657
Bel_23,5,18.002305709457094
Bel_23,6,18.002305709457094
Bel_23,7,16.4411588610756
Bel_23,8,17.047395911474155
Bel_23,9,15.02963598785074
Bel_23,10,15.02963598785074
Bel_23,11,15.029635987850744
Bel_23,12,15.029635987850744
Bel_23,13,15.029635987850744
Bel_23,14,18.002305709457094
Bel_23,15,21.839948507035896
Bel_23,16,45.51724800569294
Bel_23,17,26.108580535604897
Bel_23,18,27.464317898346618
Bel_23,19,30.151389597864714
Bel_23,20,57.37926048568028
Bel_23,21,36.75574343197246
Bel_23,22,50.631556277442144
Bel_23,23,86.0346003523518
Bel_23,24,79.64587974656921
Bel_23,25,64.6025470784869
Bel_23,26,63.35601355397211
Bel_23,27,46.52886257552433
Bel_23,28,53.0542241331514
Bel_23,29,371.01895242932414
Bel_23,30,36.224145650617295
Bel_23,31,36.224145650617295
Bel_23,32,30.535041832940095
Bel_23,33,38.425590042038685
Bel_23,34,33.23884685292972
Bel_23,35,33.23884685292972
Bel_23,36,32.30528149234089
Bel_23,37,47.68250092932266
Bel_23,38,47.68250092932267
Bel_23,39,42.322704233150645
Bel_23,40,94.8686771174406
Bel_23,41,28.219866782841112
Bel_23,42,33.23884685292972
Bel_23,43,33.23884685292972
Bel_23,44,33.23884685292971
Bel_23,45,80.73919574595733
Bel_23,46,39.92985500603595
Bel_23,47,33.23884685292972
Bel_23,48,33.23884685292972
Bel_23,49,26.985030193125557
Bel_23,50,28.219866782841112
Bel_23,51,32.507591363047446
Bel_23,52,28.219866782841112
Bel_23,53,30.3575617499777
Bel_23,54,30.3575617499777
Bel_23,55,32.507591363047446
Bel_23,56,31.089021552806773
Bel_23,57,27.0037767781899
Bel_23,58,27.554457668036484
Bel_23,59,27.950434838951377
Bel_23,60,30.3575617499777
Bel_23,61,42.6652014524188
Bel_23,62,42.66939867435886
Bel_23,63,53.469263814258866
Bel_23,64,52.66687802431214
Bel_23,65,108.5048105852108
Bel_23,66,80.21710114226252
Bel_23,67,46.75988530389096
Bel_23,68,32.507591363047446
Bel_23,69,46.75988530389096
Bel_23,70,33.72242338588914
Bel_23,71,30.3575617499777
Bel_23,72,27.950434838951377
Bel_23,73,26.95994415548002
Bel_23,74,27.950434838951377
Bel_23,75,28.062493911047593
Bel_23,76,29.286855931704785
Bel_23,77,42.220532684008134
Bel_23,78,41.221860817838746
Bel_23,79,49.92724110891473
Bel_23,80,80.21710114226252
Bel_23,81,42.38914220970499
Bel_23,82,51.34370808964363
Bel_23,83,54.87122457003943
Bel_23,84,99.83960019382695
Bel_23,85,296.8154689646491
Bel_23,86,64.54977797501178
Bel_23,87,80.11299418760856
Bel_23,88,81.90667625779412
Bel_23,89,102.42509117957383
Bel_23,90,63.96506113112643
Bel_23,91,45.54319255557261
Bel_23,92,31.40178531267535
Bel_23,93,79.27227571616761
Bel_23,94,30.886297536299224
Bel_23,95,30.151389597864714
Bel_23,96,29.704255000293685
Bel_24,1,81.97695239043344
Bel_24,2,26.809424918023748
Bel_24,3,26.805826016752142
Bel_24,4,26.778393375368974
Bel_24,5,18.376698325353317
Bel_24,6,18.376698325353317
Bel_24,7,16.769396232644993
Bel_24,8,17.371725969704208
Bel_24,9,12.69732592496856
Bel_24,10,12.69732592496856
Bel_24,11,12.697325924968563
Bel_24,12,12.697325924968563
Bel_24,13,12.697325924968563
Bel_24,14,18.376698325353317
Bel_24,15,22.290267523555187
Bel_24,16,46.59000741059745
Bel_24,17,26.671115431214904
Bel_24,18,28.062493078468854
Bel_24,19,30.820203828371977
Bel_24,20,58.83339014985654
Bel_24,21,37.623068174725745
Bel_24,22,51.91239414594234
Bel_24,23,86.43167310895889
Bel_24,24,81.66768030857463
Bel_24,25,64.27678524285406
Bel_24,26,61.21035033252862
Bel_24,27,47.6874360609894
Bel_24,28,51.23526462418891
Bel_24,29,339.2725390487681
Bel_24,30,34.97671340499336
Bel_24,31,34.97671340499336
Bel_24,32,28.686840501720066
Bel_24,33,37.09319722516545
Bel_24,34,31.676167199911813
Bel_24,35,31.676167199911813
Bel_24,36,31.3190622836288
Bel_24,37,45.27006290214801
Bel_24,38,45.27006290214803
Bel_24,39,40.84407660719171
Bel_24,40,91.72364342201494
Bel_24,41,28.364136482314667
Bel_24,42,31.676167199911813
Bel_24,43,31.676167199911813
Bel_24,44,31.67616719991181
Bel_24,45,78.04225449650666
Bel_24,46,38.53940793571459
Bel_24,47,31.676167199911813
Bel_24,48,31.676167199911813
Bel_24,49,27.122986981731454
Bel_24,50,28.364136482314667
Bel_24,51,32.673781390542814
Bel_24,52,28.364136482314667
Bel_24,53,30.51276008397842
Bel_24,54,30.51276008397842
Bel_24,55,32.673781390542814
Bel_24,56,31.247959361793082
Bel_24,57,27.158302417938437
Bel_24,58,28.092618151478213
Bel_24,59,28.092618151478202
Bel_24,60,30.51276008397842
Bel_24,61,32.807669685295
Bel_24,62,32.79887468326838
Bel_24,63,33.14428255810501
Bel_24,64,34.825629112912544
Bel_24,65,56.990157548878045
Bel_24,66,82.37961789114424
Bel_24,67,47.203343155446376
Bel_24,68,32.673781390542814
Bel_24,69,47.203343155446376
Bel_24,70,33.81952486157069
Bel_24,71,30.51276008397842
Bel_24,72,28.092618151478202
Bel_24,73,27.599168994876695
Bel_24,74,28.092618151478202
Bel_24,75,28.092618151478256
Bel_24,76,29.331468759573568
Bel_24,77,33.73944379092526
Bel_24,78,35.83209488545498
Bel_24,79,40.566357758459745
Bel_24,80,82.37961789114424
Bel_24,81,33.386133639262496
Bel_24,82,37.59824452927954
Bel_24,83,54.02732684457743
Bel_24,84,102.29640147542706
Bel_24,85,287.26603658419816
Bel_24,86,64.05409609415203
Bel_24,87,77.43591185446039
Bel_24,88,79.17271035156921
Bel_24,89,96.1821523289536
Bel_24,90,61.58655187563184
Bel_24,91,46.67239208684527
Bel_24,92,32.10955673904391
Bel_24,93,54.65527040230262
Bel_24,94,31.578008480349645
Bel_24,95,30.820203828371977
Bel_24,96,30.308543052382905
