zone,time,fuel_generation,renewable_generation,load_shedding,production_shedding,net_positions,load_bus,power_balance,shed_ratio,total_shed_ratio (%)
Fra_2,1,0.0,44.12572335178507,0.0,0.0,-479.69387419428926,523.8195975460743,0.0,0.0,1.098870213472165
Fra_2,2,0.0,41.964889096075076,0.0,0.0,-458.1498381905947,500.1147272866698,0.0,0.0,
Fra_2,3,0.0,39.22745960493648,0.0,0.0,-448.883916498791,488.11137610372754,-5.684341886080802e-14,0.0,
Fra_2,4,0.0,38.788774937124195,0.0,0.0,-462.2418993710073,501.03067430813155,-5.684341886080802e-14,0.0,
Fra_2,5,0.0,43.73423107244089,0.0,0.0,-497.7438973153878,541.4781283878287,0.0,0.0,
Fra_2,6,0.0,48.79525396198597,0.0,0.0,-543.6614123006656,592.4566662626515,0.0,0.0,
Fra_2,7,0.0,64.59634525569673,0.0,0.0,-564.1400715723939,628.7364168280907,0.0,0.0,
Fra_2,8,0.0,81.89609197370248,0.0,0.0,-566.7155412622224,648.6116332359248,0.0,0.0,
Fra_2,9,0.0,105.9651146037498,0.0,0.0,-551.3248992131514,657.2900138169014,-1.1368683772161603e-13,0.0,
Fra_2,10,0.0,109.31090083878775,0.0,0.0,-550.9469444201764,660.257845258964,1.1368683772161603e-13,0.0,
Fra_2,11,0.0,130.80464866860177,0.0,0.0,-531.4652180810945,662.2698667496962,0.0,0.0,
Fra_2,12,0.0,120.47112933947315,0.0,0.0,-533.6082343503294,654.0793636898026,0.0,0.0,
Fra_2,13,0.0,127.6363161702101,0.0,0.0,-505.2668375927304,632.9031537629405,0.0,0.0,
Fra_2,14,0.0,105.59554698756202,0.0,0.0,-506.6836234252675,612.2791704128294,1.1368683772161603e-13,0.0,
Fra_2,15,0.0,98.42751674329335,0.0,0.0,-494.9149771110825,593.3424938543759,0.0,0.0,
Fra_2,16,0.0,82.58168315826038,0.0,0.0,-500.1785952716907,582.760278429951,1.1368683772161603e-13,0.0,
Fra_2,17,0.0,66.43277335047544,0.0,0.0,-521.9525710811745,588.3853444316499,1.1368683772161603e-13,0.0,
Fra_2,18,0.0,59.12184116019597,0.0,0.0,-536.9069921109875,596.0288332711835,-1.1368683772161603e-13,0.0,
Fra_2,19,0.0,53.96295388610896,0.0,0.0,-540.4561393542155,594.4190932403244,0.0,0.0,
Fra_2,20,0.0,41.84634236501386,0.0,0.0,-553.6466794222825,595.4930217872964,0.0,0.0,
Fra_2,21,0.0,44.66858101347532,0.0,0.0,-558.2309439409911,602.8995249544663,1.1368683772161603e-13,0.0,
Fra_2,22,0.0,42.018570035198685,0.0,0.0,-575.4249295005932,617.4434995357918,0.0,0.0,
Fra_2,23,0.0,40.62227049243455,0.0,0.0,-549.9119801459599,590.5342506383943,2.2737367544323206e-13,0.0,
Fra_2,24,0.0,38.17799660608316,0.0,0.0,-511.8378795800625,550.0158761861456,0.0,0.0,
Fra_3,1,0.0,139.58602871273277,0.0,0.0,61.02466260252359,78.5613661102092,-2.842170943040401e-14,0.0,
Fra_3,2,0.0,139.87694764801722,0.0,0.0,64.87078832993322,75.006159318084,0.0,0.0,
Fra_3,3,0.0,139.69030128767224,0.0,0.0,66.48437943922512,73.20592184844713,-1.4210854715202004e-14,0.0,
Fra_3,4,0.0,139.8739828466918,0.0,0.0,64.7304517127618,75.14353113392997,2.842170943040401e-14,0.0,
Fra_3,5,0.0,139.99453514292654,0.0,0.0,58.78477956251342,81.20975558041314,-2.842170943040401e-14,0.0,
Fra_3,6,0.0,140.21279077458735,0.0,0.0,51.357380857244095,88.85540991734322,2.842170943040401e-14,0.0,
Fra_3,7,0.0,140.56803611422626,0.0,0.0,46.27146519429598,94.29657091993026,1.4210854715202004e-14,0.0,
Fra_3,8,0.0,143.13128400846628,0.0,0.0,45.85386975993534,97.27741424853093,0.0,0.0,
Fra_3,9,0.0,145.78102715392632,0.0,0.0,47.20204756255646,98.57897959136989,-2.842170943040401e-14,0.0,
Fra_3,10,0.0,147.3337328977109,0.0,0.0,48.30964416272449,99.0240887349864,0.0,0.0,
Fra_3,11,0.0,147.82631249208404,0.0,0.0,48.50046498805676,99.32584750402734,-5.684341886080802e-14,0.0,
Fra_3,12,0.0,147.45040639334195,0.0,0.0,49.35295338339135,98.0974530099506,0.0,0.0,
Fra_3,13,0.0,146.57617194955455,0.0,0.0,51.65468255128337,94.92148939827122,-4.263256414560601e-14,0.0,
Fra_3,14,0.0,146.8297753764641,0.0,0.0,55.001427804518755,91.82834757194539,-2.842170943040401e-14,0.0,
Fra_3,15,0.0,146.60308566308524,0.0,0.0,57.614821178883474,88.98826448420175,1.4210854715202004e-14,0.0,
Fra_3,16,0.0,145.938475998687,0.0,0.0,58.537310019600326,87.40116597908668,0.0,0.0,
Fra_3,17,0.0,146.28930613516974,0.0,0.0,58.04450453873734,88.2448015964324,0.0,0.0,
Fra_3,18,0.0,145.3991142261254,0.0,0.0,56.00795818267541,89.39115604344997,1.4210854715202004e-14,0.0,
Fra_3,19,0.0,144.99518817796096,0.0,0.0,55.8454575727707,89.14973060519027,-1.4210854715202004e-14,0.0,
Fra_3,20,0.0,145.9737911037602,0.0,0.0,56.66299494441713,89.31079615934307,-1.4210854715202004e-14,0.0,
Fra_3,21,0.0,146.52354126333194,0.0,0.0,56.1019332717506,90.42160799158134,0.0,0.0,
Fra_3,22,0.0,147.54863219906096,0.0,0.0,54.945749361838566,92.60288283722244,-4.263256414560601e-14,0.0,
Fra_3,23,0.0,148.44091718892852,0.0,0.0,59.87382714044999,88.5670900484785,2.842170943040401e-14,0.0,
Fra_3,24,0.0,149.36959720322793,0.0,0.0,66.87936809016654,82.49022911306139,0.0,0.0,
Fra_4,1,0.0,12.692600024083294,0.0,0.0,-55.590461834493716,68.28306185857701,0.0,0.0,
Fra_4,2,0.0,12.37131177992612,0.0,0.0,-52.82167645434345,65.19298823426956,0.0,0.0,
Fra_4,3,0.0,12.204434248913294,0.0,0.0,-51.42384435025528,63.62827859916857,7.105427357601002e-15,0.0,
Fra_4,4,0.0,12.262785389581063,0.0,0.0,-53.04960209477126,65.31238748435231,1.4210854715202004e-14,0.0,
Fra_4,5,0.0,13.106636875778976,0.0,0.0,-57.478321588896364,70.58495846467534,0.0,0.0,
Fra_4,6,0.0,16.561056157425302,0.0,0.0,-60.66926393837945,77.23032009580476,0.0,0.0,
Fra_4,7,0.0,24.33455700903895,0.0,0.0,-57.62504863407818,81.95960564311713,0.0,0.0,
Fra_4,8,0.0,35.52679668701597,0.0,0.0,-49.02366397142802,84.550460658444,0.0,0.0,
Fra_4,9,0.0,47.1853456958827,0.0,0.0,-38.49639451151128,85.68174020739399,-1.4210854715202004e-14,0.0,
Fra_4,10,0.0,56.76189201180982,0.0,0.0,-29.306723025952408,86.06861503776223,0.0,0.0,
Fra_4,11,0.0,62.440747227025234,0.0,0.0,-23.890147016318583,86.3308942433438,1.4210854715202004e-14,0.0,
Fra_4,12,0.0,64.75860967502517,0.0,0.0,-20.504602813547358,85.26321248857252,0.0,0.0,
Fra_4,13,0.0,63.875935547413086,0.0,0.0,-18.62682952922588,82.50276507663897,0.0,0.0,
Fra_4,14,0.0,58.69303798835691,0.0,0.0,-21.121265760253912,79.81430374861083,0.0,0.0,
Fra_4,15,0.0,50.155054921751535,0.0,0.0,-27.190738173775102,77.34579309552663,0.0,0.0,
Fra_4,16,0.0,39.056648474768785,0.0,0.0,-36.90968865192455,75.96633712669333,0.0,0.0,
Fra_4,17,0.0,26.820515906101996,0.0,0.0,-49.87908269372437,76.69959859982636,1.4210854715202004e-14,0.0,
Fra_4,18,0.0,18.029327556613655,0.0,0.0,-59.66664617635062,77.69597373296428,0.0,0.0,
Fra_4,19,0.0,15.53051207611094,0.0,0.0,-61.95562227967403,77.48613435578498,-1.4210854715202004e-14,0.0,
Fra_4,20,0.0,14.606819263083722,0.0,0.0,-63.019308192898535,77.62612745598227,-1.4210854715202004e-14,0.0,
Fra_4,21,0.0,14.003207038686933,0.0,0.0,-64.58840303056303,78.59161006924997,0.0,0.0,
Fra_4,22,0.0,13.696295887606228,0.0,0.0,-66.79120948731502,80.48750537492124,0.0,0.0,
Fra_4,23,0.0,13.483756093391744,0.0,0.0,-63.49596546504634,76.97972155843809,0.0,0.0,
Fra_4,24,0.0,13.291698078037696,0.0,0.0,-58.40620759933548,71.69790567737319,-1.4210854715202004e-14,0.0,
Fra_5,1,0.0,0.5150129075398672,0.0,0.0,-76.01919644663346,76.53420935417333,0.0,0.0,
Fra_5,2,0.0,0.5019763671566672,0.0,0.0,-72.56876290753533,73.07073927469199,1.4210854715202004e-14,0.0,
Fra_5,3,0.0,0.4952051711616057,0.0,0.0,-70.82174902811391,71.31695419927553,-1.4210854715202004e-14,0.0,
Fra_5,4,0.0,0.5057440709672083,0.0,0.0,-72.69882234846371,73.20456641943092,0.0,0.0,
Fra_5,5,0.0,0.6390797206259857,0.0,0.0,-78.47518143508591,79.1142611557119,0.0,0.0,
Fra_5,6,0.0,1.1916565224477382,0.0,0.0,-85.37097447005357,86.5626309925013,1.4210854715202004e-14,0.0,
Fra_5,7,0.0,2.441231332872684,0.0,0.0,-89.4221597650164,91.86339109788908,1.4210854715202004e-14,0.0,
Fra_5,8,0.0,4.245950484506881,0.0,0.0,-90.521367806337,94.76731829084387,0.0,0.0,
Fra_5,9,0.0,6.09927584855688,0.0,0.0,-89.93602286789758,96.03529871645446,0.0,0.0,
Fra_5,10,0.0,7.5709808455104675,0.0,0.0,-88.89794164901342,96.4689224945239,-1.4210854715202004e-14,0.0,
Fra_5,11,0.0,8.402547997497349,0.0,0.0,-88.36034683925692,96.76289483675426,1.4210854715202004e-14,0.0,
Fra_5,12,0.0,8.695852499295222,0.0,0.0,-86.87034469796922,95.56619719726444,0.0,0.0,
Fra_5,13,0.0,8.473120206770776,0.0,0.0,-83.99906429707235,92.47218450384312,0.0,0.0,
Fra_5,14,0.0,7.565274848794981,0.0,0.0,-81.89358165657528,89.45885650537026,0.0,0.0,
Fra_5,15,0.0,6.125651474579044,0.0,0.0,-80.56640597442434,86.6920574490034,-1.4210854715202004e-14,0.0,
Fra_5,16,0.0,4.277594918154997,0.0,0.0,-80.86831669262847,85.14591161078347,0.0,0.0,
Fra_5,17,0.0,2.292991728598794,0.0,0.0,-83.67478676349626,85.96777849209504,1.4210854715202004e-14,0.0,
Fra_5,18,0.0,0.9316061017770693,0.0,0.0,-86.15294690158412,87.0845530033612,-1.4210854715202004e-14,0.0,
Fra_5,19,0.0,0.6331619086799083,0.0,0.0,-86.21619527324825,86.84935718192817,-1.4210854715202004e-14,0.0,
Fra_5,20,0.0,0.5926839610730901,0.0,0.0,-86.41358272296308,87.00626668403618,0.0,0.0,
Fra_5,21,0.0,0.5681918880444478,0.0,0.0,-87.52022381568102,88.08841570372547,0.0,0.0,
Fra_5,22,0.0,0.555738710289333,0.0,0.0,-89.6576673539792,90.21340606426853,1.4210854715202004e-14,0.0,
Fra_5,23,0.0,0.5471147296093595,0.0,0.0,-85.73463605042588,86.28175078003522,1.4210854715202004e-14,0.0,
Fra_5,24,0.0,0.5393218143109852,0.0,0.0,-79.82237219895461,80.36169401326559,0.0,0.0,
Fra_6,1,0.0,4.063052089024477,0.0,0.0,-84.90588935370823,88.9689414427327,1.4210854715202004e-14,0.0,
Fra_6,2,0.0,3.9602039043243447,0.0,0.0,-80.98254756022405,84.94275146454841,-1.4210854715202004e-14,0.0,
Fra_6,3,0.0,3.9067844237052123,0.0,0.0,-78.99723948365626,82.90402390736148,0.0,0.0,
Fra_6,4,0.0,3.930497349992704,0.0,0.0,-81.16782453860786,85.09832188860055,1.4210854715202004e-14,0.0,
Fra_6,5,0.0,4.261673726954147,0.0,0.0,-87.7065079194377,91.96818164639184,0.0,0.0,
Fra_6,6,0.0,5.621546756719928,0.0,0.0,-95.00516269632256,100.62670945304248,0.0,0.0,
Fra_6,7,0.0,8.685440199105026,0.0,0.0,-98.10325902815472,106.78869922725974,1.4210854715202004e-14,0.0,
Fra_6,8,0.0,13.100258626442702,0.0,0.0,-97.06417715789519,110.16443578433788,0.0,0.0,
Fra_6,9,0.0,17.682636333088098,0.0,0.0,-93.95579228646197,111.63842861955007,0.0,0.0,
Fra_6,10,0.0,21.415481495611356,0.0,0.0,-90.72702299856758,112.14250449417894,0.0,0.0,
Fra_6,11,0.0,23.603694298551176,0.0,0.0,-88.88054506585613,112.48423936440729,1.4210854715202004e-14,0.0,
Fra_6,12,0.0,24.468424053673175,0.0,0.0,-86.62468677996526,111.09311083363843,0.0,0.0,
Fra_6,13,0.0,24.070716304654393,0.0,0.0,-83.42568873602008,107.49640504067447,0.0,0.0,
Fra_6,14,0.0,21.98187536430462,0.0,0.0,-82.011617651719,103.99349301602362,0.0,0.0,
Fra_6,15,0.0,18.575289657677466,0.0,0.0,-82.20187453876464,100.77716419644211,-1.4210854715202004e-14,0.0,
Fra_6,16,0.0,14.161464065997531,0.0,0.0,-84.81834755173121,98.97981161772874,0.0,0.0,
Fra_6,17,0.0,9.327757258847662,0.0,0.0,-90.60745230516093,99.9352095640086,0.0,0.0,
Fra_6,18,0.0,5.8946466371837,0.0,0.0,-95.33878298993132,101.23342962711502,0.0,0.0,
Fra_6,19,0.0,4.973348632010752,0.0,0.0,-95.98667223526701,100.96002086727776,0.0,0.0,
Fra_6,20,0.0,4.675816413364181,0.0,0.0,-96.46660749201452,101.1424239053787,0.0,0.0,
Fra_6,21,0.0,4.482592967841387,0.0,0.0,-97.91779980632786,102.40039277416926,-1.4210854715202004e-14,0.0,
Fra_6,22,0.0,4.3843470614725355,0.0,0.0,-100.48628934033559,104.87063640180813,0.0,0.0,
Fra_6,23,0.0,4.3163105478153305,0.0,0.0,-95.98388328056484,100.30019382838017,0.0,0.0,
Fra_6,24,0.0,4.254830494948501,0.0,0.0,-89.1634579963948,93.4182884913433,0.0,0.0,
Fra_7,1,0.0,12.358630925994705,0.0,0.0,-333.6696864507276,346.0283173767224,-5.684341886080802e-14,0.0,
Fra_7,2,0.0,12.045796453714374,0.0,0.0,-318.32339627795534,330.3691927316697,0.0,0.0,
Fra_7,3,0.0,11.883309822786465,0.0,0.0,-310.55662743204886,322.43993725483534,0.0,0.0,
Fra_7,4,0.0,11.940153175025742,0.0,0.0,-319.0341020784118,330.97425525343755,0.0,0.0,
Fra_7,5,0.0,12.762135295390738,0.0,0.0,-344.9311746534733,357.69330994886406,0.0,0.0,
Fra_7,6,0.0,16.12705215259912,0.0,0.0,-375.24200755016534,391.3690597027645,-5.684341886080802e-14,0.0,
Fra_7,7,0.0,23.699165746230303,0.0,0.0,-391.63581867912325,415.3349844253535,0.0,0.0,
Fra_7,8,0.0,34.601468109377706,0.0,0.0,-393.8628221367573,428.464290246135,0.0,0.0,
Fra_7,9,0.0,45.95791031874839,0.0,0.0,-388.23920367826963,434.197113997018,5.684341886080802e-14,0.0,
Fra_7,10,0.0,55.286129767911866,0.0,0.0,-380.8714945364059,436.1576243043178,0.0,0.0,
Fra_7,11,0.0,60.81758935323898,0.0,0.0,-376.6691498108997,437.4867391641386,5.684341886080802e-14,0.0,
Fra_7,12,0.0,63.075135831253,0.0,0.0,-369.00106503771497,432.076200868968,0.0,0.0,
Fra_7,13,0.0,62.21505644374224,0.0,0.0,-355.87241944484015,418.08747588858233,5.684341886080802e-14,0.0,
Fra_7,14,0.0,57.166179756432484,0.0,0.0,-347.29736474493836,404.4635445013709,-5.684341886080802e-14,0.0,
Fra_7,15,0.0,48.84916284678394,0.0,0.0,-343.1050628797151,391.9542257264991,-5.684341886080802e-14,0.0,
Fra_7,16,0.0,38.038065793354704,0.0,0.0,-346.92568799474066,384.96375378809535,0.0,0.0,
Fra_7,17,0.0,26.118873826812397,0.0,0.0,-362.5607243718764,388.6795981986888,0.0,0.0,
Fra_7,18,0.0,17.555612459064008,0.0,0.0,-376.1731736555064,393.72878611457037,5.684341886080802e-14,0.0,
Fra_7,19,0.0,15.121881631996835,0.0,0.0,-377.5435314493736,392.66541308137045,-5.684341886080802e-14,0.0,
Fra_7,20,0.0,14.222483016295904,0.0,0.0,-379.15235309894416,393.3748361152401,-5.684341886080802e-14,0.0,
Fra_7,21,0.0,13.634753103623627,0.0,0.0,-384.63272131798635,398.26747442161,-5.684341886080802e-14,0.0,
Fra_7,22,0.0,13.335917432753854,0.0,0.0,-394.5391147738686,407.87503220662245,0.0,0.0,
Fra_7,23,0.0,13.128970009152724,0.0,0.0,-376.9701672873545,390.09913729650725,0.0,0.0,
Fra_7,24,0.0,12.941965445577413,0.0,0.0,-350.3912680927789,363.3332335383563,0.0,0.0,
Fra_8,1,0.0,3.8087136115700257,0.0,0.0,-417.7823105086332,421.59102412020326,-5.684341886080802e-14,0.0,
Fra_8,2,0.0,3.7123035059622698,0.0,0.0,-398.8000901542191,402.5123936601814,0.0,0.0,
Fra_8,3,0.0,3.6622279719796524,0.0,0.0,-389.18938716483626,392.85161513681584,5.684341886080802e-14,0.0,
Fra_8,4,0.0,3.6760030123341774,0.0,0.0,-399.57358155217173,403.2495845645059,0.0,0.0,
Fra_8,5,0.0,3.883929792305895,0.0,0.0,-431.91938828732407,435.80331807962995,0.0,0.0,
Fra_8,6,0.0,4.732021201565487,0.0,0.0,-472.10086906566613,476.83289026723156,5.684341886080802e-14,0.0,
Fra_8,7,0.0,6.63769495483335,0.0,0.0,-499.3945938598413,506.03228881467464,0.0,0.0,
Fra_8,8,0.0,9.378918199735658,0.0,0.0,-512.6497420360225,522.0286602357581,0.0,0.0,
Fra_8,9,0.0,12.246501149281535,0.0,0.0,-516.7668678945828,529.0133690438645,-1.1368683772161603e-13,0.0,
Fra_8,10,0.0,14.625135791384698,0.0,0.0,-516.7768630458988,531.4019988372836,-1.1368683772161603e-13,0.0,
Fra_8,11,0.0,16.0544634299952,0.0,0.0,-516.9668910113998,533.0213544413949,0.0,0.0,
Fra_8,12,0.0,16.65892491463015,0.0,0.0,-509.7703841178939,526.4293090325241,0.0,0.0,
Fra_8,13,0.0,16.479486416818975,0.0,0.0,-492.90635942365657,509.38584584047544,1.1368683772161603e-13,0.0,
Fra_8,14,0.0,15.243042223497282,0.0,0.0,-477.54379452540536,492.7868367489026,5.684341886080802e-14,0.0,
Fra_8,15,0.0,13.18065029708336,0.0,0.0,-464.36518954923724,477.54583984632063,0.0,0.0,
Fra_8,16,0.0,10.489130992338902,0.0,0.0,-458.5397173951971,469.02884838753596,5.684341886080802e-14,0.0,
Fra_8,17,0.0,7.497518603329904,0.0,0.0,-466.05860854107124,473.55612714440116,0.0,0.0,
Fra_8,18,0.0,5.318693004407493,0.0,0.0,-474.3892205618961,479.70791356630355,0.0,0.0,
Fra_8,19,0.0,4.658925608855369,0.0,0.0,-473.7534046089892,478.41233021784456,0.0,0.0,
Fra_8,20,0.0,4.3831201836889395,0.0,0.0,-474.8935508073356,479.27667099102456,0.0,0.0,
Fra_8,21,0.0,4.201992117665592,0.0,0.0,-481.0357297199189,485.2377218375845,0.0,0.0,
Fra_8,22,0.0,4.109896197488029,0.0,0.0,-492.8333997866993,496.94329598418733,0.0,0.0,
Fra_8,23,0.0,4.046118625856604,0.0,0.0,-471.2395344329696,475.28565305882614,5.684341886080802e-14,0.0,
Fra_8,24,0.0,3.9884870944207966,0.0,0.0,-438.68635288861765,442.6748399830384,5.684341886080802e-14,0.0,
Fra_9,1,0.0,79.25387347776496,0.0,0.0,72.05587348605474,7.197999991710223,-3.552713678800501e-15,0.0,
Fra_9,2,0.0,69.83135621570061,0.0,0.0,62.95909366628926,6.872262549411344,1.7763568394002505e-15,0.0,
Fra_9,3,0.0,53.46268761369965,0.0,0.0,46.755367579077884,6.707320034621768,-1.7763568394002505e-15,0.0,
Fra_9,4,0.0,49.91395550685413,0.0,0.0,43.029106588617,6.884848918237128,4.440892098500626e-15,0.0,
Fra_9,5,0.0,77.29631637911709,0.0,0.0,69.85566394475673,7.440652434360352,7.105427357601002e-15,0.0,
Fra_9,6,0.0,82.04667601920619,0.0,0.0,73.90550852790759,8.141167491298628,-2.4868995751603507e-14,0.0,
Fra_9,7,0.0,124.56574279587399,0.0,0.0,115.92604175315299,8.639701042720999,1.7763568394002505e-15,0.0,
Fra_9,8,0.0,147.5012429824434,0.0,0.0,138.58842919592848,8.912813786514906,-3.552713678800501e-15,0.0,
Fra_9,9,0.0,212.26673165991002,0.0,0.0,203.23466501679607,9.032066643113941,8.881784197001252e-15,0.0,
Fra_9,10,0.0,144.77614724449893,0.0,0.0,135.70329852527433,9.072848719224574,2.1316282072803006e-14,0.0,
Fra_9,11,0.0,240.1164193221665,0.0,0.0,231.0159226670085,9.100496655157968,2.842170943040401e-14,0.0,
Fra_9,12,0.0,139.64850948053385,0.0,0.0,130.66056157542917,8.9879479051047,-2.4868995751603507e-14,0.0,
Fra_9,13,0.0,192.09378594571893,0.0,0.0,183.39682822042434,8.696957725294562,3.375077994860476e-14,0.0,
Fra_9,14,0.0,76.10667080287978,0.0,0.0,67.69311490653277,8.413555896347004,1.7763568394002505e-15,0.0,
Fra_9,15,0.0,96.48110329000224,0.0,0.0,88.32776331216863,8.15333997783361,0.0,0.0,
Fra_9,16,0.0,78.42299950056871,0.0,0.0,70.4150736822933,8.007925818275393,1.7763568394002505e-14,0.0,
Fra_9,17,0.0,72.07596932438649,0.0,0.0,63.99074738121757,8.08522194316892,5.329070518200751e-15,0.0,
Fra_9,18,0.0,103.09292644382835,0.0,0.0,94.90267247654015,8.190253967288179,2.1316282072803006e-14,0.0,
Fra_9,19,0.0,97.00644949353644,0.0,0.0,88.8383155629614,8.168133930575042,-3.552713678800501e-15,0.0,
Fra_9,20,0.0,27.732692006530478,0.0,0.0,19.549800824206137,8.182891182324337,3.552713678800501e-15,0.0,
Fra_9,21,0.0,58.92333568229622,0.0,0.0,50.63866898415376,8.284666698142455,3.552713678800501e-15,0.0,
Fra_9,22,0.0,45.76007211162219,0.0,0.0,37.275551247262506,8.484520864359684,3.552713678800501e-15,0.0,
Fra_9,23,0.0,39.762326018329446,0.0,0.0,31.647575155412586,8.114750862916852,8.881784197001252e-15,0.0,
Fra_9,24,0.0,25.941124889033365,0.0,0.0,18.383152085466886,7.557972803566477,1.7763568394002505e-15,0.0,
Fra_10,1,0.0,146.61836488907832,0.0,0.0,-124.19172989878248,270.8100947878608,0.0,0.0,
Fra_10,2,0.0,146.9109375067791,0.0,0.0,-111.64394920571249,258.55488671249157,0.0,0.0,
Fra_10,3,0.0,146.70928262001678,0.0,0.0,-105.63997779125827,252.34926041127503,2.842170943040401e-14,0.0,
Fra_10,4,0.0,146.9052554226884,0.0,0.0,-112.12316779142455,259.028423214113,0.0,0.0,
Fra_10,5,0.0,147.0809735619559,0.0,0.0,-132.85842534792033,279.9393989098762,0.0,0.0,
Fra_10,6,0.0,147.51334967611422,0.0,0.0,-158.78150202457326,306.29485170068745,0.0,0.0,
Fra_10,7,0.0,148.34515353939906,0.0,0.0,-176.70600803501807,325.05116157441716,0.0,0.0,
Fra_10,8,0.0,151.69195159550685,0.0,0.0,-183.63452091525113,335.326472510758,0.0,0.0,
Fra_10,9,0.0,155.15212155112394,0.0,0.0,-184.66099689412982,339.81311844525385,-1.1368683772161603e-13,0.0,
Fra_10,10,0.0,157.33204457349234,0.0,0.0,-184.0154164544075,341.34746102789984,0.0,0.0,
Fra_10,11,0.0,158.1689932208882,0.0,0.0,-184.21866510618278,342.38765832707105,-5.684341886080802e-14,0.0,
Fra_10,12,0.0,157.89818744113296,0.0,0.0,-180.25505331087788,338.15324075201084,0.0,0.0,
Fra_10,13,0.0,156.91602077361733,0.0,0.0,-170.28930690983603,327.2053276834534,-5.684341886080802e-14,0.0,
Fra_10,14,0.0,156.861394601142,0.0,0.0,-159.6815162653164,316.5429108664583,5.684341886080802e-14,0.0,
Fra_10,15,0.0,156.10679580167513,0.0,0.0,-150.64602092209356,306.7528167237688,-1.1368683772161603e-13,0.0,
Fra_10,16,0.0,154.74280317283225,0.0,0.0,-146.5391018561865,301.28190502901873,0.0,0.0,
Fra_10,17,0.0,154.38304286266,0.0,0.0,-149.806971493013,304.19001435567304,0.0,0.0,
Fra_10,18,0.0,152.94033462047747,0.0,0.0,-155.2012958008048,308.14163042128234,-1.1368683772161603e-13,0.0,
Fra_10,19,0.0,152.38830458138727,0.0,0.0,-154.92110449425815,307.3094090756454,0.0,0.0,
Fra_10,20,0.0,153.377800224447,0.0,0.0,-154.48682040296796,307.8646206274149,5.684341886080802e-14,0.0,
Fra_10,21,0.0,153.930807229114,0.0,0.0,-157.7629099692277,311.6937171983417,0.0,0.0,
Fra_10,22,0.0,154.99258073935192,0.0,0.0,-164.22024256615407,319.21282330550594,5.684341886080802e-14,0.0,
Fra_10,23,0.0,155.91883784376896,0.0,0.0,-149.38214199747372,305.3009798412427,0.0,0.0,
Fra_10,24,0.0,156.8839656632112,0.0,0.0,-127.4693732774858,284.3533389406971,-1.1368683772161603e-13,0.0,
Fra_11,1,0.0,3.2200139199022573,0.0,0.0,-499.1834119578859,502.4034258777881,5.684341886080802e-14,0.0,
Fra_11,2,0.0,3.138505590913392,0.0,0.0,-476.5292149331517,479.6677205240651,0.0,0.0,
Fra_11,3,0.0,3.0961700590475294,0.0,0.0,-465.0589518822698,468.15512194131736,0.0,0.0,
Fra_11,4,0.0,3.106989292238857,0.0,0.0,-477.4392300960548,480.54621938829365,0.0,0.0,
Fra_11,5,200.0,3.272752511782551,0.0,0.0,-316.06724166628885,519.3399941780713,1.1368683772161603e-13,0.0,
Fra_11,6,653.0,3.948035722618741,0.0,0.0,88.71374244895324,568.2342932736656,0.0,0.0,
Fra_11,7,653.0,5.464651705075738,0.0,0.0,55.43389212992736,603.0307595751484,0.0,0.0,
Fra_11,8,599.0,7.645541332395387,0.0,0.0,-15.447843734690707,622.093385067086,0.0,0.0,
Fra_11,9,500.0,9.930256559248498,0.0,0.0,-120.48669668928636,630.4169532485348,0.0,0.0,
Fra_11,10,500.0,11.831658905114384,0.0,0.0,-121.43178708807002,633.2634459931844,0.0,0.0,
Fra_11,11,400.0,12.979245553569356,0.0,0.0,-222.21396117139955,635.1932067249688,0.0,0.0,
Fra_11,12,500.0,13.470119807666187,0.0,0.0,-113.86744956385081,627.337569371517,0.0,0.0,
Fra_11,13,200.0,13.337326006336745,0.0,0.0,-393.689814995942,607.0271410022788,0.0,0.0,
Fra_11,14,408.26494136378113,12.362562018277998,0.0,0.0,-166.61885824716302,587.2463616292221,0.0,0.0,
Fra_11,15,192.54104788523284,10.729539461627759,0.0,0.0,-365.813316783108,569.0839041299686,0.0,0.0,
Fra_11,16,106.60219604676352,8.595440620073823,0.0,0.0,-443.7367020258813,558.9343386927186,1.1368683772161603e-13,0.0,
Fra_11,17,500.0,6.21677660592118,0.0,0.0,-58.1126493330199,564.3294259389411,0.0,0.0,
Fra_11,18,368.7511906192384,4.476362812814015,0.0,0.0,-198.43286011527525,571.6604135473277,-1.1368683772161603e-13,0.0,
Fra_11,19,100.0,3.938508261595988,0.0,0.0,-466.1779788842283,570.1164871458244,-1.1368683772161603e-13,0.0,
Fra_11,20,492.7979230831005,3.7056364545784213,0.0,0.0,-74.6429489812941,571.1465085189732,-1.1368683772161603e-13,0.0,
Fra_11,21,526.0,3.5525047273442136,0.0,0.0,-48.69769479974087,578.2501995270851,-1.1368683772161603e-13,0.0,
Fra_11,22,680.0,3.4746437550628886,0.0,0.0,91.27509470045331,592.1995490546096,-1.1368683772161603e-13,0.0,
Fra_11,23,626.0,3.4207240621232833,0.0,0.0,63.03024915667527,566.390474905448,1.1368683772161603e-13,0.0,
Fra_11,24,215.3192182509478,3.3720004372004615,0.0,0.0,-308.8374606083291,527.5286792964773,0.0,0.0,
Fra_12,1,0.0,26.392983334799794,0.0,0.0,-187.9165535757399,214.3095369105397,0.0,0.0,
Fra_12,2,0.0,25.72489679164727,0.0,0.0,-178.88630162293614,204.6111984145834,0.0,0.0,
Fra_12,3,0.0,25.377891774029358,0.0,0.0,-174.32239333100637,199.70028510503573,0.0,0.0,
Fra_12,4,0.0,25.380956317078326,0.0,0.0,-179.60498214717796,204.98593846425626,2.842170943040401e-14,0.0,
Fra_12,5,0.0,25.701349115336466,0.0,0.0,-195.83279639126476,221.53414550660122,0.0,0.0,
Fra_12,6,0.0,26.915228729704037,0.0,0.0,-215.47569055075107,242.3909192804551,0.0,0.0,
Fra_12,7,0.0,29.55842437222428,0.0,0.0,-227.67557557824205,257.23399995046634,0.0,0.0,
Fra_12,8,0.0,33.283188180419245,0.0,0.0,-232.08232965199312,265.36551783241237,0.0,0.0,
Fra_12,9,0.0,37.54792975126747,0.0,0.0,-231.36816108787343,268.9160908391409,0.0,0.0,
Fra_12,10,0.0,41.78418253032859,0.0,0.0,-228.34613279555663,270.13031532588525,0.0,0.0,
Fra_12,11,0.0,44.89184442530985,0.0,0.0,-226.06164627612998,270.9534907014398,0.0,0.0,
Fra_12,12,0.0,46.827583525883924,0.0,0.0,-220.77493877717376,267.60252230305764,5.684341886080802e-14,0.0,
Fra_12,13,0.0,47.697590245691465,0.0,0.0,-211.24114062190546,258.9387308675969,0.0,0.0,
Fra_12,14,0.0,47.01654707706824,0.0,0.0,-203.48432399735015,250.5008710744184,0.0,0.0,
Fra_12,15,0.0,45.085475332456156,0.0,0.0,-197.6678612799476,242.75333661240376,0.0,0.0,
Fra_12,16,0.0,42.23820196343794,0.0,0.0,-196.18564850961496,238.42385047305288,2.842170943040401e-14,0.0,
Fra_12,17,0.0,38.333337786808784,0.0,0.0,-202.3918876167788,240.72522540358761,-2.842170943040401e-14,0.0,
Fra_12,18,0.0,34.59463126271875,0.0,0.0,-209.25776342062693,243.85239468334566,0.0,0.0,
Fra_12,19,0.0,32.2507376749882,0.0,0.0,-210.94306645127278,243.19380412626097,2.842170943040401e-14,0.0,
Fra_12,20,0.0,30.373409439634862,0.0,0.0,-213.25976948408453,243.63317892371936,2.842170943040401e-14,0.0,
Fra_12,21,0.0,29.118258615614746,0.0,0.0,-217.54513199036805,246.6633906059828,-2.842170943040401e-14,0.0,
Fra_12,22,0.0,28.480067789435118,0.0,0.0,-224.133677618018,252.6137454074531,0.0,0.0,
Fra_12,23,0.0,28.03811269465226,0.0,0.0,-213.56629152582002,241.6044042204723,-2.842170943040401e-14,0.0,
Fra_12,24,0.0,27.638747396058115,0.0,0.0,-197.38843423497968,225.02718163103782,-2.842170943040401e-14,0.0,
Fra_13,1,0.0,8.967768215883678,0.0,0.0,-591.3829590962874,600.3507273121711,0.0,0.0,
Fra_13,2,0.0,8.7407667742072,0.0,0.0,-564.4417595623934,573.1825263366006,-1.1368683772161603e-13,0.0,
Fra_13,3,0.0,8.622861930776978,0.0,0.0,-550.8025987163733,559.4254606471503,-1.1368683772161603e-13,0.0,
Fra_13,4,0.0,8.644715480055135,0.0,0.0,-565.5875796378015,574.2322951178566,0.0,0.0,
Fra_13,5,0.0,9.00597595654256,0.0,0.0,-611.5832301826433,620.5892061391859,0.0,0.0,
Fra_13,6,245.0,10.4688416692125,0.0,0.0,-423.5469724736361,679.0158141428486,0.0,0.0,
Fra_13,7,245.0,13.746255962532908,0.0,0.0,-461.8498555588418,720.5961115213747,0.0,0.0,
Fra_13,8,192.5,18.451806411999264,0.0,0.0,-532.4233318617689,743.3751382737682,0.0,0.0,
Fra_13,9,0.0,23.416438571656546,0.0,0.0,-729.9050096876268,753.3214482592833,0.0,0.0,
Fra_13,10,0.0,27.614568123954783,0.0,0.0,-729.1083179072814,756.7228860312362,0.0,0.0,
Fra_13,11,0.0,30.201603063902333,0.0,0.0,-728.8272649714196,759.0288680353219,0.0,0.0,
Fra_13,12,0.0,31.36683127256976,0.0,0.0,-718.2748842161598,749.6417154887295,1.1368683772161603e-13,0.0,
Fra_13,13,0.0,31.186360806836916,0.0,0.0,-694.1852565586762,725.3716173655132,-1.1368683772161603e-13,0.0,
Fra_13,14,0.0,29.178301374818446,0.0,0.0,-672.5561258925825,701.734427267401,0.0,0.0,
Fra_13,15,0.0,25.737802491003645,0.0,0.0,-654.2932604922021,680.0310629832056,1.1368683772161603e-13,0.0,
Fra_13,16,0.0,21.210326117881163,0.0,0.0,-646.6924378165882,667.9027639344692,1.1368683772161603e-13,0.0,
Fra_13,17,0.0,16.093297933018935,0.0,0.0,-658.2563658141322,674.3496637471512,-1.1368683772161603e-13,0.0,
Fra_13,18,0.0,12.264044182566034,0.0,0.0,-670.8458379785457,683.1098821611117,0.0,0.0,
Fra_13,19,0.0,10.965743981521246,0.0,0.0,-670.2992117911218,681.264955772643,0.0,0.0,
Fra_13,20,0.0,10.320231416265734,0.0,0.0,-672.1755560917234,682.495787507989,1.1368683772161603e-13,0.0,
Fra_13,21,83.24742392439586,9.893758155437103,0.0,0.0,-597.8432140714386,690.9843961512717,-1.1368683772161603e-13,0.0,
Fra_13,22,350.0,9.676914635548387,0.0,0.0,-347.97636095210305,707.6532755876514,1.1368683772161603e-13,0.0,
Fra_13,23,147.10355299147147,9.5267477975837,0.0,0.0,-520.182228819145,676.8125296082002,1.1368683772161603e-13,0.0,
Fra_13,24,0.0,9.391052056566908,0.0,0.0,-620.983284544212,630.3743366007789,0.0,0.0,
Fra_14,1,0.0,288.7043623442345,0.0,0.0,94.4801137245772,194.22424861965726,2.842170943040401e-14,0.0,
Fra_14,2,0.0,289.3015707247916,0.0,0.0,103.86672333473294,185.43484739005865,0.0,0.0,
Fra_14,3,0.0,288.91359367949497,0.0,0.0,107.92940425516811,180.98418942432693,-5.684341886080802e-14,0.0,
Fra_14,4,0.0,289.2865349607023,0.0,0.0,103.51206850550702,185.77446645519524,2.842170943040401e-14,0.0,
Fra_14,5,0.0,289.45563840286434,0.0,0.0,88.68387819613808,200.77176020672636,-1.1368683772161603e-13,0.0,
Fra_14,6,0.0,289.57273249277745,0.0,0.0,69.89891466764499,219.6738178251324,5.684341886080802e-14,0.0,
Fra_14,7,0.0,289.54970712584844,0.0,0.0,56.42391589863028,233.12579122721812,5.684341886080802e-14,0.0,
Fra_14,8,0.0,293.75266102017645,0.0,0.0,53.25744529824924,240.49521572192717,2.842170943040401e-14,0.0,
Fra_14,9,0.0,298.1131788081257,0.0,0.0,54.40015307017043,243.71302573795526,2.842170943040401e-14,0.0,
Fra_14,10,0.0,300.4519497950353,0.0,0.0,55.63849781383759,244.81345198119783,-1.1368683772161603e-13,0.0,
Fra_14,11,0.0,300.9915457752269,0.0,0.0,55.43206717708929,245.55947859813756,2.842170943040401e-14,0.0,
Fra_14,12,0.0,300.06149205003635,0.0,0.0,57.53892598834676,242.52256606168953,5.684341886080802e-14,0.0,
Fra_14,13,0.0,298.41458897788954,0.0,0.0,63.7438357940012,234.67075318388828,5.684341886080802e-14,0.0,
Fra_14,14,0.0,299.5123804632736,0.0,0.0,72.48868303767475,227.02369742559873,1.1368683772161603e-13,0.0,
Fra_14,15,0.0,299.93730198042937,0.0,0.0,79.93503291136615,220.00226906906303,1.9895196601282805e-13,0.0,
Fra_14,16,0.0,299.7035578211692,0.0,0.0,83.62501144054481,216.07854638062452,-1.1368683772161603e-13,0.0,
Fra_14,17,0.0,301.63713405112793,0.0,0.0,83.47289972997177,218.16423432115607,8.526512829121202e-14,0.0,
Fra_14,18,0.0,300.6059635514107,0.0,0.0,79.6076411517524,220.9983223996583,0.0,0.0,
Fra_14,19,0.0,299.9196527862223,0.0,0.0,79.51819722665792,220.40145555956437,0.0,0.0,
Fra_14,20,0.0,301.93334682924797,0.0,0.0,81.13369508518807,220.79965174405987,2.842170943040401e-14,0.0,
Fra_14,21,0.0,303.0619384378943,0.0,0.0,79.5160692569884,223.5458691809059,0.0,0.0,
Fra_14,22,0.0,305.1769500034959,0.0,0.0,76.23839878428035,228.93855121921564,-8.526512829121202e-14,0.0,
Fra_14,23,0.0,307.0186567464606,0.0,0.0,88.05764106142593,218.9610156850346,5.684341886080802e-14,0.0,
Fra_14,24,0.0,308.9358609863819,0.0,0.0,104.99843523602075,203.9374257503611,5.684341886080802e-14,0.0,
Fra_15,1,0.0,134.05701529051416,0.0,0.0,35.80812907960176,98.24888621091239,0.0,0.0,
Fra_15,2,0.0,134.2825606710868,0.0,0.0,40.47981796391343,93.80274270717335,1.4210854715202004e-14,0.0,
Fra_15,3,0.0,134.08009343153174,0.0,0.0,42.528728660669344,91.55136477086239,0.0,0.0,
Fra_15,4,0.0,134.25762321554456,0.0,0.0,40.283083242464386,93.97453997308014,2.842170943040401e-14,0.0,
Fra_15,5,0.0,134.43779184683493,0.0,0.0,32.87682835692995,101.56096348990502,-4.263256414560601e-14,0.0,
Fra_15,6,0.0,134.91047394157908,0.0,0.0,23.787851074427135,111.12262286715197,-2.842170943040401e-14,0.0,
Fra_15,7,0.0,135.84157226931927,0.0,0.0,17.914230560485198,117.9273417088341,-2.842170943040401e-14,0.0,
Fra_15,8,0.0,139.12012514833367,0.0,0.0,17.46493918850476,121.65518595982894,-2.842170943040401e-14,0.0,
Fra_15,9,0.0,142.5333925741296,0.0,0.0,19.250468304795433,123.28292426933415,2.842170943040401e-14,0.0,
Fra_15,10,0.0,144.7797784413846,0.0,0.0,20.94020044047878,123.83957800090582,0.0,0.0,
Fra_15,11,0.0,145.73351575222105,0.0,0.0,21.51655807437506,124.21695767784595,4.263256414560601e-14,0.0,
Fra_15,12,0.0,145.6068615944606,0.0,0.0,22.926134723769298,122.68072687069133,-1.4210854715202004e-14,0.0,
Fra_15,13,0.0,144.76470419254386,0.0,0.0,26.055839102567337,118.70886508997651,1.4210854715202004e-14,0.0,
Fra_15,14,0.0,144.65672074175038,0.0,0.0,29.816140463707775,114.84058027804262,-1.4210854715202004e-14,0.0,
Fra_15,15,0.0,143.8325403484206,0.0,0.0,32.5437694893463,111.28877085907426,2.842170943040401e-14,0.0,
Fra_15,16,0.0,142.39594358610893,0.0,0.0,33.091998961036396,109.30394462507253,0.0,0.0,
Fra_15,17,0.0,141.80298986572782,0.0,0.0,31.443994089230646,110.35899577649718,0.0,0.0,
Fra_15,18,0.0,140.2540317851588,0.0,0.0,28.461404527961427,111.79262725719731,4.263256414560601e-14,0.0,
Fra_15,19,0.0,139.61326652350726,0.0,0.0,28.122566047709448,111.4907004757979,-8.526512829121202e-14,0.0,
Fra_15,20,0.0,140.39824089635042,0.0,0.0,28.70611175292656,111.69212914342388,-2.842170943040401e-14,0.0,
Fra_15,21,0.0,140.82500066715028,0.0,0.0,27.743689655959344,113.08131101119093,0.0,0.0,
Fra_15,22,0.0,141.74752581133222,0.0,0.0,25.93831131888717,115.80921449244504,1.4210854715202004e-14,0.0,
Fra_15,23,0.0,142.55898959911187,0.0,0.0,31.796939713197183,110.76204988591466,1.4210854715202004e-14,0.0,
Fra_15,24,0.0,143.40806606367647,0.0,0.0,40.24574169330053,103.16232437037594,0.0,0.0,
Fra_16,1,0.0,134.87481199027116,0.0,0.0,-40.79742510903796,175.67223709930914,-2.842170943040401e-14,0.0,
Fra_16,2,0.0,135.07965645336088,0.0,0.0,-32.642729956652126,167.722386410013,0.0,0.0,
Fra_16,3,0.0,134.86643713039763,0.0,0.0,-28.830411547017214,163.69684867741483,0.0,0.0,
Fra_16,4,0.0,135.0447479730732,0.0,0.0,-32.984817593806824,168.02956556688002,0.0,0.0,
Fra_16,5,0.0,135.24316470615696,0.0,0.0,-46.351175406079776,181.59434011223675,0.0,0.0,
Fra_16,6,0.0,135.78808757048404,0.0,0.0,-62.90281371372045,198.6909012842045,-2.842170943040401e-14,0.0,
Fra_16,7,0.0,136.87952332702406,0.0,0.0,-73.9784388558041,210.85796218282815,0.0,0.0,
Fra_16,8,0.0,140.38689183012374,0.0,0.0,-77.13657837408007,217.52347020420382,0.0,0.0,
Fra_16,9,0.0,144.0481988378508,0.0,0.0,-76.38572095281629,220.43391979066706,2.842170943040401e-14,0.0,
Fra_16,10,0.0,146.51679195515547,0.0,0.0,-74.9124429997461,221.4292349549016,-2.842170943040401e-14,0.0,
Fra_16,11,0.0,147.6172965640962,0.0,0.0,-74.48670565423848,222.1040022183347,-2.842170943040401e-14,0.0,
Fra_16,12,0.0,147.56735257554266,0.0,0.0,-71.78981847755733,219.35717105310005,-5.684341886080802e-14,0.0,
Fra_16,13,0.0,146.73645809871283,0.0,0.0,-65.51889357121829,212.2553516699311,2.842170943040401e-14,0.0,
Fra_16,14,0.0,146.5488026185501,0.0,0.0,-58.789928692032554,205.33873131058263,2.842170943040401e-14,0.0,
Fra_16,15,0.0,145.57299728849233,0.0,0.0,-53.41498206505424,198.98797935354654,2.842170943040401e-14,0.0,
Fra_16,16,0.0,143.93081574987684,0.0,0.0,-51.50822907394924,195.4390448238261,-2.842170943040401e-14,0.0,
Fra_16,17,0.0,143.0919183983039,0.0,0.0,-54.233592554279035,197.32551095258293,0.0,0.0,
Fra_16,18,0.0,141.34275705136832,0.0,0.0,-58.54613409923473,199.88889115060306,0.0,0.0,
Fra_16,19,0.0,140.61281974209012,0.0,0.0,-58.7362164017623,199.34903614385246,-2.842170943040401e-14,0.0,
Fra_16,20,0.0,141.33937262386345,0.0,0.0,-58.369824596846705,199.70919722071017,0.0,0.0,
Fra_16,21,0.0,141.72724106553386,0.0,0.0,-60.46585898461447,202.19310005014836,-2.842170943040401e-14,0.0,
Fra_16,22,0.0,142.6299916224763,0.0,0.0,-64.4406894937226,207.0706811161989,0.0,0.0,
Fra_16,23,0.0,143.4277612623315,0.0,0.0,-54.618423682640945,198.04618494497245,0.0,0.0,
Fra_16,24,0.0,144.26446324012267,0.0,0.0,-40.19316274867603,184.4576259887987,0.0,0.0,
Fra_17,1,0.0,12.342405827696567,0.0,0.0,-60.278864592622114,72.62127042031868,0.0,0.0,
Fra_17,2,0.0,12.029982061917158,0.0,0.0,-57.30489395572671,69.33487601764386,0.0,0.0,
Fra_17,3,0.0,11.867708752478881,0.0,0.0,-55.80304737295376,67.67075612543265,0.0,0.0,
Fra_17,4,0.0,11.904405587857479,0.0,0.0,-57.55745543883888,69.46186102669635,0.0,0.0,
Fra_17,5,0.0,12.481889686633515,0.0,0.0,-62.58752308935903,75.06941277599255,0.0,0.0,
Fra_17,6,0.0,14.829341738834188,0.0,0.0,-67.3076305595268,82.13697229836097,1.4210854715202004e-14,0.0,
Fra_17,7,0.0,20.09684468410549,0.0,0.0,-67.06987752994614,87.16672221405163,0.0,0.0,
Fra_17,8,0.0,27.66725398309939,0.0,0.0,-62.254927309187124,89.92218129228651,0.0,0.0,
Fra_17,9,0.0,35.61828780470911,0.0,0.0,-55.50704630189359,91.1253341066027,1.4210854715202004e-14,0.0,
Fra_17,10,0.0,42.27366050909836,0.0,0.0,-49.2631276376465,91.53678814674487,0.0,0.0,
Fra_17,11,0.0,46.32120912555533,0.0,0.0,-45.4945215377629,91.81573066331822,0.0,0.0,
Fra_17,12,0.0,48.086340519704805,0.0,0.0,-42.593875664244074,90.68021618394889,0.0,0.0,
Fra_17,13,0.0,47.68653386147792,0.0,0.0,-40.05785618160036,87.74439004307828,0.0,0.0,
Fra_17,14,0.0,44.357736984986495,0.0,0.0,-40.52738647274639,84.88512345773289,0.0,0.0,
Fra_17,15,0.0,38.73694809908944,0.0,0.0,-43.5228335126034,82.25978161169284,-1.4210854715202004e-14,0.0,
Fra_17,16,0.0,31.37343091004148,0.0,0.0,-49.41925414477687,80.79268505481835,0.0,0.0,
Fra_17,17,0.0,23.125289259388683,0.0,0.0,-58.44724336347639,81.57253262286507,0.0,0.0,
Fra_17,18,0.0,17.04115864892504,0.0,0.0,-65.59105152814155,82.63221017706661,-2.842170943040401e-14,0.0,
Fra_17,19,0.0,15.094663663761972,0.0,0.0,-67.31437547000064,82.40903913376262,0.0,0.0,
Fra_17,20,0.0,14.203810949271261,0.0,0.0,-68.35411542694487,82.55792637621614,-1.4210854715202004e-14,0.0,
Fra_17,21,0.0,13.616852641128887,0.0,0.0,-69.9678960836434,83.58474872477228,0.0,0.0,
Fra_17,22,0.0,13.318409298354666,0.0,0.0,-72.28268611524837,85.60109541360305,-1.4210854715202004e-14,0.0,
Fra_17,23,0.0,13.111733566845533,0.0,0.0,-68.75871898776504,81.87045255461058,-1.4210854715202004e-14,0.0,
Fra_17,24,0.0,12.924974513265976,0.0,0.0,-63.32809403762819,76.25306855089417,0.0,0.0,
Fra_18,1,0.0,7.436660539747576,0.0,0.0,-48.86837930386941,56.30503984361699,0.0,0.0,
Fra_18,2,0.0,7.248416082136455,0.0,0.0,-46.50860213209476,53.757018214231216,-7.105427357601002e-15,0.0,
Fra_18,3,0.0,7.150641666532176,0.0,0.0,-45.31614386114316,52.466785527675334,0.0,0.0,
Fra_18,4,0.0,7.179127332498409,0.0,0.0,-46.676345452313306,53.85547278481171,7.105427357601002e-15,0.0,
Fra_18,5,0.0,7.604387223590725,0.0,0.0,-50.59875701948464,58.203144243075364,0.0,0.0,
Fra_18,6,0.0,9.34053534016015,0.0,0.0,-54.34225995006558,63.68279529022573,7.105427357601002e-15,0.0,
Fra_18,7,0.0,13.243137512344536,0.0,0.0,-54.339345400629725,67.58248291297427,-1.4210854715202004e-14,0.0,
Fra_18,8,0.0,18.858180227504416,0.0,0.0,-50.86067722545674,69.71885745296115,1.4210854715202004e-14,0.0,
Fra_18,9,0.0,24.725719157138084,0.0,0.0,-45.92597197879151,70.65169113592958,1.4210854715202004e-14,0.0,
Fra_18,10,0.0,29.58077149667047,0.0,0.0,-41.389929978653285,70.97070147532375,0.0,0.0,
Fra_18,11,0.0,32.48851554044302,0.0,0.0,-38.69845686237676,71.18697240281978,0.0,0.0,
Fra_18,12,0.0,33.70750653196379,0.0,0.0,-36.59907383648577,70.30658036844956,0.0,0.0,
Fra_18,13,0.0,33.32078922559995,0.0,0.0,-34.709573625875365,68.03036285147532,0.0,0.0,
Fra_18,14,0.0,30.770906664689775,0.0,0.0,-35.04259715802431,65.8135038227141,-1.4210854715202004e-14,0.0,
Fra_18,15,0.0,26.531373912401193,0.0,0.0,-37.246638429802495,63.778012342203695,-7.105427357601002e-15,0.0,
Fra_18,16,0.0,21.004210066922585,0.0,0.0,-41.63632657964608,62.64053664656866,0.0,0.0,
Fra_18,17,0.0,14.873522843799268,0.0,0.0,-48.3716486175651,63.24517146136437,-7.105427357601002e-15,0.0,
Fra_18,18,0.0,10.42386501729814,0.0,0.0,-53.642900263141186,64.06676528043933,0.0,0.0,
Fra_18,19,0.0,9.09731552434457,0.0,0.0,-54.796419810289,63.893735334633575,0.0,0.0,
Fra_18,20,0.0,8.558211573585359,0.0,0.0,-55.450959666672446,64.0091712402578,0.0,0.0,
Fra_18,21,0.0,8.204552023771802,0.0,0.0,-56.600739594347004,64.80529161811882,-1.4210854715202004e-14,0.0,
Fra_18,22,0.0,8.02473117996362,0.0,0.0,-58.34388313956301,66.36861431952663,0.0,0.0,
Fra_18,23,0.0,7.900203006243353,0.0,0.0,-55.5759530348461,63.47615604108945,0.0,0.0,
Fra_18,24,0.0,7.787675213559771,0.0,0.0,-51.33318618292297,59.12086139648275,-7.105427357601002e-15,0.0,
Fra_19,1,0.0,4.305366055288017,0.0,0.0,-460.57041437544643,464.87578043073444,0.0,0.0,
Fra_19,2,0.0,4.196384168382831,0.0,0.0,-439.6419625476256,443.8383467160084,5.684341886080802e-14,0.0,
Fra_19,3,0.0,4.139778834877509,0.0,0.0,-429.04591709239514,433.1856959272726,5.684341886080802e-14,0.0,
Fra_19,4,0.0,4.153243044327443,0.0,0.0,-440.49798197640644,444.65122502073393,-5.684341886080802e-14,0.0,
Fra_19,5,0.0,4.362729938020024,0.0,0.0,-476.18452087064105,480.5472508086611,0.0,0.0,
Fra_19,6,0.0,5.215065188632398,0.0,0.0,-520.5742645548312,525.7893297434637,-1.1368683772161603e-13,0.0,
Fra_19,7,0.0,7.128349867922833,0.0,0.0,-550.8582810779981,557.986630945921,-1.1368683772161603e-13,0.0,
Fra_19,8,0.0,9.87875701930794,0.0,0.0,-565.7465930240003,575.6253500433082,0.0,0.0,
Fra_19,9,0.0,12.764346241583489,0.0,0.0,-570.5628327603129,583.3271790018964,-1.1368683772161603e-13,0.0,
Fra_19,10,0.0,15.17385122151586,0.0,0.0,-570.7871982279146,585.9610494494304,0.0,0.0,
Fra_19,11,0.0,16.634547898704216,0.0,0.0,-571.1121164172362,587.7466643159403,1.1368683772161603e-13,0.0,
Fra_19,12,0.0,17.266449539052136,0.0,0.0,-563.2113639741966,580.4778135132489,-1.1368683772161603e-13,0.0,
Fra_19,13,0.0,17.111811854793697,0.0,0.0,-544.5726858634133,561.684497718207,0.0,0.0,
Fra_19,14,0.0,15.894009185316683,0.0,0.0,-527.4872589470021,543.3812681323188,0.0,0.0,
Fra_19,15,0.0,13.844578509446725,0.0,0.0,-512.7308993563078,526.5754778657545,0.0,0.0,
Fra_19,16,0.0,11.16251364007854,0.0,0.0,-506.021533135351,517.1840467754296,-1.1368683772161603e-13,0.0,
Fra_19,17,0.0,8.164530340362177,0.0,0.0,-514.0116109648719,522.1761413052341,0.0,0.0,
Fra_19,18,0.0,5.960659048054717,0.0,0.0,-522.9988726765866,528.9595317246412,1.1368683772161603e-13,0.0,
Fra_19,19,0.0,5.2656716795830985,0.0,0.0,-522.2652591361921,527.5309308157753,-1.1368683772161603e-13,0.0,
Fra_19,20,0.0,4.954674669625047,0.0,0.0,-523.529338798535,528.48401346816,1.1368683772161603e-13,0.0,
Fra_19,21,0.0,4.749927685040026,0.0,0.0,-530.3071578030114,535.0570854880514,0.0,0.0,
Fra_19,22,0.0,4.645822549028093,0.0,0.0,-543.3186485460762,547.9644710951044,0.0,0.0,
Fra_19,23,0.0,4.573728445875653,0.0,0.0,-519.5095092234743,524.08323766935,0.0,0.0,
Fra_19,24,0.0,4.508581820410235,0.0,0.0,-483.6156901410615,488.1242719614718,0.0,0.0,
Fra_20,1,0.0,7.893222846891,0.0,0.0,-60.83458882461582,68.72781167150683,0.0,0.0,
Fra_20,2,0.0,7.693421411061694,0.0,0.0,-57.924189980581495,65.61761139164318,1.4210854715202004e-14,0.0,
Fra_20,3,0.0,7.589644285971175,0.0,0.0,-56.45306600729213,64.04271029326331,-1.4210854715202004e-14,0.0,
Fra_20,4,0.0,7.610269974774423,0.0,0.0,-58.12751835314034,65.73778832791476,0.0,0.0,
Fra_20,5,0.0,7.945108608850569,0.0,0.0,-63.09959267078291,71.04470127963347,1.4210854715202004e-14,0.0,
Fra_20,6,0.0,9.30287914789885,0.0,0.0,-68.43046716671049,77.73334631460934,0.0,0.0,
Fra_20,7,0.0,12.346571850980459,0.0,0.0,-70.14686338743329,82.49343523841374,0.0,0.0,
Fra_20,8,0.0,16.718150318831327,0.0,0.0,-68.38301501713363,85.10116533596496,0.0,0.0,
Fra_20,9,0.0,21.322818799490708,0.0,0.0,-64.91699447743936,86.23981327693008,-1.4210854715202004e-14,0.0,
Fra_20,10,0.0,25.202257670102487,0.0,0.0,-61.426950278921595,86.62920794902408,0.0,0.0,
Fra_20,11,0.0,27.581617105840834,0.0,0.0,-59.31157835862152,86.89319546446235,0.0,0.0,
Fra_20,12,0.0,28.64113617293964,0.0,0.0,-57.17742337787544,85.81855955081508,0.0,0.0,
Fra_20,13,0.0,28.45047806363908,0.0,0.0,-54.58965438252446,83.04013244616354,0.0,0.0,
Fra_20,14,0.0,26.56431245998177,0.0,0.0,-53.769847834236764,80.33416029421853,0.0,0.0,
Fra_20,15,0.0,23.35001066404167,0.0,0.0,-54.49956076353149,77.84957142757315,0.0,0.0,
Fra_20,16,0.0,19.12714513509355,0.0,0.0,-57.33398547780922,76.46113061290276,0.0,0.0,
Fra_20,17,0.0,14.369987140822207,0.0,0.0,-62.82918091591743,77.19916805673964,0.0,0.0,
Fra_20,18,0.0,10.828576447276506,0.0,0.0,-67.37345645823488,78.2020329055114,-1.4210854715202004e-14,0.0,
Fra_20,19,0.0,9.65230535471259,0.0,0.0,-68.33852142143813,77.99082677615073,0.0,0.0,
Fra_20,20,0.0,9.083629777115501,0.0,0.0,-69.04810191987193,78.13173169698743,0.0,0.0,
Fra_20,21,0.0,8.708257844553913,0.0,0.0,-70.3952449682954,79.10350281284931,0.0,0.0,
Fra_20,22,0.0,8.517397177308487,0.0,0.0,-72.49434952458816,81.01174670189664,0.0,0.0,
Fra_20,23,0.0,8.385223788374455,0.0,0.0,-69.0958917590065,77.48111554738095,1.4210854715202004e-14,0.0,
Fra_20,24,0.0,8.265787525367294,0.0,0.0,-63.899109954504645,72.16489747987194,0.0,0.0,
Fra_21,1,0.0,1.5814135301650154,0.0,0.0,-108.59822659964712,110.17964012981213,0.0,0.0,
Fra_21,2,0.0,1.5413831521944612,0.0,0.0,-103.65220054379867,105.19358369599314,-1.4210854715202004e-14,0.0,
Fra_21,3,0.0,1.5205913219214295,0.0,0.0,-101.14822063990229,102.6688119618237,1.4210854715202004e-14,0.0,
Fra_21,4,0.0,1.5303917417311639,0.0,0.0,-103.8558512470326,105.38624298876377,0.0,0.0,
Fra_21,5,0.0,1.6662153274374631,0.0,0.0,-112.22770082885448,113.89391615629194,0.0,0.0,
Fra_21,6,0.0,2.2243173829684,0.0,0.0,-122.39236856602479,124.61668594899318,0.0,0.0,
Fra_21,7,0.0,3.4821091708408702,0.0,0.0,-128.76561975559235,132.24772892643324,-2.842170943040401e-14,0.0,
Fra_21,8,0.0,5.294800819098971,0.0,0.0,-131.13345934666933,136.42826016576834,-2.842170943040401e-14,0.0,
Fra_21,9,0.0,7.174783666326712,0.0,0.0,-131.07887756080117,138.25366122712788,0.0,0.0,
Fra_21,10,0.0,8.70335201429607,0.0,0.0,-130.17455962611203,138.87791164040812,-2.842170943040401e-14,0.0,
Fra_21,11,0.0,9.597045481615327,0.0,0.0,-129.70407255431678,139.30111803593212,0.0,0.0,
Fra_21,12,0.0,9.947535788207114,0.0,0.0,-127.63080080951845,137.57833659772555,0.0,0.0,
Fra_21,13,0.0,9.779680975737529,0.0,0.0,-123.3444748315303,133.12415580726784,0.0,0.0,
Fra_21,14,0.0,8.917929299820273,0.0,0.0,-119.86820044999638,128.78612974981664,2.842170943040401e-14,0.0,
Fra_21,15,0.0,7.515644235542977,0.0,0.0,-117.28736571837572,124.8030099539187,0.0,0.0,
Fra_21,16,0.0,5.700045049249703,0.0,0.0,-116.87711330862075,122.57715835787046,0.0,0.0,
Fra_21,17,0.0,3.7147055322911835,0.0,0.0,-120.04562304425194,123.76032857654313,-1.4210854715202004e-14,0.0,
Fra_21,18,0.0,2.3082807373728818,0.0,0.0,-123.05977090570173,125.36805164307461,0.0,0.0,
Fra_21,19,0.0,1.9359269383824187,0.0,0.0,-123.09353375060516,125.02946068898757,1.4210854715202004e-14,0.0,
Fra_21,20,0.0,1.8199125137076788,0.0,0.0,-123.4354371290052,125.25534964271287,0.0,0.0,
Fra_21,21,0.0,1.7447064458553183,0.0,0.0,-125.06851895676041,126.81322540261574,-1.4210854715202004e-14,0.0,
Fra_21,22,0.0,1.7064673580437886,0.0,0.0,-128.1659217202621,129.8723890783059,0.0,0.0,
Fra_21,23,0.0,1.6799863135271786,0.0,0.0,-122.5323408397034,124.21232715323058,0.0,0.0,
Fra_21,24,0.0,1.656057162409107,0.0,0.0,-114.03367950984762,115.68973667225673,0.0,0.0,
Fra_22,1,0.0,4.172382343878671,0.0,0.0,-172.3247546500076,176.49713699388627,0.0,0.0,
Fra_22,2,0.0,4.066766678477287,0.0,0.0,-164.44318970361746,168.50995638209477,-2.842170943040401e-14,0.0,
Fra_22,3,0.0,4.011909764790032,0.0,0.0,-160.45360626408726,164.4655160288773,0.0,0.0,
Fra_22,4,0.0,4.031441465065194,0.0,0.0,-164.78713648766842,168.8185779527336,2.842170943040401e-14,0.0,
Fra_22,5,0.0,4.313083884508153,0.0,0.0,-178.13396439885355,182.4470482833617,0.0,0.0,
Fra_22,6,0.0,5.466314171391007,0.0,0.0,-194.15757519464745,199.62388936603847,0.0,0.0,
Fra_22,7,0.0,8.061697102398432,0.0,0.0,-203.78638573721307,211.84808283961146,2.842170943040401e-14,0.0,
Fra_22,8,0.0,11.798753321831867,0.0,0.0,-206.7461366047044,218.54488992653629,-2.842170943040401e-14,0.0,
Fra_22,9,0.0,15.690369543130673,0.0,0.0,-205.77863649792528,221.46900604105593,2.842170943040401e-14,0.0,
Fra_22,10,0.0,18.884843914007718,0.0,0.0,-203.58415096873802,222.46899488274573,0.0,0.0,
Fra_22,11,0.0,20.777391505579036,0.0,0.0,-202.36953912899423,223.14693063457324,2.842170943040401e-14,0.0,
Fra_22,12,0.0,21.547871482309578,0.0,0.0,-198.83932975805416,220.38720124036377,-2.842170943040401e-14,0.0,
Fra_22,13,0.0,21.2497033910197,0.0,0.0,-192.00233062386826,213.25203401488795,0.0,0.0,
Fra_22,14,0.0,19.51605835696634,0.0,0.0,-186.78687709086392,206.30293544783027,0.0,0.0,
Fra_22,15,0.0,16.66255520891502,0.0,0.0,-183.25980720880384,199.92236241771886,0.0,0.0,
Fra_22,16,0.0,12.954323935159206,0.0,0.0,-183.40243930640577,196.356763241565,-2.842170943040401e-14,0.0,
Fra_22,17,0.0,8.868219545423653,0.0,0.0,-189.3838680584838,198.25208760390746,0.0,0.0,
Fra_22,18,0.0,5.93527460659878,0.0,0.0,-194.8922299980133,200.82750460461207,0.0,0.0,
Fra_22,19,0.0,5.1054051347396205,0.0,0.0,-195.17970947896322,200.28511461370283,0.0,0.0,
Fra_22,20,0.0,4.80163517938627,0.0,0.0,-195.8453317108723,200.64696689025857,0.0,0.0,
Fra_22,21,0.0,4.60321239895958,0.0,0.0,-198.53932092345536,203.14253332241495,0.0,0.0,
Fra_22,22,0.0,4.502322851862936,0.0,0.0,-203.54069507659048,208.04301792845345,-2.842170943040401e-14,0.0,
Fra_22,23,0.0,4.432455584079387,0.0,0.0,-194.54369006373395,198.97614564781333,0.0,0.0,
Fra_22,24,0.0,4.369321200994508,0.0,0.0,-180.95445802148842,185.3237792224829,2.842170943040401e-14,0.0,
Fra_23,1,0.0,45.000747718617816,0.0,0.0,-112.22361090833036,157.22435862694817,0.0,0.0,
Fra_23,2,0.0,40.29569319819356,0.0,0.0,-109.81365285509449,150.10934605328805,0.0,0.0,
Fra_23,3,0.0,32.3346421596011,0.0,0.0,-114.17190018043694,146.50654234003807,-2.842170943040401e-14,0.0,
Fra_23,4,0.0,30.637368080245913,0.0,0.0,-119.7468993079067,150.38426738815264,-2.842170943040401e-14,0.0,
Fra_23,5,0.0,43.98694513133978,0.0,0.0,-118.53761837319472,162.5245635045345,0.0,0.0,
Fra_23,6,0.0,47.003643072347884,0.0,0.0,-130.82211946837504,177.8257625407229,0.0,0.0,
Fra_23,7,0.0,69.07942703393589,0.0,0.0,-119.63569615789386,188.71512319182978,-2.842170943040401e-14,0.0,
Fra_23,8,0.0,82.44111057011594,0.0,0.0,-112.23955527596449,194.68066584608042,2.842170943040401e-14,0.0,
Fra_23,9,0.0,116.08652156498076,0.0,0.0,-81.19895866215109,197.28548022713187,-2.842170943040401e-14,0.0,
Fra_23,10,0.0,85.8334622868666,0.0,0.0,-112.34281201741919,198.1762743042858,0.0,0.0,
Fra_23,11,0.0,133.092597686704,0.0,0.0,-65.68758450859224,198.78018219529628,-2.842170943040401e-14,0.0,
Fra_23,12,0.0,85.49180923972288,0.0,0.0,-110.82999492531923,196.32180416504212,0.0,0.0,
Fra_23,13,0.0,110.74754575116687,0.0,0.0,-79.21822278730127,189.9657685384681,2.842170943040401e-14,0.0,
Fra_23,14,0.0,54.09764113021305,0.0,0.0,-129.6778424900417,183.77548362025476,0.0,0.0,
Fra_23,15,0.0,62.28819075467233,0.0,0.0,-115.80345277946012,178.09164353413246,0.0,0.0,
Fra_23,16,0.0,51.45335874478404,0.0,0.0,-123.46203472014199,174.915393464926,0.0,0.0,
Fra_23,17,0.0,45.88215623410333,0.0,0.0,-130.7215997863561,176.60375602045943,0.0,0.0,
Fra_23,18,0.0,58.80690519774383,0.0,0.0,-120.09104263244873,178.89794783019255,0.0,0.0,
Fra_23,19,0.0,55.06962006479361,0.0,0.0,-123.34516458270477,178.41478464749838,0.0,0.0,
Fra_23,20,0.0,21.267906808755445,0.0,0.0,-157.46921730026713,178.73712410902255,2.842170943040401e-14,0.0,
Fra_23,21,0.0,35.93721122990867,0.0,0.0,-145.02297348162284,180.9601847115315,0.0,0.0,
Fra_23,22,0.0,29.441332544515795,0.0,0.0,-155.88422353942684,185.32555608394264,0.0,0.0,
Fra_23,23,0.0,26.44204775188677,0.0,0.0,-150.80670208264075,177.24874983452753,0.0,0.0,
Fra_23,24,0.0,19.692198600022596,0.0,0.0,-145.3949683809711,165.0871669809937,2.842170943040401e-14,0.0,
Fra_24,1,0.0,9.8515174679363,0.0,0.0,-1014.7058068980963,1024.5573243660324,2.2737367544323206e-13,0.0,
Fra_24,2,0.0,9.602145649431716,0.0,0.0,-968.5899824520925,978.1921281015243,-1.1368683772161603e-13,0.0,
Fra_24,3,0.0,9.472621603242631,0.0,0.0,-945.241726306334,954.7143479095766,0.0,0.0,
Fra_24,4,0.0,9.493689551674473,0.0,0.0,-970.4899718066545,979.983661358329,0.0,0.0,
Fra_24,5,0.0,9.854906447282021,0.0,0.0,-1049.2413645259774,1059.0962709732594,0.0,0.0,
Fra_24,6,0.0,11.313588973434902,0.0,0.0,-1147.4934118194105,1158.8070007928454,0.0,0.0,
Fra_24,7,0.0,14.57796571553417,0.0,0.0,-1215.189885610827,1229.7678513263613,0.0,0.0,
Fra_24,8,0.0,19.26142861433558,0.0,0.0,-1249.3810632168902,1268.6424918312257,0.0,0.0,
Fra_24,9,0.0,24.218827181142,0.0,0.0,-1261.3980169452807,1285.6168441264226,0.0,0.0,
Fra_24,10,0.0,28.441068463852552,0.0,0.0,-1262.9806624130736,1291.4217308769262,0.0,0.0,
Fra_24,11,0.0,31.066816939451908,0.0,0.0,-1264.2902981131879,1295.3571150526395,2.2737367544323206e-13,0.0,
Fra_24,12,0.0,32.275202881649115,0.0,0.0,-1247.0618168183757,1279.337019700025,0.0,0.0,
Fra_24,13,0.0,32.144181811113036,0.0,0.0,-1205.7735380297254,1237.9177198408386,-2.2737367544323206e-13,0.0,
Fra_24,14,0.0,30.189141254875977,0.0,0.0,-1167.3893982690197,1197.5785395238959,-2.2737367544323206e-13,0.0,
Fra_24,15,0.0,26.80281130636635,0.0,0.0,-1133.7368110826897,1160.5396223890561,-2.2737367544323206e-13,0.0,
Fra_24,16,0.0,22.331929226670187,0.0,0.0,-1117.5095627909654,1139.8414920176356,0.0,0.0,
Fra_24,17,0.0,17.245907266418605,0.0,0.0,-1133.5978507967825,1150.8437580632012,-2.2737367544323206e-13,0.0,
Fra_24,18,0.0,13.400673932578439,0.0,0.0,-1152.3932549736778,1165.7939289062563,0.0,0.0,
Fra_24,19,0.0,12.04530982536319,0.0,0.0,-1150.6000714765878,1162.645381301951,0.0,0.0,
Fra_24,20,0.0,11.337262251092692,0.0,0.0,-1153.408653975096,1164.745916226189,-2.2737367544323206e-13,0.0,
Fra_24,21,0.0,10.868761206293218,0.0,0.0,-1168.3637971833682,1179.2325583896613,0.0,0.0,
Fra_24,22,0.0,10.630548345237244,0.0,0.0,-1197.0490856263564,1207.6796339715938,-2.2737367544323206e-13,0.0,
Fra_24,23,0.0,10.465582972393014,0.0,0.0,-1144.5812969362103,1155.0468799086032,2.2737367544323206e-13,0.0,
Fra_24,24,0.0,10.31651478387943,0.0,0.0,-1065.4790398384348,1075.795554622314,2.2737367544323206e-13,0.0,
Fra_25,1,0.0,11.226814754681694,0.0,0.0,-88.91515870344094,100.14197345812264,0.0,0.0,
Fra_25,2,0.0,10.942629986142116,0.0,0.0,-84.66753042133051,95.61016040747262,0.0,0.0,
Fra_25,3,0.0,10.795024048521391,0.0,0.0,-82.5203782376402,93.31540228616159,1.4210854715202004e-14,0.0,
Fra_25,4,0.0,10.832522112725709,0.0,0.0,-84.95274579882268,95.78526791154839,0.0,0.0,
Fra_25,5,0.0,11.407751380761155,0.0,0.0,-92.11011739542249,103.51786877618366,-1.4210854715202004e-14,0.0,
Fra_25,6,0.0,13.750871049309918,0.0,0.0,-99.51289385353662,113.26376490284655,0.0,0.0,
Fra_25,7,0.0,19.013057279494756,0.0,0.0,-101.18654170671093,120.19959898620569,0.0,0.0,
Fra_25,8,0.0,26.57986745342884,0.0,0.0,-97.41940493810932,123.99927239153814,2.842170943040401e-14,0.0,
Fra_25,9,0.0,34.507859478760665,0.0,0.0,-91.1505149430775,125.65837442183816,0.0,0.0,
Fra_25,10,0.0,41.10754810443075,0.0,0.0,-85.11820581006393,126.22575391449467,0.0,0.0,
Fra_25,11,0.0,45.092214936317276,0.0,0.0,-81.5181901131597,126.61040504947697,1.4210854715202004e-14,0.0,
Fra_25,12,0.0,46.798222154813686,0.0,0.0,-78.24635155907566,125.04457371388935,0.0,0.0,
Fra_25,13,0.0,46.34035049480222,0.0,0.0,-74.65583048545534,120.99618098025756,0.0,0.0,
Fra_25,14,0.0,42.96088506974743,0.0,0.0,-74.09247589590403,117.05336096565146,-1.4210854715202004e-14,0.0,
Fra_25,15,0.0,37.29719799840028,0.0,0.0,-76.1359162827332,113.43311428113348,0.0,0.0,
Fra_25,16,0.0,29.894819638794417,0.0,0.0,-81.51522421670903,111.41004385550346,-1.4210854715202004e-14,0.0,
Fra_25,17,0.0,21.642224378537097,0.0,0.0,-90.84319965151734,112.48542403005443,0.0,0.0,
Fra_25,18,0.0,15.601683645809736,0.0,0.0,-98.34499548062108,113.94667912643081,0.0,0.0,
Fra_25,19,0.0,13.731815797570322,0.0,0.0,-99.90711893708908,113.63893473465939,1.4210854715202004e-14,0.0,
Fra_25,20,0.0,12.919973347509696,0.0,0.0,-100.92427123914949,113.84424458665919,0.0,0.0,
Fra_25,21,0.0,12.386068346634707,0.0,0.0,-102.87412525579036,115.26019360242506,0.0,0.0,
Fra_25,22,0.0,12.114600354829138,0.0,0.0,-105.92605874243759,118.04065909726674,-1.4210854715202004e-14,0.0,
Fra_25,23,0.0,11.92660538980096,0.0,0.0,-100.96963890991867,112.89624429971963,0.0,0.0,
Fra_25,24,0.0,11.756726897101242,0.0,0.0,-93.39335823260669,105.15008512970792,1.4210854715202004e-14,0.0,
Fra_26,1,0.0,6.588452417262602,0.0,0.0,-50.30006193938819,56.88851435665079,7.105427357601002e-15,0.0,
Fra_26,2,0.0,6.421678682579484,0.0,0.0,-47.89240955791961,54.314088240499096,0.0,0.0,
Fra_26,3,0.0,6.335056188330699,0.0,0.0,-46.67542901918209,53.01048520751279,0.0,0.0,
Fra_26,4,0.0,6.357812433587084,0.0,0.0,-48.055750636651986,54.41356307023907,0.0,0.0,
Fra_26,5,0.0,6.704487342541693,0.0,0.0,-52.101800976775976,58.80628831931767,0.0,0.0,
Fra_26,6,0.0,8.117425724439707,0.0,0.0,-56.22529784349966,64.34272356793937,0.0,0.0,
Fra_26,7,0.0,11.291339170793217,0.0,0.0,-56.99148347050348,68.2828226412967,0.0,0.0,
Fra_26,8,0.0,15.855968596512824,0.0,0.0,-54.585367279598785,70.4413358761116,1.4210854715202004e-14,0.0,
Fra_26,9,0.0,20.63528402699038,0.0,0.0,-50.7485522454145,71.38383627240488,0.0,0.0,
Fra_26,10,0.0,24.607793010057495,0.0,0.0,-47.09835942308449,71.70615243314198,0.0,0.0,
Fra_26,11,0.0,27.001407575479675,0.0,0.0,-44.923256944643434,71.92466452012312,0.0,0.0,
Fra_26,12,0.0,28.020878671220654,0.0,0.0,-43.01427054039977,71.03514921162042,0.0,0.0,
Fra_26,13,0.0,27.735008754288195,0.0,0.0,-41.00033508905792,68.73534384334612,0.0,0.0,
Fra_26,14,0.0,25.687702019860875,0.0,0.0,-40.80781006002985,66.49551207989072,1.4210854715202004e-14,0.0,
Fra_26,15,0.0,22.26356132847485,0.0,0.0,-42.175366001037034,64.43892732951188,0.0,0.0,
Fra_26,16,0.0,17.791098471160407,0.0,0.0,-45.49856579733243,63.289664268492835,7.105427357601002e-15,0.0,
Fra_26,17,0.0,12.811384604896988,0.0,0.0,-51.089180152034736,63.90056475693173,-7.105427357601002e-15,0.0,
Fra_26,18,0.0,9.174217161679413,0.0,0.0,-55.55645537781663,64.73067253949604,0.0,0.0,
Fra_26,19,0.0,8.058786819866276,0.0,0.0,-56.4970627094083,64.55584952927458,-1.4210854715202004e-14,0.0,
Fra_26,20,0.0,7.582081961125407,0.0,0.0,-57.09039970610016,64.67248166722555,1.4210854715202004e-14,0.0,
Fra_26,21,0.0,7.2687599930991205,0.0,0.0,-58.20809204081756,65.47685203391669,0.0,0.0,
Fra_26,22,0.0,7.109449094513662,0.0,0.0,-59.94692594818036,67.05637504269401,0.0,0.0,
Fra_26,23,0.0,6.999124313278933,0.0,0.0,-57.134818656621846,64.13394296990077,0.0,0.0,
Fra_26,24,0.0,6.899431177663448,0.0,0.0,-52.83408435971434,59.733515537377784,0.0,0.0,
Fra_27,1,0.0,14.783122871805016,0.0,0.0,-190.20729404548743,204.99041691729246,-2.842170943040401e-14,0.0,
Fra_27,2,0.0,14.408917147081167,0.0,0.0,-181.3048876308225,195.71380477790368,-2.842170943040401e-14,0.0,
Fra_27,3,0.0,14.214554207980811,0.0,0.0,-176.80188534165916,191.01643954963995,2.842170943040401e-14,0.0,
Fra_27,4,0.0,14.255798742923474,0.0,0.0,-181.81645074129355,196.07224948421702,0.0,0.0,
Fra_27,5,0.0,14.914626184168757,0.0,0.0,-196.9862416142206,211.90086779838936,0.0,0.0,
Fra_27,6,0.0,17.589556325598824,0.0,0.0,-214.2611411121345,231.85069743773332,2.842170943040401e-14,0.0,
Fra_27,7,0.0,23.58899735519398,0.0,0.0,-222.45933840860565,246.04833576379963,0.0,0.0,
Fra_27,8,0.0,32.20868264899153,0.0,0.0,-221.6175768825514,253.82625953154292,0.0,0.0,
Fra_27,9,0.0,41.27441921150063,0.0,0.0,-215.94801881698146,257.2224380284821,0.0,0.0,
Fra_27,10,0.0,48.88679202139366,0.0,0.0,-209.49707067981683,258.38386270121055,-5.684341886080802e-14,0.0,
Fra_27,11,0.0,53.53544099831829,0.0,0.0,-205.63580179742075,259.17124279573903,0.0,0.0,
Fra_27,12,0.0,55.58356641504218,0.0,0.0,-200.3824228069944,255.96598922203657,2.842170943040401e-14,0.0,
Fra_27,13,0.0,55.16666874569286,0.0,0.0,-192.51226874713888,247.67893749283175,-2.842170943040401e-14,0.0,
Fra_27,14,0.0,51.4108664335675,0.0,0.0,-188.19712647215823,239.60799290572572,0.0,0.0,
Fra_27,15,0.0,45.04100189099282,0.0,0.0,-187.15635338122226,232.19735527221508,0.0,0.0,
Fra_27,16,0.0,36.68475222473784,0.0,0.0,-191.3713819822027,228.05613420694053,2.842170943040401e-14,0.0,
Fra_27,17,0.0,27.29890878547909,0.0,0.0,-202.95852646150917,230.25743524698822,2.842170943040401e-14,0.0,
Fra_27,18,0.0,20.344731037897027,0.0,0.0,-212.90389043285757,233.2486214707546,-2.842170943040401e-14,0.0,
Fra_27,19,0.0,18.078647021967306,0.0,0.0,-214.54002230190292,232.61866932387022,0.0,0.0,
Fra_27,20,0.0,17.012621805043494,0.0,0.0,-216.0263163701917,233.03893817523522,-2.842170943040401e-14,0.0,
Fra_27,21,0.0,16.309592192257305,0.0,0.0,-219.62779075146307,235.93738294372037,0.0,0.0,
Fra_27,22,0.0,15.9521315263146,0.0,0.0,-225.6768586559039,241.62899018221853,-2.842170943040401e-14,0.0,
Fra_27,23,0.0,15.704585563544235,0.0,0.0,-215.39379794368534,231.09838350722956,2.842170943040401e-14,0.0,
Fra_27,24,0.0,15.480894811916777,0.0,0.0,-199.7611165574856,215.24201136940235,2.842170943040401e-14,0.0,
Fra_28,1,0.0,4.707556459672363,0.0,0.0,-238.47304705111804,243.18060351079043,-2.842170943040401e-14,0.0,
Fra_28,2,0.0,4.588393912492975,0.0,0.0,-227.58734326104678,232.17573717353974,0.0,0.0,
Fra_28,3,0.0,4.526500730827831,0.0,0.0,-222.07674125831187,226.60324198913972,-2.842170943040401e-14,0.0,
Fra_28,4,0.0,4.541346108943097,0.0,0.0,-228.05961484489512,232.60096095383824,-2.842170943040401e-14,0.0,
Fra_28,5,0.0,4.771898901502015,0.0,0.0,-246.60658839853326,251.37848730003532,-2.842170943040401e-14,0.0,
Fra_28,6,0.0,5.710083831076522,0.0,0.0,-269.3349322979163,275.04501612899276,5.684341886080802e-14,0.0,
Fra_28,7,0.0,7.816206894155396,0.0,0.0,-284.07150026635884,291.88770716051425,0.0,0.0,
Fra_28,8,0.0,10.843941625781227,0.0,0.0,-290.2707344064724,301.11467603225367,-5.684341886080802e-14,0.0,
Fra_28,9,0.0,14.019934888427724,0.0,0.0,-291.12363551330884,305.14357040173655,0.0,0.0,
Fra_28,10,0.0,16.670882820522937,0.0,0.0,-289.8504883442628,306.52137116478576,0.0,0.0,
Fra_28,11,0.0,18.27710997798658,0.0,0.0,-289.17833200561745,307.45544198360403,0.0,0.0,
Fra_28,12,0.0,18.971050367518448,0.0,0.0,-284.6819919225791,303.65304229009746,5.684341886080802e-14,0.0,
Fra_28,13,0.0,18.79914438142757,0.0,0.0,-275.02294936415205,293.82209374557965,0.0,0.0,
Fra_28,14,0.0,17.457045657457765,0.0,0.0,-266.79046794379013,284.2475136012479,0.0,0.0,
Fra_28,15,0.0,15.19965685669842,0.0,0.0,-260.25660025940374,275.4562571161021,5.684341886080802e-14,0.0,
Fra_28,16,0.0,12.24593673631491,0.0,0.0,-258.2975802962769,270.5435170325918,0.0,0.0,
Fra_28,17,0.0,8.945421449607236,0.0,0.0,-264.20950407455183,273.15492552415907,0.0,0.0,
Fra_28,18,0.0,6.520501422442164,0.0,0.0,-270.18287520517583,276.703376627618,0.0,0.0,
Fra_28,19,0.0,5.7576153457598425,0.0,0.0,-270.19844759975535,275.95606294551516,5.684341886080802e-14,0.0,
Fra_28,20,0.0,5.417520937138546,0.0,0.0,-271.0371079142792,276.45462885141774,0.0,0.0,
Fra_28,21,0.0,5.193647292597262,0.0,0.0,-274.69941326037315,279.8930605529704,0.0,0.0,
Fra_28,22,0.0,5.079817063245195,0.0,0.0,-281.5652102597757,286.64502732302094,-5.684341886080802e-14,0.0,
Fra_28,23,0.0,5.000988211844113,0.0,0.0,-269.15155616944116,274.1525443812852,5.684341886080802e-14,0.0,
Fra_28,24,0.0,4.929755844236508,0.0,0.0,-250.41233776595598,255.34209361019248,0.0,0.0,
Fra_29,1,0.0,31.034588392077143,0.0,0.0,-85.41502144346319,116.44960983554033,0.0,0.0,
Fra_29,2,0.0,30.249008731982933,0.0,0.0,-80.93080420049867,111.17981293248161,0.0,0.0,
Fra_29,3,0.0,29.84097763693208,0.0,0.0,-78.67038690507164,108.51136454200372,0.0,0.0,
Fra_29,4,0.0,29.847130315972198,0.0,0.0,-81.53630553130472,111.38343584727693,-1.4210854715202004e-14,0.0,
Fra_29,5,0.0,30.254783953043717,0.0,0.0,-90.12046943692717,120.37525338997088,0.0,0.0,
Fra_29,6,0.0,31.810802651423913,0.0,0.0,-99.89741894615065,131.70822159757458,-2.842170943040401e-14,0.0,
Fra_29,7,0.0,35.21027406787364,0.0,0.0,-104.5632486716738,139.77352273954745,0.0,0.0,
Fra_29,8,0.0,40.01143642208133,0.0,0.0,-104.18051817250117,144.19195459458248,2.842170943040401e-14,0.0,
Fra_29,9,0.0,45.456800733744544,0.0,0.0,-100.66443263809896,146.1212333718435,2.842170943040401e-14,0.0,
Fra_29,10,0.0,50.77596673755724,0.0,0.0,-96.00504113509702,146.78100787265427,-2.842170943040401e-14,0.0,
Fra_29,11,0.0,54.617696765719415,0.0,0.0,-92.610600820176,147.2282975858954,0.0,0.0,
Fra_29,12,0.0,56.956026612967335,0.0,0.0,-88.451451572223,145.40747818519034,-2.842170943040401e-14,0.0,
Fra_29,13,0.0,57.92072456418246,0.0,0.0,-82.77909969715543,140.69982426133788,0.0,0.0,
Fra_29,14,0.0,56.902296233986675,0.0,0.0,-79.21263882957,136.1149350635567,0.0,0.0,
Fra_29,15,0.0,54.29057409652119,0.0,0.0,-77.61457460710498,131.90514870362617,0.0,0.0,
Fra_29,16,0.0,50.50651436332914,0.0,0.0,-79.04611667363696,129.5526310369661,0.0,0.0,
Fra_29,17,0.0,45.45067384028992,0.0,0.0,-85.3524578351892,130.80313167547914,-2.842170943040401e-14,0.0,
Fra_29,18,0.0,40.74103008177869,0.0,0.0,-91.76131502007038,132.50234510184907,0.0,0.0,
Fra_29,19,0.0,37.923452766958995,0.0,0.0,-94.2210332562906,132.14448602324958,0.0,0.0,
Fra_29,20,0.0,35.71503259278093,0.0,0.0,-96.66819699957524,132.38322959235617,0.0,0.0,
Fra_29,21,0.0,34.239144524376016,0.0,0.0,-99.79061453748282,134.02975906185884,0.0,0.0,
Fra_29,22,0.0,33.488718194967106,0.0,0.0,-103.77429172918771,137.2630099241548,0.0,0.0,
Fra_29,23,0.0,32.969038616482976,0.0,0.0,-98.3118134240242,131.28085204050717,0.0,0.0,
Fra_29,24,0.0,32.49943889360487,0.0,0.0,-89.77382939433056,122.27326828793544,-1.4210854715202004e-14,0.0,
Fra_30,1,0.0,3.959881852000401,0.0,0.0,-20.65304547650136,24.612927328501765,-3.552713678800501e-15,0.0,
Fra_30,2,0.0,3.8596452192470614,0.0,0.0,-19.639451600126094,23.499096819373154,0.0,0.0,
Fra_30,3,0.0,3.807582182098606,0.0,0.0,-19.12750822791477,22.935090410013377,0.0,0.0,
Fra_30,4,0.0,3.818548175869549,0.0,0.0,-19.723586623719704,23.542134799589256,-3.552713678800501e-15,0.0,
Fra_30,5,0.0,3.994030872829378,0.0,0.0,-21.448625122511693,25.442655995341074,-3.552713678800501e-15,0.0,
Fra_30,6,0.0,4.706413777245619,0.0,0.0,-23.131591788642826,27.838005565888444,0.0,0.0,
Fra_30,7,0.0,6.304082675968947,0.0,0.0,-23.23861448287729,29.542697158846238,-3.552713678800501e-15,0.0,
Fra_30,8,0.0,8.599445762023864,0.0,0.0,-21.87713638198893,30.476582144012795,0.0,0.0,
Fra_30,9,0.0,11.01399258251524,0.0,0.0,-19.870364206755774,30.88435678927101,3.552713678800501e-15,0.0,
Fra_30,10,0.0,13.042215029868288,0.0,0.0,-17.981592478598678,31.023807508466966,0.0,0.0,
Fra_30,11,0.0,14.281394825231837,0.0,0.0,-16.836952366299236,31.118347191531072,0.0,0.0,
Fra_30,12,0.0,14.828017066874171,0.0,0.0,-15.90547958156644,30.733496648440614,-3.552713678800501e-15,0.0,
Fra_30,13,0.0,14.71821993757601,0.0,0.0,-15.020261406999207,29.738481344575217,0.0,0.0,
Fra_30,14,0.0,13.7191696749912,0.0,0.0,-15.050244063487316,28.769413738478516,0.0,0.0,
Fra_30,15,0.0,12.02387267188842,0.0,0.0,-15.855755640156975,27.879628312045394,0.0,0.0,
Fra_30,16,0.0,9.799547745860002,0.0,0.0,-17.582849648449425,27.38239739430942,7.105427357601002e-15,0.0,
Fra_30,17,0.0,7.300337370718605,0.0,0.0,-20.346367318251872,27.646704688970473,3.552713678800501e-15,0.0,
Fra_30,18,0.0,5.447635320693577,0.0,0.0,-22.55821712873675,28.00585244943033,0.0,0.0,
Fra_30,19,0.0,4.842607492228691,0.0,0.0,-23.087607438897773,27.93021493112646,3.552713678800501e-15,0.0,
Fra_30,20,0.0,4.557086680868021,0.0,0.0,-23.42358937352769,27.980676054395715,-3.552713678800501e-15,0.0,
Fra_30,21,0.0,4.368769623015482,0.0,0.0,-23.959918848376212,28.328688471391697,-3.552713678800501e-15,0.0,
Fra_30,22,0.0,4.273018406161958,0.0,0.0,-24.739053793358117,29.012072199520077,0.0,0.0,
Fra_30,23,0.0,4.206709496061514,0.0,0.0,-23.540966734543034,27.747676230604547,0.0,0.0,
Fra_30,24,0.0,4.146790563132983,0.0,0.0,-21.69703210694398,25.84382267007696,0.0,0.0,
Fra_31,1,0.0,18.510042899601345,0.0,0.0,-195.38052679585954,213.8905696954609,0.0,0.0,
Fra_31,2,0.0,18.04149751321851,0.0,0.0,-186.16969357920138,204.21119109241988,0.0,0.0,
Fra_31,3,0.0,17.798134431409736,0.0,0.0,-181.51174400527586,199.3098784366856,0.0,0.0,
Fra_31,4,0.0,17.853037326798837,0.0,0.0,-186.73216121236243,204.58519853916124,2.842170943040401e-14,0.0,
Fra_31,5,0.0,18.71749878753132,0.0,0.0,-202.38355566150065,221.10105444903195,2.842170943040401e-14,0.0,
Fra_31,6,0.0,22.231348834698256,0.0,0.0,-219.68570516717284,241.91705400187112,-2.842170943040401e-14,0.0,
Fra_31,7,0.0,30.11601878323858,0.0,0.0,-226.61509821513675,256.73111699837534,0.0,0.0,
Fra_31,8,0.0,41.4476683570203,0.0,0.0,-223.3990697067129,264.84673806373326,-5.684341886080802e-14,0.0,
Fra_31,9,0.0,53.349666094065206,0.0,0.0,-215.0407037375417,268.3903698316069,0.0,0.0,
Fra_31,10,0.0,63.31333767596115,0.0,0.0,-206.28888287844558,269.6022205544067,0.0,0.0,
Fra_31,11,0.0,69.37379822680208,0.0,0.0,-201.04998842575802,270.42378665256007,5.684341886080802e-14,0.0,
Fra_31,12,0.0,72.0177725055682,0.0,0.0,-195.0615967678407,267.07936927340893,0.0,0.0,
Fra_31,13,0.0,71.42119192975493,0.0,0.0,-187.0113232998841,258.432515229639,0.0,0.0,
Fra_31,14,0.0,66.44020574930076,0.0,0.0,-183.57094539084952,250.01115114015028,0.0,0.0,
Fra_31,15,0.0,58.02827318716068,0.0,0.0,-184.25048963418476,242.27876282134542,0.0,0.0,
Fra_31,16,0.0,47.007662180725696,0.0,0.0,-190.95007848647774,237.95774066720344,0.0,0.0,
Fra_31,17,0.0,34.6618274106373,0.0,0.0,-205.5927890842639,240.25461649490123,-2.842170943040401e-14,0.0,
Fra_31,18,0.0,25.5535889368329,0.0,0.0,-217.82208333759164,243.37567227442452,2.842170943040401e-14,0.0,
Fra_31,19,0.0,22.637586153434107,0.0,0.0,-220.08078308407653,242.71836923751061,2.842170943040401e-14,0.0,
Fra_31,20,0.0,21.301612803790395,0.0,0.0,-221.85527226970672,243.15688507349714,-2.842170943040401e-14,0.0,
Fra_31,21,0.0,20.421344919581596,0.0,0.0,-225.7598278844598,246.1811728040414,0.0,0.0,
Fra_31,22,0.0,19.973766128625392,0.0,0.0,-232.14612875341618,252.11989488204156,0.0,0.0,
Fra_31,23,0.0,19.663812242005015,0.0,0.0,-221.46826430772404,241.13207654972905,0.0,0.0,
Fra_31,24,0.0,19.383727618155653,0.0,0.0,-205.20353419893408,224.58726181708974,0.0,0.0,
Fra_32,1,0.0,5.952013449836756,0.0,0.0,-220.84389236329145,226.79590581312823,-2.842170943040401e-14,0.0,
Fra_32,2,0.0,5.801349917788991,0.0,0.0,-210.73116073439078,216.53251065217978,0.0,0.0,
Fra_32,3,0.0,5.723095083698318,0.0,0.0,-205.61237651709502,211.33547160079334,0.0,0.0,
Fra_32,4,0.0,5.740973793998227,0.0,0.0,-211.1881104789136,216.9290842729118,0.0,0.0,
Fra_32,5,0.0,6.021667373569652,0.0,0.0,-228.41977617114844,234.4414435447181,-2.842170943040401e-14,0.0,
Fra_32,6,0.0,7.162890264217487,0.0,0.0,-249.35051035983145,256.5134006240489,0.0,0.0,
Fra_32,7,0.0,9.723901848877441,0.0,0.0,-262.49738548026835,272.22128732914575,5.684341886080802e-14,0.0,
Fra_32,8,0.0,13.404743995059986,0.0,0.0,-267.4218298288321,280.8265738238921,-5.684341886080802e-14,0.0,
Fra_32,9,0.0,17.26980003514656,0.0,0.0,-267.31421469793275,284.5840147330793,0.0,0.0,
Fra_32,10,0.0,20.503417171284767,0.0,0.0,-265.36556670643233,285.86898387771714,-5.684341886080802e-14,0.0,
Fra_32,11,0.0,22.46869975721941,0.0,0.0,-264.2714203640514,286.74012012127076,5.684341886080802e-14,0.0,
Fra_32,12,0.0,23.324356289703665,0.0,0.0,-259.8695571427836,283.1939134324873,-5.684341886080802e-14,0.0,
Fra_32,13,0.0,23.12739005072165,0.0,0.0,-250.89795134942733,274.025341400149,0.0,0.0,
Fra_32,14,0.0,21.50657187322266,0.0,0.0,-243.58929264733726,265.09586452056,-5.684341886080802e-14,0.0,
Fra_32,15,0.0,18.771649377974597,0.0,0.0,-238.125284187569,256.8969335655436,0.0,0.0,
Fra_32,16,0.0,15.18952904952178,0.0,0.0,-237.12566846808596,252.31519751760777,-2.842170943040401e-14,0.0,
Fra_32,17,0.0,11.178793547480042,0.0,0.0,-243.5718644704419,254.75065801792195,0.0,0.0,
Fra_32,18,0.0,8.22240007387631,0.0,0.0,-249.8376262514849,258.06002632536115,5.684341886080802e-14,0.0,
Fra_32,19,0.0,7.279331649813465,0.0,0.0,-250.0837324959488,257.3630641457623,0.0,0.0,
Fra_32,20,0.0,6.849659214679935,0.0,0.0,-250.97837912969973,257.82803834437965,0.0,0.0,
Fra_32,21,0.0,6.566603885489805,0.0,0.0,-254.4681961046459,261.0347999901357,0.0,0.0,
Fra_32,22,0.0,6.422682285843465,0.0,0.0,-260.9091594811698,267.3318417670133,-5.684341886080802e-14,0.0,
Fra_32,23,0.0,6.323014785773359,0.0,0.0,-249.3580458592156,255.68106064498895,0.0,0.0,
Fra_32,24,0.0,6.2329519232891375,0.0,0.0,-231.9050433628957,238.13799528618483,0.0,0.0,
Fra_33,1,0.0,10.337654070127947,0.0,0.0,-54.562301240432454,64.8999553105604,0.0,0.0,
Fra_33,2,0.0,10.075976658203388,0.0,0.0,-51.887003732584816,61.9629803907882,0.0,0.0,
Fra_33,3,0.0,9.940061070820633,0.0,0.0,-50.53573373355698,60.475794804377614,0.0,0.0,
Fra_33,4,0.0,9.977463864191789,0.0,0.0,-52.09900010193071,62.0764639661225,0.0,0.0,
Fra_33,5,0.0,10.541996000855622,0.0,0.0,-56.54580769844172,67.08780369929734,0.0,0.0,
Fra_33,6,0.0,12.844623260868673,0.0,0.0,-60.55929546232809,73.40391872319677,0.0,0.0,
Fra_33,7,0.0,18.018673438642473,0.0,0.0,-59.8802168385122,77.89889027715466,0.0,0.0,
Fra_33,8,0.0,25.461316546577184,0.0,0.0,-54.900063990008256,80.36138053658544,0.0,0.0,
Fra_33,9,0.0,33.24697900161821,0.0,0.0,-48.18963147006691,81.43661047168511,0.0,0.0,
Fra_33,10,0.0,39.70500794921385,0.0,0.0,-42.09930951331598,81.80431746252982,1.4210854715202004e-14,0.0,
Fra_33,11,0.0,43.5855663219323,0.0,0.0,-38.46803563748181,82.0536019594141,1.4210854715202004e-14,0.0,
Fra_33,12,0.0,45.22655426055999,0.0,0.0,-35.81226458449889,81.03881884505888,0.0,0.0,
Fra_33,13,0.0,44.739190351977854,0.0,0.0,-33.67594834759065,78.4151386995685,0.0,0.0,
Fra_33,14,0.0,41.381988296520376,0.0,0.0,-34.47788976748129,75.85987806400168,-1.4210854715202004e-14,0.0,
Fra_33,15,0.0,35.78229119407042,0.0,0.0,-37.73137938145318,73.51367057552359,1.4210854715202004e-14,0.0,
Fra_33,16,0.0,28.474471884896897,0.0,0.0,-43.728088317228554,72.20256020212545,0.0,0.0,
Fra_33,17,0.0,20.35197697894565,0.0,0.0,-52.54751501771256,72.89949199665821,0.0,0.0,
Fra_33,18,0.0,14.436410481951253,0.0,0.0,-59.41009091723102,73.84650139918227,0.0,0.0,
Fra_33,19,0.0,12.64531449436716,0.0,0.0,-61.00174408794877,73.64705858231594,0.0,0.0,
Fra_33,20,0.0,11.896714961483747,0.0,0.0,-61.88340071726715,73.78011567875089,1.4210854715202004e-14,0.0,
Fra_33,21,0.0,11.405095091916078,0.0,0.0,-63.29266804945114,74.6977631413672,1.4210854715202004e-14,0.0,
Fra_33,22,0.0,11.155127291456198,0.0,0.0,-65.34459840493537,76.49972569639156,0.0,0.0,
Fra_33,23,0.0,10.982021476685656,0.0,0.0,-62.183714695329186,73.16573617201485,0.0,0.0,
Fra_33,24,0.0,10.825597314547226,0.0,0.0,-57.32001226517038,68.1456095797176,0.0,0.0,
Fra_34,1,0.0,5.38427069767887,0.0,0.0,-106.86678631447984,112.25105701215873,-1.4210854715202004e-14,0.0,
Fra_34,2,0.0,5.247978458481085,0.0,0.0,-101.92328246468117,107.17126092316225,0.0,0.0,
Fra_34,3,0.0,5.177188092549086,0.0,0.0,-99.42183447930768,104.59902257185676,0.0,0.0,
Fra_34,4,0.0,5.193684004485782,0.0,0.0,-102.17385827547922,107.36754227996501,-1.4210854715202004e-14,0.0,
Fra_34,5,0.0,5.4515153482847865,0.0,0.0,-110.58364741622577,116.03516276451056,0.0,0.0,
Fra_34,6,0.0,6.500162322897129,0.0,0.0,-120.45936216498306,126.9595244878802,-1.4210854715202004e-14,0.0,
Fra_34,7,0.0,8.85376711046733,0.0,0.0,-125.88026670884315,134.7340338193105,-2.842170943040401e-14,0.0,
Fra_34,8,0.0,12.236825606480798,0.0,0.0,-126.75633494381947,138.99316055030025,2.842170943040401e-14,0.0,
Fra_34,9,0.0,15.787698390743275,0.0,0.0,-125.06518141773674,140.85287980848,2.842170943040401e-14,0.0,
Fra_34,10,0.0,18.75563230462661,0.0,0.0,-122.73323404953848,141.48886635416508,0.0,0.0,
Fra_34,11,0.0,20.557185599461864,0.0,0.0,-121.36284358275297,141.92002918221485,0.0,0.0,
Fra_34,12,0.0,21.33909028803102,0.0,0.0,-118.82576854499979,140.1648588330308,2.842170943040401e-14,0.0,
Fra_34,13,0.0,21.15353271864049,0.0,0.0,-114.47340512224463,135.62693784088512,0.0,0.0,
Fra_34,14,0.0,19.659780667275264,0.0,0.0,-111.54757466524924,131.20735533252451,0.0,0.0,
Fra_34,15,0.0,17.142575455672553,0.0,0.0,-110.00677599547404,127.1493514511466,0.0,0.0,
Fra_34,16,0.0,13.846960807008255,0.0,0.0,-111.0346922371165,124.88165304412476,0.0,0.0,
Fra_34,17,0.0,10.160046957869348,0.0,0.0,-115.92702033080039,126.08706728866974,0.0,0.0,
Fra_34,18,0.0,7.445990496803041,0.0,0.0,-120.27902563058464,127.72501612738768,0.0,0.0,
Fra_34,19,0.0,6.585098803516074,0.0,0.0,-120.7949607380065,127.38005954152258,-1.4210854715202004e-14,0.0,
Fra_34,20,0.0,6.196293020759009,0.0,0.0,-121.41390226810458,127.61019528886358,1.4210854715202004e-14,0.0,
Fra_34,21,0.0,5.940237397292285,0.0,0.0,-123.25712227635857,129.19735967365085,0.0,0.0,
Fra_34,22,0.0,5.8100440000041615,0.0,0.0,-126.50399272727327,132.31403672727745,-2.842170943040401e-14,0.0,
Fra_34,23,0.0,5.719883451030083,0.0,0.0,-120.82768015021955,126.54756360124964,0.0,0.0,
Fra_34,24,0.0,5.638411385230874,0.0,0.0,-112.22633396716675,117.86474535239763,-1.4210854715202004e-14,0.0,
Fra_35,1,0.0,2.7590900395593545,0.0,0.0,-278.5951562311073,281.35424627066664,0.0,0.0,
Fra_35,2,0.0,2.689249093449056,0.0,0.0,-265.9326253147997,268.62187440824874,0.0,0.0,
Fra_35,3,0.0,2.652973615393329,0.0,0.0,-259.52165475505933,262.17462837045264,0.0,0.0,
Fra_35,4,0.0,2.6684841695779533,0.0,0.0,-266.44536416453093,269.11384833410887,0.0,0.0,
Fra_35,5,0.0,2.8861944316836343,0.0,0.0,-287.9528108256723,290.839005257356,-5.684341886080802e-14,0.0,
Fra_35,6,0.0,3.779755123084521,0.0,0.0,-314.44086809385874,318.2206232169433,-5.684341886080802e-14,0.0,
Fra_35,7,0.0,5.792652826272125,0.0,0.0,-331.9145683015656,337.7072211278378,-5.684341886080802e-14,0.0,
Fra_35,8,0.0,8.692743911316485,0.0,0.0,-339.6898634718068,348.38260738312334,-5.684341886080802e-14,0.0,
Fra_35,9,0.0,11.7044680025473,0.0,0.0,-341.3394755326582,353.04394353520547,0.0,0.0,
Fra_35,10,0.0,14.160834276533073,0.0,0.0,-340.4771923787995,354.63802665533257,0.0,0.0,
Fra_35,11,0.0,15.603217508493934,0.0,0.0,-340.115507144121,355.718724652615,-5.684341886080802e-14,0.0,
Fra_35,12,0.0,16.17598874600536,0.0,0.0,-335.14344877457125,351.3194375205766,0.0,0.0,
Fra_35,13,0.0,15.919463256465942,0.0,0.0,-324.02579771410547,339.94526097057144,-5.684341886080802e-14,0.0,
Fra_35,14,0.0,14.551546247521253,0.0,0.0,-314.31615039030515,328.86769663782644,-5.684341886080802e-14,0.0,
Fra_35,15,0.0,12.31746137945358,0.0,0.0,-306.3789580000673,318.69641937952093,-5.684341886080802e-14,0.0,
Fra_35,16,0.0,9.421460920815852,0.0,0.0,-303.5910335758622,313.0124944966781,-5.684341886080802e-14,0.0,
Fra_35,17,0.0,6.246882134273201,0.0,0.0,-309.7869506486104,316.0338327828836,0.0,0.0,
Fra_35,18,0.0,3.9883708854567734,0.0,0.0,-316.1509364756972,320.139307361154,0.0,0.0,
Fra_35,19,0.0,3.3770263230486743,0.0,0.0,-315.8976566613241,319.2746829843728,-5.684341886080802e-14,0.0,
Fra_35,20,0.0,3.17519889242147,0.0,0.0,-316.67631313442564,319.8515120268471,0.0,0.0,
Fra_35,21,0.0,3.043986967919837,0.0,0.0,-320.78570977340263,323.82969674132244,5.684341886080802e-14,0.0,
Fra_35,22,0.0,2.977271283318594,0.0,0.0,-328.6642924161672,331.6415636994858,0.0,0.0,
Fra_35,23,0.0,2.931069840894308,0.0,0.0,-314.2569845269344,317.1880543678287,-5.684341886080802e-14,0.0,
Fra_35,24,0.0,2.8893206834186578,0.0,0.0,-292.53548397490994,295.4248046583286,0.0,0.0,
Fra_36,1,0.0,9.149242088181397,0.0,0.0,-49.743797633058016,58.89303972123942,-7.105427357601002e-15,0.0,
Fra_36,2,0.0,8.917646991802156,0.0,0.0,-47.310254058959885,56.22790105076204,0.0,0.0,
Fra_36,3,0.0,8.797356198157248,0.0,0.0,-46.08100802481776,54.87836422297501,0.0,0.0,
Fra_36,4,0.0,8.822512841496183,0.0,0.0,-47.50836813703145,56.330880978527624,7.105427357601002e-15,0.0,
Fra_36,5,0.0,9.225778533071951,0.0,0.0,-51.65260989057201,60.87838842364396,0.0,0.0,
Fra_36,6,0.0,10.862637460812305,0.0,0.0,-55.74726820666399,66.6099056674763,0.0,0.0,
Fra_36,7,0.0,14.533435139447693,0.0,0.0,-56.15540304818721,70.6888381876349,0.0,0.0,
Fra_36,8,0.0,19.80706520313345,0.0,0.0,-53.11634365512599,72.92340885825945,-1.4210854715202004e-14,0.0,
Fra_36,9,0.0,25.35541302642232,0.0,0.0,-48.543706199806934,73.89911922622926,0.0,0.0,
Fra_36,10,0.0,30.017714117059516,0.0,0.0,-44.21507841162378,74.23279252868329,0.0,0.0,
Fra_36,11,0.0,32.867568715321106,0.0,0.0,-41.59143539866518,74.4590041139863,-1.4210854715202004e-14,0.0,
Fra_36,12,0.0,34.126138585968235,0.0,0.0,-39.41200723195016,73.5381458179184,0.0,0.0,
Fra_36,13,0.0,33.8765740232746,0.0,0.0,-37.28073041679081,71.1573044400654,1.4210854715202004e-14,0.0,
Fra_36,14,0.0,31.583659605631855,0.0,0.0,-37.2548902931023,68.83854989873416,0.0,0.0,
Fra_36,15,0.0,27.690799007818796,0.0,0.0,-39.018700259801506,66.70949926762032,-1.4210854715202004e-14,0.0,
Fra_36,16,0.0,22.58234058238451,0.0,0.0,-42.93740015720641,65.51974073959093,0.0,0.0,
Fra_36,17,0.0,16.84075598516428,0.0,0.0,-49.311410950438734,66.152166935603,1.4210854715202004e-14,0.0,
Fra_36,18,0.0,12.582262688607114,0.0,0.0,-54.429261731794675,67.01152442040178,0.0,0.0,
Fra_36,19,0.0,11.18869911835317,0.0,0.0,-55.64184222309859,66.83054134145176,0.0,0.0,
Fra_36,20,0.0,10.529074052809476,0.0,0.0,-56.42220908003551,66.95128313284498,0.0,0.0,
Fra_36,21,0.0,10.093970578508454,0.0,0.0,-57.69002573891961,67.78399631742806,0.0,0.0,
Fra_36,22,0.0,9.8727389620176,0.0,0.0,-59.54643648336848,69.41917544538607,1.4210854715202004e-14,0.0,
Fra_36,23,0.0,9.719533312509157,0.0,0.0,-56.67423515763721,66.39376847014637,0.0,0.0,
Fra_36,24,0.0,9.581091600478864,0.0,0.0,-52.25719584674445,61.83828744722331,7.105427357601002e-15,0.0,
Fra_37,1,0.0,16.421068968067296,0.0,0.0,-632.3563957043805,648.7774646724478,0.0,0.0,
Fra_37,2,0.0,16.00540185447957,0.0,0.0,-603.412363983995,619.4177658384746,0.0,0.0,
Fra_37,3,0.0,15.789503816190889,0.0,0.0,-588.7614953252676,604.5509991414585,-1.1368683772161603e-13,0.0,
Fra_37,4,0.0,15.836225637734533,0.0,0.0,-604.7159876119136,620.5522132496483,-1.1368683772161603e-13,0.0,
Fra_37,5,0.0,16.57905516680428,0.0,0.0,-654.0694065493269,670.6484617161312,0.0,0.0,
Fra_37,6,0.0,19.59616354227976,0.0,0.0,-714.1918345907314,733.7879981330113,-1.1368683772161603e-13,0.0,
Fra_37,7,0.0,26.364075939363488,0.0,0.0,-752.3582558861251,778.7223318254886,0.0,0.0,
Fra_37,8,0.0,36.088797647704375,0.0,0.0,-767.2500101005979,803.3388077483022,1.1368683772161603e-13,0.0,
Fra_37,9,0.0,46.3122890880203,0.0,0.0,-767.7751385614174,814.0874276494376,1.1368683772161603e-13,0.0,
Fra_37,10,0.0,54.88838737777055,0.0,0.0,-762.8748518823378,817.7632392601083,0.0,0.0,
Fra_37,11,0.0,60.11885908154899,0.0,0.0,-760.1363720928343,820.2552311743834,-1.1368683772161603e-13,0.0,
Fra_37,12,0.0,62.41604178455128,0.0,0.0,-747.6948308463885,810.1108726309398,1.1368683772161603e-13,0.0,
Fra_37,13,0.0,61.9321944476121,0.0,0.0,-721.9508549936604,783.8830494412725,0.0,0.0,
Fra_37,14,0.0,57.682789434941135,0.0,0.0,-700.6563977835078,758.339187218449,0.0,0.0,
Fra_37,15,0.0,50.48575022076351,0.0,0.0,-684.3993908633481,734.8851410841116,0.0,0.0,
Fra_37,16,0.0,41.04841671728586,0.0,0.0,-680.7301072684226,721.7785239857084,0.0,0.0,
Fra_37,17,0.0,30.45737469103527,0.0,0.0,-698.2880823309584,728.7454570219936,1.1368683772161603e-13,0.0,
Fra_37,18,0.0,22.62111099167226,0.0,0.0,-715.5911993779162,738.2123103695885,-1.1368683772161603e-13,0.0,
Fra_37,19,0.0,20.082064842474495,0.0,0.0,-716.1364998541857,736.2185646966601,1.1368683772161603e-13,0.0,
Fra_37,20,0.0,18.897592775954127,0.0,0.0,-718.6510875620601,737.5486803380142,0.0,0.0,
Fra_37,21,0.0,18.116668619518023,0.0,0.0,-728.6053461439275,746.7220147634455,0.0,0.0,
Fra_37,22,0.0,17.719601890132196,0.0,0.0,-747.0158720858677,764.735473976,-1.1368683772161603e-13,0.0,
Fra_37,23,0.0,17.444628235196838,0.0,0.0,-713.9623594495704,731.4069876847672,1.1368683772161603e-13,0.0,
Fra_37,24,0.0,17.19615291020315,0.0,0.0,-664.0267477855953,681.2229006957984,0.0,0.0,
Fra_38,1,0.0,7.827178302542649,0.0,0.0,-28.842193109382556,36.669371411925205,0.0,0.0,
Fra_38,2,0.0,7.629048654656679,0.0,0.0,-27.380891350185387,35.009940004842065,0.0,0.0,
Fra_38,3,0.0,7.526139858393728,0.0,0.0,-26.643519743086056,34.169659601479786,0.0,0.0,
Fra_38,4,0.0,7.5532801574136474,0.0,0.0,-27.520779635387804,35.07405979280145,0.0,0.0,
Fra_38,5,0.0,7.966415028240181,0.0,0.0,-29.939120950758657,37.905535978998834,7.105427357601002e-15,0.0,
Fra_38,6,0.0,9.65033355776668,0.0,0.0,-31.82389467353825,41.47422823130493,0.0,0.0,
Fra_38,7,0.0,13.43305557592278,0.0,0.0,-30.58089368614996,44.01394926207274,0.0,0.0,
Fra_38,8,0.0,18.87334744706157,0.0,0.0,-26.531942833494455,45.40529028055603,-7.105427357601002e-15,0.0,
Fra_38,9,0.0,24.569072881941548,0.0,0.0,-21.443737167383482,46.01281004932503,-7.105427357601002e-15,0.0,
Fra_38,10,0.0,29.302462329152384,0.0,0.0,-16.918107250260515,46.220569579412896,0.0,0.0,
Fra_38,11,0.0,32.15387636256548,0.0,0.0,-14.207542401715772,46.361418764281254,-7.105427357601002e-15,0.0,
Fra_38,12,0.0,33.367596718003945,0.0,0.0,-12.420455566365622,45.78805228436957,0.0,0.0,
Fra_38,13,0.0,33.02556471344331,0.0,0.0,-11.280072039810692,44.305636753254,0.0,0.0,
Fra_38,14,0.0,30.58432428086503,0.0,0.0,-12.27755490966804,42.86187919053307,7.105427357601002e-15,0.0,
Fra_38,15,0.0,26.502274495603526,0.0,0.0,-15.033965048603873,41.5362395442074,0.0,0.0,
Fra_38,16,0.0,21.170868909926877,0.0,0.0,-19.62457515893539,40.79544406886227,0.0,0.0,
Fra_38,17,0.0,15.235674232321054,0.0,0.0,-25.953545929301363,41.18922016162242,-7.105427357601002e-15,0.0,
Fra_38,18,0.0,10.901688810361438,0.0,0.0,-30.82260474762262,41.724293557984055,0.0,0.0,
Fra_38,19,0.0,9.573995910868351,0.0,0.0,-32.03760970007298,41.611605610941325,0.0,0.0,
Fra_38,20,0.0,9.007624804077778,0.0,0.0,-32.67915990467368,41.68678470875146,0.0,0.0,
Fra_38,21,0.0,8.635393701152964,0.0,0.0,-33.56987450224604,42.205268203399,0.0,0.0,
Fra_38,22,0.0,8.446130012232711,0.0,0.0,-34.77727193077178,43.22340194300449,0.0,0.0,
Fra_38,23,0.0,8.315062550676691,0.0,0.0,-33.02458924846684,41.339651799143525,7.105427357601002e-15,0.0,
Fra_38,24,0.0,8.196625640370193,0.0,0.0,-30.306585275772044,38.50321091614224,0.0,0.0,
Fra_39,1,0.0,5.96042382325652,0.0,0.0,-101.90093104978554,107.86135487304206,0.0,0.0,
Fra_39,2,0.0,5.809547399121741,0.0,0.0,-97.17066244756577,102.98020984668752,0.0,0.0,
Fra_39,3,0.0,5.731181988604764,0.0,0.0,-94.77737974168099,100.50856173028575,0.0,0.0,
Fra_39,4,0.0,5.751109499404697,0.0,0.0,-97.41770590383246,103.16881540323716,-1.4210854715202004e-14,0.0,
Fra_39,5,0.0,6.056739857656212,0.0,0.0,-105.44073911341846,111.49747897107467,0.0,0.0,
Fra_39,6,0.0,7.3017051636595625,0.0,0.0,-114.69292624383462,121.9946314074942,-1.4210854715202004e-14,0.0,
Fra_39,7,0.0,10.097671477605797,0.0,0.0,-119.36743844725638,129.46510992486216,0.0,0.0,
Fra_39,8,0.0,14.118174894292892,0.0,0.0,-119.43950388478316,133.55767877907607,0.0,0.0,
Fra_39,9,0.0,18.330503806940662,0.0,0.0,-117.01416784516488,135.34467165210555,0.0,0.0,
Fra_39,10,0.0,21.83691718960197,0.0,0.0,-114.11887004862396,135.95578723822592,0.0,0.0,
Fra_39,11,0.0,23.953844392006907,0.0,0.0,-112.41624457345623,136.37008896546314,0.0,0.0,
Fra_39,12,0.0,24.860053771544017,0.0,0.0,-109.82350272879077,134.6835565003348,0.0,0.0,
Fra_39,13,0.0,24.616520888173394,0.0,0.0,-105.7065750557264,130.3230959438998,0.0,0.0,
Fra_39,14,0.0,22.82067171896866,0.0,0.0,-103.25567439456348,126.07634611353217,-2.842170943040401e-14,0.0,
Fra_39,15,0.0,19.811166638353047,0.0,0.0,-102.36586833837553,122.17703497672858,0.0,0.0,
Fra_39,16,0.0,15.877849558945169,0.0,0.0,-104.12016787322415,119.99801743216932,0.0,0.0,
Fra_39,17,0.0,11.492929261817164,0.0,0.0,-109.66336335332707,121.15629261514422,1.4210854715202004e-14,0.0,
Fra_39,18,0.0,8.283559399767478,0.0,0.0,-114.4466282472757,122.73018764704318,0.0,0.0,
Fra_39,19,0.0,7.290360074527464,0.0,0.0,-115.10836089670742,122.3987209712349,0.0,0.0,
Fra_39,20,0.0,6.859337988472889,0.0,0.0,-115.76051901634278,122.61985700481569,-1.4210854715202004e-14,0.0,
Fra_39,21,0.0,6.57588269361786,0.0,0.0,-117.5690708715879,124.14495356520574,1.4210854715202004e-14,0.0,
Fra_39,22,0.0,6.431757728437084,0.0,0.0,-120.70799177592379,127.13974950436089,-1.4210854715202004e-14,0.0,
Fra_39,23,0.0,6.331949395201788,0.0,0.0,-115.26683131324856,121.59878070845035,0.0,0.0,
Fra_39,24,0.0,6.241759271193187,0.0,0.0,-107.01375443055,113.25551370174317,1.4210854715202004e-14,0.0,
Fra_40,1,0.0,19.478723814325928,0.0,0.0,-204.54326094334397,224.02198475766988,0.0,0.0,
Fra_40,2,0.0,18.9856581728614,0.0,0.0,-194.89846211999568,213.8841202928571,0.0,0.0,
Fra_40,3,0.0,18.729559238738542,0.0,0.0,-190.02108653666403,208.75064577540257,0.0,0.0,
Fra_40,4,0.0,18.748744534989566,0.0,0.0,-195.52709892103667,214.27584345602622,0.0,0.0,
Fra_40,5,0.0,19.19044118339652,0.0,0.0,-212.38356939691616,231.57401058031272,-2.842170943040401e-14,0.0,
Fra_40,6,0.0,20.940465730346062,0.0,0.0,-232.4355417364182,253.3760074667643,-2.842170943040401e-14,0.0,
Fra_40,7,0.0,24.825961421168763,0.0,0.0,-244.06581095064573,268.8917723718145,0.0,0.0,
Fra_40,8,0.0,30.37214843459774,0.0,0.0,-247.0196599191267,277.3918083537244,5.684341886080802e-14,0.0,
Fra_40,9,0.0,36.37833502783401,0.0,0.0,-244.7249573011759,281.1032923290099,0.0,0.0,
Fra_40,10,0.0,41.74808305413162,0.0,0.0,-240.62446207334511,282.37254512747677,-5.684341886080802e-14,0.0,
Fra_40,11,0.0,45.286654429459766,0.0,0.0,-237.94637214972377,283.2330265791835,5.684341886080802e-14,0.0,
Fra_40,12,0.0,47.127961425791085,0.0,0.0,-232.6022318110799,279.73019323687095,0.0,0.0,
Fra_40,13,0.0,47.38292335807126,0.0,0.0,-223.29083785585797,270.6737612139292,5.684341886080802e-14,0.0,
Fra_40,14,0.0,45.43560158587083,0.0,0.0,-216.41789840578784,261.8534999916587,0.0,0.0,
Fra_40,15,0.0,41.746305265213486,0.0,0.0,-212.0085441848994,253.75484945011289,0.0,0.0,
Fra_40,16,0.0,36.7500874391856,0.0,0.0,-212.47906477924943,249.22915221843505,-2.842170943040401e-14,0.0,
Fra_40,17,0.0,30.786147292470474,0.0,0.0,-220.8486775201111,251.6348248125816,-2.842170943040401e-14,0.0,
Fra_40,18,0.0,25.946086208669303,0.0,0.0,-228.95763031458335,254.90371652325268,-2.842170943040401e-14,0.0,
Fra_40,19,0.0,23.808112236733088,0.0,0.0,-230.4071665908963,254.2152788276294,0.0,0.0,
Fra_40,20,0.0,22.416384168060382,0.0,0.0,-232.2581817990873,254.67456596714771,-2.842170943040401e-14,0.0,
Fra_40,21,0.0,21.49004947007362,0.0,0.0,-236.35205651924258,257.84210598931617,5.684341886080802e-14,0.0,
Fra_40,22,0.0,21.019047663028992,0.0,0.0,-243.04308153129352,264.0621291943225,0.0,0.0,
Fra_40,23,0.0,20.6928730460709,0.0,0.0,-231.86097471973383,252.55384776580473,0.0,0.0,
Fra_40,24,0.0,20.3981308316853,0.0,0.0,-214.82721928632225,235.22535011800755,0.0,0.0,
Fra_41,1,0.0,3.5267763683994544,0.0,0.0,-24.930049826378347,28.456826194777804,-3.552713678800501e-15,0.0,
Fra_41,2,0.0,3.4375029504403214,0.0,0.0,-23.731541389474174,27.1690443399145,-3.552713678800501e-15,0.0,
Fra_41,3,0.0,3.3911342212850517,0.0,0.0,-23.125820582521886,26.516954803806936,3.552713678800501e-15,0.0,
Fra_41,4,0.0,3.4033205836911504,0.0,0.0,-23.81548314918128,27.21880373287243,0.0,0.0,
Fra_41,5,0.0,3.588955385623613,0.0,0.0,-25.827181505762344,29.41613689138596,-3.552713678800501e-15,0.0,
Fra_41,6,0.0,4.3455499545932925,0.0,0.0,-27.840027787733963,32.185577742327254,0.0,0.0,
Fra_41,7,0.0,6.0451091402141985,0.0,0.0,-28.111388668996938,34.15649780921113,7.105427357601002e-15,0.0,
Fra_41,8,0.0,8.489369784949893,0.0,0.0,-26.746861546166333,35.23623133111623,0.0,0.0,
Fra_41,9,0.0,11.048569365197931,0.0,0.0,-24.65912040123058,35.707689766428516,0.0,0.0,
Fra_41,10,0.0,13.175705587922774,0.0,0.0,-22.693213471792625,35.8689190597154,-7.105427357601002e-15,0.0,
Fra_41,11,0.0,14.45736878312277,0.0,0.0,-21.52085459840523,35.978223381528004,-7.105427357601002e-15,0.0,
Fra_41,12,0.0,15.003210661384927,0.0,0.0,-20.5300585353148,35.53326919669973,0.0,0.0,
Fra_41,13,0.0,14.85007060261494,0.0,0.0,-19.532787788196906,34.38285839081185,0.0,0.0,
Fra_41,14,0.0,13.75372558516718,0.0,0.0,-19.508722052806277,33.262447637973466,-7.105427357601002e-15,0.0,
Fra_41,15,0.0,11.92012287937558,0.0,0.0,-20.313577999112162,32.23370087848774,0.0,0.0,
Fra_41,16,0.0,9.525169718698177,0.0,0.0,-22.133645709723773,31.658815428421953,-3.552713678800501e-15,0.0,
Fra_41,17,0.0,6.858631265149131,0.0,0.0,-25.105769380577375,31.964400645726506,0.0,0.0,
Fra_41,18,0.0,4.91105044555248,0.0,0.0,-27.46858749646323,32.37963794201571,-7.105427357601002e-15,0.0,
Fra_41,19,0.0,4.313843259821565,0.0,0.0,-27.978344551478283,32.29218781129985,0.0,0.0,
Fra_41,20,0.0,4.058662913570081,0.0,0.0,-28.29186673554942,32.3505296491195,0.0,0.0,
Fra_41,21,0.0,3.8909427203362,0.0,0.0,-28.861949830680437,32.752892551016636,0.0,0.0,
Fra_41,22,0.0,3.805664133381918,0.0,0.0,-29.73733890372749,33.54300303710941,0.0,0.0,
Fra_41,23,0.0,3.7466076499066765,0.0,0.0,-28.334533665166063,32.081141315072735,7.105427357601002e-15,0.0,
Fra_41,24,0.0,3.693242250490707,0.0,0.0,-26.186713112616673,29.879955363107378,0.0,0.0,
Fra_42,1,0.0,10.06022443754056,0.0,0.0,-170.03630645300188,180.09653089054243,2.842170943040401e-14,0.0,
Fra_42,2,0.0,9.805569611954663,0.0,0.0,-162.14089412010645,171.94646373206115,-2.842170943040401e-14,0.0,
Fra_42,3,0.0,9.673301565030767,0.0,0.0,-158.14624153016234,167.8195430951931,0.0,0.0,
Fra_42,4,0.0,9.709206674827213,0.0,0.0,-162.55217250105764,172.26137917588485,0.0,0.0,
Fra_42,5,0.0,10.25259872628291,0.0,0.0,-175.91518295388636,186.16778168016924,2.842170943040401e-14,0.0,
Fra_42,6,0.0,12.468502618095208,0.0,0.0,-191.22641600795768,203.6949186260529,0.0,0.0,
Fra_42,7,0.0,17.447232528418112,0.0,0.0,-198.7211736284924,216.1684061569105,2.842170943040401e-14,0.0,
Fra_42,8,0.0,24.608502668123577,0.0,0.0,-198.39328189333366,223.00178456145724,0.0,0.0,
Fra_42,9,0.0,32.10179227939671,0.0,0.0,-193.88374135083077,225.9855336302275,-2.842170943040401e-14,0.0,
Fra_42,10,0.0,38.321038559566716,0.0,0.0,-188.68487718214976,227.0059157417165,-2.842170943040401e-14,0.0,
Fra_42,11,0.0,42.061119011193526,0.0,0.0,-185.63655796331307,227.69767697450658,0.0,0.0,
Fra_42,12,0.0,43.64602407184581,0.0,0.0,-181.23564297434672,224.88166704619255,-2.842170943040401e-14,0.0,
Fra_42,13,0.0,43.18303766949601,0.0,0.0,-174.41795113727218,217.60098880676816,2.842170943040401e-14,0.0,
Fra_42,14,0.0,39.958095354713976,0.0,0.0,-170.55207846174144,210.51017381645542,0.0,0.0,
Fra_42,15,0.0,34.57475404735237,0.0,0.0,-169.4247245397712,203.99947858712358,0.0,0.0,
Fra_42,16,0.0,27.54753913499783,0.0,0.0,-172.81362523859983,200.36116437359766,0.0,0.0,
Fra_42,17,0.0,19.732975091334197,0.0,0.0,-182.56216593697846,202.29514102831266,0.0,0.0,
Fra_42,18,0.0,14.036891215422624,0.0,0.0,-190.88618857338957,204.92307978881215,5.684341886080802e-14,0.0,
Fra_42,19,0.0,12.30577338849957,0.0,0.0,-192.06385518055777,204.36962856905734,0.0,0.0,
Fra_42,20,0.0,11.577445111828155,0.0,0.0,-193.16141516723016,204.73886027905831,0.0,0.0,
Fra_42,21,0.0,11.09901875007779,0.0,0.0,-196.18630128857322,207.285320038651,0.0,0.0,
Fra_42,22,0.0,10.855759287367444,0.0,0.0,-201.42998337717927,212.2857426645467,2.842170943040401e-14,0.0,
Fra_42,23,0.0,10.68729908003015,0.0,0.0,-192.3466660679925,203.03396514802265,0.0,0.0,
Fra_42,24,0.0,10.535072843024004,0.0,0.0,-178.56810638106782,189.10317922409178,5.684341886080802e-14,0.0,
Fra_43,1,3120.0,4.602137016959359,0.0,0.0,3020.5977155457736,104.00442147118598,-3.268496584496461e-13,0.0,
Fra_43,2,3120.0,4.485642955951839,0.0,0.0,3025.187825302051,99.29781765390126,-3.694822225952521e-13,0.0,
Fra_43,3,3120.0,4.4251357894677685,0.0,0.0,3027.5105844382133,96.9145513512548,-3.694822225952521e-13,0.0,
Fra_43,4,3120.0,4.438783374865623,0.0,0.0,3024.9591043692476,99.47967900561787,1.1368683772161603e-13,0.0,
Fra_43,5,3120.0,4.653678837574917,0.0,0.0,3017.143154706558,107.51052413101671,-9.947598300641403e-14,0.0,
Fra_43,6,3120.0,5.527179324876891,0.0,0.0,3007.894862569155,117.63231675572189,-2.8421709430404007e-13,0.0,
Fra_43,7,3120.0,7.487209524149549,0.0,0.0,3002.6515454970504,124.83566402709911,-8.526512829121202e-14,0.0,
Fra_43,8,3120.0,10.30411285791717,0.0,0.0,3001.52222308097,128.78188977694725,-1.7053025658242404e-13,0.0,
Fra_43,9,3120.0,13.262810942530463,0.0,0.0,3002.7578280322614,130.50498291026946,-3.979039320256561e-13,0.0,
Fra_43,10,3120.0,15.739689185684595,0.0,0.0,3004.645443113819,131.09424607186506,5.968558980384842e-13,0.0,
Fra_43,11,3120.0,17.246284932269045,0.0,0.0,3005.7525518383236,131.49373309394576,-1.7053025658242404e-13,0.0,
Fra_43,12,3120.0,17.903583963011986,0.0,0.0,3008.0360758829697,129.8675080800424,-2.2737367544323206e-13,0.0,
Fra_43,13,3120.0,17.7553224307492,0.0,0.0,3012.0923524640443,125.66296996670472,3.552713678800501e-13,0.0,
Fra_43,14,3120.0,16.517149468758344,0.0,0.0,3014.949072986009,121.56807648274909,2.5579538487363607e-13,0.0,
Fra_43,15,3120.0,14.426082386674395,0.0,0.0,3016.617884494332,117.8081978923424,-2.842170943040401e-14,0.0,
Fra_43,16,3120.0,11.686528920627342,0.0,0.0,3015.9794307165303,115.70709820409724,5.684341886080802e-14,0.0,
Fra_43,17,3118.98582826352,8.617517964645252,0.0,0.0,3010.779390735825,116.82395549234039,-1.4210854715202004e-13,0.0,
Fra_43,18,3120.0,6.353297740634318,0.0,0.0,3008.0117269500097,118.34157079062493,-2.2737367544323206e-13,0.0,
Fra_43,19,3120.0,5.628363706923745,0.0,0.0,3007.606406923512,118.02195678341171,-2.1316282072803006e-13,0.0,
Fra_43,20,3120.0,5.2962027876969735,0.0,0.0,3007.0610174085004,118.23518537919631,2.2737367544323206e-13,0.0,
Fra_43,21,3120.0,5.0773424945722585,0.0,0.0,3005.3715953406067,119.70574715396508,5.258016244624741e-13,0.0,
Fra_43,22,3120.0,4.966061341252519,0.0,0.0,3002.3726069130494,122.59345442820342,-2.8421709430404007e-13,0.0,
Fra_43,23,3120.0,4.888997756748521,0.0,0.0,3007.6383767714115,117.25062098533704,2.2737367544323206e-13,0.0,
Fra_43,24,3120.0,4.819360542924127,0.0,0.0,3015.6136659284225,109.20569461450123,4.547473508864641e-13,0.0,
Fra_44,1,0.0,8.941773561586826,0.0,0.0,-74.52888565276352,83.47065921435033,1.4210854715202004e-14,0.0,
Fra_44,2,0.0,8.715430123536137,0.0,0.0,-70.97785772782485,79.69328785136099,0.0,0.0,
Fra_44,3,0.0,8.597867048043165,0.0,0.0,-69.18268664691122,77.78055369495438,1.4210854715202004e-14,0.0,
Fra_44,4,0.0,8.615977131448606,0.0,0.0,-71.22326688887779,79.83924402032642,-2.842170943040401e-14,0.0,
Fra_44,5,0.0,8.931560325112855,0.0,0.0,-77.35298599278084,86.28454631789371,-1.4210854715202004e-14,0.0,
Fra_44,6,0.0,10.204446570693143,0.0,0.0,-84.2035303750913,94.40797694578443,1.4210854715202004e-14,0.0,
Fra_44,7,0.0,13.051640066230064,0.0,0.0,-87.13751557163845,100.18915563786851,0.0,0.0,
Fra_44,8,0.0,17.135282532352775,0.0,0.0,-86.22098908086613,103.35627161321891,0.0,0.0,
Fra_44,9,0.0,21.463886220416633,0.0,0.0,-83.27528544350801,104.73917166392464,1.4210854715202004e-14,0.0,
Fra_44,10,0.0,25.162033868012536,0.0,0.0,-80.05006177215617,105.21209564016871,0.0,0.0,
Fra_44,11,0.0,27.47083076718758,0.0,0.0,-78.06188052190228,105.53271128908986,0.0,0.0,
Fra_44,12,0.0,28.542941968873013,0.0,0.0,-75.68461255840565,104.22755452727867,-1.4210854715202004e-14,0.0,
Fra_44,13,0.0,28.447177195826537,0.0,0.0,-72.40594802308479,100.85312521891133,0.0,0.0,
Fra_44,14,0.0,26.759094537679502,0.0,0.0,-70.8075986845593,97.5666932222388,0.0,0.0,
Fra_44,15,0.0,23.820911723246052,0.0,0.0,-70.72822186001031,94.54913358325636,0.0,0.0,
Fra_44,16,0.0,19.936059928802912,0.0,0.0,-72.92679749838177,92.86285742718468,0.0,0.0,
Fra_44,17,0.0,15.504071137819864,0.0,0.0,-78.25514062487579,93.75921176269567,-1.4210854715202004e-14,0.0,
Fra_44,18,0.0,12.138396939171255,0.0,0.0,-82.83880486269487,94.97720180186613,0.0,0.0,
Fra_44,19,0.0,10.932607470551055,0.0,0.0,-83.7880822378978,94.72068970844886,-1.4210854715202004e-14,0.0,
Fra_44,20,0.0,10.29031640937983,0.0,0.0,-84.60150382603821,94.89182023541805,-1.4210854715202004e-14,0.0,
Fra_44,21,0.0,9.865079356347302,0.0,0.0,-86.2069672484793,96.07204660482661,-1.4210854715202004e-14,0.0,
Fra_44,22,0.0,9.648864395560507,0.0,0.0,-88.74076473498138,98.38962913054189,0.0,0.0,
Fra_44,23,0.0,9.499132842601606,0.0,0.0,-84.60250715016994,94.10163999277155,0.0,0.0,
Fra_44,24,0.0,9.363830439569513,0.0,0.0,-78.28120609340955,87.64503653297908,-1.4210854715202004e-14,0.0,
Fra_45,1,0.0,26.80601270279558,0.0,0.0,-422.31968002904813,449.12569273184374,-5.684341886080802e-14,0.0,
Fra_45,2,0.0,26.127471132290356,0.0,0.0,-402.67354049512585,428.8010116274162,0.0,0.0,
Fra_45,3,0.0,25.775035759895946,0.0,0.0,-392.73423909326107,418.509274853157,0.0,0.0,
Fra_45,4,0.0,25.813130552534965,0.0,0.0,-403.77321889432665,429.5863494468616,0.0,0.0,
Fra_45,5,0.0,26.56277982263218,0.0,0.0,-437.7034306257752,464.2662104484074,0.0,0.0,
Fra_45,6,0.0,29.5612448721233,0.0,0.0,-478.41423350888067,507.975478381004,0.0,0.0,
Fra_45,7,0.0,36.24506914792952,0.0,0.0,-502.83685920396954,539.081928351899,0.0,0.0,
Fra_45,8,0.0,45.810166538842935,0.0,0.0,-510.3128774551235,556.1230439939665,0.0,0.0,
Fra_45,9,0.0,56.05077897391512,0.0,0.0,-507.51315441876994,563.563933392685,0.0,0.0,
Fra_45,10,0.0,64.99035256951298,0.0,0.0,-501.11821519457044,566.1085677640834,0.0,0.0,
Fra_45,11,0.0,70.72022447977314,0.0,0.0,-497.1134611494107,567.8336856291837,1.1368683772161603e-13,0.0,
Fra_45,12,0.0,73.53929645577041,0.0,0.0,-487.2718085410164,560.8111049967869,0.0,0.0,
Fra_45,13,0.0,73.62269975073161,0.0,0.0,-469.03181088152246,542.6545106322541,0.0,0.0,
Fra_45,14,0.0,69.94471017976937,0.0,0.0,-455.02668807486145,524.9713982546308,0.0,0.0,
Fra_45,15,0.0,63.30332807950456,0.0,0.0,-445.43166356262594,508.7349916421305,0.0,0.0,
Fra_45,16,0.0,54.42761973983672,0.0,0.0,-445.23412444191337,499.6617441817501,-5.684341886080802e-14,0.0,
Fra_45,17,0.0,44.0908301104191,0.0,0.0,-460.3938754047949,504.48470551521405,0.0,0.0,
Fra_45,18,0.0,35.992456565506664,0.0,0.0,-475.0458166971258,511.0382732626325,-5.684341886080802e-14,0.0,
Fra_45,19,0.0,32.76827257741382,0.0,0.0,-476.88980107095324,509.65807364836706,0.0,0.0,
Fra_45,20,0.0,30.848729336047956,0.0,0.0,-479.7301363270944,510.5788656631423,0.0,0.0,
Fra_45,21,0.0,29.573936391809447,0.0,0.0,-487.35530425015986,516.9292406419693,0.0,0.0,
Fra_45,22,0.0,28.92575838266327,0.0,0.0,-500.47356296936886,529.3993213520321,0.0,0.0,
Fra_45,23,0.0,28.47688703930157,0.0,0.0,-477.8503020203258,506.32718905962736,0.0,0.0,
Fra_45,24,0.0,28.071271988840213,0.0,0.0,-443.51524856681084,471.5865205556511,0.0,0.0,
Fra_46,1,0.0,7.1850358278483,0.0,0.0,-217.64652250234283,224.83155833019111,2.842170943040401e-14,0.0,
Fra_46,2,0.0,7.00316075568376,0.0,0.0,-207.6538967627691,214.65705751845286,0.0,0.0,
Fra_46,3,0.0,6.908694607147213,0.0,0.0,-202.59633697663628,209.50503158378348,2.842170943040401e-14,0.0,
Fra_46,4,0.0,6.943283321578198,0.0,0.0,-208.10691297432373,215.0501962959019,2.842170943040401e-14,0.0,
Fra_46,5,0.0,7.439856799834393,0.0,0.0,-224.97101896248878,232.4108757623232,-2.842170943040401e-14,0.0,
Fra_46,6,0.0,9.473933252417368,0.0,0.0,-244.81772773727204,254.2916609896894,0.0,0.0,
Fra_46,7,0.0,14.052391964293724,0.0,0.0,-255.81110500417628,269.86349696847003,0.0,0.0,
Fra_46,8,0.0,20.645494340019063,0.0,0.0,-257.74875615133743,278.3942504913565,0.0,0.0,
Fra_46,9,0.0,27.508222790999245,0.0,0.0,-254.61092428487603,282.1191470758753,0.0,0.0,
Fra_46,10,0.0,33.13574113864063,0.0,0.0,-250.25724557803127,283.3929867166719,0.0,0.0,
Fra_46,11,0.0,36.46499597370973,0.0,0.0,-247.79158181377036,284.2565777874801,-5.684341886080802e-14,0.0,
Fra_46,12,0.0,37.81506680919549,0.0,0.0,-242.92601905111954,280.741085860315,0.0,0.0,
Fra_46,13,0.0,37.279779769203685,0.0,0.0,-234.37214581591778,271.6519255851215,0.0,0.0,
Fra_46,14,0.0,34.21290487818384,0.0,0.0,-228.58688470953726,262.79978958772114,-5.684341886080802e-14,0.0,
Fra_46,15,0.0,29.17138012111135,0.0,0.0,-225.50049191603085,254.67187203714218,2.842170943040401e-14,0.0,
Fra_46,16,0.0,22.622410175490515,0.0,0.0,-227.50740960624717,250.1298197817377,0.0,0.0,
Fra_46,17,0.0,15.412170542461622,0.0,0.0,-237.13201548444295,252.54418602690458,-2.842170943040401e-14,0.0,
Fra_46,18,0.0,10.24417954883819,0.0,0.0,-245.58071135226803,255.82489090110622,0.0,0.0,
Fra_46,19,0.0,8.792094467751863,0.0,0.0,-246.34187085260098,255.13396532035284,0.0,0.0,
Fra_46,20,0.0,8.268638382760441,0.0,0.0,-247.32627385497025,255.59491223773068,0.0,0.0,
Fra_46,21,0.0,7.926945155983497,0.0,0.0,-250.8469540013915,258.773899157375,0.0,0.0,
Fra_46,22,0.0,7.753208678642615,0.0,0.0,-257.2631916847826,265.0164003634252,5.684341886080802e-14,0.0,
Fra_46,23,0.0,7.632894004472075,0.0,0.0,-245.8336361527994,253.46653015727145,0.0,0.0,
Fra_46,24,0.0,7.524173669889253,0.0,0.0,-228.5512368886085,236.07541055849777,0.0,0.0,
Fra_47,1,0.0,5.009825096394277,0.0,0.0,-89.91038449529792,94.9202095916922,0.0,0.0,
Fra_47,2,0.0,4.883011212264864,0.0,0.0,-85.74169041464822,90.6247016269131,-1.4210854715202004e-14,0.0,
Fra_47,3,0.0,4.817143916257264,0.0,0.0,-83.63245655860823,88.4496004748655,-1.4210854715202004e-14,0.0,
Fra_47,4,0.0,4.835381157643699,0.0,0.0,-85.9552972361932,90.7906783938369,0.0,0.0,
Fra_47,5,0.0,5.110311971824122,0.0,0.0,-93.00976157385702,98.12007354568115,-1.4210854715202004e-14,0.0,
Fra_47,6,0.0,6.2318181451292,0.0,0.0,-101.12596533432466,107.35778347945386,0.0,0.0,
Fra_47,7,0.0,8.751966772559614,0.0,0.0,-105.17999137263477,113.93195814519439,0.0,0.0,
Fra_47,8,0.0,12.37718249477076,0.0,0.0,-105.15632037297657,117.53350286774732,1.4210854715202004e-14,0.0,
Fra_47,9,0.0,16.169035689873255,0.0,0.0,-102.93705764131181,119.10609333118506,0.0,0.0,
Fra_47,10,0.0,19.31345105283048,0.0,0.0,-100.33043655682968,119.64388760966018,-1.4210854715202004e-14,0.0,
Fra_47,11,0.0,21.20221966931861,0.0,0.0,-98.80626197710149,120.0084816464201,0.0,0.0,
Fra_47,12,0.0,22.000183777716305,0.0,0.0,-96.52411462938137,118.52429840709766,1.4210854715202004e-14,0.0,
Fra_47,13,0.0,21.761455766448105,0.0,0.0,-92.92554771309845,114.68700347954655,1.4210854715202004e-14,0.0,
Fra_47,14,0.0,20.125004543521307,0.0,0.0,-90.8247717849622,110.94977632848352,-2.842170943040401e-14,0.0,
Fra_47,15,0.0,17.396416422236094,0.0,0.0,-90.12188594781003,107.51830237004613,-1.4210854715202004e-14,0.0,
Fra_47,16,0.0,13.83589771095199,0.0,0.0,-91.76482442586796,105.60072213681995,-1.4210854715202004e-14,0.0,
Fra_47,17,0.0,9.879342377822745,0.0,0.0,-96.74068573065169,106.62002810847444,-1.4210854715202004e-14,0.0,
Fra_47,18,0.0,6.9988816873908615,0.0,0.0,-101.00620640367896,108.00508809106984,-1.4210854715202004e-14,0.0,
Fra_47,19,0.0,6.128202300814421,0.0,0.0,-101.5851883015912,107.71339060240562,0.0,0.0,
Fra_47,20,0.0,5.765375855525496,0.0,0.0,-102.14261900231963,107.90799485784513,0.0,0.0,
Fra_47,21,0.0,5.5271274537374,0.0,0.0,-103.72298372862625,109.25011118236365,-1.4210854715202004e-14,0.0,
Fra_47,22,0.0,5.40598827152651,0.0,0.0,-106.47960490124555,111.88559317277206,0.0,0.0,
Fra_47,23,0.0,5.322097879249291,0.0,0.0,-101.68732884755218,107.00942672680148,-1.4210854715202004e-14,0.0,
Fra_47,24,0.0,5.246291735239495,0.0,0.0,-94.42088851330985,99.66718024854934,0.0,0.0,
Fra_48,1,3864.0,7.888362216805511,0.0,0.0,3727.311370492361,144.57699172444427,0.0,0.0,
Fra_48,2,3864.0,7.6886838182816195,0.0,0.0,3733.6543622180143,138.0343216002676,-8.526512829121202e-14,0.0,
Fra_48,3,3864.0,7.584970598927223,0.0,0.0,3736.863637693187,134.72133290574055,-1.7053025658242404e-13,0.0,
Fra_48,4,3864.0,7.610748983547765,0.0,0.0,3733.3236211393705,138.28712784417726,-1.4210854715202004e-13,0.0,
Fra_48,5,3864.0,8.00802401463257,0.0,0.0,3722.557183966578,149.4508400480546,-1.1368683772161603e-13,0.0,
Fra_48,6,3864.0,9.625660890256201,0.0,0.0,3710.1044735642836,163.52118732597262,1.1368683772161603e-13,0.0,
Fra_48,7,3864.0,13.25800064280095,0.0,0.0,3703.723409423892,173.53459121890933,-2.2737367544323206e-13,0.0,
Fra_48,8,3864.0,18.480649144173725,0.0,0.0,3703.4603926092313,179.02025653494255,-2.5579538487363607e-13,0.0,
Fra_48,9,3864.0,23.95500947638935,0.0,0.0,3706.5394737970328,181.41553567935648,2.2737367544323206e-13,0.0,
Fra_48,10,3864.0,28.51675108973045,0.0,0.0,3710.282078165703,182.23467292402765,-8.526512829121202e-14,0.0,
Fra_48,11,3864.0,31.274653298140443,0.0,0.0,3712.484651753768,182.79000154437276,-3.126388037344441e-13,0.0,
Fra_48,12,3864.0,32.45947766512522,0.0,0.0,3715.930098477489,180.52937918763644,-3.410605131648481e-13,0.0,
Fra_48,13,3864.0,32.15077873849056,0.0,0.0,3721.466145989692,174.68463274879832,4.547473508864641e-13,0.0,
Fra_48,14,3864.0,29.82482677990459,0.0,0.0,3724.832523001047,168.99230377885786,-2.5579538487363607e-13,0.0,
Fra_48,15,3864.0,25.9214539584685,0.0,0.0,3726.1557735112037,163.76568044726474,1.7053025658242404e-13,0.0,
Fra_48,16,3864.0,20.81762460451815,0.0,0.0,3723.9726918326182,160.84493277189966,2.8421709430404007e-13,0.0,
Fra_48,17,3864.0,15.122697213053705,0.0,0.0,3716.725216341413,162.39748087164034,3.694822225952521e-13,0.0,
Fra_48,18,3864.0,10.94836898164167,0.0,0.0,3710.441244584108,164.5071243975337,-1.7053025658242404e-13,0.0,
Fra_48,19,3864.0,9.64825686103842,0.0,0.0,3709.585429263797,164.06282759724158,1.4210854715202004e-13,0.0,
Fra_48,20,3864.0,9.078036096937389,0.0,0.0,3708.718798515465,164.35923758147197,3.979039320256561e-13,0.0,
Fra_48,21,3864.0,8.702895317625119,0.0,0.0,3706.2994235148235,166.403471802802,-4.831690603168681e-13,0.0,
Fra_48,22,3864.0,8.512152181978552,0.0,0.0,3702.094466129585,170.41768605239366,2.8421709430404007e-13,0.0,
Fra_48,23,3864.0,8.380060185140401,0.0,0.0,3709.3894697843325,162.9905904008075,3.410605131648481e-13,0.0,
Fra_48,24,3864.0,8.26069747073367,0.0,0.0,3720.4533936733937,151.80730379734013,-1.7053025658242404e-13,0.0,
Fra_49,1,0.0,4.1862754436404215,0.0,0.0,-17.231615064502392,21.417890508142815,0.0,0.0,
Fra_49,2,0.0,4.080308101701537,0.0,0.0,-16.368339716583726,20.448647818285263,0.0,0.0,
Fra_49,3,0.0,4.025268526764266,0.0,0.0,-15.932587304028715,19.957855830792983,-3.552713678800501e-15,0.0,
Fra_49,4,0.0,4.040791003468845,0.0,0.0,-16.445307977599995,20.486098981068842,0.0,0.0,
Fra_49,5,0.0,4.273961245762953,0.0,0.0,-17.86594974782016,22.139910993583115,0.0,0.0,
Fra_49,6,0.0,5.225399809044295,0.0,0.0,-18.998917242622827,24.224317051667125,-3.552713678800501e-15,0.0,
Fra_49,7,0.0,7.363645031837644,0.0,0.0,-18.34407533065151,25.707720362489155,0.0,0.0,
Fra_49,8,0.0,10.439731270929064,0.0,0.0,-16.08064522516569,26.520376496094755,0.0,0.0,
Fra_49,9,0.0,13.656090796955594,0.0,0.0,-13.21912657554413,26.875217372499723,3.552713678800501e-15,0.0,
Fra_49,10,0.0,16.321144478265122,0.0,0.0,-10.67542133016656,26.996565808431683,0.0,0.0,
Fra_49,11,0.0,17.920258651917464,0.0,0.0,-9.158574517625578,27.078833169543042,0.0,0.0,
Fra_49,12,0.0,18.59395369163129,0.0,0.0,-8.149986895493662,26.743940587124953,0.0,0.0,
Fra_49,13,0.0,18.387991274926122,0.0,0.0,-7.490098267839829,25.878089542765952,0.0,0.0,
Fra_49,14,0.0,16.996375717964693,0.0,0.0,-8.038442173065118,25.03481789102981,0.0,0.0,
Fra_49,15,0.0,14.678444101301677,0.0,0.0,-9.582092592504699,24.260536693806372,3.552713678800501e-15,0.0,
Fra_49,16,0.0,11.654785589845606,0.0,0.0,-12.173066392743994,23.827851982589596,3.552713678800501e-15,0.0,
Fra_49,17,0.0,8.29706122030741,0.0,0.0,-15.760787975616434,24.057849195923843,0.0,0.0,
Fra_49,18,0.0,5.855290534204368,0.0,0.0,-18.515084973893096,24.37037550809746,3.552713678800501e-15,0.0,
Fra_49,19,0.0,5.120909994668228,0.0,0.0,-19.183646601939422,24.30455659660765,0.0,0.0,
Fra_49,20,0.0,4.817623550314121,0.0,0.0,-19.530843744061166,24.34846729437529,-3.552713678800501e-15,0.0,
Fra_49,21,0.0,4.6185400664196585,0.0,0.0,-20.032763690405293,24.65130375682495,0.0,0.0,
Fra_49,22,0.0,4.517314579702143,0.0,0.0,-20.72866195491754,25.245976534619682,3.552713678800501e-15,0.0,
Fra_49,23,0.0,4.447214669547545,0.0,0.0,-19.698498817945254,24.1457134874928,0.0,0.0,
Fra_49,24,0.0,4.383870063091388,0.0,0.0,-18.10513162581342,22.489001688904807,0.0,0.0,
Fra_50,1,0.0,2.925367974648689,0.0,0.0,-434.9825312872034,437.90789926185215,-5.684341886080802e-14,0.0,
Fra_50,2,0.0,2.8513180291446045,0.0,0.0,-415.23954883033053,418.09086685947517,-5.684341886080802e-14,0.0,
Fra_50,3,0.0,2.8128563913409166,0.0,0.0,-405.2433299688767,408.0561863602177,-5.684341886080802e-14,0.0,
Fra_50,4,0.0,2.8308708537188894,0.0,0.0,-416.0257184756342,418.85658932935314,-5.684341886080802e-14,0.0,
Fra_50,5,0.0,3.0807312519429324,0.0,0.0,-449.58952165453985,452.6702529064828,0.0,0.0,
Fra_50,6,0.0,4.107339649147766,0.0,0.0,-491.1804566497256,495.2877962988734,0.0,0.0,
Fra_50,7,0.0,6.420935650504628,0.0,0.0,-519.1963661313287,525.6173017818332,0.0,0.0,
Fra_50,8,0.0,9.755160084548,0.0,0.0,-532.4776221132577,542.2327821978057,0.0,0.0,
Fra_50,9,0.0,13.213445728605839,0.0,0.0,-536.2743750874829,549.4878208160887,0.0,0.0,
Fra_50,10,0.0,16.025843451797723,0.0,0.0,-535.9430545104027,551.9688979622005,0.0,0.0,
Fra_50,11,0.0,17.67059237767044,0.0,0.0,-535.98033525353,553.6509276312006,-1.1368683772161603e-13,0.0,
Fra_50,12,0.0,18.316145711390856,0.0,0.0,-528.4876039874486,546.8037496988394,0.0,0.0,
Fra_50,13,0.0,18.00826619193722,0.0,0.0,-511.09238563343155,529.1006518253687,1.1368683772161603e-13,0.0,
Fra_50,14,0.0,16.42395876936398,0.0,0.0,-495.4352510298421,511.859209799206,1.1368683772161603e-13,0.0,
Fra_50,15,0.0,13.845306692506675,0.0,0.0,-482.1830325368288,496.0283392293355,0.0,0.0,
Fra_50,16,0.0,10.506366019135362,0.0,0.0,-476.67534786866037,487.1817138877957,5.684341886080802e-14,0.0,
Fra_50,17,0.0,6.854701871597626,0.0,0.0,-485.0295104480109,491.88421231960854,0.0,0.0,
Fra_50,18,0.0,4.267148597632194,0.0,0.0,-494.00694328439033,498.2740918820225,0.0,0.0,
Fra_50,19,0.0,3.581120277819546,0.0,0.0,-493.3472451774455,496.928365455265,0.0,0.0,
Fra_50,20,0.0,3.3665538347248765,0.0,0.0,-494.4596050520286,497.82615888675343,5.684341886080802e-14,0.0,
Fra_50,21,0.0,3.2274343582577725,0.0,0.0,-500.79048645952275,504.01792081778046,5.684341886080802e-14,0.0,
Fra_50,22,0.0,3.1566980197037724,0.0,0.0,-513.0198388286002,516.176536848304,0.0,0.0,
Fra_50,23,0.0,3.1077122243463413,0.0,0.0,-490.572964005957,493.68067623030333,0.0,0.0,
Fra_50,24,0.0,3.063447033106937,0.0,0.0,-456.74427690405764,459.80772393716455,0.0,0.0,
Fra_51,1,0.0,15.026938608329171,0.0,0.0,-178.3636726808119,193.39061128914108,0.0,0.0,
Fra_51,2,0.0,14.646561167035266,0.0,0.0,-169.99237421789758,184.63893538493284,0.0,0.0,
Fra_51,3,0.0,14.448992630338198,0.0,0.0,-165.75838762824552,180.20738025858373,0.0,0.0,
Fra_51,4,0.0,14.492702490392738,0.0,0.0,-170.4843942676899,184.9770967580826,2.842170943040401e-14,0.0,
Fra_51,5,0.0,15.184044229680962,0.0,0.0,-184.72597582147128,199.91002005115223,0.0,0.0,
Fra_51,6,0.0,17.993186517284798,0.0,0.0,-200.73776090738255,218.73094742466736,0.0,0.0,
Fra_51,7,0.0,24.29565090451402,0.0,0.0,-207.8295321923892,232.12518309690324,-2.842170943040401e-14,0.0,
Fra_51,8,0.0,33.352546956545225,0.0,0.0,-206.1104300461634,239.46297700270858,2.842170943040401e-14,0.0,
Fra_51,9,0.0,42.86933596233055,0.0,0.0,-199.79763977088987,242.66697573322045,-2.842170943040401e-14,0.0,
Fra_51,10,0.0,50.84387785095532,0.0,0.0,-192.91880094391541,243.76267879487077,-2.842170943040401e-14,0.0,
Fra_51,11,0.0,55.70052145063064,0.0,0.0,-188.80498191178665,244.50550336241727,2.842170943040401e-14,0.0,
Fra_51,12,0.0,57.8259554300644,0.0,0.0,-183.655670244426,241.4816256744904,0.0,0.0,
Fra_51,13,0.0,57.361348183966435,0.0,0.0,-176.30216567926664,233.66351386323305,2.842170943040401e-14,0.0,
Fra_51,14,0.0,53.39121690318206,0.0,0.0,-172.65806342243653,226.0492803256186,-2.842170943040401e-14,0.0,
Fra_51,15,0.0,46.67747830574268,0.0,0.0,-172.38051060470127,219.057988910444,-5.684341886080802e-14,0.0,
Fra_51,16,0.0,37.87806347590196,0.0,0.0,-177.2730439064165,215.15110738231846,0.0,0.0,
Fra_51,17,0.0,28.012329068340566,0.0,0.0,-189.21551419348003,217.22784326182062,-2.842170943040401e-14,0.0,
Fra_51,18,0.0,20.72397648859999,0.0,0.0,-199.3257905538198,220.04976704241977,0.0,0.0,
Fra_51,19,0.0,18.377470337609985,0.0,0.0,-201.0779916997225,219.45546203733247,2.842170943040401e-14,0.0,
Fra_51,20,0.0,17.293208319244407,0.0,0.0,-202.558740789501,219.85194910874543,-2.842170943040401e-14,0.0,
Fra_51,21,0.0,16.5785837488619,0.0,0.0,-206.00779565177038,222.58637940063227,0.0,0.0,
Fra_51,22,0.0,16.21522753998818,0.0,0.0,-211.74068776199775,227.95591530198593,0.0,0.0,
Fra_51,23,0.0,15.963598840318458,0.0,0.0,-202.05760588959572,218.0212047299142,0.0,0.0,
Fra_51,24,0.0,15.736218792063038,0.0,0.0,-187.32587932849322,203.06209812055624,0.0,0.0,
Fra_52,1,0.0,4.829325189954711,0.0,0.0,-689.8176728459143,694.646998035869,0.0,0.0,
Fra_52,2,0.0,4.707080306495018,0.0,0.0,-658.5044444449352,663.2115247514301,1.1368683772161603e-13,0.0,
Fra_52,3,0.0,4.64358615536534,0.0,0.0,-642.6500693436305,647.2936554989959,0.0,0.0,
Fra_52,4,0.0,4.666057756840186,0.0,0.0,-659.7601215279426,664.4261792847827,0.0,0.0,
Fra_52,5,0.0,4.9904031694506,0.0,0.0,-713.0739039866055,718.0643071560563,-2.2737367544323206e-13,0.0,
Fra_52,6,0.0,6.3183776156996005,0.0,0.0,-779.3495252532655,785.6679028689651,-1.1368683772161603e-13,0.0,
Fra_52,7,0.0,9.306928424895228,0.0,0.0,-824.4722324760984,833.7791609009936,0.0,0.0,
Fra_52,8,0.0,13.61001050862175,0.0,0.0,-846.5260478389224,860.1360583475441,0.0,0.0,
Fra_52,9,0.0,18.091496324370976,0.0,0.0,-853.5531253656469,871.6446216900179,0.0,0.0,
Fra_52,10,0.0,21.77099775400597,0.0,0.0,-853.8093209041347,875.5803186581406,0.0,0.0,
Fra_52,11,0.0,23.95156856579753,0.0,0.0,-854.2969295477668,878.2484981135643,0.0,0.0,
Fra_52,12,0.0,24.840059838993938,0.0,0.0,-842.546858468064,867.386918307058,0.0,0.0,
Fra_52,13,0.0,24.498041694557973,0.0,0.0,-814.8067072465891,839.3047489411471,0.0,0.0,
Fra_52,14,0.0,22.502989761818107,0.0,0.0,-789.4519078396486,811.9548976014668,-1.1368683772161603e-13,0.0,
Fra_52,15,0.0,19.218312219706913,0.0,0.0,-767.6243032416305,786.8426154613373,1.1368683772161603e-13,0.0,
Fra_52,16,0.0,14.949374611982707,0.0,0.0,-757.8599663945953,772.809341006578,0.0,0.0,
Fra_52,17,0.0,10.244564993641005,0.0,0.0,-770.0242815948948,780.2688465885358,0.0,0.0,
Fra_52,18,0.0,6.8664711777082585,0.0,0.0,-783.538549394726,790.4050205724343,0.0,0.0,
Fra_52,19,0.0,5.909203025291201,0.0,0.0,-782.3611110846647,788.270314109956,-1.1368683772161603e-13,0.0,
Fra_52,20,0.0,5.5576540723318555,0.0,0.0,-784.136816836556,789.6944709088878,1.1368683772161603e-13,0.0,
Fra_52,21,0.0,5.32798956587038,0.0,0.0,-794.188384179643,799.5163737455133,0.0,0.0,
Fra_52,22,0.0,5.211214929453907,0.0,0.0,-813.592196433126,818.8034113625798,1.1368683772161603e-13,0.0,
Fra_52,23,0.0,5.1303470394928095,0.0,0.0,-777.9882043950789,783.1185514345717,0.0,0.0,
Fra_52,24,0.0,5.0572721289368845,0.0,0.0,-724.3291025974655,729.3863747264024,0.0,0.0,
Fra_53,1,0.0,24.92465103543854,0.0,0.0,-188.15484110262648,213.079492138065,0.0,0.0,
Fra_53,2,0.0,24.293732440965243,0.0,0.0,-179.14308550213826,203.4368179431035,0.0,0.0,
Fra_53,3,0.0,23.966032504131327,0.0,0.0,-174.58805866433826,198.5540911684696,0.0,0.0,
Fra_53,4,0.0,23.993649617067415,0.0,0.0,-179.81575752864083,203.80940714570824,0.0,0.0,
Fra_53,5,0.0,24.596043132994804,0.0,0.0,-195.666591448179,220.2626345811738,-2.842170943040401e-14,0.0,
Fra_53,6,0.0,26.99018659586868,0.0,0.0,-214.00951282823112,240.9996994240998,0.0,0.0,
Fra_53,7,0.0,32.3127354811651,0.0,0.0,-223.444851699701,255.7575871808661,0.0,0.0,
Fra_53,8,0.0,39.916626081710916,0.0,0.0,-223.92580755804113,263.8424336397521,-5.684341886080802e-14,0.0,
Fra_53,9,0.0,48.12026995602247,0.0,0.0,-219.25235792510222,267.37262788112474,-5.684341886080802e-14,0.0,
Fra_53,10,0.0,55.39797481458947,0.0,0.0,-213.1819084258014,268.57988324039087,0.0,0.0,
Fra_53,11,0.0,60.151573170616054,0.0,0.0,-209.2467607719335,269.3983339425496,0.0,0.0,
Fra_53,12,0.0,62.58249010581433,0.0,0.0,-203.48410855891586,266.0665986647302,0.0,0.0,
Fra_53,13,0.0,62.83855646435732,0.0,0.0,-194.61397720974804,257.4525336741053,5.684341886080802e-14,0.0,
Fra_53,14,0.0,60.08490011305774,0.0,0.0,-188.97820346203525,249.063103575093,0.0,0.0,
Fra_53,15,0.0,54.953696637972115,0.0,0.0,-186.4063399981197,241.36003663609182,0.0,0.0,
Fra_53,16,0.0,48.035836787665374,0.0,0.0,-189.0195631015477,237.05539988921308,0.0,0.0,
Fra_53,17,0.0,39.84576113254166,0.0,0.0,-199.49780478272334,239.343565915265,0.0,0.0,
Fra_53,18,0.0,33.27529027107933,0.0,0.0,-209.1774963142801,242.4527865853594,2.842170943040401e-14,0.0,
Fra_53,19,0.0,30.46559019335656,0.0,0.0,-211.33238586208637,241.79797605544294,-2.842170943040401e-14,0.0,
Fra_53,20,0.0,28.68363236683476,0.0,0.0,-213.55119666328372,242.23482903011845,2.842170943040401e-14,0.0,
Fra_53,21,0.0,27.498309893482705,0.0,0.0,-217.7493387042365,245.24764859771918,2.842170943040401e-14,0.0,
Fra_53,22,0.0,26.895623814581878,0.0,0.0,-224.26822710159905,251.16385091618093,0.0,0.0,
Fra_53,23,0.0,26.478256199444843,0.0,0.0,-213.73944242358917,240.21769862303398,2.842170943040401e-14,0.0,
Fra_53,24,0.0,26.101108963876435,0.0,0.0,-197.63451321339096,223.7356221772674,0.0,0.0,
Fra_54,1,1912.0,5.697080473741632,0.0,0.0,1783.8884772150802,133.8086032586614,-2.842170943040401e-14,0.0,
Fra_54,2,1912.0,5.552870069351869,0.0,0.0,1789.7996255538496,127.75324451550229,-1.4210854715202004e-14,0.0,
Fra_54,3,1912.0,5.477966998142228,0.0,0.0,1792.7909530393754,124.68701395876671,7.105427357601002e-14,0.0,
Fra_54,4,1912.0,5.500345138713957,0.0,0.0,1789.5131239026482,127.9872212360658,0.0,0.0,
Fra_54,5,1912.0,5.832869161114544,0.0,0.0,1779.5134317171642,138.3194374439504,0.0,0.0,
Fra_54,6,1912.0,7.190951501209531,0.0,0.0,1767.8491548688005,151.34179663240897,1.4210854715202004e-13,0.0,
Fra_54,7,1912.0,10.244202509230874,0.0,0.0,1761.6348206767339,160.60938183249698,1.1368683772161603e-13,0.0,
Fra_54,8,1912.0,14.63764707843466,0.0,0.0,1760.9511834424795,165.68646363595505,2.842170943040401e-14,0.0,
Fra_54,9,1912.0,19.226543334219027,0.0,0.0,1763.3232058173944,167.90333751682473,-8.526512829121202e-14,0.0,
Fra_54,10,1912.0,23.019581121135342,0.0,0.0,1766.3581173680452,168.66146375308995,2.2737367544323206e-13,0.0,
Fra_54,11,1912.0,25.288038226615864,0.0,0.0,1768.1126078585644,169.1754303680515,-1.4210854715202004e-13,0.0,
Fra_54,12,1912.0,26.235437244779728,0.0,0.0,1771.1522534814076,167.08318376337235,-2.8421709430404007e-13,0.0,
Fra_54,13,1912.0,25.926466126623506,0.0,0.0,1776.252700196986,161.67376592963737,1.4210854715202004e-13,0.0,
Fra_54,14,1912.0,23.925602219036133,0.0,0.0,1779.520189017392,156.40541320164402,0.0,0.0,
Fra_54,15,1912.0,20.60341773904179,0.0,0.0,1781.0353383304023,151.5680794086394,1.1368683772161603e-13,0.0,
Fra_54,16,1912.0,16.274088558212792,0.0,0.0,1779.4092135962148,148.8648749619978,8.526512829121202e-14,0.0,
Fra_54,17,1912.0,11.476263871926285,0.0,0.0,1773.1744777511035,150.3017861208227,2.842170943040401e-14,0.0,
Fra_54,18,1912.0,7.999127453304007,0.0,0.0,1767.7448283481783,152.25429910512585,-1.4210854715202004e-13,0.0,
Fra_54,19,1912.0,6.96947979485371,0.0,0.0,1767.126385360473,151.84309443438065,0.0,0.0,
Fra_54,20,1912.0,6.556278827765045,0.0,0.0,1766.438851627785,152.11742719997991,1.4210854715202004e-13,0.0,
Fra_54,21,1912.0,6.28534715018931,0.0,0.0,1764.2759444523995,154.00940269778994,0.0,0.0,
Fra_54,22,1912.0,6.147589911902607,0.0,0.0,1760.4229598082013,157.72463010370132,-1.1368683772161603e-13,0.0,
Fra_54,23,1912.0,6.052191308841383,0.0,0.0,1767.2014716631843,150.85071964565716,-2.842170943040401e-14,0.0,
Fra_54,24,1912.0,5.965985963441465,0.0,0.0,1777.465598984156,140.50038697928542,-2.842170943040401e-14,0.0,
Fra_55,1,0.0,27.018720328367234,0.0,0.0,-243.49544753082532,270.5141678591926,-5.684341886080802e-14,0.0,
Fra_55,2,0.0,8.498386282266196,0.0,0.0,-249.7739653438693,258.2723516261355,0.0,0.0,
Fra_55,3,0.0,8.383750927050345,0.0,0.0,-243.68975557762195,252.0735065046723,0.0,0.0,
Fra_55,4,0.0,8.406822574870713,0.0,0.0,-250.3385480972771,258.7453706721478,0.0,0.0,
Fra_55,5,0.0,8.780186781555274,0.0,0.0,-270.8533091796236,279.6334959611788,5.684341886080802e-14,0.0,
Fra_55,6,350.2,10.294551182709034,0.0,0.0,54.53440227366487,305.96014890904416,0.0,0.0,
Fra_55,7,412.0,32.47222702765062,0.0,0.0,119.77626414691626,324.6959628807344,-5.684341886080802e-14,0.0,
Fra_55,8,226.59999999999997,84.01611760999684,0.0,0.0,-24.343927891498375,334.96004550149524,-5.684341886080802e-14,0.0,
Fra_55,9,0.0,113.58946402148008,0.0,0.0,-225.85232464546004,339.44178866694017,-5.684341886080802e-14,0.0,
Fra_55,10,0.0,114.45458507776863,0.0,0.0,-226.51986952350657,340.97445460127517,0.0,0.0,
Fra_55,11,0.0,118.37115761115177,0.0,0.0,-223.6423576167781,342.0135152279299,0.0,0.0,
Fra_55,12,0.0,120.4519086039549,0.0,0.0,-217.3318161961733,337.78372480012825,-5.684341886080802e-14,0.0,
Fra_55,13,0.0,106.92887796349424,0.0,0.0,-219.91889706764348,326.84777503113776,0.0,0.0,
Fra_55,14,0.0,95.57258784853093,0.0,0.0,-220.6244216899958,316.1970095385267,5.684341886080802e-14,0.0,
Fra_55,15,0.0,82.8902901589937,0.0,0.0,-223.52732333320972,306.41761349220343,0.0,0.0,
Fra_55,16,0.0,64.43820394788665,0.0,0.0,-236.51447617211085,300.9526801199975,-5.684341886080802e-14,0.0,
Fra_55,17,0.0,60.913731558542494,0.0,0.0,-242.9438800602594,303.8576116188019,0.0,0.0,
Fra_55,18,0.0,103.94377690252631,0.0,0.0,-203.86113266513783,307.8049095676641,5.684341886080802e-14,0.0,
Fra_55,19,0.0,153.74705494372236,0.0,0.0,-153.22654268571443,306.9735976294368,-5.684341886080802e-14,0.0,
Fra_55,20,0.0,127.88746869427656,0.0,0.0,-179.64073378115165,307.5282024754282,0.0,0.0,
Fra_55,21,288.4,72.04921900513658,0.0,0.0,49.096104192713895,311.3531148124227,0.0,0.0,
Fra_55,22,412.0,55.43491027110323,0.0,0.0,148.57090583243576,318.8640044386675,-5.684341886080802e-14,0.0,
Fra_55,23,302.97608770474005,56.31747897144986,0.0,0.0,54.32620357606099,304.967363100129,-5.684341886080802e-14,0.0,
Fra_55,24,0.0,33.005421834659316,0.0,0.0,-251.03719083745017,284.0426126721095,0.0,0.0,
Fra_56,1,0.0,4.049179687474583,0.0,0.0,-20.159533801385223,24.208713488859807,0.0,0.0,
Fra_56,2,0.0,3.9466826553773644,0.0,0.0,-19.166492569757892,23.113175225135258,0.0,0.0,
Fra_56,3,0.0,3.8934455638759444,0.0,0.0,-18.664985831407748,22.55843139528369,0.0,0.0,
Fra_56,4,0.0,3.906732885403729,0.0,0.0,-19.248773514657817,23.155506400061547,0.0,0.0,
Fra_56,5,0.0,4.111325413466628,0.0,0.0,-20.91349025214426,25.024815665610888,0.0,0.0,
Fra_56,6,0.0,4.9444516343564935,0.0,0.0,-22.436375190962906,27.3808268253194,0.0,0.0,
Fra_56,7,0.0,6.815258244608317,0.0,0.0,-22.242264319092204,29.057522563700523,-3.552713678800501e-15,0.0,
Fra_56,8,0.0,9.505190288240046,0.0,0.0,-20.470880229375126,29.97607051761517,0.0,0.0,
Fra_56,9,0.0,12.324528499538761,0.0,0.0,-18.05261985101042,30.37714835054918,0.0,0.0,
Fra_56,10,0.0,14.67340968955396,0.0,0.0,-15.840899205199197,30.514308894753157,0.0,0.0,
Fra_56,11,0.0,16.093116593421186,0.0,0.0,-14.514179375566588,30.60729596898777,3.552713678800501e-15,0.0,
Fra_56,12,0.0,16.702640736427508,0.0,0.0,-13.526125023237284,30.228765759664793,0.0,0.0,
Fra_56,13,0.0,16.542924094636824,0.0,0.0,-12.70716732504346,29.250091419680288,-3.552713678800501e-15,0.0,
Fra_56,14,0.0,15.344292893921804,0.0,0.0,-12.952645748999428,28.296938642921226,7.105427357601002e-15,0.0,
Fra_56,15,0.0,13.333291650992228,0.0,0.0,-14.088474357337972,27.421766008330202,0.0,0.0,
Fra_56,16,0.0,10.704033379298052,0.0,0.0,-16.228667648478876,26.93270102777693,0.0,0.0,
Fra_56,17,0.0,7.770749834629103,0.0,0.0,-19.42191781491798,27.192667649547083,0.0,0.0,
Fra_56,18,0.0,5.621260127846457,0.0,0.0,-21.924657060737374,27.545917188583832,0.0,0.0,
Fra_56,19,0.0,4.9525723894523574,0.0,0.0,-22.518949462681338,27.471521852133694,0.0,0.0,
Fra_56,20,0.0,4.6598518622241665,0.0,0.0,-22.86130239889717,27.52115426112134,-3.552713678800501e-15,0.0,
Fra_56,21,0.0,4.467288135840191,0.0,0.0,-23.39616319466977,27.863451330509964,-3.552713678800501e-15,0.0,
Fra_56,22,0.0,4.36937766860279,0.0,0.0,-24.166234297511497,28.53561196611429,0.0,0.0,
Fra_56,23,0.0,4.301573450721476,0.0,0.0,-22.990407502331653,27.291980953053127,0.0,0.0,
Fra_56,24,0.0,4.240303308031034,0.0,0.0,-21.179090741546133,25.41939404957717,-3.552713678800501e-15,0.0,
Fra_57,1,2726.0,11.610742436800198,0.0,0.0,2604.9964464052596,132.6142960315407,-1.4210854715202004e-13,0.0,
Fra_57,2,2726.0,11.31683929293664,0.0,0.0,2610.7038549662207,126.61298432671575,8.526512829121202e-14,0.0,
Fra_57,3,2726.0,11.164185618559232,0.0,0.0,2613.59006424123,123.57412137732938,7.105427357601002e-14,0.0,
Fra_57,4,2726.0,11.2046590921406,0.0,0.0,2610.3597864015255,126.84487269061503,-1.1368683772161603e-13,0.0,
Fra_57,5,2726.0,11.820092197097654,0.0,0.0,2600.735223381528,137.08486881556968,-3.979039320256561e-13,0.0,
Fra_57,6,2726.0,14.32879144911481,0.0,0.0,2590.3377943698115,149.9909970793031,1.7053025658242404e-13,0.0,
Fra_57,7,2726.0,19.964487176066566,0.0,0.0,2586.788622627171,159.17586454889494,3.979039320256561e-13,0.0,
Fra_57,8,2726.0,28.06990194325967,0.0,0.0,2589.8622710290992,164.2076309141608,-5.115907697472721e-13,0.0,
Fra_57,9,2726.0,36.55500079795354,0.0,0.0,2596.150282686537,166.40471811141626,2.5579538487363607e-13,0.0,
Fra_57,10,2726.0,43.604804425545005,0.0,0.0,2602.448726725306,167.15607770023885,-1.4210854715202004e-13,0.0,
Fra_57,11,2726.0,47.85029249683039,0.0,0.0,2606.1848355850393,167.66545691179135,-4.547473508864641e-13,0.0,
Fra_57,12,2726.0,49.655926149791455,0.0,0.0,2610.0640415184575,165.5918846313338,5.684341886080802e-14,0.0,
Fra_57,13,2726.0,49.14366749263884,0.0,0.0,2614.912918995239,160.23074849739996,-8.526512829121202e-14,0.0,
Fra_57,14,2726.0,45.504102733782794,0.0,0.0,2616.494684339636,155.00941839414696,-5.684341886080802e-14,0.0,
Fra_57,15,2726.0,39.42022526109041,0.0,0.0,2615.2049650900053,150.21526017108545,-4.547473508864641e-13,0.0,
Fra_57,16,2726.0,31.475097107653465,0.0,0.0,2609.9389139614414,147.53618314621184,5.684341886080802e-14,0.0,
Fra_57,17,2726.0,22.63194972925664,0.0,0.0,2599.671680559076,148.9602691701805,1.9895196601282805e-13,0.0,
Fra_57,18,2726.0,16.17667071601079,0.0,0.0,2591.281315694846,150.8953550211648,1.7053025658242404e-13,0.0,
Fra_57,19,2726.0,14.20202921087161,0.0,0.0,2589.714208657654,150.48782055321774,-4.831690603168681e-13,0.0,
Fra_57,20,2726.0,13.36180262221771,0.0,0.0,2588.602097857504,150.75970476471352,1.4210854715202004e-13,0.0,
Fra_57,21,2726.0,12.809639467633367,0.0,0.0,2586.174846011754,152.63479345587925,1.4210854715202004e-13,0.0,
Fra_57,22,2726.0,12.528887980986145,0.0,0.0,2582.2120273408345,156.31686064015153,-1.4210854715202004e-13,0.0,
Fra_57,23,2726.0,12.334464080168933,0.0,0.0,2588.8301608853353,149.5043031948337,-2.2737367544323206e-13,0.0,
Fra_57,24,2726.0,12.158776187619912,0.0,0.0,2598.912423877976,139.2463523096443,-3.410605131648481e-13,0.0,
Fra_58,1,0.0,5.378822468356625,0.0,0.0,-39.237175311213804,44.615997779570435,-7.105427357601002e-15,0.0,
Fra_58,2,0.0,5.2426681403850175,0.0,0.0,-37.354282540120785,42.5969506805058,0.0,0.0,
Fra_58,3,0.0,5.171949405722888,0.0,0.0,-36.40262354734699,41.574572953069875,0.0,0.0,
Fra_58,4,0.0,5.192026697358575,0.0,0.0,-37.482939182401296,42.67496587975987,0.0,0.0,
Fra_58,5,0.0,5.493232228430548,0.0,0.0,-40.62681957377864,46.12005180220918,7.105427357601002e-15,0.0,
Fra_58,6,0.0,6.7224161554898245,0.0,0.0,-43.73969986746242,50.462116022952245,0.0,0.0,
Fra_58,7,0.0,9.48498008515968,0.0,0.0,-44.06724039026798,53.55222047542767,-7.105427357601002e-15,0.0,
Fra_58,8,0.0,13.459322167319037,0.0,0.0,-41.785757100094564,55.2450792674136,0.0,0.0,
Fra_58,9,0.0,17.614380152588357,0.0,0.0,-38.369874606817135,55.984254759405495,-7.105427357601002e-15,0.0,
Fra_58,10,0.0,21.056248017620337,0.0,0.0,-35.18078987866954,56.23703789628988,0.0,0.0,
Fra_58,11,0.0,23.12068131917355,0.0,0.0,-33.28772921529842,56.40841053447197,0.0,0.0,
Fra_58,12,0.0,23.989533470905062,0.0,0.0,-31.72125622607689,55.71078969698195,0.0,0.0,
Fra_58,13,0.0,23.72185793918804,0.0,0.0,-30.185261678433246,53.90711961762129,0.0,0.0,
Fra_58,14,0.0,21.922465406286516,0.0,0.0,-30.2280196759621,52.150485082248615,0.0,0.0,
Fra_58,15,0.0,18.92644087266545,0.0,0.0,-31.61112494645824,50.53756581912369,-7.105427357601002e-15,0.0,
Fra_58,16,0.0,15.0186947637992,0.0,0.0,-34.617537653346254,49.63623241714545,0.0,0.0,
Fra_58,17,0.0,10.680247040777596,0.0,0.0,-39.435096760167625,50.11534380094521,7.105427357601002e-15,0.0,
Fra_58,18,0.0,7.526545088329116,0.0,0.0,-43.23982796522593,50.76637305355505,-7.105427357601002e-15,0.0,
Fra_58,19,0.0,6.579755747584518,0.0,0.0,-44.049508732753814,50.629264480338335,0.0,0.0,
Fra_58,20,0.0,6.190023123270482,0.0,0.0,-44.53071253128809,50.720735654558574,-7.105427357601002e-15,0.0,
Fra_58,21,0.0,5.9342265970583785,0.0,0.0,-45.41735320767878,51.351579804737156,0.0,0.0,
Fra_58,22,0.0,5.804164939707656,0.0,0.0,-46.78618855861868,52.59035349832634,0.0,0.0,
Fra_58,23,0.0,5.714095622280841,0.0,0.0,-44.584279884613835,50.29837550689467,0.0,0.0,
Fra_58,24,0.0,5.632705996337047,0.0,0.0,-41.21454299092731,46.847248987264365,-7.105427357601002e-15,0.0,
Fra_59,1,0.0,5.063579502499483,0.0,0.0,-47.68761570066536,52.75119520316484,0.0,0.0,
Fra_59,2,0.0,4.935404931141254,0.0,0.0,-45.428593908661945,50.3639988398032,0.0,0.0,
Fra_59,3,0.0,4.86883089242098,0.0,0.0,-44.2863717810879,49.15520267350888,0.0,0.0,
Fra_59,4,0.0,4.884648199247844,0.0,0.0,-45.5715909850389,50.456239184286744,0.0,0.0,
Fra_59,5,0.0,5.130808463060114,0.0,0.0,-49.39868715459534,54.529495617655456,0.0,0.0,
Fra_59,6,0.0,6.1323355470890455,0.0,0.0,-53.530948144179234,59.663283691268276,0.0,0.0,
Fra_59,7,0.0,8.380500922608409,0.0,0.0,-54.93633107606408,63.31683199867249,-7.105427357601002e-15,0.0,
Fra_59,8,0.0,11.612292617742025,0.0,0.0,-53.706070872586025,65.31836349032805,0.0,0.0,
Fra_59,9,0.0,15.003007507423552,0.0,0.0,-51.18931134887221,66.19231885629577,-1.4210854715202004e-14,0.0,
Fra_59,10,0.0,17.834452575251348,0.0,0.0,-48.65674142138617,66.49119399663752,0.0,0.0,
Fra_59,11,0.0,19.55106160104996,0.0,0.0,-47.14275279945902,66.69381440050898,0.0,0.0,
Fra_59,12,0.0,20.293806126996685,0.0,0.0,-45.57518455987381,65.86899068687049,0.0,0.0,
Fra_59,13,0.0,20.11234872067154,0.0,0.0,-43.624094064692,63.736442785363536,7.105427357601002e-15,0.0,
Fra_59,14,0.0,18.681622696291818,0.0,0.0,-42.97788410449769,61.659506800789515,-7.105427357601002e-15,0.0,
Fra_59,15,0.0,16.27368648091264,0.0,0.0,-43.47880438096611,59.75249086187876,-7.105427357601002e-15,0.0,
Fra_59,16,0.0,13.12237701252582,0.0,0.0,-45.564433003980064,58.68681001650589,0.0,0.0,
Fra_59,17,0.0,9.59971292988943,0.0,0.0,-49.65356874227117,59.2532816721606,0.0,0.0,
Fra_59,18,0.0,7.009941986274837,0.0,0.0,-53.01307639237082,60.02301837864566,0.0,0.0,
Fra_59,19,0.0,6.192996900579306,0.0,0.0,-53.66791278455432,59.86090968513362,0.0,0.0,
Fra_59,20,0.0,5.827237167871536,0.0,0.0,-54.1418223739703,59.96905954184184,0.0,0.0,
Fra_59,21,0.0,5.586432409105457,0.0,0.0,-55.12849822304028,60.71493063214574,0.0,0.0,
Fra_59,22,0.0,5.463993428065162,0.0,0.0,-56.71558657146491,62.17957999953007,7.105427357601002e-15,0.0,
Fra_59,23,0.0,5.379202908911649,0.0,0.0,-54.09048412745507,59.46968703636672,0.0,0.0,
Fra_59,24,0.0,5.30258338036807,0.0,0.0,-50.086705194279205,55.389288574647274,0.0,0.0,
Fra_60,1,0.0,6.140079702612408,0.0,0.0,-45.41043424229634,51.55051394490875,0.0,0.0,
Fra_60,2,0.0,5.984655642696053,0.0,0.0,-43.23299742683813,49.21765306953418,7.105427357601002e-15,0.0,
Fra_60,3,0.0,5.903928184251782,0.0,0.0,-42.132442387566236,48.036370571818026,-7.105427357601002e-15,0.0,
Fra_60,4,0.0,5.929240848767159,0.0,0.0,-43.37855306300328,49.30779391177044,0.0,0.0,
Fra_60,5,0.0,6.302106783773018,0.0,0.0,-46.986231298813955,53.288338082586975,0.0,0.0,
Fra_60,6,0.0,7.8260758538821005,0.0,0.0,-50.479199051836915,58.30527490571902,0.0,0.0,
Fra_60,7,0.0,11.253293980315522,0.0,0.0,-50.62237003685132,61.87566401716684,0.0,0.0,
Fra_60,8,0.0,16.185788316361794,0.0,0.0,-47.6458499052639,63.831638221625695,0.0,0.0,
Fra_60,9,0.0,21.333271677886145,0.0,0.0,-43.352429624339536,64.68570130222568,0.0,0.0,
Fra_60,10,0.0,25.579577167527603,0.0,0.0,-39.39819651392353,64.97777368145114,0.0,0.0,
Fra_60,11,0.0,28.112298479770363,0.0,0.0,-37.06348371911949,65.17578219888985,0.0,0.0,
Fra_60,12,0.0,29.16249217178373,0.0,0.0,-35.2072403027681,64.36973247455182,0.0,0.0,
Fra_60,13,0.0,28.80217341489702,0.0,0.0,-33.48355053792515,62.28572395282217,0.0,0.0,
Fra_60,14,0.0,26.543761625395486,0.0,0.0,-33.71229992787137,60.25606155326686,0.0,0.0,
Fra_60,15,0.0,22.803452166259557,0.0,0.0,-35.58899944654316,58.392451612802724,-7.105427357601002e-15,0.0,
Fra_60,16,0.0,17.93316744151884,0.0,0.0,-39.41785951600099,57.351026957519835,-7.105427357601002e-15,0.0,
Fra_60,17,0.0,12.544745937976092,0.0,0.0,-45.35985909245291,57.904605030428996,0.0,0.0,
Fra_60,18,0.0,8.650373725830585,0.0,0.0,-50.00644786895762,58.656821594788205,0.0,0.0,
Fra_60,19,0.0,7.511857788830288,0.0,0.0,-50.98654490315774,58.49840269198802,1.4210854715202004e-14,0.0,
Fra_60,20,0.0,7.066088453651229,0.0,0.0,-51.53800247298067,58.604090926631905,-7.105427357601002e-15,0.0,
Fra_60,21,0.0,6.7740894022169185,0.0,0.0,-52.558895682997175,59.33298508521409,0.0,0.0,
Fra_60,22,0.0,6.625620300088085,0.0,0.0,-54.1386769543945,60.764297254482585,0.0,0.0,
Fra_60,23,0.0,6.522803597916929,0.0,0.0,-51.59328114784925,58.11608474576617,0.0,0.0,
Fra_60,24,0.0,6.429895011846158,0.0,0.0,-47.69866609599053,54.12856110783669,0.0,0.0,
Fra_61,1,0.0,13.66324266933217,0.0,0.0,-345.8561055062399,359.5193481755721,0.0,0.0,
Fra_61,2,0.0,13.317384512737481,0.0,0.0,-329.9323175018812,343.24970201461866,0.0,0.0,
Fra_61,3,0.0,13.137745337315508,0.0,0.0,-321.87355358312664,335.01129892044213,0.0,0.0,
Fra_61,4,0.0,13.187399278575246,0.0,0.0,-330.69095557313074,343.8783548517059,5.684341886080802e-14,0.0,
Fra_61,5,0.0,13.936192910229472,0.0,0.0,-357.70294522300514,371.6391381332346,0.0,0.0,
Fra_61,6,0.0,16.99061040987785,0.0,0.0,-389.6372352737418,406.6278456836197,-5.684341886080802e-14,0.0,
Fra_61,7,0.0,23.854148340867134,0.0,0.0,-407.67401099341123,431.52815933427837,0.0,0.0,
Fra_61,8,0.0,33.72722822648787,0.0,0.0,-411.4421252923293,445.16935351881716,0.0,0.0,
Fra_61,9,0.0,44.05447049043404,0.0,0.0,-407.07121941653776,451.1256899069718,0.0,0.0,
Fra_61,10,0.0,52.61902769848092,0.0,0.0,-400.5436093378917,453.16263703637264,0.0,0.0,
Fra_61,11,0.0,57.7640449708005,0.0,0.0,-396.7795267580731,454.5435717288736,0.0,0.0,
Fra_61,12,0.0,59.938268512002296,0.0,0.0,-388.9838176231331,448.9220861351354,5.684341886080802e-14,0.0,
Fra_61,13,0.0,59.28911634804123,0.0,0.0,-375.0988492131405,434.38796556118166,1.1368683772161603e-13,0.0,
Fra_61,14,0.0,54.83323608363366,0.0,0.0,-365.39962515241143,420.2328612360451,0.0,0.0,
Fra_61,15,0.0,47.40286385268245,0.0,0.0,-359.83296244079725,407.2358262934797,0.0,0.0,
Fra_61,16,0.0,37.70671777284567,0.0,0.0,-362.2660904711651,399.97280824401076,0.0,0.0,
Fra_61,17,0.0,26.931397596973216,0.0,0.0,-376.90212924529027,403.83352684226344,5.684341886080802e-14,0.0,
Fra_61,18,0.0,19.085911854012437,0.0,0.0,-389.99366179186393,409.07957364587634,5.684341886080802e-14,0.0,
Fra_61,19,0.0,16.713349986581456,0.0,0.0,-391.2613915962378,407.9747415828192,5.684341886080802e-14,0.0,
Fra_61,20,0.0,15.723848213912555,0.0,0.0,-392.9879755494956,408.7118237634081,5.684341886080802e-14,0.0,
Fra_61,21,0.0,15.074075883226957,0.0,0.0,-398.72114148247397,413.79521736570086,5.684341886080802e-14,0.0,
Fra_61,22,0.0,14.74369428078277,0.0,0.0,-409.0336625196694,423.7773568004522,0.0,0.0,
Fra_61,23,0.0,14.514900906711869,0.0,0.0,-390.79351034682304,405.3084112535349,0.0,0.0,
Fra_61,24,0.0,14.308155616905717,0.0,0.0,-363.1907967304551,377.4989523473608,0.0,0.0,
Fra_62,1,0.0,6.161563296624068,0.0,0.0,-56.26211672700161,62.42368002362567,7.105427357601002e-15,0.0,
Fra_62,2,0.0,6.0055954217143235,0.0,0.0,-53.5931707517867,59.59876617350102,7.105427357601002e-15,0.0,
Fra_62,3,0.0,5.9245855050566725,0.0,0.0,-52.24373904891465,58.16832455397132,0.0,0.0,
Fra_62,4,0.0,5.9443247075314645,0.0,0.0,-53.76359504490049,59.707919752431955,0.0,0.0,
Fra_62,5,0.0,6.249829849426845,0.0,0.0,-58.27822061798705,64.5280504674139,-1.4210854715202004e-14,0.0,
Fra_62,6,0.0,7.493363232491497,0.0,0.0,-63.10980918774379,70.6031724202353,0.0,0.0,
Fra_62,7,0.0,10.28527533724797,0.0,0.0,-64.6413617858037,74.92663712305165,1.4210854715202004e-14,0.0,
Fra_62,8,0.0,14.299180273616626,0.0,0.0,-62.99599012931833,77.29517040293496,0.0,0.0,
Fra_62,9,0.0,18.5082568967834,0.0,0.0,-59.82111775327782,78.32937465006123,0.0,0.0,
Fra_62,10,0.0,22.01889784255964,0.0,0.0,-56.664153839004946,78.68305168156459,0.0,0.0,
Fra_62,11,0.0,24.14393673691077,0.0,0.0,-54.77888792437146,78.92282466128223,0.0,0.0,
Fra_62,12,0.0,25.059736893158785,0.0,0.0,-52.887023977004304,77.94676087016309,0.0,0.0,
Fra_62,13,0.0,24.827676065551742,0.0,0.0,-50.5955118822155,75.42318794776725,0.0,0.0,
Fra_62,14,0.0,23.044705472040047,0.0,0.0,-49.920718498413095,72.96542397045313,1.4210854715202004e-14,0.0,
Fra_62,15,0.0,20.048801046945716,0.0,0.0,-50.65993561411017,70.7087366610559,-1.4210854715202004e-14,0.0,
Fra_62,16,0.0,16.12999096278492,0.0,0.0,-53.31766109454483,69.44765205732975,0.0,0.0,
Fra_62,17,0.0,11.753859029824309,0.0,0.0,-58.36413320157834,70.11799223140265,0.0,0.0,
Fra_62,18,0.0,8.542021184686734,0.0,0.0,-62.486847050245416,71.02886823493215,0.0,0.0,
Fra_62,19,0.0,7.536063504302246,0.0,0.0,-63.300971708195625,70.83703521249788,-1.4210854715202004e-14,0.0,
Fra_62,20,0.0,7.090812070109193,0.0,0.0,-63.874203409447155,70.96501547955636,-1.4210854715202004e-14,0.0,
Fra_62,21,0.0,6.797791339905771,0.0,0.0,-65.04985851600325,71.84764985590903,0.0,0.0,
Fra_62,22,0.0,6.648802757563668,0.0,0.0,-66.93205528641158,73.58085804397525,0.0,0.0,
Fra_62,23,0.0,6.545626308875522,0.0,0.0,-63.828451479613975,70.3740777884895,0.0,0.0,
Fra_62,24,0.0,6.4523926439067525,0.0,0.0,-59.09310283545646,65.54549547936321,0.0,0.0,
Fra_63,1,0.0,5.913158306569947,0.0,0.0,-390.60772708324134,396.5208853898113,-5.684341886080802e-14,0.0,
Fra_63,2,0.0,5.763478316171096,0.0,0.0,-372.8132977135796,378.57677602975065,0.0,0.0,
Fra_63,3,0.0,5.685734334889398,0.0,0.0,-363.8047466020427,369.4904809369321,0.0,0.0,
Fra_63,4,0.0,5.714455306475175,0.0,0.0,-373.55567417095403,379.27012947742924,0.0,0.0,
Fra_63,5,0.0,6.126219846340258,0.0,0.0,-403.7618177402535,409.88803758659384,-1.1368683772161603e-13,0.0,
Fra_63,6,0.0,7.813102518754756,0.0,0.0,-440.664661509345,448.4777640280997,5.684341886080802e-14,0.0,
Fra_63,7,0.0,11.610253547547327,0.0,0.0,-464.3305509687696,475.9408045163169,0.0,0.0,
Fra_63,8,0.0,17.078419743275415,0.0,0.0,-473.90752329834334,490.9859430416187,0.0,0.0,
Fra_63,9,0.0,22.76941009612802,0.0,0.0,-474.7858922589628,497.5553023550908,0.0,0.0,
Fra_63,10,0.0,27.43456890879784,0.0,0.0,-472.3673220745295,499.8018909833274,-5.684341886080802e-14,0.0,
Fra_63,11,0.0,30.19325194552734,0.0,0.0,-471.1316987833039,501.32495072883114,5.684341886080802e-14,0.0,
Fra_63,12,0.0,31.310556320999932,0.0,0.0,-463.8143485517552,495.1249048727551,0.0,0.0,
Fra_63,13,0.0,30.864189840574586,0.0,0.0,-448.23075061554505,479.0949404561197,-5.684341886080802e-14,0.0,
Fra_63,14,0.0,28.318431682201975,0.0,0.0,-435.16456875380146,463.4830004360034,0.0,0.0,
Fra_63,15,0.0,24.135221311749202,0.0,0.0,-425.0130963623362,449.14831767408543,0.0,0.0,
Fra_63,16,0.0,18.701903699179113,0.0,0.0,-422.4358900289985,441.1377937281776,0.0,0.0,
Fra_63,17,0.0,12.721551443748062,0.0,0.0,-432.6743039564608,445.39585540020886,0.0,0.0,
Fra_63,18,0.0,8.43702449108114,0.0,0.0,-442.74479801749357,451.18182250857467,5.684341886080802e-14,0.0,
Fra_63,19,0.0,7.235832938462502,0.0,0.0,-442.72744878761023,449.9632817260727,5.684341886080802e-14,0.0,
Fra_63,20,0.0,6.804944179615205,0.0,0.0,-443.9712798271311,450.77622400674636,0.0,0.0,
Fra_63,21,0.0,6.523736654611137,0.0,0.0,-449.8590610795154,456.3827977341266,-5.684341886080802e-14,0.0,
Fra_63,22,0.0,6.380754584826512,0.0,0.0,-461.011538985444,467.3922935702705,0.0,0.0,
Fra_63,23,0.0,6.281737720885996,0.0,0.0,-440.7407963979308,447.02253411881674,5.684341886080802e-14,0.0,
Fra_63,24,0.0,6.192262794812593,0.0,0.0,-410.15867792118496,416.3509407159976,0.0,0.0,
Fra_64,1,0.0,7.405205007221273,0.0,0.0,-41.471725158865205,48.87693016608648,0.0,0.0,
Fra_64,2,0.0,7.217756784644363,0.0,0.0,-39.447302550925606,46.66505933556998,-7.105427357601002e-15,0.0,
Fra_64,3,0.0,7.120395934550283,0.0,0.0,-38.42464620373245,45.54504213828274,-7.105427357601002e-15,0.0,
Fra_64,4,0.0,7.150114655381876,0.0,0.0,-39.600410513871196,46.750525169253066,7.105427357601002e-15,0.0,
Fra_64,5,0.0,7.589990682037944,0.0,0.0,-42.934634191981246,50.524624874019196,-7.105427357601002e-15,0.0,
Fra_64,6,0.0,9.38710985683986,0.0,0.0,-45.89425655061871,55.281366407458556,7.105427357601002e-15,0.0,
Fra_64,7,0.0,13.42794535132948,0.0,0.0,-45.238637728313705,58.66658307964318,7.105427357601002e-15,0.0,
Fra_64,8,0.0,19.242957848054523,0.0,0.0,-41.2781560069786,60.52111385503312,0.0,0.0,
Fra_64,9,0.0,25.31431583579774,0.0,0.0,-36.01656650364913,61.33088233944687,0.0,0.0,
Fra_64,10,0.0,30.328249276636857,0.0,0.0,-31.279557581896306,61.60780685853316,7.105427357601002e-15,0.0,
Fra_64,11,0.0,33.323271653258395,0.0,0.0,-28.472274332172425,61.79554598543081,7.105427357601002e-15,0.0,
Fra_64,12,0.0,34.5701125995671,0.0,0.0,-26.461188122878248,61.03130072244535,0.0,0.0,
Fra_64,13,0.0,34.15406878490668,0.0,0.0,-24.90130713704171,59.05537592194838,0.0,0.0,
Fra_64,14,0.0,31.49942549493504,0.0,0.0,-25.631553175226223,57.13097867016126,0.0,0.0,
Fra_64,15,0.0,27.096741885932165,0.0,0.0,-28.267279950118102,55.36402183605027,0.0,0.0,
Fra_64,16,0.0,21.36142716178039,0.0,0.0,-33.01518181930009,54.37660898108048,0.0,0.0,
Fra_64,17,0.0,15.010170261602408,0.0,0.0,-39.89130636366827,54.901476625270675,0.0,0.0,
Fra_64,18,0.0,10.412912069309511,0.0,0.0,-45.20176862848021,55.614680697789716,7.105427357601002e-15,0.0,
Fra_64,19,0.0,9.059332430712995,0.0,0.0,-46.40514550367794,55.46447793439095,-7.105427357601002e-15,0.0,
Fra_64,20,0.0,8.522012112673966,0.0,0.0,-47.042672707521966,55.56468482019592,1.4210854715202004e-14,0.0,
Fra_64,21,0.0,8.169848469445487,0.0,0.0,-48.08592759623372,56.2557760656792,0.0,0.0,
Fra_64,22,0.0,7.990788230531274,0.0,0.0,-49.622067320678745,57.61285555121002,0.0,0.0,
Fra_64,23,0.0,7.866786785172207,0.0,0.0,-47.235201503069,55.1019882882412,7.105427357601002e-15,0.0,
Fra_64,24,0.0,7.754734961725616,0.0,0.0,-43.566536133376005,51.32127109510162,0.0,0.0,
Fra_65,1,0.0,15.337477330590453,0.0,0.0,-43.22196422178779,58.559441552378246,0.0,0.0,
Fra_65,2,0.0,14.949239211371706,0.0,0.0,-40.96016028269999,55.909399494071685,7.105427357601002e-15,0.0,
Fra_65,3,0.0,14.74758782835816,0.0,0.0,-39.81991925595436,54.567507084312524,0.0,0.0,
Fra_65,4,0.0,14.744457516311673,0.0,0.0,-41.26733857826835,56.01179609458003,-7.105427357601002e-15,0.0,
Fra_65,5,0.0,14.8710844366895,0.0,0.0,-45.66245985940602,60.53354429609552,0.0,0.0,
Fra_65,6,0.0,15.328621791802128,0.0,0.0,-50.90397371026475,66.23259550206687,1.4210854715202004e-14,0.0,
Fra_65,7,0.0,16.303175975530902,0.0,0.0,-53.98524703418249,70.2884230097134,0.0,0.0,
Fra_65,8,0.0,17.655965428509163,0.0,0.0,-54.85437058145822,72.51033600996739,-1.4210854715202004e-14,0.0,
Fra_65,9,0.0,19.30470468807328,0.0,0.0,-54.17581480258429,73.48051949065757,0.0,0.0,
Fra_65,10,0.0,21.11547976906686,0.0,0.0,-52.696822939864624,73.8123027089315,-1.4210854715202004e-14,0.0,
Fra_65,11,0.0,22.560097131923655,0.0,0.0,-51.47713579237323,74.03723292429689,0.0,0.0,
Fra_65,12,0.0,23.565234239450785,0.0,0.0,-49.55635656785138,73.12159080730217,0.0,0.0,
Fra_65,13,0.0,24.183155080463653,0.0,0.0,-46.571080566164326,70.75423564662798,0.0,0.0,
Fra_65,14,0.0,24.20663385141571,0.0,0.0,-44.24198178170788,68.44861563312358,0.0,0.0,
Fra_65,15,0.0,23.741490169492586,0.0,0.0,-42.59013478723021,66.33162495672279,1.4210854715202004e-14,0.0,
Fra_65,16,0.0,22.92696299719144,0.0,0.0,-42.22164278929732,65.14860578648876,0.0,0.0,
Fra_65,17,0.0,21.55217184376998,0.0,0.0,-44.22527777616429,65.77744961993427,0.0,0.0,
Fra_65,18,0.0,19.98337801115173,0.0,0.0,-46.64856128433455,66.63193929548626,1.4210854715202004e-14,0.0,
Fra_65,19,0.0,18.739730522081963,0.0,0.0,-47.71225086863477,66.45198139071672,0.0,0.0,
Fra_65,20,0.0,17.650580566195604,0.0,0.0,-48.92145867701928,66.57203924321487,1.4210854715202004e-14,0.0,
Fra_65,21,0.0,16.921187944464293,0.0,0.0,-50.47884760006737,67.40003554453165,1.4210854715202004e-14,0.0,
Fra_65,22,0.0,16.550322809403383,0.0,0.0,-52.47562943130438,69.02595224070777,0.0,0.0,
Fra_65,23,0.0,16.293494084837285,0.0,0.0,-49.724188523715405,66.01768260855269,0.0,0.0,
Fra_65,24,0.0,16.061415121420673,0.0,0.0,-45.42659087394434,61.488005995365015,0.0,0.0,
Fra_66,1,0.0,3.394067483247597,0.0,0.0,-196.91322700771877,200.3072944909664,-2.842170943040401e-14,0.0,
Fra_66,2,0.0,3.308153330105255,0.0,0.0,-187.9344584911696,191.24261182127483,2.842170943040401e-14,0.0,
Fra_66,3,0.0,3.2635294074557906,0.0,0.0,-183.38903116040328,186.65256056785907,0.0,0.0,
Fra_66,4,0.0,3.277288220996271,0.0,0.0,-188.31557943382424,191.59286765482054,-2.842170943040401e-14,0.0,
Fra_66,5,0.0,3.4805685680780556,0.0,0.0,-203.5793036312586,207.05987219933664,2.842170943040401e-14,0.0,
Fra_66,6,0.0,4.311200321503976,0.0,0.0,-222.24273633561165,226.55393665711563,0.0,0.0,
Fra_66,7,0.0,6.178997248167031,0.0,0.0,-234.24822462892558,240.4272218770926,2.842170943040401e-14,0.0,
Fra_66,8,0.0,8.8669783700537,0.0,0.0,-239.16047619158547,248.0274545616392,-2.842170943040401e-14,0.0,
Fra_66,9,0.0,11.672951850006447,0.0,0.0,-239.67309358315018,251.34604543315663,0.0,0.0,
Fra_66,10,0.0,13.989263899639345,0.0,0.0,-238.4916728003766,252.48093670001595,0.0,0.0,
Fra_66,11,0.0,15.372116901813401,0.0,0.0,-237.8782117475574,253.2503286493708,0.0,0.0,
Fra_66,12,0.0,15.946945350694952,0.0,0.0,-234.17135556215544,250.11830091285037,2.842170943040401e-14,0.0,
Fra_66,13,0.0,15.753108503525167,0.0,0.0,-226.2674630805759,242.02057158410108,0.0,0.0,
Fra_66,14,0.0,14.52463906362878,0.0,0.0,-219.60937324349888,234.13401230712768,-2.842170943040401e-14,0.0,
Fra_66,15,0.0,12.488314963754627,0.0,0.0,-214.40435993285223,226.89267489660688,-2.842170943040401e-14,0.0,
Fra_66,16,0.0,9.83606783915125,0.0,0.0,-213.00999453795995,222.84606237711122,-2.842170943040401e-14,0.0,
Fra_66,17,0.0,6.899989824790324,0.0,0.0,-218.09708362065788,224.9970734454482,0.0,0.0,
Fra_66,18,0.0,4.77597658644841,0.0,0.0,-223.14394773569728,227.91992432214568,2.842170943040401e-14,0.0,
Fra_66,19,0.0,4.152263128711127,0.0,0.0,-223.1521006609044,227.30436378961554,0.0,0.0,
Fra_66,20,0.0,3.90593969718097,0.0,0.0,-223.80909166334695,227.71503136052792,0.0,0.0,
Fra_66,21,0.0,3.744530638404311,0.0,0.0,-226.80272887472555,230.5472595131298,5.684341886080802e-14,0.0,
Fra_66,22,0.0,3.662460994978015,0.0,0.0,-232.44637775874992,236.10883875372795,-2.842170943040401e-14,0.0,
Fra_66,23,0.0,3.6056267448582,0.0,0.0,-222.2131830205068,225.818809765365,0.0,0.0,
Fra_66,24,0.0,3.5542694292905948,0.0,0.0,-206.77041601975776,210.32468544904836,0.0,0.0,
Fra_67,1,0.0,7.75323394066716,0.0,0.0,-170.79283178077316,178.5460657214403,2.842170943040401e-14,0.0,
Fra_67,2,0.0,7.556976049091734,0.0,0.0,-162.90918708168311,170.46616313077485,0.0,0.0,
Fra_67,3,0.0,7.45503944548582,0.0,0.0,-158.91973203208033,166.37477147756616,0.0,0.0,
Fra_67,4,0.0,7.48383745046373,0.0,0.0,-163.29452999236318,170.7783674428269,2.842170943040401e-14,0.0,
Fra_67,5,0.0,7.916282394729899,0.0,0.0,-176.6487662417943,184.56504863652424,-2.842170943040401e-14,0.0,
Fra_67,6,0.0,9.680899351140035,0.0,0.0,-192.2603937337039,201.94129308484392,0.0,0.0,
Fra_67,7,0.0,13.646710735242944,0.0,0.0,-200.66068464733834,214.30739538258132,-2.842170943040401e-14,0.0,
Fra_67,8,0.0,19.35197989747375,0.0,0.0,-201.72996479865984,221.08194469613358,0.0,0.0,
Fra_67,9,0.0,25.31722325140008,0.0,0.0,-198.7227831835947,224.04000643499478,0.0,0.0,
Fra_67,10,0.0,30.25961701061618,0.0,0.0,-194.7919869861863,225.05160399680247,0.0,0.0,
Fra_67,11,0.0,33.22491017782385,0.0,0.0,-192.51249962502354,225.73740980284737,2.842170943040401e-14,0.0,
Fra_67,12,0.0,34.47383961354131,0.0,0.0,-188.47180351147614,222.94564312501743,2.842170943040401e-14,0.0,
Fra_67,13,0.0,34.091253790263984,0.0,0.0,-181.63639102570778,215.7276448159718,-2.842170943040401e-14,0.0,
Fra_67,14,0.0,31.509677212187245,0.0,0.0,-177.1881979962377,208.69787520842493,2.842170943040401e-14,0.0,
Fra_67,15,0.0,27.210113530401813,0.0,0.0,-175.0331175349049,202.24323106530673,-2.842170943040401e-14,0.0,
Fra_67,16,0.0,21.601658399689473,0.0,0.0,-177.0345809847044,198.6362393843939,0.0,0.0,
Fra_67,17,0.0,15.37394629892936,0.0,0.0,-185.1796199833732,200.5535662823025,2.842170943040401e-14,0.0,
Fra_67,18,0.0,10.845560797355269,0.0,0.0,-192.31332011440696,203.15888091176222,0.0,0.0,
Fra_67,19,0.0,9.484251493673641,0.0,0.0,-193.1259429033216,202.61019439699524,0.0,0.0,
Fra_67,20,0.0,8.922528612013902,0.0,0.0,-194.05371875021214,202.97624736222605,0.0,0.0,
Fra_67,21,0.0,8.553814024276566,0.0,0.0,-196.94697042561597,205.50078444989254,0.0,0.0,
Fra_67,22,0.0,8.366338333810223,0.0,0.0,-202.09181971113935,210.45815804494958,0.0,0.0,
Fra_67,23,0.0,8.236509083450214,0.0,0.0,-193.04952072372998,201.2860298071802,0.0,0.0,
Fra_67,24,0.0,8.11919106189476,0.0,0.0,-179.3559840507151,187.4751751126099,-2.842170943040401e-14,0.0,
Fra_68,1,0.0,8.561723344490417,0.0,0.0,-47.42318257580991,55.98490592030032,7.105427357601002e-15,0.0,
Fra_68,2,0.0,8.345000131351153,0.0,0.0,-45.106371462355064,53.45137159370621,0.0,0.0,
Fra_68,3,0.0,8.232433813163194,0.0,0.0,-43.936040978183044,52.16847479134624,0.0,0.0,
Fra_68,4,0.0,8.265099975027278,0.0,0.0,-45.284166405480995,53.54926638050827,0.0,0.0,
Fra_68,5,0.0,8.75313147042279,0.0,0.0,-49.11908678507397,57.87221825549676,0.0,0.0,
Fra_68,6,0.0,10.74542442492758,0.0,0.0,-52.57528919089289,63.320713615820466,0.0,0.0,
Fra_68,7,0.0,15.22368961237074,0.0,0.0,-51.97453914746727,67.19822875983802,-1.4210854715202004e-14,0.0,
Fra_68,8,0.0,21.666890172634147,0.0,0.0,-47.65556632887466,69.32245650150881,0.0,0.0,
Fra_68,9,0.0,28.400317498376623,0.0,0.0,-41.8496688676936,70.24998636607023,0.0,0.0,
Fra_68,10,0.0,33.97277368578254,0.0,0.0,-36.59440922056524,70.56718290634778,0.0,0.0,
Fra_68,11,0.0,37.31092942979826,0.0,0.0,-33.47129475105693,70.7822241808552,0.0,0.0,
Fra_68,12,0.0,38.71119137912494,0.0,0.0,-31.195646417951917,69.90683779707685,1.4210854715202004e-14,0.0,
Fra_68,13,0.0,38.26891972650329,0.0,0.0,-29.37464245801952,67.6435621845228,0.0,0.0,
Fra_68,14,0.0,35.34428666080158,0.0,0.0,-30.095020904446045,65.43930756524762,0.0,0.0,
Fra_68,15,0.0,30.480628357196835,0.0,0.0,-32.93476093440328,63.41538929160012,-7.105427357601002e-15,0.0,
Fra_68,16,0.0,24.13934571470547,0.0,0.0,-38.14503523406023,62.2843809487657,0.0,0.0,
Fra_68,17,0.0,17.104661773601233,0.0,0.0,-45.7809162139463,62.88557798754754,-7.105427357601002e-15,0.0,
Fra_68,18,0.0,11.997692207087526,0.0,0.0,-51.70480825832992,63.702500465417444,0.0,0.0,
Fra_68,19,0.0,10.473564888704686,0.0,0.0,-53.056889428370894,63.53045431707558,0.0,0.0,
Fra_68,20,0.0,9.852949374927494,0.0,0.0,-53.792284513109166,63.645233888036664,-7.105427357601002e-15,0.0,
Fra_68,21,0.0,9.445786077980301,0.0,0.0,-54.99104168121913,64.43682775919942,1.4210854715202004e-14,0.0,
Fra_68,22,0.0,9.238760853683761,0.0,0.0,-56.75250101309243,65.99126186677618,0.0,0.0,
Fra_68,23,0.0,9.09539330768794,0.0,0.0,-54.019855949089944,63.115249256777886,0.0,0.0,
Fra_68,24,0.0,8.965841632662082,0.0,0.0,-49.81887590598337,58.78471753864544,1.4210854715202004e-14,0.0,
Fra_69,1,26.946344766929016,44.021845860420626,0.0,0.0,-170.15073609361588,241.11892672096553,0.0,0.0,
Fra_69,2,13.473172383464517,42.90751928160968,0.0,0.0,-173.82666759682039,230.2073592618946,-2.842170943040401e-14,0.0,
Fra_69,3,13.473172383464515,42.32873661029922,0.0,0.0,-168.88019850617997,224.6821074999437,0.0,0.0,
Fra_69,4,26.946344766929016,42.32635296620121,0.0,0.0,-161.35628027648352,230.62897800961372,2.842170943040401e-14,0.0,
Fra_69,5,149.06760541224824,42.769852276989596,0.0,0.0,-57.40985144425926,249.24730913349708,2.842170943040401e-14,0.0,
Fra_69,6,227.76296055331937,44.41624230473627,0.0,0.0,-0.5339910872447504,272.7131939453004,0.0,0.0,
Fra_69,7,1818.3006054160771,47.9680672623181,0.0,0.0,1576.8555794566582,289.41309322173714,-1.7053025658242404e-13,0.0,
Fra_69,8,1161.9944931745913,52.94191197329536,0.0,0.0,916.3745689790464,298.56183616883993,3.410605131648481e-13,0.0,
Fra_69,9,447.899074203831,58.78917686582736,0.0,0.0,204.1316773591841,302.5565737104743,-5.684341886080802e-14,0.0,
Fra_69,10,1075.4411874439488,64.8614781730404,0.0,0.0,836.379972090931,303.9226935260583,0.0,0.0,
Fra_69,11,447.899074203831,69.49346355428709,0.0,0.0,212.5436924335063,304.8488453246118,5.684341886080802e-14,0.0,
Fra_69,12,895.7981484076619,72.53938773369414,0.0,0.0,667.2588538964727,301.07868224488345,-1.1368683772161603e-13,0.0,
Fra_69,13,411.6830447832127,74.16195484949283,0.0,0.0,194.5139194888178,291.3310801438878,-5.684341886080802e-14,0.0,
Fra_69,14,411.6830447832127,73.66584293172829,0.0,0.0,203.51121475433916,281.8376729606019,0.0,0.0,
Fra_69,15,411.6830447832127,71.44766605781278,0.0,0.0,210.00976239555558,273.12094844547,-5.684341886080802e-14,0.0,
Fra_69,16,411.6830447832127,67.9806642306279,0.0,0.0,211.41385061047802,268.2498584033626,0.0,0.0,
Fra_69,17,524.6559063542644,62.83257067243207,0.0,0.0,316.6493495631114,270.83912746358504,5.684341886080802e-14,0.0,
Fra_69,18,411.6830447832128,57.51818429529338,0.0,0.0,194.8437341578312,274.357494920675,0.0,0.0,
Fra_69,19,411.6830447832128,53.78946358306689,0.0,0.0,191.85599142802238,273.6165169382573,0.0,0.0,
Fra_69,20,450.5040395682728,50.6609477089337,0.0,0.0,227.05413125764352,274.110856019563,-5.684341886080802e-14,0.0,
Fra_69,21,1096.6590652426185,48.56743461851547,0.0,0.0,867.7063630456831,277.5201368154507,1.7053025658242404e-13,0.0,
Fra_69,22,2058.415223916064,47.50297222624884,0.0,0.0,1821.7033354987834,284.2148606435293,1.1368683772161603e-13,0.0,
Fra_69,23,380.9011804218636,46.7658187634152,0.0,0.0,155.83871064291475,271.828288542364,5.684341886080802e-14,0.0,
Fra_69,24,0.0,46.09970241750246,0.0,0.0,-207.07760970822403,253.17731212572647,2.842170943040401e-14,0.0,
Fra_70,1,0.0,6.1613563145054755,0.0,0.0,-46.73436467327975,52.895720987785225,0.0,0.0,
Fra_70,2,0.0,6.005393678941595,0.0,0.0,-44.496590592678054,50.501984271619655,-7.105427357601002e-15,0.0,
Fra_70,3,0.0,5.9243864836069875,0.0,0.0,-43.36548980643706,49.28987629004405,0.0,0.0,
Fra_70,4,0.0,5.943240646194761,0.0,0.0,-44.65123668661199,50.594477332806754,-7.105427357601002e-15,0.0,
Fra_70,5,0.0,6.238010376440945,0.0,0.0,-48.440883147911094,54.678893524352034,7.105427357601002e-15,0.0,
Fra_70,6,0.0,7.4368666572908575,0.0,0.0,-52.38988030443602,59.826746961726876,0.0,0.0,
Fra_70,7,0.0,10.127580766825574,0.0,0.0,-53.36272435959391,63.490305126419486,0.0,0.0,
Fra_70,8,0.0,13.995176752012915,0.0,0.0,-51.50214358843391,65.49732034044682,0.0,0.0,
Fra_70,9,0.0,18.054725018079445,0.0,0.0,-48.31894511910588,66.37367013718531,0.0,0.0,
Fra_70,10,0.0,21.448020753063577,0.0,0.0,-45.22534337158147,66.67336412464503,1.4210854715202004e-14,0.0,
Fra_70,11,0.0,23.507926422039176,0.0,0.0,-43.3686132384082,66.87653966044739,-1.4210854715202004e-14,0.0,
Fra_70,12,0.0,24.402130364504714,0.0,0.0,-41.64732576062758,66.04945612513231,-1.4210854715202004e-14,0.0,
Fra_70,13,0.0,24.190307411620832,0.0,0.0,-39.72075813569131,63.91106554731215,0.0,0.0,
Fra_70,14,0.0,22.482892176617156,0.0,0.0,-39.34554707329259,61.82843924990975,0.0,0.0,
Fra_70,15,0.0,19.605404354113528,0.0,0.0,-40.31079418474915,59.91619853886267,0.0,0.0,
Fra_70,16,0.0,15.83800251666618,0.0,0.0,-43.00959546363534,58.84759798030152,0.0,0.0,
Fra_70,17,0.0,11.623076307244386,0.0,0.0,-47.79254532692123,59.41562163416562,0.0,0.0,
Fra_70,18,0.0,8.520082667873961,0.0,0.0,-51.66738456909704,60.187467236971,0.0,0.0,
Fra_70,19,0.0,7.53548583868686,0.0,0.0,-52.48942856533539,60.02491440402224,7.105427357601002e-15,0.0,
Fra_70,20,0.0,7.090573872230805,0.0,0.0,-53.04278669349971,60.13336056573051,0.0,0.0,
Fra_70,21,0.0,6.797562985316921,0.0,0.0,-54.083712180900285,60.8812751662172,7.105427357601002e-15,0.0,
Fra_70,22,0.0,6.648579407869018,0.0,0.0,-55.70135791820479,62.34993732607381,7.105427357601002e-15,0.0,
Fra_70,23,0.0,6.545406425132435,0.0,0.0,-53.08721347269757,59.632619897830004,0.0,0.0,
Fra_70,24,0.0,6.452175892112585,0.0,0.0,-49.08886621835478,55.54104211046736,7.105427357601002e-15,0.0,
Fra_71,1,0.0,8.683423080733212,0.0,0.0,-340.0812873479094,348.7647104286426,0.0,0.0,
Fra_71,2,0.0,8.46361927776226,0.0,0.0,-324.51813409753606,332.98175337529835,-5.684341886080802e-14,0.0,
Fra_71,3,0.0,8.349452897217452,0.0,0.0,-316.6403404233142,324.98979332053165,5.684341886080802e-14,0.0,
Fra_71,4,0.0,8.38048356211197,0.0,0.0,-325.2111171713314,333.5916007334434,0.0,0.0,
Fra_71,5,0.0,8.849986792084243,0.0,0.0,-351.6719630076531,360.5219497997374,-5.684341886080802e-14,0.0,
Fra_71,6,0.0,10.764618757848215,0.0,0.0,-383.6993887336583,394.4640074915065,0.0,0.0,
Fra_71,7,0.0,15.066482241154294,0.0,0.0,-403.55297258308747,418.6194548242418,-5.684341886080802e-14,0.0,
Fra_71,8,0.0,21.254199394987335,0.0,0.0,-410.5983878428908,431.8525872378781,5.684341886080802e-14,0.0,
Fra_71,9,0.0,27.728640258919185,0.0,0.0,-409.9021059185882,437.6307461775073,5.684341886080802e-14,0.0,
Fra_71,10,0.0,33.10196606991808,0.0,0.0,-406.50479413673406,439.6067602066521,5.684341886080802e-14,0.0,
Fra_71,11,0.0,36.33309161138829,0.0,0.0,-404.6132940996908,440.94638571107913,-5.684341886080802e-14,0.0,
Fra_71,12,0.0,37.702053350706386,0.0,0.0,-397.7910075108811,435.49306086158754,-5.684341886080802e-14,0.0,
Fra_71,13,0.0,37.301528515423584,0.0,0.0,-384.0921844834322,421.39371299885585,-5.684341886080802e-14,0.0,
Fra_71,14,0.0,34.514576782379805,0.0,0.0,-373.1474667358321,407.6620435182119,5.684341886080802e-14,0.0,
Fra_71,15,0.0,29.862708912742896,0.0,0.0,-365.1910920973047,395.05380101004755,5.684341886080802e-14,0.0,
Fra_71,16,0.0,23.790473514341233,0.0,0.0,-364.2175748826258,388.00804839696707,-5.684341886080802e-14,0.0,
Fra_71,17,0.0,17.03820677314183,0.0,0.0,-374.71507094402443,391.75327771716627,0.0,0.0,
Fra_71,18,0.0,12.116823601592884,0.0,0.0,-384.72557102580896,396.8423946274018,5.684341886080802e-14,0.0,
Fra_71,19,0.0,10.621669795711147,0.0,0.0,-385.1489426411082,395.77061243681936,0.0,0.0,
Fra_71,20,0.0,9.993003110827978,0.0,0.0,-386.49264247950515,396.48564559033315,0.0,0.0,
Fra_71,21,0.0,9.580052233057108,0.0,0.0,-391.83692266318207,401.4169748962392,0.0,0.0,
Fra_71,22,0.0,9.37008426999423,0.0,0.0,-401.7304250092658,411.10050927926005,-5.684341886080802e-14,0.0,
Fra_71,23,0.0,9.22467884075558,0.0,0.0,-383.9593636940016,393.1840425347571,5.684341886080802e-14,0.0,
Fra_71,24,0.0,9.093285666764373,0.0,0.0,-357.11318825643497,366.2064739231993,0.0,0.0,
Fra_72,1,0.0,6.588529460606754,0.0,0.0,-148.30844838199576,154.8969778426025,2.842170943040401e-14,0.0,
Fra_72,2,0.0,6.421753775722674,0.0,0.0,-141.46553450861583,147.88728828433852,-2.842170943040401e-14,0.0,
Fra_72,3,0.0,6.335130268536981,0.0,0.0,-138.00268634476953,144.3378166133065,0.0,0.0,
Fra_72,4,0.0,6.363538869404895,0.0,0.0,-141.79460110920587,148.15813997861076,0.0,0.0,
Fra_72,5,0.0,6.778762712800048,0.0,0.0,-153.33996145877128,160.11872417157133,0.0,0.0,
Fra_72,6,0.0,8.476983890904995,0.0,0.0,-166.71643677662956,175.1934206675346,-5.684341886080802e-14,0.0,
Fra_72,7,0.0,12.297095719651988,0.0,0.0,-173.6244911825865,185.92158690223852,-2.842170943040401e-14,0.0,
Fra_72,8,0.0,17.79598346629477,0.0,0.0,-174.00283859469596,191.79882206099072,2.842170943040401e-14,0.0,
Fra_72,9,0.0,23.530093185917142,0.0,0.0,-170.83498437765226,194.3650775635694,0.0,0.0,
Fra_72,10,0.0,28.25185312272753,0.0,0.0,-166.99083215784097,195.24268528056848,2.842170943040401e-14,0.0,
Fra_72,11,0.0,31.061308648807913,0.0,0.0,-164.77634491803465,195.8376535668426,-2.842170943040401e-14,0.0,
Fra_72,12,0.0,32.21861736726993,0.0,0.0,-161.19704936110483,193.41566672837473,2.842170943040401e-14,0.0,
Fra_72,13,0.0,31.803452815876152,0.0,0.0,-155.35026622058746,187.1537190364636,0.0,0.0,
Fra_72,14,0.0,29.273627438007516,0.0,0.0,-151.7814410191842,181.05506845719168,2.842170943040401e-14,0.0,
Fra_72,15,0.0,25.09328438581163,0.0,0.0,-150.36208145805944,175.45536584387105,0.0,0.0,
Fra_72,16,0.0,19.653954056020517,0.0,0.0,-152.67217951818805,172.3261335742086,-2.842170943040401e-14,0.0,
Fra_72,17,0.0,13.644848879886288,0.0,0.0,-160.3446545413271,173.98950342121339,0.0,0.0,
Fra_72,18,0.0,9.312700536507165,0.0,0.0,-166.9370339393744,176.24973447588155,0.0,0.0,
Fra_72,19,0.0,8.060955018084984,0.0,0.0,-167.71276850467373,175.7737235227587,2.842170943040401e-14,0.0,
Fra_72,20,0.0,7.58217062366904,0.0,0.0,-168.5091207929297,176.09129141659872,2.842170943040401e-14,0.0,
Fra_72,21,0.0,7.2688449917516476,0.0,0.0,-171.01259922239564,178.28144421414729,0.0,0.0,
Fra_72,22,0.0,7.109532230233347,0.0,0.0,-175.47266308032326,182.58219531055659,2.842170943040401e-14,0.0,
Fra_72,23,0.0,6.999206158894425,0.0,0.0,-167.62574327970978,174.62494943860423,-2.842170943040401e-14,0.0,
Fra_72,24,0.0,6.899511857497955,0.0,0.0,-155.74388175702086,162.64339361451883,-2.842170943040401e-14,0.0,
Fra_73,1,0.0,7.042410199413436,0.0,0.0,-172.65484851607442,179.69725871548786,0.0,0.0,
Fra_73,2,0.0,6.86414541494761,0.0,0.0,-164.70111475795687,171.56526017290446,2.842170943040401e-14,0.0,
Fra_73,3,0.0,6.771554454527541,0.0,0.0,-160.67593442253627,167.44748887706382,0.0,0.0,
Fra_73,4,0.0,6.797985629832294,0.0,0.0,-165.08149182256375,171.87947745239603,0.0,0.0,
Fra_73,5,0.0,7.194099215319479,0.0,0.0,-178.56095038861838,185.75504960393786,0.0,0.0,
Fra_73,6,0.0,8.810733110925229,0.0,0.0,-194.43259595476673,203.243329065692,-2.842170943040401e-14,0.0,
Fra_73,7,0.0,12.444210794536838,0.0,0.0,-203.2449522071748,215.68916300171168,-2.842170943040401e-14,0.0,
Fra_73,8,0.0,17.671604158757784,0.0,0.0,-204.8357877171623,222.50739187592006,2.842170943040401e-14,0.0,
Fra_73,9,0.0,23.136130265599594,0.0,0.0,-202.3483957377889,225.48452600338848,2.842170943040401e-14,0.0,
Fra_73,10,0.0,27.66164066359486,0.0,0.0,-198.84100527453205,226.50264593812693,-2.842170943040401e-14,0.0,
Fra_73,11,0.0,30.37518635237938,0.0,0.0,-196.81768719092875,227.19287354330814,0.0,0.0,
Fra_73,12,0.0,31.51627956387909,0.0,0.0,-192.86682711645054,224.38310668032963,0.0,0.0,
Fra_73,13,0.0,31.162515591580476,0.0,0.0,-185.95605403884215,217.11856963042263,0.0,0.0,
Fra_73,14,0.0,28.79428152047559,0.0,0.0,-181.2491933842618,210.04347490473737,0.0,0.0,
Fra_73,15,0.0,24.852329378913648,0.0,0.0,-178.69488444151668,203.54721382043033,0.0,0.0,
Fra_73,16,0.0,19.71129664922512,0.0,0.0,-180.2056690632416,199.91696571246672,0.0,0.0,
Fra_73,17,0.0,14.004756941580727,0.0,0.0,-187.84189781905124,201.84665476063196,0.0,0.0,
Fra_73,18,0.0,9.857923054901743,0.0,0.0,-194.61084435275808,204.4687674076598,0.0,0.0,
Fra_73,19,0.0,8.61482676369749,0.0,0.0,-195.3017164199259,203.9165431836234,0.0,0.0,
Fra_73,20,0.0,8.10450284135215,0.0,0.0,-196.18045346933104,204.28495631068319,0.0,0.0,
Fra_73,21,0.0,7.769592351971186,0.0,0.0,-199.05617824294836,206.82577059491956,0.0,0.0,
Fra_73,22,0.0,7.5993046082005336,0.0,0.0,-204.21580272657263,211.81510733477313,2.842170943040401e-14,0.0,
Fra_73,23,0.0,7.481378224975878,0.0,0.0,-195.10246268981615,202.583840914792,2.842170943040401e-14,0.0,
Fra_73,24,0.0,7.3748160293940375,0.0,0.0,-181.30912337200277,188.6839394013968,0.0,0.0,
Fra_74,1,0.0,11.092217732647805,0.0,0.0,-155.37556031552373,166.46777804817154,0.0,0.0,
Fra_74,2,0.0,10.811440023402305,0.0,0.0,-148.12302483929574,158.93446486269804,0.0,0.0,
Fra_74,3,0.0,10.665603716800918,0.0,0.0,-144.45424403359914,155.11984775040006,0.0,0.0,
Fra_74,4,0.0,10.690169106069977,0.0,0.0,-148.5353800653994,159.22554917146937,2.842170943040401e-14,0.0,
Fra_74,5,0.0,11.10711488369437,0.0,0.0,-160.97247380805166,172.079588691746,2.842170943040401e-14,0.0,
Fra_74,6,0.0,12.792108605388593,0.0,0.0,-175.4882560174638,188.28036462285246,-5.684341886080802e-14,0.0,
Fra_74,7,0.0,16.56410559259308,0.0,0.0,-183.24581900293555,199.80992459552863,0.0,0.0,
Fra_74,8,0.0,21.976927971392687,0.0,0.0,-184.14926109598534,206.12618906737802,0.0,0.0,
Fra_74,9,0.0,27.701252165206764,0.0,0.0,-181.18289162387194,208.88414378907868,2.842170943040401e-14,0.0,
Fra_74,10,0.0,32.5671367391815,0.0,0.0,-177.2601720404706,209.82730877965207,2.842170943040401e-14,0.0,
Fra_74,11,0.0,35.585673944625,0.0,0.0,-174.88104723677077,210.46672118139577,0.0,0.0,
Fra_74,12,0.0,36.96682838552434,0.0,0.0,-170.8969836037286,207.86381198925292,0.0,0.0,
Fra_74,13,0.0,36.79999678455273,0.0,0.0,-164.3341001834971,201.13409696804985,0.0,0.0,
Fra_74,14,0.0,34.526677506198006,0.0,0.0,-160.0531998433438,194.57987734954185,-2.842170943040401e-14,0.0,
Fra_74,15,0.0,30.600939798319136,0.0,0.0,-157.96093729871131,188.56187709703045,0.0,0.0,
Fra_74,16,0.0,25.42260031230673,0.0,0.0,-159.77629094611896,185.19889125842568,2.842170943040401e-14,0.0,
Fra_74,17,0.0,19.542313131436067,0.0,0.0,-167.44420165818974,186.9865147896258,0.0,0.0,
Fra_74,18,0.0,15.109021573907249,0.0,0.0,-174.30656347123002,189.41558504513728,0.0,0.0,
Fra_74,19,0.0,13.56260608144005,0.0,0.0,-175.3414100047891,188.90401608622918,-2.842170943040401e-14,0.0,
Fra_74,20,0.0,12.76507723714083,0.0,0.0,-176.48022905631694,189.2453062934578,-2.842170943040401e-14,0.0,
Fra_74,21,0.0,12.237573163397625,0.0,0.0,-179.36149028447264,191.59906344787026,0.0,0.0,
Fra_74,22,0.0,11.969359770877157,0.0,0.0,-184.2517207681528,196.22108053902997,0.0,0.0,
Fra_74,23,0.0,11.783618656384778,0.0,0.0,-175.88580995156033,187.66942860794512,0.0,0.0,
Fra_74,24,0.0,11.615776817867443,0.0,0.0,-163.17707405837803,174.79285087624547,0.0,0.0,
Fra_75,1,0.0,10.532802561062224,0.0,0.0,-591.6390355793184,602.1718381403806,0.0,0.0,
Fra_75,2,0.0,10.26618534831804,0.0,0.0,-564.6550394819537,574.9212248302717,0.0,0.0,
Fra_75,3,0.0,10.127704021978236,0.0,0.0,-550.994724276934,561.1224282989124,-1.1368683772161603e-13,0.0,
Fra_75,4,0.0,10.16144534472068,0.0,0.0,-565.8127326475494,575.9741779922701,0.0,0.0,
Fra_75,5,0.0,10.683667711926176,0.0,0.0,-611.7880408908277,622.4717086027539,0.0,0.0,
Fra_75,6,0.0,12.809328849226176,0.0,0.0,-668.2662197045347,681.0755485537609,0.0,0.0,
Fra_75,7,0.0,17.581743600285492,0.0,0.0,-705.2002324861784,722.781976086464,-2.2737367544323206e-13,0.0,
Fra_75,8,0.0,24.442996495305444,0.0,0.0,-721.187104506322,745.6301010016275,0.0,0.0,
Fra_75,9,0.0,31.63787724491413,0.0,0.0,-723.9687049937841,755.6065822386983,-1.1368683772161603e-13,0.0,
Fra_75,10,0.0,37.63888439443163,0.0,0.0,-721.3794535768317,759.0183379712632,1.1368683772161603e-13,0.0,
Fra_75,11,0.0,41.27138658723559,0.0,0.0,-720.0599283805509,761.3313149677865,0.0,0.0,
Fra_75,12,0.0,42.83685011430816,0.0,0.0,-709.0788372099616,751.9156873242699,-1.1368683772161603e-13,0.0,
Fra_75,13,0.0,42.44019329543406,0.0,0.0,-685.1317747097366,727.5719680051707,0.0,0.0,
Fra_75,14,0.0,39.39245403258523,0.0,0.0,-664.4706225491016,703.8630765816868,0.0,0.0,
Fra_75,15,0.0,34.271358356667825,0.0,0.0,-647.8225187050051,682.0938770616729,1.1368683772161603e-13,0.0,
Fra_75,16,0.0,27.572673295497523,0.0,0.0,-642.3561145950645,669.928787890562,0.0,0.0,
Fra_75,17,0.0,20.09224311280247,0.0,0.0,-656.3030006907727,676.3952438035752,0.0,0.0,
Fra_75,18,0.0,14.602005644018146,0.0,0.0,-670.5800299212046,685.1820355652228,0.0,0.0,
Fra_75,19,0.0,12.882423104570234,0.0,0.0,-670.4490896511746,683.3315127557449,-1.1368683772161603e-13,0.0,
Fra_75,20,0.0,12.121294537861473,0.0,0.0,-672.4447835724272,684.5660781102887,0.0,0.0,
Fra_75,21,0.0,11.620394141492596,0.0,0.0,-681.4600420555514,693.080436197044,0.0,0.0,
Fra_75,22,0.0,11.365707587753588,0.0,0.0,-698.4341716170206,709.7998792047742,0.0,0.0,
Fra_75,23,0.0,11.189333977572673,0.0,0.0,-667.676246572792,678.8655805503647,0.0,0.0,
Fra_75,24,0.0,11.029956926995538,0.0,0.0,-621.2565644650781,632.2865213920736,0.0,0.0,
Fra_76,1,0.0,10.416371669638835,0.0,0.0,-152.0634830559278,162.4798547255666,2.842170943040401e-14,0.0,
Fra_76,2,0.0,10.152701676266574,0.0,0.0,-144.97430887531382,155.1270105515804,-2.842170943040401e-14,0.0,
Fra_76,3,0.0,10.015751139493723,0.0,0.0,-141.38802575385597,151.4037768933497,0.0,0.0,
Fra_76,4,0.0,10.05966217290301,0.0,0.0,-145.35145943462223,155.41112160752525,0.0,0.0,
Fra_76,5,0.0,10.703966762365056,0.0,0.0,-157.25326135525535,167.95722811762042,-2.842170943040401e-14,0.0,
Fra_76,6,0.0,13.33823013142326,0.0,0.0,-170.43166606281383,183.76989619423708,2.842170943040401e-14,0.0,
Fra_76,7,0.0,19.263157354776315,0.0,0.0,-175.76009520292496,195.02325255770126,2.842170943040401e-14,0.0,
Fra_76,8,0.0,27.79111261374415,0.0,0.0,-173.397091178528,201.18820379227213,2.842170943040401e-14,0.0,
Fra_76,9,0.0,36.68730827362808,0.0,0.0,-167.1927803252758,203.88008859890385,2.842170943040401e-14,0.0,
Fra_76,10,0.0,44.019450670562165,0.0,0.0,-160.7812083381075,204.80065900866964,0.0,0.0,
Fra_76,11,0.0,48.38740355108204,0.0,0.0,-157.037350014283,205.42475356536502,0.0,0.0,
Fra_76,12,0.0,50.19264484674393,0.0,0.0,-152.69155515106624,202.88419999781019,0.0,0.0,
Fra_76,13,0.0,49.55920913281699,0.0,0.0,-146.75649375516136,196.31570288797835,0.0,0.0,
Fra_76,14,0.0,45.64517548911675,0.0,0.0,-144.27332150147478,189.91849699059154,0.0,0.0,
Fra_76,15,0.0,39.170239681774504,0.0,0.0,-144.87442503790444,184.04466471967893,2.842170943040401e-14,0.0,
Fra_76,16,0.0,30.742228223318893,0.0,0.0,-150.02001477542785,180.76224299874673,2.842170943040401e-14,0.0,
Fra_76,17,0.0,21.42450017228949,0.0,0.0,-161.0825418203463,182.50704199263578,2.842170943040401e-14,0.0,
Fra_76,18,0.0,14.698702510384672,0.0,0.0,-170.17921862091237,184.87792113129706,-2.842170943040401e-14,0.0,
Fra_76,19,0.0,12.743887723884123,0.0,0.0,-171.63471965973108,184.3786073836152,0.0,0.0,
Fra_76,20,0.0,11.987304261288173,0.0,0.0,-172.72441733782233,184.71172159911052,-2.842170943040401e-14,0.0,
Fra_76,21,0.0,11.49194087933929,0.0,0.0,-175.517150967589,187.00909184692827,2.842170943040401e-14,0.0,
Fra_76,22,0.0,11.240069662004197,0.0,0.0,-180.28031364514527,191.52038330714947,0.0,0.0,
Fra_76,23,0.0,11.065645707343535,0.0,0.0,-172.1079501330795,183.17359584042302,2.842170943040401e-14,0.0,
Fra_76,24,0.0,10.908030430232063,0.0,0.0,-159.69746061694025,170.60549104717234,-2.842170943040401e-14,0.0,
Fra_77,1,0.0,6.901238045411523,0.0,0.0,-97.73048835515527,104.6317264005668,-1.4210854715202004e-14,0.0,
Fra_77,2,0.0,6.726546756793445,0.0,0.0,-93.17018784323312,99.89673460002658,-1.4210854715202004e-14,0.0,
Fra_77,3,0.0,6.635811874754707,0.0,0.0,-90.86328170010371,97.49909357485842,0.0,0.0,
Fra_77,4,0.0,6.656467403666792,0.0,0.0,-93.42322544877332,100.07969285244012,0.0,0.0,
Fra_77,5,0.0,6.98102274614577,0.0,0.0,-101.17795344867466,108.15897619482044,-1.4210854715202004e-14,0.0,
Fra_77,6,0.0,8.3004887825997,0.0,0.0,-110.04132984921111,118.34181863181081,0.0,0.0,
Fra_77,7,0.0,11.261415749964042,0.0,0.0,-114.32719729890742,125.58861304887148,-1.4210854715202004e-14,0.0,
Fra_77,8,0.0,15.516968190645738,0.0,0.0,-114.04167235448344,129.55864054512915,2.842170943040401e-14,0.0,
Fra_77,9,0.0,19.98584233547668,0.0,0.0,-111.30628421667201,131.29212655214872,-2.842170943040401e-14,0.0,
Fra_77,10,0.0,23.725284031301527,0.0,0.0,-108.15965983601379,131.8849438673153,2.842170943040401e-14,0.0,
Fra_77,11,0.0,25.99851040401549,0.0,0.0,-106.28833000003988,132.28684040405537,0.0,0.0,
Fra_77,12,0.0,26.988810721337906,0.0,0.0,-103.66199605728515,130.65080677862306,0.0,0.0,
Fra_77,13,0.0,26.762135900492286,0.0,0.0,-99.65877300174688,126.42090890223918,-1.4210854715202004e-14,0.0,
Fra_77,14,0.0,24.8891875572728,0.0,0.0,-97.4121294219306,122.3013169792034,-1.4210854715202004e-14,0.0,
Fra_77,15,0.0,21.728063787967052,0.0,0.0,-96.79069681136386,118.51876059933092,-1.4210854715202004e-14,0.0,
Fra_77,16,0.0,17.587406943404435,0.0,0.0,-98.81758113922928,116.40498808263371,0.0,0.0,
Fra_77,17,0.0,12.9506032789295,0.0,0.0,-104.57797844096426,117.52858171989377,0.0,0.0,
Fra_77,18,0.0,9.5318817609861,0.0,0.0,-109.52346878685997,119.05535054784607,-1.4210854715202004e-14,0.0,
Fra_77,19,0.0,8.440209066301849,0.0,0.0,-110.29359971549744,118.73380878179927,1.4210854715202004e-14,0.0,
Fra_77,20,0.0,7.9420399783789595,0.0,0.0,-111.00628349211642,118.94832347049538,0.0,0.0,
Fra_77,21,0.0,7.613843104627441,0.0,0.0,-112.81391186595438,120.42775497058182,0.0,0.0,
Fra_77,22,0.0,7.4469689489477275,0.0,0.0,-115.88591056508189,123.33287951402963,-1.4210854715202004e-14,0.0,
Fra_77,23,0.0,7.331406517986868,0.0,0.0,-110.62641413710115,117.95782065508801,0.0,0.0,
Fra_77,24,0.0,7.226980468164715,0.0,0.0,-102.637390667768,109.86437113593271,0.0,0.0,
Fra_78,1,0.0,4.4564595521755646,0.0,0.0,-276.7945130904325,281.2509726426081,-5.684341886080802e-14,0.0,
Fra_78,2,0.0,4.343653030110801,0.0,0.0,-264.17962128265776,268.52327431276854,0.0,0.0,
Fra_78,3,0.0,4.285061176139629,0.0,0.0,-257.7933336189694,262.0783947951091,-5.684341886080802e-14,0.0,
Fra_78,4,0.0,4.31510520265647,0.0,0.0,-264.69996245248035,269.0150676551369,-5.684341886080802e-14,0.0,
Fra_78,5,0.0,4.727282790915734,0.0,0.0,-286.00496737156607,290.7322501624818,0.0,0.0,
Fra_78,6,0.0,6.422480722549065,0.0,0.0,-311.68133672828867,318.10381745083777,-5.684341886080802e-14,0.0,
Fra_78,7,0.0,10.24433832766967,0.0,0.0,-327.3389243015503,337.58326262922003,-5.684341886080802e-14,0.0,
Fra_78,8,0.0,15.753562234319944,0.0,0.0,-332.5011681528318,348.25473038715165,5.684341886080802e-14,0.0,
Fra_78,9,0.0,21.461228484245527,0.0,0.0,-331.453127069274,352.9143555535195,0.0,0.0,
Fra_78,10,0.0,26.09037303210327,0.0,0.0,-328.4174805188753,354.50785355097855,5.684341886080802e-14,0.0,
Fra_78,11,0.0,28.78731379501289,0.0,0.0,-326.8008410732459,355.5881548682588,0.0,0.0,
Fra_78,12,0.0,29.83416664258492,0.0,0.0,-321.3563158918802,351.1904825344651,0.0,0.0,
Fra_78,13,0.0,29.305648286286026,0.0,0.0,-310.5148326928437,339.8204809791297,5.684341886080802e-14,0.0,
Fra_78,14,0.0,26.67009638665027,0.0,0.0,-302.0768863801994,328.7469827668497,-5.684341886080802e-14,0.0,
Fra_78,15,0.0,22.393834307532533,0.0,0.0,-296.18560466058585,318.5794389681184,0.0,0.0,
Fra_78,16,0.0,16.86241860740001,0.0,0.0,-296.03518181405855,312.8976004214586,-5.684341886080802e-14,0.0,
Fra_78,17,0.0,10.825834297265711,0.0,0.0,-305.09199540077606,315.91782969804177,0.0,0.0,
Fra_78,18,0.0,6.564187389046466,0.0,0.0,-313.4576099355839,320.02179732463037,0.0,0.0,
Fra_78,19,0.0,5.456376726809006,0.0,0.0,-313.70111358926,319.157490316069,0.0,0.0,
Fra_78,20,0.0,5.128555150903595,0.0,0.0,-314.60555247730775,319.7341076282113,5.684341886080802e-14,0.0,
Fra_78,21,0.0,4.916622729010605,0.0,0.0,-318.7942093848933,323.7108321139039,0.0,0.0,
Fra_78,22,0.0,4.808864103645618,0.0,0.0,-326.7109675517988,331.51983165544436,0.0,0.0,
Fra_78,23,0.0,4.7342399136177775,0.0,0.0,-312.3373877018672,317.071627615485,0.0,0.0,
Fra_78,24,0.0,4.666807017641191,0.0,0.0,-290.64955928654854,295.3163663041898,-5.684341886080802e-14,0.0,
Fra_79,1,0.0,11.730756418676924,0.0,0.0,-282.11623278571494,293.84698920439183,5.684341886080802e-14,0.0,
Fra_79,2,0.0,11.433815356543011,0.0,0.0,-269.1154568707858,280.5492722273288,0.0,0.0,
Fra_79,3,0.0,11.27958378347309,0.0,0.0,-262.536170602992,273.8157543864651,0.0,0.0,
Fra_79,4,0.0,11.315023059941504,0.0,0.0,-269.7480678098897,281.06309086983117,0.0,0.0,
Fra_79,5,0.0,11.87069257542257,0.0,0.0,-291.88219962673946,303.752892202162,5.684341886080802e-14,0.0,
Fra_79,6,0.0,14.13012759258542,0.0,0.0,-318.2201862003965,332.3503137929819,0.0,0.0,
Fra_79,7,0.0,19.200727111649833,0.0,0.0,-333.5014320927726,352.7021592044224,0.0,0.0,
Fra_79,8,0.0,26.488699169192284,0.0,0.0,-337.36285675232045,363.8515559215127,0.0,0.0,
Fra_79,9,0.0,34.14047135406477,0.0,0.0,-334.5793942237423,368.7198655778072,-5.684341886080802e-14,0.0,
Fra_79,10,0.0,40.54039022361587,0.0,0.0,-329.8443392458855,370.3847294695014,0.0,0.0,
Fra_79,11,0.0,44.42862839987875,0.0,0.0,-327.08478441792784,371.51341281780657,0.0,0.0,
Fra_79,12,0.0,46.11996597609456,0.0,0.0,-320.7988217541934,366.91878773028793,0.0,0.0,
Fra_79,13,0.0,45.727139202264304,0.0,0.0,-309.31243370116476,355.039572903429,5.684341886080802e-14,0.0,
Fra_79,14,0.0,42.515415058386075,0.0,0.0,-300.95472546560904,343.47014052399504,5.684341886080802e-14,0.0,
Fra_79,15,0.0,37.09811878381765,0.0,0.0,-295.7491175603667,332.8472363441843,5.684341886080802e-14,0.0,
Fra_79,16,0.0,30.003549102391307,0.0,0.0,-296.90738368204313,326.9109327844344,5.684341886080802e-14,0.0,
Fra_79,17,0.0,22.061988645190482,0.0,0.0,-308.0044364431183,330.06642508830885,-5.684341886080802e-14,0.0,
Fra_79,18,0.0,16.210389335754634,0.0,0.0,-318.1438023673128,334.3541917030674,5.684341886080802e-14,0.0,
Fra_79,19,0.0,14.346827183788252,0.0,0.0,-319.10434893207,333.4511761158583,0.0,0.0,
Fra_79,20,0.0,13.499916368730648,0.0,0.0,-320.5537012587218,334.05361762745247,-5.684341886080802e-14,0.0,
Fra_79,21,0.0,12.942045801447419,0.0,0.0,-325.2663966290504,338.2084424304979,-5.684341886080802e-14,0.0,
Fra_79,22,0.0,12.658392338116643,0.0,0.0,-333.70878100242857,346.3671733405452,0.0,0.0,
Fra_79,23,0.0,12.46195878230656,0.0,0.0,-318.8099378498174,331.2718966321239,5.684341886080802e-14,0.0,
Fra_79,24,0.0,12.28445489877616,0.0,0.0,-296.2578562118702,308.5423111106464,0.0,0.0,
Fra_80,1,0.0,13.762166323222605,0.0,0.0,-149.03080372957848,162.7929700528011,-2.842170943040401e-14,0.0,
Fra_80,2,0.0,13.413804108593807,0.0,0.0,-142.01215208614838,155.42595619474218,0.0,0.0,
Fra_80,3,0.0,13.232864322178914,0.0,0.0,-138.46268316160223,151.69554748378113,2.842170943040401e-14,0.0,
Fra_80,4,0.0,13.286315692087214,0.0,0.0,-142.42429906971373,155.71061476180094,0.0,0.0,
Fra_80,5,0.0,14.082223646793954,0.0,0.0,-154.19867525778199,168.28089890457593,0.0,0.0,
Fra_80,6,0.0,17.332270968879108,0.0,0.0,-166.7917686438137,184.1240396126928,0.0,0.0,
Fra_80,7,0.0,24.638534452754428,0.0,0.0,-170.7605478940987,195.39908234685313,-2.842170943040401e-14,0.0,
Fra_80,8,0.0,35.1513341855209,0.0,0.0,-166.42457988857376,201.57591407409467,0.0,0.0,
Fra_80,9,0.0,46.134074127596826,0.0,0.0,-158.13891229095407,204.2729864185509,0.0,0.0,
Fra_80,10,0.0,55.21634934173882,0.0,0.0,-149.97898152007625,205.19533086181502,5.684341886080802e-14,0.0,
Fra_80,11,0.0,60.65153870022611,0.0,0.0,-145.16908941243787,205.82062811266397,2.842170943040401e-14,0.0,
Fra_80,12,0.0,62.92533746361517,0.0,0.0,-140.3498411744721,203.27517863808725,0.0,0.0,
Fra_80,13,0.0,62.192842914072585,0.0,0.0,-134.50118044726452,196.69402336133712,-2.842170943040401e-14,0.0,
Fra_80,14,0.0,57.411220319708704,0.0,0.0,-132.87326907303958,190.2844893927483,0.0,0.0,
Fra_80,15,0.0,49.46710958125324,0.0,0.0,-134.93222806398188,184.3993376452351,0.0,0.0,
Fra_80,16,0.0,39.11268925095727,0.0,0.0,-141.9979011103827,181.11059036134,-2.842170943040401e-14,0.0,
Fra_80,17,0.0,27.633254458595985,0.0,0.0,-155.225497303061,182.85875176165695,2.842170943040401e-14,0.0,
Fra_80,18,0.0,19.308264679873893,0.0,0.0,-165.92593514745735,185.23419982733122,2.842170943040401e-14,0.0,
Fra_80,19,0.0,16.835618317273035,0.0,0.0,-167.89830553362648,184.73392385089952,0.0,0.0,
Fra_80,20,0.0,15.837690919936517,0.0,0.0,-169.22998909168143,185.0676800116179,2.842170943040401e-14,0.0,
Fra_80,21,0.0,15.183214153071019,0.0,0.0,-172.18626337421358,187.36947752728463,-2.842170943040401e-14,0.0,
Fra_80,22,0.0,14.850440544857566,0.0,0.0,-177.0390221635049,191.88946270836252,-2.842170943040401e-14,0.0,
Fra_80,23,0.0,14.61999067700281,0.0,0.0,-168.90659944999908,183.5265901270019,0.0,0.0,
Fra_80,24,0.0,14.411748524410333,0.0,0.0,-156.5225167837155,170.93426530812582,2.842170943040401e-14,0.0,
Fra_81,1,0.0,9.714435510578348,0.0,0.0,-136.1879965983902,145.90243210896858,-2.842170943040401e-14,0.0,
Fra_81,2,0.0,9.468533652625705,0.0,0.0,-129.83124700939987,139.2997806620256,-2.842170943040401e-14,0.0,
Fra_81,3,0.0,9.340811908450934,0.0,0.0,-126.61560752911168,135.95641943756263,0.0,0.0,
Fra_81,4,0.0,9.38461613497665,0.0,0.0,-130.17028842607883,139.55490456105548,0.0,0.0,
Fra_81,5,0.0,10.02009283246921,0.0,0.0,-140.80086964335257,150.82096247582177,0.0,0.0,
Fra_81,6,0.0,12.620795295158764,0.0,0.0,-152.39950736598624,165.020302661145,0.0,0.0,
Fra_81,7,0.0,18.472532474175072,0.0,0.0,-156.65297409419628,175.12550656837132,2.842170943040401e-14,0.0,
Fra_81,8,0.0,26.897243245388744,0.0,0.0,-153.76421964492988,180.66146289031863,0.0,0.0,
Fra_81,9,0.0,35.67574148125915,0.0,0.0,-147.40295978552234,183.0787012667815,-2.842170943040401e-14,0.0,
Fra_81,10,0.0,42.891864277240096,0.0,0.0,-141.0134838494813,183.90534812672138,2.842170943040401e-14,0.0,
Fra_81,11,0.0,47.175305611989586,0.0,0.0,-137.290462228558,184.46576784054756,2.842170943040401e-14,0.0,
Fra_81,12,0.0,48.92844781602021,0.0,0.0,-133.25597293054176,182.18442074656198,-2.842170943040401e-14,0.0,
Fra_81,13,0.0,48.272452606366855,0.0,0.0,-128.01363874272067,176.2860913490875,2.842170943040401e-14,0.0,
Fra_81,14,0.0,44.37869175085078,0.0,0.0,-126.16288498928992,170.54157674014067,2.842170943040401e-14,0.0,
Fra_81,15,0.0,37.95849911429162,0.0,0.0,-127.30853811094242,165.26703722523405,0.0,0.0,
Fra_81,16,0.0,29.610540786013352,0.0,0.0,-132.708972187059,162.31951297307236,0.0,0.0,
Fra_81,17,0.0,20.40127296870532,0.0,0.0,-143.485021419698,163.88629438840331,0.0,0.0,
Fra_81,18,0.0,13.778019444523714,0.0,0.0,-152.23725907641318,166.0152785209369,0.0,0.0,
Fra_81,19,0.0,11.886152025798353,0.0,0.0,-153.68075650923927,165.5669085350376,0.0,0.0,
Fra_81,20,0.0,11.179506442861271,0.0,0.0,-154.68652947810938,165.86603592097066,0.0,0.0,
Fra_81,21,0.0,10.717524499352983,0.0,0.0,-157.211486595848,167.92901109520096,0.0,0.0,
Fra_81,22,0.0,10.482626324117511,0.0,0.0,-161.49740018533547,171.98002650945295,2.842170943040401e-14,0.0,
Fra_81,23,0.0,10.319956412483128,0.0,0.0,-154.16488496310217,164.4848413755853,0.0,0.0,
Fra_81,24,0.0,10.172962478938665,0.0,0.0,-143.02606712981026,153.1990296087489,2.842170943040401e-14,0.0,
Fra_82,1,0.0,6.102059387224001,0.0,0.0,-124.65173573605715,130.75379512328115,0.0,0.0,
Fra_82,2,0.0,5.947597736928233,0.0,0.0,-118.88908057010107,124.8366783070293,0.0,0.0,
Fra_82,3,0.0,5.86737015529,0.0,0.0,-115.97307866983418,121.84044882512418,0.0,0.0,
Fra_82,4,0.0,5.897498229625814,0.0,0.0,-119.1678151833618,125.06531341298762,-1.4210854715202004e-14,0.0,
Fra_82,5,0.0,6.328354332799137,0.0,0.0,-128.8332940565252,135.16164838932434,0.0,0.0,
Fra_82,6,0.0,8.09383582589757,0.0,0.0,-139.7928754060454,147.88671123194297,0.0,0.0,
Fra_82,7,0.0,12.06826091164762,0.0,0.0,-144.87445947837182,156.94272039001947,-2.842170943040401e-14,0.0,
Fra_82,8,0.0,17.792033662996115,0.0,0.0,-144.11186035701957,161.90389402001568,0.0,0.0,
Fra_82,9,0.0,23.747527501494627,0.0,0.0,-140.32262986911485,164.0701573706095,-2.842170943040401e-14,0.0,
Fra_82,10,0.0,28.62661528777396,0.0,0.0,-136.18436053665783,164.8109758244318,0.0,0.0,
Fra_82,11,0.0,31.509444755533224,0.0,0.0,-133.803763988429,165.31320874396224,0.0,0.0,
Fra_82,12,0.0,32.67438091709551,0.0,0.0,-130.5943465511242,163.2687274682197,0.0,0.0,
Fra_82,13,0.0,32.202555609435535,0.0,0.0,-125.78024932508025,157.9828049345158,0.0,0.0,
Fra_82,14,0.0,29.533677100120375,0.0,0.0,-123.30104993463874,152.8347270347591,0.0,0.0,
Fra_82,15,0.0,25.15133133737451,0.0,0.0,-122.9564967065119,148.1078280438864,0.0,0.0,
Fra_82,16,0.0,19.460695729162243,0.0,0.0,-126.00564117151819,145.46633690068043,0.0,0.0,
Fra_82,17,0.0,13.200134650057494,0.0,0.0,-133.67030918168595,146.87044383174344,0.0,0.0,
Fra_82,18,0.0,8.718538896132312,0.0,0.0,-140.05984266538184,148.77838156151415,0.0,0.0,
Fra_82,19,0.0,7.467167679218805,0.0,0.0,-140.90939688426258,148.3765645634814,0.0,0.0,
Fra_82,20,0.0,7.022334150029421,0.0,0.0,-141.62230024868845,148.64463439871784,2.842170943040401e-14,0.0,
Fra_82,21,0.0,6.732143201513371,0.0,0.0,-143.76127349217177,150.49341669368516,-2.842170943040401e-14,0.0,
Fra_82,22,0.0,6.584593442839636,0.0,0.0,-147.53923318891123,154.12382663175086,0.0,0.0,
Fra_82,23,0.0,6.482413397460098,0.0,0.0,-140.92443198018216,147.40684537764227,0.0,0.0,
Fra_82,24,0.0,6.3900801156061755,0.0,0.0,-130.90272742023558,137.29280753584175,0.0,0.0,
Fra_83,1,0.0,3.8807387892456897,0.0,0.0,-95.54089753225125,99.42163632149695,-1.4210854715202004e-14,0.0,
Fra_83,2,0.0,3.782505507706556,0.0,0.0,-91.13991581492526,94.92242132263182,0.0,0.0,
Fra_83,3,0.0,3.731483013778894,0.0,0.0,-88.91268674755136,92.64416976133026,0.0,0.0,
Fra_83,4,0.0,3.751140101443418,0.0,0.0,-91.34512914914706,95.09626925059048,-1.4210854715202004e-14,0.0,
Fra_83,5,0.0,4.031173456786961,0.0,0.0,-98.74207483101566,102.7732482878026,1.4210854715202004e-14,0.0,
Fra_83,6,0.0,5.179027857305856,0.0,0.0,-107.27001277682353,112.44904063412939,0.0,0.0,
Fra_83,7,0.0,7.763409314923791,0.0,0.0,-111.57157484527703,119.3349841602008,1.4210854715202004e-14,0.0,
Fra_83,8,0.0,11.485628476397276,0.0,0.0,-111.62169743422253,123.1073259106198,0.0,0.0,
Fra_83,9,0.0,15.35701940459774,0.0,0.0,-109.39747435163802,124.75449375623577,-1.4210854715202004e-14,0.0,
Fra_83,10,0.0,18.525792254511074,0.0,0.0,-106.79199974348305,125.3177919979941,1.4210854715202004e-14,0.0,
Fra_83,11,0.0,20.395715812050636,0.0,0.0,-105.30396046415626,125.69967627620692,-1.4210854715202004e-14,0.0,
Fra_83,12,0.0,21.148689106462374,0.0,0.0,-102.99641910790484,124.14510821436721,0.0,0.0,
Fra_83,13,0.0,20.837264552098834,0.0,0.0,-99.28857166122232,120.12583621332115,0.0,0.0,
Fra_83,14,0.0,19.09755052072647,0.0,0.0,-97.11382700922137,116.21137752994782,1.4210854715202004e-14,0.0,
Fra_83,15,0.0,16.244080507738687,0.0,0.0,-96.37309134767483,112.6171718554135,1.4210854715202004e-14,0.0,
Fra_83,16,0.0,12.540071175325245,0.0,0.0,-98.06858252167713,110.60865369700237,1.4210854715202004e-14,0.0,
Fra_83,17,0.0,8.468113672760412,0.0,0.0,-103.20818481822303,111.67629849098344,0.0,0.0,
Fra_83,18,0.0,5.556901326243032,0.0,0.0,-107.57014122088407,113.1270425471271,0.0,0.0,
Fra_83,19,0.0,4.749091587992326,0.0,0.0,-108.07242022170155,112.82151180969387,0.0,0.0,
Fra_83,20,0.0,4.4660077520912935,0.0,0.0,-108.55933708319479,113.02534483528609,0.0,0.0,
Fra_83,21,0.0,4.281454440048463,0.0,0.0,-110.1496542646118,114.43110870466026,0.0,0.0,
Fra_83,22,0.0,4.187616927908237,0.0,0.0,-113.00395694122395,117.19157386913218,0.0,0.0,
Fra_83,23,0.0,4.122633282153906,0.0,0.0,-107.96153038297885,112.08416366513275,1.4210854715202004e-14,0.0,
Fra_83,24,0.0,4.063911902093414,0.0,0.0,-100.32981194749698,104.3937238495904,-1.4210854715202004e-14,0.0,
Fra_84,1,0.0,6.406397845132095,0.0,0.0,-165.81598442505742,172.2223822701895,0.0,0.0,
Fra_84,2,0.0,6.244232464427642,0.0,0.0,-158.18441843983808,164.42865090426574,0.0,0.0,
Fra_84,3,0.0,6.160003555216525,0.0,0.0,-154.322163205202,160.4821667604185,2.842170943040401e-14,0.0,
Fra_84,4,0.0,6.183278804078494,0.0,0.0,-158.54651886676186,164.72979767084033,2.842170943040401e-14,0.0,
Fra_84,5,0.0,6.53429419116936,0.0,0.0,-171.49389271711613,178.02818690828548,0.0,0.0,
Fra_84,6,0.0,7.966120917481958,0.0,0.0,-186.8228845599881,194.78900547747008,-2.842170943040401e-14,0.0,
Fra_84,7,0.0,11.1835524707648,0.0,0.0,-195.5335769253577,206.7171293961225,0.0,0.0,
Fra_84,8,0.0,15.811766433647199,0.0,0.0,-197.4399736069189,213.25174004056612,-2.842170943040401e-14,0.0,
Fra_84,9,0.0,20.652904002499135,0.0,0.0,-195.4521301586094,216.10503416110853,0.0,0.0,
Fra_84,10,0.0,24.667789773319054,0.0,0.0,-192.4130135333558,217.08080330667485,0.0,0.0,
Fra_84,11,0.0,27.079705380567276,0.0,0.0,-190.66261409681982,217.7423194773871,0.0,0.0,
Fra_84,12,0.0,28.098995380884926,0.0,0.0,-186.9504352554311,215.04943063631603,0.0,0.0,
Fra_84,13,0.0,27.794768565525608,0.0,0.0,-180.29230835561268,208.08707692113828,0.0,0.0,
Fra_84,14,0.0,25.70604991746359,0.0,0.0,-175.60023537026427,201.30628528772786,0.0,0.0,
Fra_84,15,0.0,22.22296674421721,0.0,0.0,-172.85728277765696,195.0802495218742,-2.842170943040401e-14,0.0,
Fra_84,16,0.0,17.67775016235599,0.0,0.0,-173.92325887552602,191.601009037882,2.842170943040401e-14,0.0,
Fra_84,17,0.0,12.626603135483414,0.0,0.0,-180.8238255724109,193.45042870789433,-2.842170943040401e-14,0.0,
Fra_84,18,0.0,8.948812856884377,0.0,0.0,-187.01465633854974,195.96346919543413,0.0,0.0,
Fra_84,19,0.0,7.836524594685308,0.0,0.0,-187.59769127718283,195.43421587186813,0.0,0.0,
Fra_84,20,0.0,7.37257104720055,0.0,0.0,-188.41473305125155,195.7873040984521,0.0,0.0,
Fra_84,21,0.0,7.067906908542304,0.0,0.0,-191.1545210869868,198.22242799552913,-2.842170943040401e-14,0.0,
Fra_84,22,0.0,6.912998148067719,0.0,0.0,-196.09122488110873,203.00422302917647,-2.842170943040401e-14,0.0,
Fra_84,23,0.0,6.805721902296409,0.0,0.0,-187.35122818802512,194.1569500903215,2.842170943040401e-14,0.0,
Fra_84,24,0.0,6.708783524551114,0.0,0.0,-174.12645999623322,180.83524352078436,-2.842170943040401e-14,0.0,
Fra_85,1,0.0,11.020269598316293,0.0,0.0,-153.74313549524905,164.76340509356532,2.842170943040401e-14,0.0,
Fra_85,2,0.0,10.74131311480121,0.0,0.0,-146.5659082858714,157.30722140067257,2.842170943040401e-14,0.0,
Fra_85,3,0.0,10.596422755207957,0.0,0.0,-142.93523732110717,153.53166007631512,0.0,0.0,
Fra_85,4,0.0,10.637377333534298,0.0,0.0,-146.957948122138,157.59532545567228,0.0,0.0,
Fra_85,5,0.0,11.252308491537724,0.0,0.0,-159.0654509714845,170.31775946302224,-2.842170943040401e-14,0.0,
Fra_85,6,0.0,13.761592561541985,0.0,0.0,-172.5910719075082,186.35266446905018,0.0,0.0,
Fra_85,7,0.0,19.400993001056825,0.0,0.0,-178.36318655278583,197.7641795538427,-2.842170943040401e-14,0.0,
Fra_85,8,0.0,27.513927518109476,0.0,0.0,-176.50184771422101,204.0157752323305,0.0,0.0,
Fra_85,9,0.0,35.996462434638204,0.0,0.0,-170.74903032242423,206.7454927570624,2.842170943040401e-14,0.0,
Fra_85,10,0.0,43.02435131157664,0.0,0.0,-164.65464988317842,207.67900119475505,2.842170943040401e-14,0.0,
Fra_85,11,0.0,47.24075152406852,0.0,0.0,-161.071115476944,208.3118670010125,0.0,0.0,
Fra_85,12,0.0,49.01648171119697,0.0,0.0,-156.7191258678709,205.73560757906785,2.842170943040401e-14,0.0,
Fra_85,13,0.0,48.472185387411756,0.0,0.0,-150.6026090589075,199.07479444631926,-2.842170943040401e-14,0.0,
Fra_85,14,0.0,44.800934545319876,0.0,0.0,-147.78674536905712,192.58767991437702,-2.842170943040401e-14,0.0,
Fra_85,15,0.0,38.68672287777128,0.0,0.0,-147.9445718124888,186.63129469026006,0.0,0.0,
Fra_85,16,0.0,30.711272113579202,0.0,0.0,-152.59146851927272,183.3027406328519,2.842170943040401e-14,0.0,
Fra_85,17,0.0,21.855383040402295,0.0,0.0,-163.21667861949356,185.07206165989587,0.0,0.0,
Fra_85,18,0.0,15.416164884823175,0.0,0.0,-172.0600971026205,187.47626198744368,-2.842170943040401e-14,0.0,
Fra_85,19,0.0,13.480706384143035,0.0,0.0,-173.48922432046533,186.96993070460837,0.0,0.0,
Fra_85,20,0.0,12.682278331282108,0.0,0.0,-174.625448295921,187.30772662720307,2.842170943040401e-14,0.0,
Fra_85,21,0.0,12.158195839667279,0.0,0.0,-177.4791891038264,189.63738494349366,2.842170943040401e-14,0.0,
Fra_85,22,0.0,11.891722176176634,0.0,0.0,-182.3203575417001,194.21207971787672,2.842170943040401e-14,0.0,
Fra_85,23,0.0,11.707185845702966,0.0,0.0,-174.0407976497038,185.74798349540674,0.0,0.0,
Fra_85,24,0.0,11.54043269002933,0.0,0.0,-161.46280934308146,173.00324203311084,-5.684341886080802e-14,0.0,
Fra_86,1,0.0,4.411071823265106,0.0,0.0,-65.34030898292681,69.75138080619192,0.0,0.0,
Fra_86,2,0.0,4.2994142024262745,0.0,0.0,-62.2954458470567,66.59486004948297,0.0,0.0,
Fra_86,3,0.0,4.241419089243,0.0,0.0,-60.75508472608206,64.99650381532506,0.0,0.0,
Fra_86,4,0.0,4.262825840426618,0.0,0.0,-62.454000950643675,66.71682679107029,0.0,0.0,
Fra_86,5,0.0,4.569769083892647,0.0,0.0,-67.53300696407953,72.10277604797218,0.0,0.0,
Fra_86,6,0.0,5.827214094570289,0.0,0.0,-73.06382154679534,78.89103564136562,1.4210854715202004e-14,0.0,
Fra_86,7,0.0,8.657693397324024,0.0,0.0,-75.06432357635234,83.72201697367638,-1.4210854715202004e-14,0.0,
Fra_86,8,0.0,12.733771900673627,0.0,0.0,-73.63481231631093,86.36858421698454,1.4210854715202004e-14,0.0,
Fra_86,9,0.0,16.976004969237167,0.0,0.0,-70.54818516917629,87.52419013841345,1.4210854715202004e-14,0.0,
Fra_86,10,0.0,20.45366158021218,0.0,0.0,-67.46572251820903,87.91938409842123,-1.4210854715202004e-14,0.0,
Fra_86,11,0.0,22.510218690872026,0.0,0.0,-65.67708451146925,88.18730320234127,0.0,0.0,
Fra_86,12,0.0,23.34325198581424,0.0,0.0,-63.753410658973856,87.0966626447881,0.0,0.0,
Fra_86,13,0.0,23.010694218130862,0.0,0.0,-61.26616197122867,84.27685618935953,0.0,0.0,
Fra_86,14,0.0,21.11319086538021,0.0,0.0,-60.417392899019845,81.53058376440006,0.0,0.0,
Fra_86,15,0.0,17.995078675311927,0.0,0.0,-61.013913029493224,79.00899170480515,0.0,0.0,
Fra_86,16,0.0,13.94510248399419,0.0,0.0,-63.65477023919955,77.59987272319376,-1.4210854715202004e-14,0.0,
Fra_86,17,0.0,9.487255239986137,0.0,0.0,-68.86164658135996,78.34890182134609,1.4210854715202004e-14,0.0,
Fra_86,18,0.0,6.29336411838327,0.0,0.0,-73.07333830307743,79.3667024214607,0.0,0.0,
Fra_86,19,0.0,5.3977480780777585,0.0,0.0,-73.75460270320487,79.15235078128262,0.0,0.0,
Fra_86,20,0.0,5.076322326131762,0.0,0.0,-74.21903188493737,79.29535421106912,0.0,0.0,
Fra_86,21,0.0,4.866548373579645,0.0,0.0,-75.41504962308991,80.28159799666956,0.0,0.0,
Fra_86,22,0.0,4.759887238098404,0.0,0.0,-77.45837428588104,82.21826152397944,0.0,0.0,
Fra_86,23,0.0,4.68602307348255,0.0,0.0,-73.94902530642226,78.63504837990482,-1.4210854715202004e-14,0.0,
Fra_86,24,0.0,4.619276961704586,0.0,0.0,-68.62037846362851,73.2396554253331,0.0,0.0,
Fra_87,1,0.0,8.63283665094353,0.0,0.0,-200.58549660395028,209.21833325489376,2.842170943040401e-14,0.0,
Fra_87,2,0.0,8.414313344102174,0.0,0.0,-191.33607814433282,199.75039148843496,2.842170943040401e-14,0.0,
Fra_87,3,0.0,8.300812054909018,0.0,0.0,-186.6553312997542,194.95614335466323,0.0,0.0,
Fra_87,4,0.0,8.325525933274694,0.0,0.0,-191.79070316428704,200.11622909756173,0.0,0.0,
Fra_87,5,0.0,8.717880415405853,0.0,0.0,-207.5534313988039,216.27131181420975,0.0,0.0,
Fra_87,6,0.0,10.311668077356327,0.0,0.0,-226.32093754087867,236.632605618235,0.0,0.0,
Fra_87,7,0.0,13.886985819382165,0.0,0.0,-237.23608365275027,251.12306947213244,0.0,0.0,
Fra_87,8,0.0,19.0244653805198,0.0,0.0,-240.03694711926468,259.06141249978447,0.0,0.0,
Fra_87,9,0.0,24.424706801970235,0.0,0.0,-238.10293019382277,262.527636995793,0.0,0.0,
Fra_87,10,0.0,28.953379279877446,0.0,0.0,-234.75963671013164,263.71301599000907,0.0,0.0,
Fra_87,11,0.0,31.714267192824785,0.0,0.0,-232.80236856386736,264.51663575669215,0.0,0.0,
Fra_87,12,0.0,32.92562772468039,0.0,0.0,-228.3196462755259,261.2452740002063,0.0,0.0,
Fra_87,13,0.0,32.6677972259247,0.0,0.0,-220.1195050483113,252.78730227423603,0.0,0.0,
Fra_87,14,0.0,30.420886454603426,0.0,0.0,-214.12900843395843,244.54989488856185,0.0,0.0,
Fra_87,15,0.0,26.61702250740995,0.0,0.0,-210.36939074452187,236.9864132519318,2.842170943040401e-14,0.0,
Fra_87,16,0.0,21.629754217740714,0.0,0.0,-211.13002550689612,232.75977972463681,2.842170943040401e-14,0.0,
Fra_87,17,0.0,16.034286796793896,0.0,0.0,-218.97219568359597,235.0064824803899,-2.842170943040401e-14,0.0,
Fra_87,18,0.0,11.89601178627498,0.0,0.0,-226.16334997307115,238.0593617593461,2.842170943040401e-14,0.0,
Fra_87,19,0.0,10.557540322480271,0.0,0.0,-226.85887656079066,237.41641688327093,0.0,0.0,
Fra_87,20,0.0,9.934787549343291,0.0,0.0,-227.9105662077767,237.84535375712,0.0,0.0,
Fra_87,21,0.0,9.524242371535525,0.0,0.0,-231.27933642172607,240.80357879326158,2.842170943040401e-14,0.0,
Fra_87,22,0.0,9.315497604615784,0.0,0.0,-237.29707752070613,246.6125751253219,0.0,0.0,
Fra_87,23,0.0,9.170939253939219,0.0,0.0,-226.6938359993869,235.86477525332612,0.0,0.0,
Fra_87,24,0.0,9.040311528263633,0.0,0.0,-210.64105476363756,219.68136629190118,0.0,0.0,
Fra_88,1,0.0,10.022122479205375,0.0,0.0,-66.01018563680219,76.03230811600756,1.4210854715202004e-14,0.0,
Fra_88,2,0.0,9.768432129870932,0.0,0.0,-62.823118886065544,72.59155101593647,0.0,0.0,
Fra_88,3,0.0,9.63666503316383,0.0,0.0,-61.21260199828342,70.84926703144725,0.0,0.0,
Fra_88,4,0.0,9.674785746131803,0.0,0.0,-63.04971479380103,72.72450053993283,0.0,0.0,
Fra_88,5,0.0,10.244638318555957,0.0,0.0,-68.35080195998623,78.59544027854218,0.0,0.0,
Fra_88,6,0.0,12.570836669911145,0.0,0.0,-73.42412801963049,85.99496468954163,0.0,0.0,
Fra_88,7,0.0,17.799549929452017,0.0,0.0,-73.46141318070187,91.2609631101539,-1.4210854715202004e-14,0.0,
Fra_88,8,0.0,25.32237979578685,0.0,0.0,-68.82346693627058,94.14584673205744,0.0,0.0,
Fra_88,9,0.0,33.184514730261796,0.0,0.0,-62.22099717921914,95.40551190948094,0.0,0.0,
Fra_88,10,0.0,39.69191787193561,0.0,0.0,-56.14437416814065,95.83629204007626,0.0,0.0,
Fra_88,11,0.0,43.59083496500479,0.0,0.0,-52.53750158550221,96.128336550507,0.0,0.0,
Fra_88,12,0.0,45.227080683879876,0.0,0.0,-49.712406012226324,94.9394866961062,0.0,0.0,
Fra_88,13,0.0,44.712055282059495,0.0,0.0,-47.15370884728685,91.86576412934635,0.0,0.0,
Fra_88,14,0.0,41.29858191716934,0.0,0.0,-47.57361522079097,88.87219713796031,0.0,0.0,
Fra_88,15,0.0,35.621023005667816,0.0,0.0,-50.50251937876567,86.12354238443349,-1.4210854715202004e-14,0.0,
Fra_88,16,0.0,28.218172943374487,0.0,0.0,-56.36936302306875,84.58753596644324,0.0,0.0,
Fra_88,17,0.0,20.004944751783803,0.0,0.0,-65.39906840149557,85.40401315327938,0.0,0.0,
Fra_88,18,0.0,14.041300383940548,0.0,0.0,-72.47216362083654,86.51346400477709,0.0,0.0,
Fra_88,19,0.0,12.260029553821207,0.0,0.0,-74.01978101266087,86.27981056648207,1.4210854715202004e-14,0.0,
Fra_88,20,0.0,11.533596852376537,0.0,0.0,-74.90209422441951,86.43569107679605,0.0,0.0,
Fra_88,21,0.0,11.056982476175303,0.0,0.0,-76.45376102994288,87.51074350611819,0.0,0.0,
Fra_88,22,0.0,10.81464433107277,0.0,0.0,-78.80715412942112,89.62179846049389,0.0,0.0,
Fra_88,23,0.0,10.646822147652433,0.0,0.0,-75.06910430476466,85.7159264524171,0.0,0.0,
Fra_88,24,0.0,10.495172450242988,0.0,0.0,-69.33952018590368,79.83469263614666,1.4210854715202004e-14,0.0,
Fra_89,1,0.0,2.3567432486853446,0.0,0.0,-76.74849243952505,79.1052356882104,0.0,0.0,
Fra_89,2,0.0,2.2970869214661245,0.0,0.0,-73.22832976490994,75.52541668637606,0.0,0.0,
Fra_89,3,0.0,2.2661013476809644,0.0,0.0,-71.44661507161224,73.7127164192932,0.0,0.0,
Fra_89,4,0.0,2.2775275756713094,0.0,0.0,-73.38621193281772,75.66373950848902,1.4210854715202004e-14,0.0,
Fra_89,5,0.0,2.4413881170948515,0.0,0.0,-79.33057147890452,81.77195959599936,0.0,0.0,
Fra_89,6,0.0,3.112661950335461,0.0,0.0,-86.35788180043774,89.4705437507732,0.0,0.0,
Fra_89,7,0.0,4.623675830579165,0.0,0.0,-90.32569733519338,94.94937316577256,-1.4210854715202004e-14,0.0,
Fra_89,8,0.0,6.799629194875383,0.0,0.0,-91.15122326961244,97.95085246448782,0.0,0.0,
Fra_89,9,0.0,9.064315679389283,0.0,0.0,-90.19711268654663,99.26142836593593,-1.4210854715202004e-14,0.0,
Fra_89,10,0.0,10.920903194094063,0.0,0.0,-88.78871574509854,99.70961893919261,0.0,0.0,
Fra_89,11,0.0,12.018872950989522,0.0,0.0,-87.99459379187391,100.01346674286343,0.0,0.0,
Fra_89,12,0.0,12.463678155663468,0.0,0.0,-86.31289008627874,98.77656824194221,0.0,0.0,
Fra_89,13,0.0,12.286250003624547,0.0,0.0,-83.29236786552715,95.5786178691517,0.0,0.0,
Fra_89,14,0.0,11.273388529216946,0.0,0.0,-81.1906741163747,92.46406264559164,0.0,0.0,
Fra_89,15,0.0,9.608911545370724,0.0,0.0,-79.99540650623192,89.60431805160263,0.0,0.0,
Fra_89,16,0.0,7.446967280061889,0.0,0.0,-80.55926500084006,88.00623228090194,0.0,0.0,
Fra_89,17,0.0,5.067227182685516,0.0,0.0,-83.78848108939866,88.85570827208417,0.0,0.0,
Fra_89,18,0.0,3.362144485363487,0.0,0.0,-86.64785428857297,90.00999877393645,1.4210854715202004e-14,0.0,
Fra_89,19,0.0,2.883899679323568,0.0,0.0,-86.88300230110917,89.76690198043272,1.4210854715202004e-14,0.0,
Fra_89,20,0.0,2.7121726531775634,0.0,0.0,-87.21690991618021,89.92908256935777,0.0,0.0,
Fra_89,21,0.0,2.6000948257842897,0.0,0.0,-88.44748957399219,91.04758439977647,1.4210854715202004e-14,0.0,
Fra_89,22,0.0,2.543108015998803,0.0,0.0,-90.70085189643285,93.24395991243166,-1.4210854715202004e-14,0.0,
Fra_89,23,0.0,2.503643940542117,0.0,0.0,-86.67658394240183,89.18022788294395,0.0,0.0,
Fra_89,24,0.0,2.4679828915700606,0.0,0.0,-80.59331477997344,83.0612976715435,0.0,0.0,
Fra_90,1,3816.0,13.08410210184248,0.0,0.0,3719.510353021529,109.57374908031349,-4.263256414560601e-13,0.0,
Fra_90,2,3816.0,12.752903751410116,0.0,0.0,3724.137792182854,104.61511156855656,-4.263256414560601e-13,0.0,
Fra_90,3,3216.5595955884005,12.580878898335701,0.0,0.0,3127.036250629911,102.10422385682503,1.9895196601282805e-13,0.0,
Fra_90,4,3561.1756382637814,12.623578484658378,0.0,0.0,3468.9925053436596,104.80671140478009,2.5579538487363607e-13,0.0,
Fra_90,5,3816.0,13.281819339186544,0.0,0.0,3716.0142194815335,113.26759985765325,4.263256414560601e-14,0.0,
Fra_90,6,3816.0,15.962001802212466,0.0,0.0,3708.0305979484024,123.93140385381008,-5.684341886080802e-14,0.0,
Fra_90,7,3816.0,21.980188231076053,0.0,0.0,3706.4597054199744,131.52048281110154,2.8421709430404007e-13,0.0,
Fra_90,8,3816.0,30.63320060115923,0.0,0.0,3710.955175793173,135.67802480798608,1.9895196601282805e-13,0.0,
Fra_90,9,3816.0,39.70350647234897,0.0,0.0,3718.2101187022704,137.49338777007864,5.684341886080802e-14,0.0,
Fra_90,10,3816.0,47.26219688131112,0.0,0.0,3725.1479915258105,138.1142053555006,-1.7053025658242404e-13,0.0,
Fra_90,11,3816.0,51.832351856800294,0.0,0.0,3729.2972673684794,138.53508448832127,-2.8421709430404007e-13,0.0,
Fra_90,12,3816.0,53.79615796341374,0.0,0.0,3732.974381131642,136.82177683177187,-8.526512829121202e-14,0.0,
Fra_90,13,3816.0,53.28545758759469,0.0,0.0,3736.893367472143,132.39209011545168,-1.4210854715202004e-13,0.0,
Fra_90,14,3816.0,49.43244453381188,0.0,0.0,3737.354525150475,128.07791938333648,3.694822225952521e-13,0.0,
Fra_90,15,3816.0,42.965834723360345,0.0,0.0,3734.8491314826647,124.11670324069584,-1.9895196601282805e-13,0.0,
Fra_90,16,3816.0,34.510237196098046,0.0,0.0,3728.607145326687,121.90309186941116,-2.842170943040401e-14,0.0,
Fra_90,17,3816.0,25.074850757237876,0.0,0.0,3717.995095064026,123.07975569321195,1.1368683772161603e-13,0.0,
Fra_90,18,3816.0,18.15819051496568,0.0,0.0,3709.4795528171003,124.67863769786541,-1.4210854715202004e-13,0.0,
Fra_90,19,3816.0,16.003145727422705,0.0,0.0,3707.661237031397,124.34190869602546,2.5579538487363607e-13,0.0,
Fra_90,20,3816.0,15.057365256820194,0.0,0.0,3706.490809797506,124.56655545931449,-2.2737367544323206e-13,0.0,
Fra_90,21,3816.0,14.4351346690019,0.0,0.0,3704.319270395348,126.11586427365424,-5.968558980384842e-13,0.0,
Fra_90,22,3816.0,14.118756871756691,0.0,0.0,3700.9605516302,129.15820524155674,2.2737367544323206e-13,0.0,
Fra_90,23,3816.0,13.89966130718124,0.0,0.0,3706.370392631641,123.52926867554025,-9.947598300641403e-14,0.0,
Fra_90,24,3816.0,13.701679280047202,0.0,0.0,3714.6481343387313,115.05354494131632,-3.410605131648481e-13,0.0,
Fra_91,1,0.0,3.296995169418111,0.0,0.0,-62.7642513193481,66.06124648876622,0.0,0.0,
Fra_91,2,0.0,3.2135382112718593,0.0,0.0,-59.858180423769845,63.071718635041705,0.0,0.0,
Fra_91,3,0.0,3.1701905588925383,0.0,0.0,-58.38773144673263,61.55792200562517,-7.105427357601002e-15,0.0,
Fra_91,4,0.0,3.183253207596862,0.0,0.0,-60.00397962782776,63.18723283542462,0.0,0.0,
Fra_91,5,0.0,3.377049217445084,0.0,0.0,-64.91119405424315,68.28824327168823,1.4210854715202004e-14,0.0,
Fra_91,6,0.0,4.168649148479235,0.0,0.0,-70.54872692381855,74.7173760722978,-1.4210854715202004e-14,0.0,
Fra_91,7,0.0,5.9484257321136065,0.0,0.0,-73.3443529327602,79.29277866487382,-1.4210854715202004e-14,0.0,
Fra_91,8,0.0,8.509504772170786,0.0,0.0,-73.28982686683077,81.79933163900154,1.4210854715202004e-14,0.0,
Fra_91,9,0.0,11.184102006505707,0.0,0.0,-71.70969925785724,82.89380126436293,1.4210854715202004e-14,0.0,
Fra_91,10,0.0,13.394048220699803,0.0,0.0,-69.8740396212362,83.268087841936,0.0,0.0,
Fra_91,11,0.0,14.71508511313344,0.0,0.0,-68.80674781253487,83.5218329256683,0.0,0.0,
Fra_91,12,0.0,15.266092923719372,0.0,0.0,-67.2227988060842,82.48889172980357,0.0,0.0,
Fra_91,13,0.0,15.084723136852318,0.0,0.0,-64.7335414720306,79.8182646088829,1.4210854715202004e-14,0.0,
Fra_91,14,0.0,13.917224980322372,0.0,0.0,-63.30005628609966,77.21728126642203,0.0,0.0,
Fra_91,15,0.0,11.979631470053837,0.0,0.0,-62.849460305813665,74.8290917758675,0.0,0.0,
Fra_91,16,0.0,9.455010607233994,0.0,0.0,-64.03951036443853,73.49452097167253,0.0,0.0,
Fra_91,17,0.0,6.658024255631654,0.0,0.0,-67.54589910074475,74.20392335637641,0.0,0.0,
Fra_91,18,0.0,4.631971183759579,0.0,0.0,-70.53590694374039,75.16787812749996,0.0,0.0,
Fra_91,19,0.0,4.033394921018793,0.0,0.0,-70.93147164780792,74.96486656882672,0.0,0.0,
Fra_91,20,0.0,3.794227538847276,0.0,0.0,-71.30607699141729,75.10030453026457,0.0,0.0,
Fra_91,21,0.0,3.63743487349409,0.0,0.0,-72.39693709838276,76.03437197187687,-1.4210854715202004e-14,0.0,
Fra_91,22,0.0,3.5577124698389158,0.0,0.0,-74.31086558032196,77.86857805016088,0.0,0.0,
Fra_91,23,0.0,3.502503712491748,0.0,0.0,-70.97242787509634,74.47493158758809,0.0,0.0,
Fra_91,24,0.0,3.4526152461673667,0.0,0.0,-65.91236181785273,69.3649770640201,0.0,0.0,
Fra_92,1,0.0,7.848512409468654,0.0,0.0,-84.00865293919631,91.85716534866495,1.4210854715202004e-14,0.0,
Fra_92,2,0.0,7.649842730561308,0.0,0.0,-80.05042929607544,87.70027202663674,0.0,0.0,
Fra_92,3,0.0,7.546653441484954,0.0,0.0,-78.04870723873613,85.59536068022108,0.0,0.0,
Fra_92,4,0.0,7.584847394032912,0.0,0.0,-80.27604538332636,87.8608927773593,-2.842170943040401e-14,0.0,
Fra_92,5,30.27862790976949,8.132262755362241,0.0,0.0,-56.54288007009067,94.9537707352224,0.0,0.0,
Fra_92,6,261.5277303382713,10.374925760708209,0.0,0.0,168.00927332034001,103.89338277863948,0.0,0.0,
Fra_92,7,270.0,15.42318296977772,0.0,0.0,175.16777200030722,110.25541096947047,1.4210854715202004e-14,0.0,
Fra_92,8,270.0,22.693078037428876,0.0,0.0,178.95234302039,113.74073501703886,4.263256414560601e-14,0.0,
Fra_92,9,243.907722302789,30.25899092936953,0.0,0.0,158.9041347336618,115.26257849849675,-1.4210854715202004e-14,0.0,
Fra_92,10,270.0,36.46067725045838,0.0,0.0,190.67765891966508,115.78301833079331,0.0,0.0,
Fra_92,11,216.0,40.127616325552694,0.0,0.0,139.99176928879828,116.1358470367544,2.842170943040401e-14,0.0,
Fra_92,12,270.0,41.61238334312428,0.0,0.0,196.91282543603575,114.6995579070885,4.263256414560601e-14,0.0,
Fra_92,13,54.0,41.01825942729397,0.0,0.0,-15.967831809547025,110.98609123684099,0.0,0.0,
Fra_92,14,54.0,37.63307683725334,0.0,0.0,-15.73638635127828,107.36946318853163,0.0,0.0,
Fra_92,15,54.0,32.07098932502029,0.0,0.0,-17.977732451901474,104.04872177692178,-1.4210854715202004e-14,0.0,
Fra_92,16,54.0,24.84692910262499,0.0,0.0,-23.346092130540228,102.19302123316523,-1.4210854715202004e-14,0.0,
Fra_92,17,216.0,16.895987568303134,0.0,0.0,129.71655303514723,103.1794345331559,0.0,0.0,
Fra_92,18,108.0,11.200210618805189,0.0,0.0,14.680411537505481,104.5197990812997,1.4210854715202004e-14,0.0,
Fra_92,19,54.0,9.604120073197755,0.0,0.0,-40.63339450237575,104.2375145755735,0.0,0.0,
Fra_92,20,130.422816091742,9.032176388734678,0.0,0.0,35.029153465393875,104.4258390150828,0.0,0.0,
Fra_92,21,162.0,8.6589307160832,0.0,0.0,64.93428503307634,105.72464568300686,1.4210854715202004e-14,0.0,
Fra_92,22,270.0,8.469151161595487,0.0,0.0,170.19406963349581,108.27508152809968,1.4210854715202004e-14,0.0,
Fra_92,23,216.0,8.337726456709715,0.0,0.0,120.7814590717926,103.5562673849171,0.0,0.0,
Fra_92,24,0.0,8.21896672946833,0.0,0.0,-88.23198607929461,96.45095280876293,1.4210854715202004e-14,0.0,
Fra_93,1,0.0,48.27043097106907,0.0,0.0,-527.765516109416,576.035947080485,1.1368683772161603e-13,0.0,
Fra_93,2,0.0,47.0485598034613,0.0,0.0,-502.9195244970424,549.9680843005036,1.1368683772161603e-13,0.0,
Fra_93,3,0.0,46.41391833314846,0.0,0.0,-490.35427463225176,536.7681929654002,0.0,0.0,
Fra_93,4,0.0,46.438203578515264,0.0,0.0,-504.53713286080676,550.9753364393221,0.0,0.0,
Fra_93,5,0.0,47.25071826233007,0.0,0.0,-548.2040298426532,595.4547481049832,1.1368683772161603e-13,0.0,
Fra_93,6,0.0,50.41361741542501,0.0,0.0,-601.1014050341411,651.515022449566,1.1368683772161603e-13,0.0,
Fra_93,7,0.0,57.38338694627904,0.0,0.0,-634.0278909597628,691.411277906042,-1.1368683772161603e-13,0.0,
Fra_93,8,0.0,67.28324916626248,0.0,0.0,-645.9844830621272,713.2677322283896,1.1368683772161603e-13,0.0,
Fra_93,9,0.0,78.23854714031805,0.0,0.0,-644.5726599800126,722.8112071203308,-1.1368683772161603e-13,0.0,
Fra_93,10,0.0,88.46244076560502,0.0,0.0,-637.6124426347136,726.0748834003185,1.1368683772161603e-13,0.0,
Fra_93,11,0.0,95.52036415406232,0.0,0.0,-632.7671067675893,728.2874709216517,0.0,0.0,
Fra_93,12,0.0,99.51618121172622,0.0,0.0,-619.764325844362,719.2805070560881,1.1368683772161603e-13,0.0,
Fra_93,13,0.0,100.68003167014008,0.0,0.0,-595.3133395133307,695.9933711834708,0.0,0.0,
Fra_93,14,0.0,97.83979239713636,0.0,0.0,-575.4737175568043,673.3135099539406,0.0,0.0,
Fra_93,15,0.0,91.80887491852792,0.0,0.0,-560.6802778196708,652.4891527381988,0.0,0.0,
Fra_93,16,0.0,83.40608645646243,0.0,0.0,-557.4459749763042,640.8520614327667,-1.1368683772161603e-13,0.0,
Fra_93,17,0.0,72.86243287083855,0.0,0.0,-574.1754227491987,647.0378556200372,0.0,0.0,
Fra_93,18,0.0,63.72785987500915,0.0,0.0,-591.7154169116018,655.4432767866109,0.0,0.0,
Fra_93,19,0.0,58.9905998554061,0.0,0.0,-594.682471830874,653.6730716862801,0.0,0.0,
Fra_93,20,0.0,55.550278083901716,0.0,0.0,-599.3037754719949,654.8540535558966,0.0,0.0,
Fra_93,21,0.0,53.254718296643475,0.0,0.0,-609.7441471113527,662.9988654079963,-1.1368683772161603e-13,0.0,
Fra_93,22,0.0,52.08752374986956,0.0,0.0,-626.9051154907895,678.9926392406591,0.0,0.0,
Fra_93,23,0.0,51.27922699067372,0.0,0.0,-598.1217460609909,649.4009730516646,0.0,0.0,
Fra_93,24,0.0,50.54882319988243,0.0,0.0,-554.2947481984204,604.8435713983026,2.2737367544323206e-13,0.0,
Fra_94,1,0.0,7.0965061260143445,0.0,0.0,-66.42121089791846,73.5177170239328,0.0,0.0,
Fra_94,2,0.0,6.916872009399024,0.0,0.0,-63.273882923034975,70.190754932434,0.0,0.0,
Fra_94,3,0.0,6.823569816083261,0.0,0.0,-61.68252310725357,68.50609292333684,0.0,0.0,
Fra_94,4,0.0,6.856321326800932,0.0,0.0,-63.46298613449644,70.31930746129737,0.0,0.0,
Fra_94,5,0.0,7.3296643597585645,0.0,0.0,-68.66641521411357,75.99607957387214,0.0,0.0,
Fra_94,6,0.0,9.267462518623955,0.0,0.0,-73.8834194706836,83.15088198930755,1.4210854715202004e-14,0.0,
Fra_94,7,0.0,13.628196543045513,0.0,0.0,-74.61452326268552,88.24271980573103,1.4210854715202004e-14,0.0,
Fra_94,8,0.0,19.906842009034463,0.0,0.0,-71.12535062762106,91.03219263665552,0.0,0.0,
Fra_94,9,0.0,26.446665281062632,0.0,0.0,-65.8035320479853,92.25019732904792,1.4210854715202004e-14,0.0,
Fra_94,10,0.0,31.81780871246498,0.0,0.0,-60.84892170002321,92.66673041248819,0.0,0.0,
Fra_94,11,0.0,35.00223636389559,0.0,0.0,-57.946879868624286,92.94911623251988,0.0,0.0,
Fra_94,12,0.0,36.30126478218447,0.0,0.0,-55.49832002947643,91.7995848116609,0.0,0.0,
Fra_94,13,0.0,35.8048502997345,0.0,0.0,-53.02266814339862,88.82751844313313,-1.4210854715202004e-14,0.0,
Fra_94,14,0.0,32.89621654107159,0.0,0.0,-53.036740150376794,85.93295669144837,1.4210854715202004e-14,0.0,
Fra_94,15,0.0,28.105583431474233,0.0,0.0,-55.169623845633694,83.27520727710794,-1.4210854715202004e-14,0.0,
Fra_94,16,0.0,21.87866764008714,0.0,0.0,-59.911333045469505,81.79000068555665,0.0,0.0,
Fra_94,17,0.0,15.014237283513708,0.0,0.0,-67.56523751200591,82.57947479551962,0.0,0.0,
Fra_94,18,0.0,10.08341185533823,0.0,0.0,-73.56882129479983,83.65223315013804,1.4210854715202004e-14,0.0,
Fra_94,19,0.0,8.683245796868604,0.0,0.0,-74.74306145697767,83.42630725384628,0.0,0.0,
Fra_94,20,0.0,8.166757180197557,0.0,0.0,-75.41027519999005,83.57703238018762,-1.4210854715202004e-14,0.0,
Fra_94,21,0.0,7.829274092410875,0.0,0.0,-76.7872558677293,84.61652996014018,-1.4210854715202004e-14,0.0,
Fra_94,22,0.0,7.657678291735384,0.0,0.0,-79.00008840846226,86.65776670019764,0.0,0.0,
Fra_94,23,0.0,7.538846062814355,0.0,0.0,-75.3422262276415,82.88107229045586,0.0,0.0,
Fra_94,24,0.0,7.431465314983016,0.0,0.0,-69.7628812378239,77.19434655280692,0.0,0.0,
Fra_95,1,0.0,207.68290272537666,0.0,0.0,140.53470488220827,67.14819784316836,2.842170943040401e-14,0.0,
Fra_95,2,0.0,4.243504555338119,0.0,0.0,-59.865976665768144,64.10948122110625,1.4210854715202004e-14,0.0,
Fra_95,3,0.0,4.186263611480769,0.0,0.0,-58.38451343782837,62.570777049309136,0.0,0.0,
Fra_95,4,0.0,4.2020474799724,0.0,0.0,-60.024848576506756,64.22689605647916,-1.4210854715202004e-14,0.0,
Fra_95,5,0.0,4.440184485783672,0.0,0.0,-64.97165245782426,69.41183694360794,0.0,0.0,
Fra_95,6,0.0,5.411535267510303,0.0,0.0,-70.53521744291933,75.94675271042965,-1.4210854715202004e-14,0.0,
Fra_95,7,0.0,216.28986127060287,0.0,0.0,135.69242370591934,80.59743756468357,-4.263256414560601e-14,0.0,
Fra_95,8,0.0,737.9554477727092,0.0,0.0,654.8102151851188,83.14523258759057,-7.105427357601002e-14,0.0,
Fra_95,9,0.0,1012.775964081,0.0,0.0,928.5182538027317,84.25771027826815,1.4210854715202004e-13,0.0,
Fra_95,10,0.0,977.0734625469604,0.0,0.0,892.4353072953268,84.63815525163376,-1.2789769243681803e-13,0.0,
Fra_95,11,0.0,992.7887662228669,0.0,0.0,907.8926908442327,84.89607537863418,5.684341886080802e-14,0.0,
Fra_95,12,0.0,1003.5179084436384,0.0,0.0,919.671769956402,83.84613848723629,2.842170943040401e-14,0.0,
Fra_95,13,0.0,855.4692805595453,0.0,0.0,774.337710867365,81.13156969218024,4.263256414560601e-14,0.0,
Fra_95,14,0.0,751.2949262626128,0.0,0.0,672.8071356897995,78.48779057281337,-5.684341886080802e-14,0.0,
Fra_95,15,0.0,647.8971781565114,0.0,0.0,571.836871606816,76.0603065496955,-1.1368683772161603e-13,0.0,
Fra_95,16,0.0,492.16810733214584,0.0,0.0,417.46433020263083,74.70377712951509,-8.526512829121202e-14,0.0,
Fra_95,17,0.0,508.551071708542,0.0,0.0,433.12621990650143,75.42485180204056,0.0,0.0,
Fra_95,18,0.0,1028.0268490701799,0.0,0.0,951.6221818828169,76.404667187363,-2.842170943040401e-14,0.0,
Fra_95,19,0.0,1595.155822325456,0.0,0.0,1518.9575069862763,76.19831533917983,-5.684341886080802e-14,0.0,
Fra_95,20,0.0,1314.4927114104084,0.0,0.0,1238.1567296553874,76.33598175502094,1.2789769243681803e-13,0.0,
Fra_95,21,0.0,698.4678599784742,0.0,0.0,621.1824419245346,77.28541805393955,1.4210854715202004e-14,0.0,
Fra_95,22,0.0,516.1017163007889,0.0,0.0,436.95191270803434,79.14980359275468,-1.2789769243681803e-13,0.0,
Fra_95,23,0.0,527.4573840954539,0.0,0.0,451.7570649764346,75.70031911901927,2.842170943040401e-14,0.0,
Fra_95,24,0.0,269.83457013331457,0.0,0.0,199.3282831519797,70.50628698133497,-8.526512829121202e-14,0.0,
Fra_96,1,0.0,4.973605525437851,0.0,0.0,-108.63741190503478,113.61101743047264,-1.4210854715202004e-14,0.0,
Fra_96,2,0.0,4.8477084686199925,0.0,0.0,-103.62196938455395,108.46967785317395,0.0,0.0,
Fra_96,3,0.0,4.782317373907956,0.0,0.0,-101.08395856979583,105.86627594370378,0.0,0.0,
Fra_96,4,0.0,4.799799490319967,0.0,0.0,-103.86853773624927,108.66833722656925,-1.4210854715202004e-14,0.0,
Fra_96,5,0.0,5.0651839589836545,0.0,0.0,-112.37578497513167,117.44096893411532,0.0,0.0,
Fra_96,6,0.0,6.147124692457174,0.0,0.0,-122.35055838944653,128.49768308190372,0.0,0.0,
Fra_96,7,0.0,8.577798990845327,0.0,0.0,-127.78858429466382,136.36638328550913,2.842170943040401e-14,0.0,
Fra_96,8,0.0,12.073787520370445,0.0,0.0,-128.60332329103323,140.67711081140368,0.0,0.0,
Fra_96,9,0.0,15.732944488648716,0.0,0.0,-126.82641672360384,142.55936121225255,0.0,0.0,
Fra_96,10,0.0,18.7720093303215,0.0,0.0,-124.43104362480298,143.2030529551245,0.0,0.0,
Fra_96,11,0.0,20.601269597466874,0.0,0.0,-123.03816987264274,143.6394394701096,0.0,0.0,
Fra_96,12,0.0,21.378266151800034,0.0,0.0,-120.48473847268495,141.86300462448497,0.0,0.0,
Fra_96,13,0.0,21.155521462827448,0.0,0.0,-116.11458368561138,137.27010514843883,0.0,0.0,
Fra_96,14,0.0,19.584107628691626,0.0,0.0,-113.21287023918732,132.79697786787895,0.0,0.0,
Fra_96,15,0.0,16.958630981610117,0.0,0.0,-111.73117888294027,128.68980986455037,2.842170943040401e-14,0.0,
Fra_96,16,0.0,13.53046776295523,0.0,0.0,-112.86416974326886,126.39463750622407,1.4210854715202004e-14,0.0,
Fra_96,17,0.0,9.716025212640947,0.0,0.0,-117.89863054902912,127.61465576167006,0.0,0.0,
Fra_96,18,0.0,6.93302261820477,0.0,0.0,-122.33942629944109,129.27244891764585,0.0,0.0,
Fra_96,19,0.0,6.0836684868695095,0.0,0.0,-122.83964457644555,128.92331306331505,0.0,0.0,
Fra_96,20,0.0,5.723693873445931,0.0,0.0,-123.43254311146481,129.15623698491075,0.0,0.0,
Fra_96,21,0.0,5.487167937957111,0.0,0.0,-125.27546247775723,130.76263041571434,0.0,0.0,
Fra_96,22,0.0,5.366904556621755,0.0,0.0,-128.55016253425342,133.91706709087518,0.0,0.0,
Fra_96,23,0.0,5.283620667357551,0.0,0.0,-122.79711047914844,128.080731146506,0.0,0.0,
Fra_96,24,0.0,5.208362579609017,0.0,0.0,-114.08435496886824,119.29271754847724,1.4210854715202004e-14,0.0,
Fra_97,1,0.0,8.556483247187444,0.0,0.0,-122.99206045485036,131.54854370203782,0.0,0.0,
Fra_97,2,0.0,8.339892676821016,0.0,0.0,-117.25556875055804,125.59546142737906,0.0,0.0,
Fra_97,3,0.0,8.227395253461426,0.0,0.0,-114.35362499024025,122.58102024370169,-1.4210854715202004e-14,0.0,
Fra_97,4,0.0,8.256085767742968,0.0,0.0,-117.56940045700138,125.82548622474434,1.4210854715202004e-14,0.0,
Fra_97,5,0.0,8.695846951933966,0.0,0.0,-127.28734185890198,135.98318881083594,0.0,0.0,
Fra_97,6,0.0,10.487274936694162,0.0,0.0,-138.2983222775468,148.78559721424097,-2.842170943040401e-14,0.0,
Fra_97,7,0.0,14.510578741727244,0.0,0.0,-143.3860719251042,157.89665066683145,0.0,0.0,
Fra_97,8,0.0,20.296025909220987,0.0,0.0,-142.5919534258424,162.8879793350634,0.0,0.0,
Fra_97,9,0.0,26.35715172741264,0.0,0.0,-138.71025795441068,165.06740968182334,-2.842170943040401e-14,0.0,
Fra_97,10,0.0,31.401861313855846,0.0,0.0,-134.41086966939537,165.81273098325124,-2.842170943040401e-14,0.0,
Fra_97,11,0.0,34.446964343978436,0.0,0.0,-131.87105223424277,166.3180165782212,0.0,0.0,
Fra_97,12,0.0,35.749910992161105,0.0,0.0,-128.51119753076094,164.26110852292206,-2.842170943040401e-14,0.0,
Fra_97,13,0.0,35.39839544773337,0.0,0.0,-123.5446616123235,158.94305706005687,0.0,0.0,
Fra_97,14,0.0,32.813229684658914,0.0,0.0,-120.95045839464206,153.76368807930095,2.842170943040401e-14,0.0,
Fra_97,15,0.0,28.481753650010912,0.0,0.0,-120.5263043698363,149.00805801984723,-2.842170943040401e-14,0.0,
Fra_97,16,0.0,22.82098452141347,0.0,0.0,-123.52952682636237,146.35051134777586,-2.842170943040401e-14,0.0,
Fra_97,17,0.0,16.51099207870996,0.0,0.0,-131.25216065212572,147.76315273083569,0.0,0.0,
Fra_97,18,0.0,11.893505682879988,0.0,0.0,-137.78918161740256,149.68268730028254,0.0,0.0,
Fra_97,19,0.0,10.465703195955065,0.0,0.0,-138.8127247795706,149.2784279755257,-2.842170943040401e-14,0.0,
Fra_97,20,0.0,9.846918998638928,0.0,0.0,-139.70120819596144,149.54812719460037,0.0,0.0,
Fra_97,21,0.0,9.440004900971875,0.0,0.0,-141.96814186931846,151.40814677029033,0.0,0.0,
Fra_97,22,0.0,9.233106383913567,0.0,0.0,-145.8275167060405,155.06062308995408,0.0,0.0,
Fra_97,23,0.0,9.089826584258159,0.0,0.0,-139.21298805188573,148.3028146361439,0.0,0.0,
Fra_97,24,0.0,8.960354199739081,0.0,0.0,-129.16694738317594,138.12730158291504,-2.842170943040401e-14,0.0,
Fra_98,1,0.0,123.24649879660188,0.0,0.0,-45.79459737208174,169.04109616868357,5.684341886080802e-14,0.0,
Fra_98,2,0.0,113.56032434512198,0.0,0.0,-47.83100600350043,161.39133034862238,2.842170943040401e-14,0.0,
Fra_98,3,0.0,96.52271122906444,0.0,0.0,-60.99503429919667,157.51774552826112,0.0,0.0,
Fra_98,4,0.0,92.88342194989316,0.0,0.0,-68.8034923922752,161.6869143421684,-2.842170943040401e-14,0.0,
Fra_98,5,0.0,121.19584524006586,0.0,0.0,-53.54381093706815,174.73965617713404,-2.842170943040401e-14,0.0,
Fra_98,6,0.0,125.62014641381819,0.0,0.0,-65.57072305088059,191.19086946469875,2.842170943040401e-14,0.0,
Fra_98,7,0.0,168.55682513228052,0.0,0.0,-34.34183234386012,202.89865747614067,-2.842170943040401e-14,0.0,
Fra_98,8,0.0,191.25038486894474,0.0,0.0,-18.062176141751245,209.31256101069596,2.842170943040401e-14,0.0,
Fra_98,9,0.0,257.3306200487998,0.0,0.0,45.21747087139581,212.11314917740395,2.842170943040401e-14,0.0,
Fra_98,10,0.0,186.25204329296773,0.0,0.0,-26.818850654888557,213.07089394785623,5.684341886080802e-14,0.0,
Fra_98,11,0.0,284.488495310782,0.0,0.0,70.76830469685666,213.7201906139253,5.684341886080802e-14,0.0,
Fra_98,12,0.0,179.8388065929501,0.0,0.0,-31.238238132765908,211.077044725716,0.0,0.0,
Fra_98,13,0.0,234.24823400552526,0.0,0.0,30.004934629361664,204.24329937616352,8.526512829121202e-14,0.0,
Fra_98,14,0.0,114.91873573154555,0.0,0.0,-82.6690265681137,197.58776229965926,-2.842170943040401e-14,0.0,
Fra_98,15,0.0,137.49285914700934,0.0,0.0,-53.983874511818556,191.4767336588279,0.0,0.0,
Fra_98,16,0.0,120.47800152478942,0.0,0.0,-67.58376006423045,188.06176158901985,0.0,0.0,
Fra_98,17,0.0,116.04643883617841,0.0,0.0,-73.83058000438928,189.8770188405677,0.0,0.0,
Fra_98,18,0.0,149.36254309608836,0.0,0.0,-42.98109543194576,192.34363852803406,5.684341886080802e-14,0.0,
Fra_98,19,0.0,143.21382876190725,0.0,0.0,-48.61033279230266,191.8241615542099,2.842170943040401e-14,0.0,
Fra_98,20,0.0,71.6386464856571,0.0,0.0,-120.53208106119114,192.17072754684824,0.0,0.0,
Fra_98,21,0.0,104.17675202293955,0.0,0.0,-90.38411789357272,194.56086991651227,0.0,0.0,
Fra_98,22,0.0,90.82547393797071,0.0,0.0,-108.42886185380505,199.25433579177576,0.0,0.0,
Fra_98,23,0.0,84.86884564987064,0.0,0.0,-105.70164373371128,190.57048938358193,-2.842170943040401e-14,0.0,
Fra_98,24,0.0,70.80444693780309,0.0,0.0,-106.69041399570187,177.49486093350498,0.0,0.0,
Fra_99,1,0.0,1.0782273509027218,0.0,0.0,-122.33626482077902,123.41449217168176,-1.4210854715202004e-14,0.0,
Fra_99,2,0.0,1.0509341429140933,0.0,0.0,-116.77857316228851,117.82950730520261,-1.4210854715202004e-14,0.0,
Fra_99,3,0.0,1.0367580152611504,0.0,0.0,-113.964700286924,115.00145830218516,0.0,0.0,
Fra_99,4,0.0,1.051349425704291,0.0,0.0,-116.99395953533445,118.04530896103874,0.0,0.0,
Fra_99,5,0.0,1.2398752582316215,0.0,0.0,-126.33505425970921,127.57492951794083,0.0,0.0,
Fra_99,6,0.0,2.019589134565139,0.0,0.0,-137.566136453148,139.5857255877131,2.842170943040401e-14,0.0,
Fra_99,7,0.0,3.781385658947344,0.0,0.0,-144.35202889100464,148.13341454995197,2.842170943040401e-14,0.0,
Fra_99,8,0.0,6.324599375733373,0.0,0.0,-146.49151462125366,152.816113996987,2.842170943040401e-14,0.0,
Fra_99,9,0.0,8.942426964542966,0.0,0.0,-145.91835648981308,154.86078345435604,0.0,0.0,
Fra_99,10,0.0,11.033037880887072,0.0,0.0,-144.52698136378535,155.56001924467242,0.0,0.0,
Fra_99,11,0.0,12.22424523225119,0.0,0.0,-143.80981624314433,156.0340614753955,0.0,0.0,
Fra_99,12,0.0,12.656082976866363,0.0,0.0,-141.44825540206088,154.10433837892722,2.842170943040401e-14,0.0,
Fra_99,13,0.0,12.360711170707813,0.0,0.0,-136.75440724301043,149.11511841371825,0.0,0.0,
Fra_99,14,0.0,11.09796973386036,0.0,0.0,-133.15803603184878,144.25600576570912,2.842170943040401e-14,0.0,
Fra_99,15,0.0,9.08372376426465,0.0,0.0,-130.71070719242758,139.79443095669222,0.0,0.0,
Fra_99,16,0.0,6.4928938856644045,0.0,0.0,-130.80831469298982,137.3012085786542,2.842170943040401e-14,0.0,
Fra_99,17,0.0,3.698847283122584,0.0,0.0,-134.92765471197507,138.62650199509767,-2.842170943040401e-14,0.0,
Fra_99,18,0.0,1.76745373588585,0.0,0.0,-138.65989209546785,140.42734583135368,2.842170943040401e-14,0.0,
Fra_99,19,0.0,1.322841226288436,0.0,0.0,-138.72524187918103,140.04808310546946,0.0,0.0,
Fra_99,20,0.0,1.2408389147429302,0.0,0.0,-139.0602670766096,140.30110599135253,0.0,0.0,
Fra_99,21,0.0,1.189562485291995,0.0,0.0,-140.85655234388628,142.04611482917826,0.0,0.0,
Fra_99,22,0.0,1.163490601141832,0.0,0.0,-144.30925668990085,145.4727472910427,-2.842170943040401e-14,0.0,
Fra_99,23,0.0,1.1454354966839224,0.0,0.0,-137.98735944635297,139.13279494303688,0.0,0.0,
Fra_99,24,0.0,1.1291203047829796,0.0,0.0,-128.45734489024085,129.58646519502383,0.0,0.0,
Fra_100,1,0.0,78.00023859543688,0.0,0.0,9.91885394671672,68.08138464872017,-1.4210854715202004e-14,0.0,
Fra_100,2,0.0,77.87378277621755,0.0,0.0,12.873345075146823,65.00043770107075,-2.842170943040401e-14,0.0,
Fra_100,3,0.0,77.64489338999333,0.0,0.0,14.20454388109391,63.44034950889942,-7.105427357601002e-15,0.0,
Fra_100,4,0.0,77.76406366783716,0.0,0.0,12.644579367940967,65.11948429989621,-1.4210854715202004e-14,0.0,
Fra_100,5,0.0,78.30433312559207,0.0,0.0,7.9278506298253895,70.37648249576668,0.0,0.0,
Fra_100,6,0.0,80.36805686791584,0.0,0.0,3.365840126725317,77.00221674119052,0.0,0.0,
Fra_100,7,0.0,84.93287970000017,0.0,0.0,3.2153455770692183,81.71753412293097,-1.4210854715202004e-14,0.0,
Fra_100,8,0.0,92.48437192360498,0.0,0.0,8.18363499654582,84.30073692705915,1.4210854715202004e-14,0.0,
Fra_100,9,0.0,100.39952110998561,0.0,0.0,14.970845920919242,85.42867518906637,0.0,0.0,
Fra_100,10,0.0,106.71182637744802,0.0,0.0,20.897419010879695,85.81440736656833,0.0,0.0,
Fra_100,11,0.0,110.33917658464178,0.0,0.0,24.263264666365693,86.07591191827608,1.4210854715202004e-14,0.0,
Fra_100,12,0.0,111.64295569557767,0.0,0.0,26.6315720841832,85.01138361139445,1.4210854715202004e-14,0.0,
Fra_100,13,0.0,110.90060839007923,0.0,0.0,28.64151908036167,82.25908930971755,0.0,0.0,
Fra_100,14,0.0,108.259414967872,0.0,0.0,28.68084649018422,79.57856847768778,0.0,0.0,
Fra_100,15,0.0,103.47332056563799,0.0,0.0,26.355971879619204,77.1173486860188,-1.4210854715202004e-14,0.0,
Fra_100,16,0.0,97.02162979088217,0.0,0.0,21.279662786115814,75.74196700476637,0.0,0.0,
Fra_100,17,0.0,90.31506975207384,0.0,0.0,13.842006996155423,76.4730627559184,1.4210854715202004e-14,0.0,
Fra_100,18,0.0,84.8019963854987,0.0,0.0,7.335501336897309,77.4664950486014,-1.4210854715202004e-14,0.0,
Fra_100,19,0.0,82.9661138104617,0.0,0.0,5.708838368646248,77.25727544181547,0.0,0.0,
Fra_100,20,0.0,82.67791831995115,0.0,0.0,5.281063254093063,77.39685506585809,0.0,0.0,
Fra_100,21,0.0,82.44188579718616,0.0,0.0,4.082399716016141,78.35948608117,1.4210854715202004e-14,0.0,
Fra_100,22,0.0,82.68214696987371,0.0,0.0,2.4323651982960364,80.2497817715777,-2.842170943040401e-14,0.0,
Fra_100,23,0.0,82.93666885135784,0.0,0.0,6.184310493058831,76.75235835829899,1.4210854715202004e-14,0.0,
Fra_100,24,0.0,83.22580072578982,0.0,0.0,11.739658158857416,71.48614256693241,0.0,0.0,
Fra_101,1,3122.0,14.070483437410765,0.0,0.0,3048.0674583758346,88.00302506157641,0.0,0.0,
Fra_101,2,3122.0,13.71431678050275,0.0,0.0,3051.693770231171,84.0205465493319,-8.526512829121202e-14,0.0,
Fra_101,3,3122.0,13.52932335663871,0.0,0.0,3053.525370344326,82.00395301231278,-1.2789769243681803e-13,0.0,
Fra_101,4,3122.0,13.574517708740329,0.0,0.0,3051.4000897294995,84.17442797924095,-3.552713678800501e-13,0.0,
Fra_101,5,3122.0,14.273598507984426,0.0,0.0,3045.3038953391024,90.9697031688819,9.947598300641403e-14,0.0,
Fra_101,6,3122.0,17.11927982781457,0.0,0.0,3039.58505259909,99.53422722872475,-3.694822225952521e-13,0.0,
Fra_101,7,3122.0,23.508364574986732,0.0,0.0,3039.8790469502646,105.62931762472175,5.115907697472721e-13,0.0,
Fra_101,8,3122.0,32.69399889553619,0.0,0.0,3045.7255943488344,108.96840454670168,-1.2789769243681803e-13,0.0,
Fra_101,9,3122.0,42.325754380015546,0.0,0.0,3053.8993598166376,110.42639456337797,-4.263256414560601e-14,0.0,
Fra_101,10,3122.0,50.35827427277388,0.0,0.0,3061.4332764765313,110.92499779624272,-4.263256414560601e-14,0.0,
Fra_101,11,3122.0,55.21968062058721,0.0,0.0,3065.956658095024,111.26302252556331,-3.410605131648481e-13,0.0,
Fra_101,12,3122.0,57.31387265850497,0.0,0.0,3069.426875484844,109.88699717366086,-5.684341886080802e-14,0.0,
Fra_101,13,3122.0,56.78123915552466,0.0,0.0,3072.4518991249583,106.32934003056602,5.115907697472721e-13,0.0,
Fra_101,14,3122.0,52.69958308640746,0.0,0.0,3071.835124729097,102.86445835731074,-2.7000623958883807e-13,0.0,
Fra_101,15,3122.0,45.84236489554515,0.0,0.0,3068.159316377735,99.6830485178097,7.105427357601002e-14,0.0,
Fra_101,16,3122.0,36.873206771165584,0.0,0.0,3060.967997367366,97.90520940379918,5.684341886080801e-13,0.0,
Fra_101,17,3122.0,26.85840669919146,0.0,0.0,3050.008171896114,98.850234803077,4.547473508864641e-13,0.0,
Fra_101,18,3122.0,19.509364514648905,0.0,0.0,3041.3750041403746,100.1343603742746,-2.4158453015843406e-13,0.0,
Fra_101,19,3122.0,17.20932150665668,0.0,0.0,3039.3454015529805,99.86391995367569,3.410605131648481e-13,0.0,
Fra_101,20,3122.0,16.192506509659417,0.0,0.0,3038.148163827861,100.04434268179861,-3.126388037344441e-13,0.0,
Fra_101,21,3122.0,15.523367342752824,0.0,0.0,3036.23471328564,101.28865405711284,1.9895196601282805e-13,0.0,
Fra_101,22,3122.0,15.183138527549957,0.0,0.0,3033.451059738771,103.73207878877868,1.5631940186722204e-13,0.0,
Fra_101,23,3122.0,14.947525836012268,0.0,0.0,3037.73626932307,99.21125651294243,-9.947598300641403e-14,0.0,
Fra_101,24,3122.0,14.734618384510322,0.0,0.0,3044.3305518642296,92.40406652028099,-3.979039320256561e-13,0.0,
Fra_102,1,0.0,8.765090175434413,0.0,0.0,-97.15648230095675,105.92157247639116,0.0,0.0,
Fra_102,2,0.0,8.543219130337173,0.0,0.0,-92.58499100339341,101.12821013373056,2.842170943040401e-14,0.0,
Fra_102,3,0.0,8.427979021548907,0.0,0.0,-90.27303320236737,98.70101222391628,0.0,0.0,
Fra_102,4,0.0,8.461623184420315,0.0,0.0,-92.85180061690266,101.31342380132298,0.0,0.0,
Fra_102,5,0.0,8.963697609781722,0.0,0.0,-100.52860678107729,109.492304390859,0.0,0.0,
Fra_102,6,0.0,11.01351275920469,0.0,0.0,-108.78716290975171,119.8006756689564,0.0,0.0,
Fra_102,7,0.0,15.621252689010388,0.0,0.0,-111.51555214911969,127.13680483813006,1.4210854715202004e-14,0.0,
Fra_102,8,0.0,22.250899662512804,0.0,0.0,-108.90487312773018,131.155772790243,0.0,0.0,
Fra_102,9,0.0,29.178401304017395,0.0,0.0,-103.73222701662554,132.91062832064293,0.0,0.0,
Fra_102,10,0.0,34.91000671564227,0.0,0.0,-98.60074686694357,133.51075358258583,0.0,0.0,
Fra_102,11,0.0,38.34232044234373,0.0,0.0,-95.57528405065672,133.91760449300045,0.0,0.0,
Fra_102,12,0.0,39.78077057247507,0.0,0.0,-92.48063211452038,132.26140268699544,0.0,0.0,
Fra_102,13,0.0,39.323371040066554,0.0,0.0,-88.65598976638222,127.97936080644875,1.4210854715202004e-14,0.0,
Fra_102,14,0.0,36.31201831447214,0.0,0.0,-87.49696635980352,123.80898467427568,-1.4210854715202004e-14,0.0,
Fra_102,15,0.0,31.305798115699666,0.0,0.0,-88.67400077029174,119.9797988859914,1.4210854715202004e-14,0.0,
Fra_102,16,0.0,24.779323995606315,0.0,0.0,-93.06064487392523,117.83996886953156,-1.4210854715202004e-14,0.0,
Fra_102,17,0.0,17.54074297703272,0.0,0.0,-101.43667061387741,118.97741359091013,0.0,0.0,
Fra_102,18,0.0,12.28762109495143,0.0,0.0,-108.23538254429197,120.52300363924338,1.4210854715202004e-14,0.0,
Fra_102,19,0.0,10.722417891111437,0.0,0.0,-109.47508018067028,120.19749807178171,0.0,0.0,
Fra_102,20,0.0,10.086986730399868,0.0,0.0,-110.32767045676324,120.4146571871631,1.4210854715202004e-14,0.0,
Fra_102,21,0.0,9.670152073371865,0.0,0.0,-112.24217428404218,121.91232635741405,0.0,0.0,
Fra_102,22,0.0,9.458209373691382,0.0,0.0,-115.39505440746075,124.85326378115212,0.0,0.0,
Fra_102,23,0.0,9.311436414752832,0.0,0.0,-110.10050754804286,119.4119439627957,-1.4210854715202004e-14,0.0,
Fra_102,24,0.0,9.178807495516502,0.0,0.0,-102.03991506763136,111.21872256314786,-1.4210854715202004e-14,0.0,
Fra_103,1,0.0,6.212695929226778,0.0,0.0,-201.05425275998255,207.2669486892093,2.842170943040401e-14,0.0,
Fra_103,2,0.0,6.05543373213585,0.0,0.0,-191.83188091749707,197.88731464963288,2.842170943040401e-14,0.0,
Fra_103,3,0.0,5.973751542857402,0.0,0.0,-187.16403104385066,193.13778258670806,0.0,0.0,
Fra_103,4,0.0,5.999450104975939,0.0,0.0,-192.2502899773607,198.24974008233667,-2.842170943040401e-14,0.0,
Fra_103,5,0.0,6.377775214368773,0.0,0.0,-207.8763687287997,214.25414394316846,0.0,0.0,
Fra_103,6,0.0,7.924135150498683,0.0,0.0,-226.50139230609858,234.42552745659725,0.0,0.0,
Fra_103,7,0.0,11.401778495225948,0.0,0.0,-237.3790599007311,248.78083839595706,0.0,0.0,
Fra_103,8,0.0,16.40691036549886,0.0,0.0,-240.23822993647298,256.6451403019719,-5.684341886080802e-14,0.0,
Fra_103,9,0.0,21.62988822181659,0.0,0.0,-238.4491470146121,260.0790352364287,0.0,0.0,
Fra_103,10,0.0,25.9378835626232,0.0,0.0,-235.31547460884255,261.2533581714657,0.0,0.0,
Fra_103,11,0.0,28.506924548606293,0.0,0.0,-233.54255800811498,262.0494825567213,0.0,0.0,
Fra_103,12,0.0,29.571648603037936,0.0,0.0,-229.23698426916104,258.808632872199,0.0,0.0,
Fra_103,13,0.0,29.20508901825461,0.0,0.0,-221.22445983932465,250.42954885757925,2.842170943040401e-14,0.0,
Fra_103,14,0.0,26.912580786977408,0.0,0.0,-215.35639118722443,242.26897197420183,0.0,0.0,
Fra_103,15,0.0,23.11645915994725,0.0,0.0,-211.65957595780196,234.77603511774922,0.0,0.0,
Fra_103,16,0.0,18.17377335738572,0.0,0.0,-212.41505014845066,230.5888235058364,0.0,0.0,
Fra_103,17,0.0,12.705865817024351,0.0,0.0,-220.10870539242865,232.814571209453,0.0,0.0,
Fra_103,18,0.0,8.754796754594015,0.0,0.0,-227.08417945331993,235.83897620791396,0.0,0.0,
Fra_103,19,0.0,7.600729230127419,0.0,0.0,-227.60129886446268,235.2020280945901,0.0,0.0,
Fra_103,20,0.0,7.149656209328603,0.0,0.0,-228.4773080542858,235.6269642636144,0.0,0.0,
Fra_103,21,0.0,6.854203803814683,0.0,0.0,-231.70339405790844,238.55759786172308,2.842170943040401e-14,0.0,
Fra_103,22,0.0,6.703978817969743,0.0,0.0,-237.60843472343896,244.31241354140872,0.0,0.0,
Fra_103,23,0.0,6.59994614445844,0.0,0.0,-227.0649125200225,233.66485866448093,0.0,0.0,
Fra_103,24,0.0,6.5059387663088515,0.0,0.0,-211.12645399214858,217.63239275845743,0.0,0.0,
Fra_104,1,0.0,5.497771642223158,0.0,0.0,-22.04391556549854,27.541687207721697,3.552713678800501e-15,0.0,
Fra_104,2,0.0,5.358606349504926,0.0,0.0,-20.936712595092136,26.295318944597064,0.0,0.0,
Fra_104,3,0.0,5.2863237158454925,0.0,0.0,-20.377876146392396,25.664199862237886,0.0,0.0,
Fra_104,4,0.0,5.308555227770375,0.0,0.0,-21.03492290461218,26.343478132382558,0.0,0.0,
Fra_104,5,0.0,5.637162212836126,0.0,0.0,-22.83298535656329,28.470147569399415,0.0,0.0,
Fra_104,6,0.0,6.979845359591317,0.0,0.0,-24.170681010129453,31.150526369720772,-3.552713678800501e-15,0.0,
Fra_104,7,0.0,9.999018763277423,0.0,0.0,-23.05904513793023,33.05806390120766,-7.105427357601002e-15,0.0,
Fra_104,8,0.0,14.343925015322933,0.0,0.0,-19.759149412513974,34.10307442783691,0.0,0.0,
Fra_104,9,0.0,18.879756652818234,0.0,0.0,-15.679614646213523,34.55937129903176,-7.105427357601002e-15,0.0,
Fra_104,10,0.0,22.624435448559666,0.0,0.0,-12.090980194069502,34.71541564262917,0.0,0.0,
Fra_104,11,0.0,24.8603401287324,0.0,0.0,-9.960864733720832,34.82120486245323,0.0,0.0,
Fra_104,12,0.0,25.790110043246212,0.0,0.0,-8.60044985211101,34.39055989535722,0.0,0.0,
Fra_104,13,0.0,25.47739374416177,0.0,0.0,-7.799751241209401,33.27714498537117,0.0,0.0,
Fra_104,14,0.0,23.492214304908934,0.0,0.0,-8.700551056127825,32.19276536103676,0.0,0.0,
Fra_104,15,0.0,20.201133061796753,0.0,0.0,-10.995968859059444,31.197101920856195,3.552713678800501e-15,0.0,
Fra_104,16,0.0,15.91442822155555,0.0,0.0,-14.72627590786711,30.640704129422662,-3.552713678800501e-15,0.0,
Fra_104,17,0.0,11.168580248945833,0.0,0.0,-19.76788182666164,30.93646207560747,3.552713678800501e-15,0.0,
Fra_104,18,0.0,7.734859956135034,0.0,0.0,-23.603485859180424,31.338345815315456,0.0,0.0,
Fra_104,19,0.0,6.7258903274208475,0.0,0.0,-24.527817653374168,31.253707980795014,0.0,0.0,
Fra_104,20,0.0,6.32691147403115,0.0,0.0,-24.98326213779925,31.3101736118304,0.0,0.0,
Fra_104,21,0.0,6.0654581733763395,0.0,0.0,-25.634138809570402,31.69959698294674,0.0,0.0,
Fra_104,22,0.0,5.932520286742239,0.0,0.0,-26.531778132638806,32.46429841938105,-7.105427357601002e-15,0.0,
Fra_104,23,0.0,5.840459144717816,0.0,0.0,-25.20898935381493,31.04944849853274,3.552713678800501e-15,0.0,
Fra_104,24,0.0,5.757269639929855,0.0,0.0,-23.161780529565537,28.919050169495392,0.0,0.0,
Fra_105,1,0.0,81.86332155611555,0.0,0.0,-12.263070495075588,94.12639205119113,1.4210854715202004e-14,0.0,
Fra_105,2,0.0,81.92140767662582,0.0,0.0,-7.945399735097752,89.86680741172357,0.0,0.0,
Fra_105,3,0.0,81.76343504722453,0.0,0.0,-5.94646157943744,87.70989662666197,0.0,0.0,
Fra_105,4,0.0,81.88335994312493,0.0,0.0,-8.148036172121984,90.0313961152469,0.0,0.0,
Fra_105,5,0.0,82.20809970280851,0.0,0.0,-15.091395845933274,97.29949554874177,1.4210854715202004e-14,0.0,
Fra_105,6,0.0,83.38308840490163,0.0,0.0,-23.076862126206482,106.4599505311081,0.0,0.0,
Fra_105,7,0.0,85.95051741089941,0.0,0.0,-27.02862797515409,112.97914538605355,-4.263256414560601e-14,0.0,
Fra_105,8,0.0,90.78914392678712,0.0,0.0,-25.76142646984274,116.55057039662985,1.4210854715202004e-14,0.0,
Fra_105,9,0.0,95.82221202097952,0.0,0.0,-22.287797267897155,118.11000928887668,0.0,0.0,
Fra_105,10,0.0,99.61687225970893,0.0,0.0,-19.026433735068288,118.6433059947772,2.842170943040401e-14,0.0,
Fra_105,11,0.0,101.63501105107443,0.0,0.0,-17.36983988119515,119.00485093226956,1.4210854715202004e-14,0.0,
Fra_105,12,0.0,102.14454099151513,0.0,0.0,-15.388538923168142,117.53307991468327,0.0,0.0,
Fra_105,13,0.0,101.40112525076455,0.0,0.0,-12.326751026880626,113.72787627764518,0.0,0.0,
Fra_105,14,0.0,99.97420247826057,0.0,0.0,-10.047701072201505,110.02190355046207,0.0,0.0,
Fra_105,15,0.0,97.25584807375132,0.0,0.0,-9.363278928758444,106.61912700250974,2.842170943040401e-14,0.0,
Fra_105,16,0.0,93.51258393519439,0.0,0.0,-11.204999554098574,104.71758348929295,1.4210854715202004e-14,0.0,
Fra_105,17,0.0,89.98092112123518,0.0,0.0,-15.747443885721744,105.72836500695689,2.842170943040401e-14,0.0,
Fra_105,18,0.0,86.79719584936942,0.0,0.0,-20.3046458860628,107.10184173543223,-1.4210854715202004e-14,0.0,
Fra_105,19,0.0,85.79436187856662,0.0,0.0,-21.018221833769577,106.81258371233618,1.4210854715202004e-14,0.0,
Fra_105,20,0.0,86.04104973589601,0.0,0.0,-20.964510756844714,107.00556049274071,1.4210854715202004e-14,0.0,
Fra_105,21,0.0,86.15195651303496,0.0,0.0,-22.18449618783875,108.3364527008737,0.0,0.0,
Fra_105,22,0.0,86.62366337959256,0.0,0.0,-24.326230780588112,110.94989416018069,-2.842170943040401e-14,0.0,
Fra_105,23,0.0,87.05192981832295,0.0,0.0,-19.06257726702281,106.11450708534576,0.0,0.0,
Fra_105,24,0.0,87.50709793215428,0.0,0.0,-11.326565868908151,98.83366380106246,-2.842170943040401e-14,0.0,
Fra_106,1,2764.0,27.086619510903727,0.0,0.0,2728.218977475949,62.867642034954585,1.8474111129762605e-13,0.0,
Fra_106,2,2764.0,26.4009749301008,0.0,0.0,2730.378337749746,60.022637180354415,2.3447910280083306e-13,0.0,
Fra_106,3,2764.0,26.044850244938832,0.0,0.0,2731.462828094882,58.5820221500573,-1.7053025658242404e-13,0.0,
Fra_106,4,2764.0,26.03157891878759,0.0,0.0,2729.8990118508573,60.13256706793021,5.684341886080802e-14,0.0,
Fra_106,5,2764.0,26.161304415175746,0.0,0.0,2725.174325492057,64.9869789231186,2.4158453015843406e-13,0.0,
Fra_106,6,2764.0,26.578534511266604,0.0,0.0,2719.4732269009555,71.105307610311,2.2737367544323206e-13,0.0,
Fra_106,7,2764.0,27.414430542650244,0.0,0.0,2715.9549094161775,75.45952112647267,7.105427357601002e-14,0.0,
Fra_106,8,2764.0,28.52370101056725,0.0,0.0,2714.6788014134368,77.84489959713034,-5.684341886080802e-14,0.0,
Fra_106,9,2764.0,30.127501323062248,0.0,0.0,2715.2410421386926,78.8864591843696,2.7000623958883807e-13,0.0,
Fra_106,10,2764.0,32.29903424196164,0.0,0.0,2717.056382647851,79.24265159411097,-3.552713678800501e-13,0.0,
Fra_106,11,2764.0,34.28064635598751,0.0,0.0,2718.796516498294,79.4841298576936,-1.4210854715202004e-13,0.0,
Fra_106,12,2764.0,35.86694610544054,0.0,0.0,2721.3658218795863,78.5011242258543,-4.263256414560601e-14,0.0,
Fra_106,13,2764.0,37.135342149756724,0.0,0.0,2725.1757386909294,75.9596034588274,-2.7000623958883807e-13,0.0,
Fra_106,14,2764.0,37.83779901521071,0.0,0.0,2728.3534393400514,73.48435967515893,4.121147867408581e-13,0.0,
Fra_106,15,2764.0,38.05223866585111,0.0,0.0,2730.840616033723,71.2116226321279,2.8421709430404007e-13,0.0,
Fra_106,16,2764.0,37.9382359549844,0.0,0.0,2731.9966668572342,69.94156909775053,-2.4158453015843406e-13,0.0,
Fra_106,17,2764.0,36.920430119259365,0.0,0.0,2730.3037533365837,70.61667678267577,0.0,0.0,
Fra_106,18,2764.0,35.101904347221065,0.0,0.0,2727.567873340852,71.5340310063686,2.8421709430404007e-13,0.0,
Fra_106,19,2764.0,33.09229818786468,0.0,0.0,2725.7514645351334,71.34083365273105,3.126388037344441e-13,0.0,
Fra_106,20,2764.0,31.17165552313724,0.0,0.0,2723.7019313978494,71.4697241252877,2.4158453015843406e-13,0.0,
Fra_106,21,2764.0,29.883517976587008,0.0,0.0,2721.524882111407,72.35863586518006,1.4210854715202004e-14,0.0,
Fra_106,22,2764.0,29.228554804565288,0.0,0.0,2719.12438404144,74.1041707631252,4.263256414560601e-14,0.0,
Fra_106,23,2764.0,28.774984651413842,0.0,0.0,2721.900401011482,70.87458363993193,1.7053025658242404e-13,0.0,
Fra_106,24,2764.0,28.36512360040431,0.0,0.0,2726.3534635181923,66.01166008221192,1.5631940186722204e-13,0.0,
Fra_107,1,0.0,13.514936531641947,0.0,0.0,-254.98962106171965,268.5045575933616,0.0,0.0,
Fra_107,2,0.0,13.17283245368251,0.0,0.0,-243.18085157246855,256.3536840261511,0.0,0.0,
Fra_107,3,0.0,12.995143151576077,0.0,0.0,-237.20574606866816,250.20088922024422,2.842170943040401e-14,0.0,
Fra_107,4,0.0,13.035079025374522,0.0,0.0,-243.78811005734306,256.8231890827176,0.0,0.0,
Fra_107,5,0.0,13.664426728808607,0.0,0.0,-263.8917128092261,277.5561395380347,0.0,0.0,
Fra_107,6,0.0,16.22241236708893,0.0,0.0,-287.4648032569865,303.6872156240754,0.0,0.0,
Fra_107,7,0.0,21.96207221068874,0.0,0.0,-300.32177175796465,322.28384396865346,-5.684341886080802e-14,0.0,
Fra_107,8,0.0,30.21081868845941,0.0,0.0,-302.2608575294226,332.47167621788196,5.684341886080802e-14,0.0,
Fra_107,9,0.0,38.87545115139471,0.0,0.0,-298.0446740161602,336.92012516755483,5.684341886080802e-14,0.0,
Fra_107,10,0.0,46.13032251583063,0.0,0.0,-292.3110826345577,338.4414051503884,-5.684341886080802e-14,0.0,
Fra_107,11,0.0,50.544205347387404,0.0,0.0,-288.9285413999328,339.47274674732023,-5.684341886080802e-14,0.0,
Fra_107,12,0.0,52.47099737797488,0.0,0.0,-282.80338143720553,335.27437881518046,-5.684341886080802e-14,0.0,
Fra_107,13,0.0,52.038862959148204,0.0,0.0,-272.3808076615452,324.4196706206934,0.0,0.0,
Fra_107,14,0.0,48.41492941746262,0.0,0.0,-265.4330986927626,313.84802811022524,0.0,0.0,
Fra_107,15,0.0,42.29323178176776,0.0,0.0,-261.8480499878551,304.1412817696229,0.0,0.0,
Fra_107,16,0.0,34.27245825418688,0.0,0.0,-264.44448833553105,298.7169465897179,0.0,0.0,
Fra_107,17,0.0,25.28575471119978,0.0,0.0,-276.3145430652533,301.6002977764531,0.0,0.0,
Fra_107,18,0.0,18.654020467152964,0.0,0.0,-286.86425135789085,305.5182718250439,-5.684341886080802e-14,0.0,
Fra_107,19,0.0,16.5285686467758,0.0,0.0,-288.16456693508246,304.69313558185826,0.0,0.0,
Fra_107,20,0.0,15.55317546406329,0.0,0.0,-289.6904448853417,305.243620349405,5.684341886080802e-14,0.0,
Fra_107,21,0.0,14.91045601438655,0.0,0.0,-294.12966195658726,309.0401179709738,0.0,0.0,
Fra_107,22,0.0,14.58366050205349,0.0,0.0,-301.911549792503,316.4952102945565,0.0,0.0,
Fra_107,23,0.0,14.357350540043603,0.0,0.0,-288.3444545359732,302.70180507601685,0.0,0.0,
Fra_107,24,0.0,14.152849343836522,0.0,0.0,-267.779652220686,281.9325015645225,0.0,0.0,
Fra_108,1,0.0,6.755305302681434,0.0,0.0,-177.34941689710917,184.1047221997906,0.0,0.0,
Fra_108,2,0.0,6.584308014866013,0.0,0.0,-169.18896080987997,175.773268824746,0.0,0.0,
Fra_108,3,0.0,6.495491801638593,0.0,0.0,-165.05900849028683,171.55450029192542,0.0,0.0,
Fra_108,4,0.0,6.527436447143481,0.0,0.0,-169.5677565147022,176.0951929618457,0.0,0.0,
Fra_108,5,0.0,6.987332852035095,0.0,0.0,-183.32376064487306,190.31109349690817,-2.842170943040401e-14,0.0,
Fra_108,6,408.0,8.870714615192098,0.0,0.0,208.6424038214068,208.22831079378528,0.0,0.0,
Fra_108,7,408.0,13.109564463962611,0.0,0.0,200.13015876915009,220.97940569481253,0.0,0.0,
Fra_108,8,408.0,19.21324282175576,0.0,0.0,199.24837645963174,227.96486636212398,5.684341886080802e-14,0.0,
Fra_108,9,408.0,25.56833097823574,0.0,0.0,202.5533098424271,231.01502113580864,0.0,0.0,
Fra_108,10,408.0,30.783007962841324,0.0,0.0,206.7248953013692,232.05811266147214,0.0,0.0,
Fra_108,11,346.8,33.870815779027986,0.0,0.0,147.90554618920387,232.76526958982413,-2.842170943040401e-14,0.0,
Fra_108,12,408.0,35.12611025753507,0.0,0.0,213.2395231331672,229.88658712436785,0.0,0.0,
Fra_108,13,0.0,34.63599933706384,0.0,0.0,-187.80787227208984,222.4438716091537,0.0,0.0,
Fra_108,14,0.0,31.801666559900198,0.0,0.0,-183.39357834052993,215.19524490043014,-2.842170943040401e-14,0.0,
Fra_108,15,0.0,27.138643681291146,0.0,0.0,-181.4010052973489,208.53964897864003,0.0,0.0,
Fra_108,16,0.0,21.07977775982264,0.0,0.0,-183.74058343329176,204.8203611931144,0.0,0.0,
Fra_108,17,0.0,14.405556046187716,0.0,0.0,-192.39182398785917,206.79738003404688,0.0,0.0,
Fra_108,18,0.0,9.617398529123182,0.0,0.0,-199.8664071293788,209.48380565850198,2.842170943040401e-14,0.0,
Fra_108,19,0.0,8.26603609504317,0.0,0.0,-200.6520008473139,208.91803694235708,0.0,0.0,
Fra_108,20,285.6,7.774098564202201,0.0,0.0,84.07861236693196,209.29548619727024,0.0,0.0,
Fra_108,21,285.6,7.452841701739503,0.0,0.0,81.15422226078844,211.89861944095105,0.0,0.0,
Fra_108,22,408.0,7.289496246717392,0.0,0.0,198.2791658035062,217.01033044321122,0.0,0.0,
Fra_108,23,346.8,7.176377484906285,0.0,0.0,146.42373021366654,207.55264727123972,5.684341886080802e-14,0.0,
Fra_108,24,0.0,7.07415961566894,0.0,0.0,-186.2376610284948,193.31182064416376,0.0,0.0,
Fra_109,1,0.0,0.37807353786364595,0.0,0.0,-80.11949405262963,80.49756759049328,0.0,0.0,
Fra_109,2,0.0,0.36850334870523704,0.0,0.0,-76.48623681633562,76.85474016504085,0.0,0.0,
Fra_109,3,0.0,0.3635325800352831,0.0,0.0,-74.6466019656514,75.01013454568668,0.0,0.0,
Fra_109,4,0.0,0.3759693895149843,0.0,0.0,-76.61952821876554,76.99549760828053,-1.4210854715202004e-14,0.0,
Fra_109,5,0.0,0.5308521365695391,0.0,0.0,-82.68037639109,83.21122852765953,0.0,0.0,
Fra_109,6,0.0,1.1737225426988318,0.0,0.0,-89.87159298259755,91.04531552529636,1.4210854715202004e-14,0.0,
Fra_109,7,0.0,2.6283748265827467,0.0,0.0,-93.9922030351916,96.62057786177435,-1.4210854715202004e-14,0.0,
Fra_109,8,0.0,4.7300919853154735,0.0,0.0,-94.94479423693328,99.67488622224876,-1.4210854715202004e-14,0.0,
Fra_109,9,0.0,6.8845663687347445,0.0,0.0,-94.12396321215473,101.00852958088947,0.0,0.0,
Fra_109,10,0.0,8.58797396596493,0.0,0.0,-92.8766347941378,101.46460876010275,-1.4210854715202004e-14,0.0,
Fra_109,11,0.0,9.54421227736942,0.0,0.0,-92.22959231408916,101.77380459145857,1.4210854715202004e-14,0.0,
Fra_109,12,0.0,9.874141329339148,0.0,0.0,-90.64099410053669,100.51513542987583,1.4210854715202004e-14,0.0,
Fra_109,13,0.0,9.603116710807516,0.0,0.0,-87.65778119553214,97.26089790633964,1.4210854715202004e-14,0.0,
Fra_109,14,0.0,8.535431157775871,0.0,0.0,-85.55609221296376,94.09152337073965,-1.4210854715202004e-14,0.0,
Fra_109,15,0.0,6.849788872970862,0.0,0.0,-84.33165551572125,91.18144438869211,0.0,0.0,
Fra_109,16,0.0,4.689139575432277,0.0,0.0,-84.86609112179924,89.55523069723152,0.0,0.0,
Fra_109,17,0.0,2.376262228760187,0.0,0.0,-88.04339609354301,90.41965832230319,0.0,0.0,
Fra_109,18,0.0,0.7989671268355331,0.0,0.0,-90.79529837391219,91.59426550074771,1.4210854715202004e-14,0.0,
Fra_109,19,0.0,0.46653196703350297,0.0,0.0,-90.88035799155381,91.34688995858731,0.0,0.0,
Fra_109,20,0.0,0.4350922447134914,0.0,0.0,-91.07683284467498,91.51192508938846,1.4210854715202004e-14,0.0,
Fra_109,21,0.0,0.4171124920432405,0.0,0.0,-92.23300118765665,92.6501136796999,0.0,0.0,
Fra_109,22,0.0,0.4079705522926206,0.0,0.0,-94.47717706347855,94.88514761577116,1.4210854715202004e-14,0.0,
Fra_109,23,0.0,0.4016396451669716,0.0,0.0,-90.3482501603289,90.74988980549588,-1.4210854715202004e-14,0.0,
Fra_109,24,0.0,0.3959188272729074,0.0,0.0,-84.12734142597542,84.52326025324831,1.4210854715202004e-14,0.0,
Fra_110,1,0.0,518.0418417856517,0.0,0.0,452.62422920490485,65.41761258074678,1.1368683772161603e-13,0.0,
Fra_110,2,0.0,519.1733758570468,0.0,0.0,456.7161641970964,62.457211659950374,4.263256414560601e-14,0.0,
Fra_110,3,0.0,518.5030339192061,0.0,0.0,457.5448699868224,60.95816393238364,9.947598300641403e-14,0.0,
Fra_110,4,0.0,519.1696031666195,0.0,0.0,456.5980027597128,62.571600406906725,-5.684341886080802e-14,0.0,
Fra_110,5,0.0,519.3847213444636,0.0,0.0,451.76180958292525,67.62291176153859,-2.1316282072803006e-13,0.0,
Fra_110,6,0.0,519.2327468262913,0.0,0.0,445.24334122555496,73.98940560073625,9.947598300641403e-14,0.0,
Fra_110,7,0.0,518.377903493421,0.0,0.0,439.8576733910161,78.52023010240501,-1.4210854715202004e-13,0.0,
Fra_110,8,0.0,524.7835001107177,0.0,0.0,443.7811383488305,81.00236176188696,2.2737367544323206e-13,0.0,
Fra_110,9,0.0,531.4093635986721,0.0,0.0,449.3231956154559,82.08616798321616,7.105427357601002e-14,0.0,
Fra_110,10,0.0,534.5835084297638,0.0,0.0,452.1267005384736,82.45680789129013,9.947598300641403e-14,0.0,
Fra_110,11,0.0,534.9157877979147,0.0,0.0,452.2077070581067,82.70808073980793,1.2789769243681803e-13,0.0,
Fra_110,12,0.0,532.9526342824187,0.0,0.0,451.2674308051712,81.68520347724728,1.7053025658242404e-13,0.0,
Fra_110,13,0.0,530.0317541247829,0.0,0.0,450.99115788142626,79.04059624335665,-2.842170943040401e-14,0.0,
Fra_110,14,0.0,532.5100726790932,0.0,0.0,456.0451184296402,76.4649542494531,-4.263256414560601e-14,0.0,
Fra_110,15,0.0,534.1312181235244,0.0,0.0,460.0311852639375,74.10003285958688,-1.4210854715202004e-14,0.0,
Fra_110,16,0.0,534.8351598001667,0.0,0.0,462.05669503792495,72.7784647622418,-4.263256414560601e-14,0.0,
Fra_110,17,0.0,539.5896815678395,0.0,0.0,466.10872611955983,73.48095544827976,-5.684341886080802e-14,0.0,
Fra_110,18,0.0,538.6806086927875,0.0,0.0,464.245090272805,74.4355184199828,-3.126388037344441e-13,0.0,
Fra_110,19,0.0,537.7635992040791,0.0,0.0,463.5291144036627,74.23448480041648,-2.842170943040401e-14,0.0,
Fra_110,20,0.0,541.5497404412481,0.0,0.0,467.1811372497781,74.36860319147006,-4.263256414560601e-14,0.0,
Fra_110,21,0.0,543.6874769726494,0.0,0.0,468.3939069471053,75.29357002554386,2.5579538487363607e-13,0.0,
Fra_110,22,0.0,547.5515346796072,0.0,0.0,470.44162922292924,77.10990545667804,-2.842170943040401e-14,0.0,
Fra_110,23,0.0,550.9068400563544,0.0,0.0,477.15751680670996,73.74932324964443,4.263256414560601e-14,0.0,
Fra_110,24,0.0,554.3946565913658,0.0,0.0,485.7055016415254,68.68915494984024,1.2789769243681803e-13,0.0,
Fra_111,1,0.0,7.716456667891107,0.0,0.0,-98.00415478191638,105.72061144980748,1.4210854715202004e-14,0.0,
Fra_111,2,0.0,7.521129720753597,0.0,0.0,-93.415213652978,100.9363433737316,-1.4210854715202004e-14,0.0,
Fra_111,3,0.0,7.419676650897003,0.0,0.0,-91.09407384457596,98.51375049547298,-1.4210854715202004e-14,0.0,
Fra_111,4,0.0,7.443673823892387,0.0,0.0,-93.67753181848704,101.12120564237944,-1.4210854715202004e-14,0.0,
Fra_111,5,0.0,7.817502723758898,0.0,0.0,-101.46706602478513,109.28456874854402,0.0,0.0,
Fra_111,6,0.0,9.338341220453943,0.0,0.0,-110.23504112000495,119.57338234045889,0.0,0.0,
Fra_111,7,0.0,12.752114296948601,0.0,0.0,-114.1434786499727,126.89559294692131,0.0,0.0,
Fra_111,8,0.0,17.659394060037886,0.0,0.0,-113.24754180184308,130.90693586188098,0.0,0.0,
Fra_111,9,0.0,22.80847016988831,0.0,0.0,-109.84999180081539,132.6584619707037,-2.842170943040401e-14,0.0,
Fra_111,10,0.0,27.109159670826973,0.0,0.0,-106.14828896666947,133.25744863749645,0.0,0.0,
Fra_111,11,0.0,29.71724897694421,0.0,0.0,-103.94627866799458,133.66352764493877,2.842170943040401e-14,0.0,
Fra_111,12,0.0,30.846517327595564,0.0,0.0,-101.16395076090441,132.01046808849998,0.0,0.0,
Fra_111,13,0.0,30.572440326137496,0.0,0.0,-97.16411003926615,127.73655036540366,-1.4210854715202004e-14,0.0,
Fra_111,14,0.0,28.401274700498696,0.0,0.0,-95.17281183094617,123.57408653144486,0.0,0.0,
Fra_111,15,0.0,24.746107775137673,0.0,0.0,-95.00605793859502,119.7521657137327,0.0,0.0,
Fra_111,16,0.0,19.962093491619335,0.0,0.0,-97.65430202488362,117.61639551650296,0.0,0.0,
Fra_111,17,0.0,14.613350827680298,0.0,0.0,-104.13833137899432,118.75168220667463,-1.4210854715202004e-14,0.0,
Fra_111,18,0.0,10.67992413310726,0.0,0.0,-109.61441573187348,120.29433986498074,0.0,0.0,
Fra_111,19,0.0,9.437551703381338,0.0,0.0,-110.53190016364186,119.96945186702322,-2.842170943040401e-14,0.0,
Fra_111,20,0.0,8.880204818984135,0.0,0.0,-111.305994155576,120.18619897456014,0.0,0.0,
Fra_111,21,0.0,8.51323921974289,0.0,0.0,-113.16778745352563,121.68102667326852,0.0,0.0,
Fra_111,22,0.0,8.32665281556146,0.0,0.0,-116.2897315511789,124.61638436674036,0.0,0.0,
Fra_111,23,0.0,8.197439407028401,0.0,0.0,-110.98794875335545,119.18538816038387,-1.4210854715202004e-14,0.0,
Fra_111,24,0.0,8.08067788059657,0.0,0.0,-102.92703357179201,111.00771145238858,0.0,0.0,
Fra_112,1,0.0,43.978667090675984,0.0,0.0,-255.11966434934692,299.09833144002295,-5.684341886080802e-14,0.0,
Fra_112,2,0.0,42.8654334976276,0.0,0.0,-242.69753734343166,285.5629708410592,5.684341886080802e-14,0.0,
Fra_112,3,0.0,42.28721852454078,0.0,0.0,-236.42189971664345,278.7091182411842,0.0,0.0,
Fra_112,4,0.0,42.29937494704946,0.0,0.0,-243.78659699417875,286.0859719412282,0.0,0.0,
Fra_112,5,0.0,42.91874340825596,0.0,0.0,-266.26251951274565,309.18126292100163,0.0,0.0,
Fra_112,6,0.0,45.29725141367777,0.0,0.0,-292.992497881338,338.28974929501584,-5.684341886080802e-14,0.0,
Fra_112,7,0.0,50.50758272921988,0.0,0.0,-308.4977199930016,359.00530272222153,-5.684341886080802e-14,0.0,
Fra_112,8,0.0,57.87941559996989,0.0,0.0,-312.4745348101986,370.35395041016847,0.0,0.0,
Fra_112,9,0.0,66.17662602664686,0.0,0.0,-309.13263564627607,375.3092616729229,5.684341886080802e-14,0.0,
Fra_112,10,0.0,74.1699987879844,0.0,0.0,-302.83387957449094,377.00387836247535,0.0,0.0,
Fra_112,11,0.0,79.86695263862455,0.0,0.0,-298.28577978261194,378.15273242123646,0.0,0.0,
Fra_112,12,0.0,83.26439045014828,0.0,0.0,-290.211606296545,373.47599674669334,0.0,0.0,
Fra_112,13,0.0,84.55281618927326,0.0,0.0,-276.83167217358,361.38448836285323,0.0,0.0,
Fra_112,14,0.0,82.81616717966196,0.0,0.0,-266.79213137173156,349.60829855139355,0.0,0.0,
Fra_112,15,0.0,78.65524234445373,0.0,0.0,-260.14031000922864,338.7955523536824,-5.684341886080802e-14,0.0,
Fra_112,16,0.0,72.70489766415396,0.0,0.0,-260.0482633944873,332.75316105864124,5.684341886080802e-14,0.0,
Fra_112,17,0.0,64.91430796361773,0.0,0.0,-271.0507372307639,335.9650451943817,-5.684341886080802e-14,0.0,
Fra_112,18,0.0,57.817684547350794,0.0,0.0,-282.5117539782366,340.32943852558736,0.0,0.0,
Fra_112,19,0.0,53.742038690021786,0.0,0.0,-285.668246448526,339.4102851385478,0.0,0.0,
Fra_112,20,0.0,50.611256984853085,0.0,0.0,-289.41223590306083,340.02349288791396,-5.684341886080802e-14,0.0,
Fra_112,21,0.0,48.51979731400239,0.0,0.0,-295.7327712890692,344.2525686030716,0.0,0.0,
Fra_112,22,0.0,47.456378998276385,0.0,0.0,-305.1007252696678,352.5571042679442,-5.684341886080802e-14,0.0,
Fra_112,23,0.0,46.71994857144942,0.0,0.0,-290.47211115974864,337.19205973119807,0.0,0.0,
Fra_112,24,0.0,46.05448558488047,0.0,0.0,-268.00178799378887,314.05627357866933,0.0,0.0,
Fra_113,1,0.0,1.4797278148916995,0.0,0.0,-31.384490245861386,32.86421806075309,0.0,0.0,
Fra_113,2,0.0,1.4422714111150885,0.0,0.0,-29.934713203320804,31.376984614435894,-3.552713678800501e-15,0.0,
Fra_113,3,0.0,1.4228165063791323,0.0,0.0,-29.2010829761067,30.623899482485832,0.0,0.0,
Fra_113,4,0.0,1.4471996821076258,0.0,0.0,-29.987251057663084,31.43445073977071,0.0,0.0,
Fra_113,5,0.0,1.7587822776610786,0.0,0.0,-32.21332447403566,33.972106751696735,0.0,0.0,
Fra_113,6,0.0,3.0488088664802278,0.0,0.0,-34.121669601328506,37.170478467808735,0.0,0.0,
Fra_113,7,0.0,5.96490466352299,0.0,0.0,-33.48174987589111,39.4466545394141,0.0,0.0,
Fra_113,8,0.0,10.17550629676581,0.0,0.0,-30.518110840251875,40.69361713701768,0.0,0.0,
Fra_113,9,0.0,14.504339266955157,0.0,0.0,-26.733755765054475,41.23809503200963,0.0,0.0,
Fra_113,10,0.0,17.951147411270107,0.0,0.0,-23.473148099179873,41.42429551044998,0.0,0.0,
Fra_113,11,0.0,19.906560744884178,0.0,0.0,-21.64396813545901,41.55052888034318,7.105427357601002e-15,0.0,
Fra_113,12,0.0,20.6054802425436,0.0,0.0,-20.43117997032589,41.036660212869485,7.105427357601002e-15,0.0,
Fra_113,13,0.0,20.100423542227,0.0,0.0,-19.607650294728085,39.70807383695508,0.0,0.0,
Fra_113,14,0.0,17.99542036055002,0.0,0.0,-20.418713560306806,38.41413392085683,0.0,0.0,
Fra_113,15,0.0,14.648048042500733,0.0,0.0,-22.578006870471647,37.22605491297238,0.0,0.0,
Fra_113,16,0.0,10.346953496336836,0.0,0.0,-26.2151777358428,36.56213123217964,0.0,0.0,
Fra_113,17,0.0,5.718762427614317,0.0,0.0,-31.196283045559717,36.91504547317403,0.0,0.0,
Fra_113,18,0.0,2.5323043968605377,0.0,0.0,-34.862290304987155,37.39459470184769,7.105427357601002e-15,0.0,
Fra_113,19,0.0,1.8170280133813577,0.0,0.0,-35.47657228573091,37.29360029911226,7.105427357601002e-15,0.0,
Fra_113,20,0.0,1.702891189328398,0.0,0.0,-35.65808692862586,37.36097811795427,-7.105427357601002e-15,0.0,
Fra_113,21,0.0,1.6325209108863272,0.0,0.0,-36.19313805576819,37.825658966654515,0.0,0.0,
Fra_113,22,0.0,1.5967406163767042,0.0,0.0,-37.141401110277435,38.73814172665414,0.0,0.0,
Fra_113,23,0.0,1.5719623168420314,0.0,0.0,-35.47790461490552,37.04986693174755,0.0,0.0,
Fra_113,24,0.0,1.5495718226286281,0.0,0.0,-32.95818958327742,34.507761405906045,0.0,0.0,
Fra_114,1,0.0,5.721180091752443,0.0,0.0,-114.33820829791172,120.05938838966416,0.0,0.0,
Fra_114,2,0.0,5.5763596528590424,0.0,0.0,-109.04987534099288,114.62623499385192,0.0,0.0,
Fra_114,3,0.0,5.5011397289364545,0.0,0.0,-106.37392862586347,111.87506835479994,-1.4210854715202004e-14,0.0,
Fra_114,4,0.0,5.52767147947841,0.0,0.0,-109.30849846088792,114.83616994036632,1.4210854715202004e-14,0.0,
Fra_114,5,0.0,5.910826410669161,0.0,0.0,-118.1958951117241,124.10672152239326,0.0,0.0,
Fra_114,6,0.0,7.479512524204578,0.0,0.0,-128.31148371208425,135.79099623628883,0.0,0.0,
Fra_114,7,0.0,11.009708419501381,0.0,0.0,-133.096602257525,144.10631067702639,0.0,0.0,
Fra_114,8,0.0,16.0926205183777,0.0,0.0,-132.56908735496472,148.66170787334244,0.0,0.0,
Fra_114,9,0.0,21.38655683180978,0.0,0.0,-129.2642348208449,150.65079165265468,0.0,0.0,
Fra_114,10,0.0,25.733667577935982,0.0,0.0,-125.59735068221278,151.33101826014877,0.0,0.0,
Fra_114,11,0.0,28.310329263915076,0.0,0.0,-123.48184407850971,151.7921733424248,-2.842170943040401e-14,0.0,
Fra_114,12,0.0,29.360712994533422,0.0,0.0,-120.55419803739142,149.91491103192485,0.0,0.0,
Fra_114,13,0.0,28.957586655558682,0.0,0.0,-116.10373962287366,145.06132627843235,0.0,0.0,
Fra_114,14,0.0,26.60176384283905,0.0,0.0,-113.73254794668779,140.33431178952685,0.0,0.0,
Fra_114,15,0.0,22.72250155988766,0.0,0.0,-113.2715262532634,135.99402781315106,0.0,0.0,
Fra_114,16,0.0,17.68055761747501,0.0,0.0,-115.88802770055756,133.5685853180326,-2.842170943040401e-14,0.0,
Fra_114,17,0.0,12.123240242108563,0.0,0.0,-122.73460952303371,134.85784976514228,0.0,0.0,
Fra_114,18,0.0,8.132337429580563,0.0,0.0,-128.47739905292894,136.6097364825095,0.0,0.0,
Fra_114,19,0.0,7.000451256137193,0.0,0.0,-129.24033300603412,136.2407842621713,0.0,0.0,
Fra_114,20,0.0,6.584013000741846,0.0,0.0,-129.9029155544793,136.48692855522114,0.0,0.0,
Fra_114,21,0.0,6.31193523615423,0.0,0.0,-131.87256294899726,138.18449818515148,0.0,0.0,
Fra_114,22,0.0,6.173595261352528,0.0,0.0,-135.3443801384142,141.51797539976673,0.0,0.0,
Fra_114,23,0.0,6.077793105997609,0.0,0.0,-129.2725857017714,135.350378807769,0.0,0.0,
Fra_114,24,0.0,5.99122309734531,0.0,0.0,-120.07234918758738,126.06357228493269,0.0,0.0,
Fra_115,1,5706.0,21.248648608821625,0.0,0.0,4993.8403078187275,733.4083407900943,1.1368683772161603e-13,0.0,
Fra_115,2,5706.0,20.710780796924336,0.0,0.0,5026.492014522635,700.2187662742894,-3.410605131648481e-13,0.0,
Fra_115,3,5706.0,20.431411557330307,0.0,0.0,5043.018732562408,683.4126789949219,4.547473508864641e-13,0.0,
Fra_115,4,5706.0,20.4306213933139,0.0,0.0,5024.929422792306,701.5011986010081,4.547473508864641e-13,0.0,
Fra_115,5,6146.0,20.649061989871157,0.0,0.0,5408.516724873345,758.1323371165254,9.094947017729282e-13,0.0,
Fra_115,6,6506.0,21.461937295021666,0.0,0.0,5697.953719906301,829.5082173887218,-5.684341886080801e-13,0.0,
Fra_115,7,6506.0,23.217546949915,0.0,0.0,5648.913460542304,880.3040864076103,7.958078640513122e-13,0.0,
Fra_115,8,6386.0,25.677909018014553,0.0,0.0,5503.546208758611,908.1317002594031,1.1368683772161603e-13,0.0,
Fra_115,9,6269.834681733829,28.561166426254434,0.0,0.0,5378.1134060566255,920.2824421034577,-2.2737367544323206e-13,0.0,
Fra_115,10,6506.0,31.53994029025423,0.0,0.0,5613.102189099727,924.4377511905266,2.2737367544323206e-13,0.0,
Fra_115,11,6190.524786881069,33.8022390402185,0.0,0.0,5297.07221070707,927.2548152142185,-4.547473508864641e-13,0.0,
Fra_115,12,6383.350917037494,35.28124637207985,0.0,0.0,5502.8450047846345,915.7871586249394,0.0,0.0,
Fra_115,13,6146.0,36.05619009997866,0.0,0.0,5295.918187519294,886.138002580684,-1.1368683772161603e-13,0.0,
Fra_115,14,6251.208142497741,35.78596034615224,0.0,0.0,5429.732074892923,857.2620279509699,2.2737367544323206e-13,0.0,
Fra_115,15,6026.0,34.66706773912148,0.0,0.0,5229.918588727282,830.7484790118383,4.547473508864641e-13,0.0,
Fra_115,16,6260.198652556885,32.931955630901676,0.0,0.0,5477.198461158694,815.9321470290928,-3.410605131648481e-13,0.0,
Fra_115,17,6506.0,30.38142092890704,0.0,0.0,5712.573527474008,823.807893454899,-5.684341886080801e-13,0.0,
Fra_115,18,6266.0,27.771940678815856,0.0,0.0,5459.262274144194,834.509666534622,-2.2737367544323206e-13,0.0,
Fra_115,19,6026.0,25.963455406163217,0.0,0.0,5219.7076120783595,832.2558433278035,1.1368683772161603e-13,0.0,
Fra_115,20,6506.0,24.453238046177947,0.0,0.0,5696.693769887514,833.7594681586642,1.1368683772161603e-13,0.0,
Fra_115,21,6506.0,23.44273239502214,0.0,0.0,5685.313298652141,844.1294337428802,5.684341886080801e-13,0.0,
Fra_115,22,6506.0,22.92893323716095,0.0,0.0,5664.436244060247,864.4926891769136,1.1368683772161603e-13,0.0,
Fra_115,23,6506.0,22.573120921789343,0.0,0.0,5701.7565089252685,826.8166119965211,-3.410605131648481e-13,0.0,
Fra_115,24,6266.0,22.251597099008947,0.0,0.0,5518.1654203854505,770.0861767135578,5.684341886080801e-13,0.0,
Fra_116,1,0.0,11.054313557225976,0.0,0.0,-554.2751949106457,565.3295084678716,1.1368683772161603e-13,0.0,
Fra_116,2,0.0,10.774495317745881,0.0,0.0,-528.9716582798164,539.7461535975623,0.0,0.0,
Fra_116,3,0.0,10.629157360985936,0.0,0.0,-516.1624434554099,526.7916008163959,-1.1368683772161603e-13,0.0,
Fra_116,4,0.0,10.654361911024264,0.0,0.0,-530.080322627059,540.7346845380833,-1.1368683772161603e-13,0.0,
Fra_116,5,0.0,11.078652259711802,0.0,0.0,-573.3087314915597,584.3873837512715,0.0,0.0,
Fra_116,6,0.0,12.79438384758387,0.0,0.0,-626.6113151675593,639.4056990151432,-1.1368683772161603e-13,0.0,
Fra_116,7,0.0,16.636158455655366,0.0,0.0,-661.9242679705651,678.5604264262205,0.0,0.0,
Fra_116,8,0.0,22.15000258242575,0.0,0.0,-677.8606452084987,700.0106477909244,0.0,0.0,
Fra_116,9,0.0,27.97691103130093,0.0,0.0,-681.3998327421416,709.3767437734425,0.0,0.0,
Fra_116,10,0.0,32.9220181393837,0.0,0.0,-679.6577418980871,712.5797600374709,-1.1368683772161603e-13,0.0,
Fra_116,11,0.0,35.98343785639432,0.0,0.0,-678.7677856500094,714.7512235064038,-1.1368683772161603e-13,0.0,
Fra_116,12,0.0,37.37750549333583,0.0,0.0,-668.5341612445814,705.9116667379172,-1.1368683772161603e-13,0.0,
Fra_116,13,0.0,37.19470298642726,0.0,0.0,-645.8626520662301,683.0573550526572,2.2737367544323206e-13,0.0,
Fra_116,14,0.0,34.86742365902674,0.0,0.0,-625.9316072977241,660.7990309567508,0.0,0.0,
Fra_116,15,0.0,30.858360604912594,0.0,0.0,-609.5033631167571,640.3617237216697,0.0,0.0,
Fra_116,16,0.0,25.57402607942145,0.0,0.0,-603.366898053197,628.9409241326184,0.0,0.0,
Fra_116,17,0.0,19.582144259255728,0.0,0.0,-615.4296023716754,635.0117466309309,2.2737367544323206e-13,0.0,
Fra_116,18,0.0,15.075094504316088,0.0,0.0,-628.185846713599,643.260941217915,0.0,0.0,
Fra_116,19,0.0,13.516525462728643,0.0,0.0,-628.0071124074884,641.523637870217,0.0,0.0,
Fra_116,20,0.0,12.721456588995265,0.0,0.0,-629.9612129410401,642.6826695300354,0.0,0.0,
Fra_116,21,0.0,12.195755094991192,0.0,0.0,-638.4803434983653,650.6760985933565,0.0,0.0,
Fra_116,22,0.0,11.928458237624074,0.0,0.0,-654.4441473969887,666.3726056346128,0.0,0.0,
Fra_116,23,0.0,11.74335183513938,0.0,0.0,-625.5875903648264,637.3309421999656,1.1368683772161603e-13,0.0,
Fra_116,24,0.0,11.576083543467556,0.0,0.0,-582.0256190092699,593.6017025527375,0.0,0.0,
Fra_117,1,0.0,22.795817599365797,0.0,0.0,-162.722149054297,185.51796665366282,-2.842170943040401e-14,0.0,
Fra_117,2,0.0,20.74567342312363,0.0,0.0,-156.37688505773443,177.12255848085803,2.842170943040401e-14,0.0,
Fra_117,3,0.0,17.401624327161656,0.0,0.0,-155.4697810564826,172.87140538364423,0.0,0.0,
Fra_117,4,0.0,16.73116161167317,0.0,0.0,-160.71579219494225,177.44695380661543,0.0,0.0,
Fra_117,5,0.0,22.663270222729178,0.0,0.0,-169.10870974238696,191.77197996511612,2.842170943040401e-14,0.0,
Fra_117,6,0.0,25.627244263101854,0.0,0.0,-184.19949106782894,209.82673533093077,2.842170943040401e-14,0.0,
Fra_117,7,0.0,38.62084343530273,0.0,0.0,-184.05486812166617,222.6757115569689,0.0,0.0,
Fra_117,8,0.0,49.726117401185945,0.0,0.0,-179.98867736698065,229.7147947681666,0.0,0.0,
Fra_117,9,0.0,69.40647626467361,0.0,0.0,-163.3818872030447,232.78836346771828,2.842170943040401e-14,0.0,
Fra_117,10,0.0,61.58721688952625,0.0,0.0,-172.25224519512352,233.8394620846498,-2.842170943040401e-14,0.0,
Fra_117,11,0.0,83.8273375479236,0.0,0.0,-150.72470981908816,234.55204736701177,0.0,0.0,
Fra_117,12,0.0,65.2081317831212,0.0,0.0,-166.44313546672737,231.6512672498486,-2.842170943040401e-14,0.0,
Fra_117,13,0.0,75.0891796198113,0.0,0.0,-149.06223954213328,224.15141916194457,2.842170943040401e-14,0.0,
Fra_117,14,0.0,49.00005184969943,0.0,0.0,-167.84709791618644,216.84714976588586,2.842170943040401e-14,0.0,
Fra_117,15,0.0,48.035324184782446,0.0,0.0,-162.10513925863648,210.14046344341892,0.0,0.0,
Fra_117,16,0.0,37.9394823832272,0.0,0.0,-168.45314287806326,206.3926252612905,-5.684341886080802e-14,0.0,
Fra_117,17,0.0,29.515479902807794,0.0,0.0,-178.86934040390773,208.3848203067155,0.0,0.0,
Fra_117,18,0.0,30.54557746949018,0.0,0.0,-180.54629029076307,211.09186776025325,0.0,0.0,
Fra_117,19,0.0,27.899848271543256,0.0,0.0,-182.62190775794429,210.5217560294875,2.842170943040401e-14,0.0,
Fra_117,20,0.0,13.62593997040896,0.0,0.0,-197.27616273052595,210.9021027009349,0.0,0.0,
Fra_117,21,0.0,19.485898693680976,0.0,0.0,-194.03931970209277,213.52521839577378,-2.842170943040401e-14,0.0,
Fra_117,22,0.0,16.70071929243561,0.0,0.0,-201.975449170938,218.67616846337359,2.842170943040401e-14,0.0,
Fra_117,23,0.0,15.391272240931515,0.0,0.0,-193.75461296650985,209.14588520744138,0.0,0.0,
Fra_117,24,0.0,12.539233504206917,0.0,0.0,-182.25650811237404,194.79574161658093,2.842170943040401e-14,0.0,
Fra_118,1,0.0,4.138406229107864,0.0,0.0,-45.615848447186615,49.75425467629448,0.0,0.0,
Fra_118,2,0.0,4.033650602330346,0.0,0.0,-43.46903090358233,47.502681505912676,0.0,0.0,
Fra_118,3,0.0,3.9792403938205645,0.0,0.0,-42.38331998160581,46.36256037542637,0.0,0.0,
Fra_118,4,0.0,3.99300102224129,0.0,0.0,-43.596680400416176,47.58968142265747,-7.105427357601002e-15,0.0,
Fra_118,5,0.0,4.204291016315157,0.0,0.0,-47.22723393552026,51.431524951835414,0.0,0.0,
Fra_118,6,0.0,5.064886341259428,0.0,0.0,-51.20876205981551,56.27364840107494,7.105427357601002e-15,0.0,
Fra_118,7,0.0,6.997554017652647,0.0,0.0,-52.722074559959175,59.719628577611815,7.105427357601002e-15,0.0,
Fra_118,8,0.0,9.776596416387985,0.0,0.0,-51.830851142289866,61.607447558677855,-7.105427357601002e-15,0.0,
Fra_118,9,0.0,12.688552318444481,0.0,0.0,-49.74319879746278,62.43175111590726,0.0,0.0,
Fra_118,10,0.0,15.113120188640409,0.0,0.0,-47.600526148630195,62.71364633727061,-7.105427357601002e-15,0.0,
Fra_118,11,0.0,16.57739120032771,0.0,0.0,-46.327364118227734,62.904755318555445,0.0,0.0,
Fra_118,12,0.0,17.204748392794365,0.0,0.0,-44.92204371652266,62.12679210931704,-1.4210854715202004e-14,0.0,
Fra_118,13,0.0,17.037383092648426,0.0,0.0,-43.07801702844293,60.11540012109136,-7.105427357601002e-15,0.0,
Fra_118,14,0.0,15.79692972254269,0.0,0.0,-42.359530861257255,58.15646058379994,0.0,0.0,
Fra_118,15,0.0,13.717465010733074,0.0,0.0,-42.64032245616608,56.357787466899154,0.0,0.0,
Fra_118,16,0.0,10.999391897270353,0.0,0.0,-44.35325898494816,55.35265088221852,-7.105427357601002e-15,0.0,
Fra_118,17,0.0,7.968597457982582,0.0,0.0,-47.91834226667444,55.88693972465701,1.4210854715202004e-14,0.0,
Fra_118,18,0.0,5.749547906494662,0.0,0.0,-50.863397664677336,56.61294557117199,7.105427357601002e-15,0.0,
Fra_118,19,0.0,5.061772065274863,0.0,0.0,-51.39827465325169,56.460046718526556,0.0,0.0,
Fra_118,20,0.0,4.762534997644365,0.0,0.0,-51.799517286692435,56.5620522843368,0.0,0.0,
Fra_118,21,0.0,4.565727993195351,0.0,0.0,-52.69982039278882,57.26554838598417,7.105427357601002e-15,0.0,
Fra_118,22,0.0,4.465659999482078,0.0,0.0,-54.18132699382945,58.64698699331153,0.0,0.0,
Fra_118,23,0.0,4.396361667647655,0.0,0.0,-51.69468883710753,56.091050504755174,7.105427357601002e-15,0.0,
Fra_118,24,0.0,4.333741393977707,0.0,0.0,-47.90872931152831,52.24247070550602,0.0,0.0,
Fra_119,1,0.0,0.8666387302470493,0.0,0.0,-407.59524199927694,408.46188072952395,5.684341886080802e-14,0.0,
Fra_119,2,0.0,0.8447014726771773,0.0,0.0,-389.1326935026572,389.9773949753343,1.1368683772161603e-13,0.0,
Fra_119,3,0.0,0.8333072326231846,0.0,0.0,-379.78416416938535,380.6174714020085,5.684341886080802e-14,0.0,
Fra_119,4,0.0,0.8539358769163701,0.0,0.0,-389.837692481032,390.6916283579484,-5.684341886080802e-14,0.0,
Fra_119,5,0.0,1.113406774319836,0.0,0.0,-421.11817014895695,422.23157692327675,5.684341886080802e-14,0.0,
Fra_119,6,0.0,2.189333998729212,0.0,0.0,-459.7940764846881,461.98341048341734,0.0,0.0,
Fra_119,7,0.0,4.622941041431989,0.0,0.0,-485.6505433868684,490.2734844283003,5.684341886080802e-14,0.0,
Fra_119,8,0.0,8.138218078128414,0.0,0.0,-497.63348045266395,505.7716985307923,5.684341886080802e-14,0.0,
Fra_119,9,0.0,11.74580196581054,0.0,0.0,-500.7930883050358,512.5388902708464,-1.1368683772161603e-13,0.0,
Fra_119,10,0.0,14.60596479591371,0.0,0.0,-500.2471688102186,514.8531336061324,0.0,0.0,
Fra_119,11,0.0,16.21821317488381,0.0,0.0,-500.2038462332282,516.4220594081121,-1.1368683772161603e-13,0.0,
Fra_119,12,0.0,16.782348887265627,0.0,0.0,-493.25295389769275,510.0353027849584,0.0,0.0,
Fra_119,13,0.0,16.341338924116137,0.0,0.0,-477.18126640933366,493.5226053334498,0.0,0.0,
Fra_119,14,0.0,14.566587217312348,0.0,0.0,-462.8739336221915,477.44052083950385,0.0,0.0,
Fra_119,15,0.0,11.756846858118752,0.0,0.0,-450.9173106034814,462.6741574616001,5.684341886080802e-14,0.0,
Fra_119,16,0.0,8.151944848542756,0.0,0.0,-446.27045640768677,454.4224012562295,5.684341886080802e-14,0.0,
Fra_119,17,0.0,4.285254918939128,0.0,0.0,-454.523437054639,458.8086919735781,0.0,0.0,
Fra_119,18,0.0,1.6385205144172903,0.0,0.0,-463.1303795944749,464.7689001088921,5.684341886080802e-14,0.0,
Fra_119,19,0.0,1.0665161604833802,0.0,0.0,-462.4471475205039,463.5136636809873,0.0,0.0,
Fra_119,20,0.0,0.9973398102112874,0.0,0.0,-463.35374743438496,464.3510872445962,5.684341886080802e-14,0.0,
Fra_119,21,0.0,0.9561257381755928,0.0,0.0,-469.17037393364535,470.12649967182085,1.1368683772161603e-13,0.0,
Fra_119,22,0.0,0.9351701349290897,0.0,0.0,-480.5323699229345,481.4675400578636,0.0,0.0,
Fra_119,23,0.0,0.9206581187121199,0.0,0.0,-459.5636990549275,460.4843571736396,5.684341886080802e-14,0.0,
Fra_119,24,0.0,0.9075445789925682,0.0,0.0,-427.98156203433774,428.8891066133303,0.0,0.0,
Fra_120,1,0.0,4.5334189535789005,0.0,0.0,-9.339624003430277,13.87304295700918,-1.7763568394002505e-15,0.0,
Fra_120,2,0.0,4.418664355398815,0.0,0.0,-8.826569552579656,13.24523390797847,0.0,0.0,
Fra_120,3,0.0,4.3590606681649495,0.0,0.0,-8.568271795558415,12.927332463723364,0.0,0.0,
Fra_120,4,0.0,4.37445022593737,0.0,0.0,-8.895041980956627,13.269492206893997,0.0,0.0,
Fra_120,5,0.0,4.609733774984515,0.0,0.0,-9.730984614698372,14.340718389682888,0.0,0.0,
Fra_120,6,0.0,5.568395437481714,0.0,0.0,-10.122458474308532,15.690853911790246,0.0,0.0,
Fra_120,7,0.0,7.721602580593263,0.0,0.0,-8.930098425161708,16.651701005754973,0.0,0.0,
Fra_120,8,0.0,10.818048441350044,0.0,0.0,-6.3600355640052495,17.178084005355295,0.0,0.0,
Fra_120,9,0.0,14.061240533103676,0.0,0.0,-3.3466850955149967,17.407925628618674,0.0,0.0,
Fra_120,10,0.0,16.759051318558956,0.0,0.0,-0.7274755179522479,17.486526836511203,0.0,0.0,
Fra_120,11,0.0,18.38629624217497,0.0,0.0,0.8464822421018914,17.53981400007308,0.0,0.0,
Fra_120,12,0.0,19.081227696763598,0.0,0.0,1.758334180997955,17.322893515765642,0.0,0.0,
Fra_120,13,0.0,18.890670914079706,0.0,0.0,2.128616418767403,16.762054495312306,-3.552713678800501e-15,0.0,
Fra_120,14,0.0,17.504885286952852,0.0,0.0,1.2890444275967035,16.21584085935615,0.0,0.0,
Fra_120,15,0.0,15.184729560114057,0.0,0.0,-0.5295849558423353,15.714314515956392,0.0,0.0,
Fra_120,16,0.0,12.153252391125072,0.0,0.0,-3.2807985954576235,15.434050986582694,1.7763568394002505e-15,0.0,
Fra_120,17,0.0,8.775715070809959,0.0,0.0,-6.807312362326394,15.583027433136353,0.0,0.0,
Fra_120,18,0.0,6.306068282103466,0.0,0.0,-9.47939229692706,15.785460579030524,1.7763568394002505e-15,0.0,
Fra_120,19,0.0,5.545036229648725,0.0,0.0,-10.197791365235457,15.74282759488418,1.7763568394002505e-15,0.0,
Fra_120,20,0.0,5.217121092063065,0.0,0.0,-10.554148846205546,15.77126993826861,1.7763568394002505e-15,0.0,
Fra_120,21,0.0,5.001528771064992,0.0,0.0,-10.965897891924739,15.96742666298973,0.0,0.0,
Fra_120,22,0.0,4.891909242620545,0.0,0.0,-11.460705727713169,16.352614970333715,0.0,0.0,
Fra_120,23,0.0,4.815996354035584,0.0,0.0,-10.823943550983088,15.639939905018672,0.0,0.0,
Fra_120,24,0.0,4.747398947252046,0.0,0.0,-9.819436492111755,14.566835439363802,0.0,0.0,
Fra_121,1,0.0,84.56859598960753,0.0,0.0,-1764.3458276509004,1848.914423640508,0.0,0.0,
Fra_121,2,0.0,84.60953581832787,0.0,0.0,-1680.6343326568879,1765.2438684752155,2.2737367544323206e-13,0.0,
Fra_121,3,0.0,84.43812382522808,0.0,0.0,-1638.4377820190894,1722.8759058443172,2.2737367544323206e-13,0.0,
Fra_121,4,0.0,84.56445912719792,0.0,0.0,-1683.9124072488307,1768.4768663760287,0.0,0.0,
Fra_121,5,0.0,84.94758245494535,0.0,0.0,-1826.2957661180603,1911.2433485730055,2.2737367544323206e-13,0.0,
Fra_121,6,0.0,86.35797808197566,0.0,0.0,-2004.8231857511269,2091.181163833103,-4.547473508864641e-13,0.0,
Fra_121,7,0.0,89.45341153602037,0.0,0.0,-2129.783583771811,2219.2369953078314,0.0,0.0,
Fra_121,8,0.0,95.07987937611321,0.0,0.0,-2194.3102267766953,2289.3901061528086,0.0,0.0,
Fra_121,9,0.0,100.93294491702802,0.0,0.0,-2219.0890488268087,2320.021993743837,0.0,0.0,
Fra_121,10,0.0,105.39203843170493,0.0,0.0,-2225.105444174843,2330.4974826065477,0.0,0.0,
Fra_121,11,0.0,107.79782384771163,0.0,0.0,-2229.801446420689,2337.5992702684007,0.0,0.0,
Fra_121,12,0.0,108.4571436476153,0.0,0.0,-2200.232289502717,2308.689433150332,0.0,0.0,
Fra_121,13,0.0,107.64137679782479,0.0,0.0,-2126.3028575183407,2233.9442343161654,0.0,0.0,
Fra_121,14,0.0,105.86788408178253,0.0,0.0,-2055.2803333087504,2161.1482173905333,-4.547473508864641e-13,0.0,
Fra_121,15,0.0,102.57079361938435,0.0,0.0,-1991.7370562309475,2094.307849850332,0.0,0.0,
Fra_121,16,0.0,98.07061952822309,0.0,0.0,-1958.8854190803208,2056.956038608544,0.0,0.0,
Fra_121,17,0.0,93.71978604591708,0.0,0.0,-1983.090923356146,2076.810709402063,0.0,0.0,
Fra_121,18,0.0,89.93314585751322,0.0,0.0,-2013.8566166929113,2103.7897625504247,0.0,0.0,
Fra_121,19,0.0,88.7582309800348,0.0,0.0,-2009.349667861377,2098.1078988414115,4.547473508864641e-13,0.0,
Fra_121,20,0.0,88.9574882016678,0.0,0.0,-2012.9410324296837,2101.8985206313514,0.0,0.0,
Fra_121,21,0.0,89.03622467940941,0.0,0.0,-2039.0048660250582,2128.0410907044675,0.0,0.0,
Fra_121,22,0.0,89.50158191864752,0.0,0.0,-2089.875053516195,2179.3766354348427,-4.547473508864641e-13,0.0,
Fra_121,23,0.0,89.92789943992146,0.0,0.0,-1994.4677565722213,2084.3956560121424,4.547473508864641e-13,0.0,
Fra_121,24,0.0,90.38294915419894,0.0,0.0,-1850.9958985938347,1941.3788477480334,2.2737367544323206e-13,0.0,
Fra_122,1,0.0,8.06447180252909,0.0,0.0,-36.28059384462366,44.34506564715275,0.0,0.0,
Fra_122,2,0.0,7.860335535682788,0.0,0.0,-34.477943743157205,42.33827927883999,0.0,0.0,
Fra_122,3,0.0,7.7543068937358965,0.0,0.0,-33.56780308046753,41.32210997420342,0.0,0.0,
Fra_122,4,0.0,7.781930837181377,0.0,0.0,-34.63388989101698,42.415820728198355,0.0,0.0,
Fra_122,5,0.0,8.203477474943636,0.0,0.0,-37.63650877670404,45.83998625164768,-7.105427357601002e-15,0.0,
Fra_122,6,0.0,9.921329110560103,0.0,0.0,-40.234354032241086,50.15568314280119,0.0,0.0,
Fra_122,7,0.0,13.779957094061125,0.0,0.0,-39.44706573901429,53.227022833075424,-7.105427357601002e-15,0.0,
Fra_122,8,0.0,19.32912257425744,0.0,0.0,-35.580479109410234,54.90960168366768,-7.105427357601002e-15,0.0,
Fra_122,9,0.0,25.140233373734436,0.0,0.0,-30.504055134132336,55.644288507866776,0.0,0.0,
Fra_122,10,0.0,29.972166620736534,0.0,0.0,-25.923369989997155,55.895536610733686,0.0,0.0,
Fra_122,11,0.0,32.88507472287418,0.0,0.0,-23.180793859988807,56.06586858286298,7.105427357601002e-15,0.0,
Fra_122,12,0.0,34.127320640155595,0.0,0.0,-21.245163430986743,55.37248407114234,0.0,0.0,
Fra_122,13,0.0,33.78267759525082,0.0,0.0,-19.79708924315762,53.57976683840843,7.105427357601002e-15,0.0,
Fra_122,14,0.0,31.29637944814999,0.0,0.0,-20.537420076605176,51.833799524755165,0.0,0.0,
Fra_122,15,0.0,27.135949781198434,0.0,0.0,-23.094724986374153,50.23067476757259,0.0,0.0,
Fra_122,16,0.0,21.700928447866875,0.0,0.0,-27.633886294829196,49.33481474269607,0.0,0.0,
Fra_122,17,0.0,15.647564613663516,0.0,0.0,-34.16345209299776,49.81101670666127,7.105427357601002e-15,0.0,
Fra_122,18,0.0,11.223887691978046,0.0,0.0,-39.234204870474564,50.458092562452606,0.0,0.0,
Fra_122,19,0.0,9.86412254692222,0.0,0.0,-40.45769403869083,50.32181658561306,-7.105427357601002e-15,0.0,
Fra_122,20,0.0,9.280705438465517,0.0,0.0,-41.13202685961595,50.412732298081465,0.0,0.0,
Fra_122,21,0.0,8.897189550934716,0.0,0.0,-42.14255607521359,51.03974562614832,-1.4210854715202004e-14,0.0,
Fra_122,22,0.0,8.702188028860768,0.0,0.0,-43.56880879636601,52.270996825226774,0.0,0.0,
Fra_122,23,0.0,8.567147046390208,0.0,0.0,-41.42578990009042,49.992936946480626,0.0,0.0,
Fra_122,24,0.0,8.445119530646107,0.0,0.0,-38.117647976931764,46.56276750757787,7.105427357601002e-15,0.0,
Fra_123,1,3724.0,44.44339024968687,0.0,0.0,3629.088806956619,139.35458329306778,-1.1368683772161603e-13,0.0,
Fra_123,2,3724.0,44.47337250601153,0.0,0.0,3635.4251250821835,133.048247423828,-1.1368683772161603e-13,0.0,
Fra_123,3,3724.0,44.386940285363025,0.0,0.0,3638.532009816562,129.85493046880106,-2.2737367544323206e-13,0.0,
Fra_123,4,3724.0,44.456657117937226,0.0,0.0,3635.164735314433,133.2919218035043,-2.8421709430404007e-13,0.0,
Fra_123,5,3724.0,44.69032702539766,0.0,0.0,3624.6379485017806,144.0523785236176,-7.105427357601002e-13,0.0,
Fra_123,6,3724.0,45.5668411389107,0.0,0.0,3611.952364259836,157.61447687907466,-8.526512829121202e-14,0.0,
Fra_123,7,3724.0,47.50101225998028,0.0,0.0,3604.234835548162,167.26617671181816,-2.2737367544323206e-13,0.0,
Fra_123,8,3724.0,50.90803330488481,0.0,0.0,3602.3543444164534,172.55368888843094,2.8421709430404007e-13,0.0,
Fra_123,9,3724.0,54.4387347878513,0.0,0.0,3603.5762890006977,174.8624457871536,1.7053025658242404e-13,0.0,
Fra_123,10,3724.0,57.127383735175684,0.0,0.0,3605.4753895694766,175.65199416569888,-2.842170943040401e-14,0.0,
Fra_123,11,3724.0,58.57364243753029,0.0,0.0,3606.38637922552,176.18726321201018,1.1368683772161603e-13,0.0,
Fra_123,12,3724.0,58.968643954219814,0.0,0.0,3608.9603449241895,174.00829903003017,5.684341886080802e-14,0.0,
Fra_123,13,3724.0,58.460261584527636,0.0,0.0,3614.085585129729,168.37467645479842,-2.2737367544323206e-13,0.0,
Fra_123,14,3724.0,57.28469129430315,0.0,0.0,3618.3967255678963,162.88796572640666,2.8421709430404007e-13,0.0,
Fra_123,15,3724.0,55.179018604974324,0.0,0.0,3621.3288801823214,157.85013842265295,-5.684341886080802e-14,0.0,
Fra_123,16,3724.0,52.34079072725038,0.0,0.0,3621.305896766043,155.03489396120744,-2.2737367544323206e-13,0.0,
Fra_123,17,3724.0,49.56301531244913,0.0,0.0,3617.031654376094,156.53136093635493,2.8421709430404007e-13,0.0,
Fra_123,18,3724.0,47.251753595375384,0.0,0.0,3612.6869536522927,158.5647999430823,2.5579538487363607e-13,0.0,
Fra_123,19,3724.0,46.58963977982037,0.0,0.0,3612.4530877531224,158.1365520266977,4.547473508864641e-13,0.0,
Fra_123,20,3724.0,46.71742140712093,0.0,0.0,3612.295166314232,158.42225509288858,3.410605131648481e-13,0.0,
Fra_123,21,3724.0,46.77471430211367,0.0,0.0,3610.382066792915,160.39264750919938,-4.547473508864641e-13,0.0,
Fra_123,22,3724.0,47.02901634982259,0.0,0.0,3606.7671559919627,164.26186035786017,-3.126388037344441e-13,0.0,
Fra_123,23,3724.0,47.26020995186832,0.0,0.0,3614.157163781934,157.10304616993466,-3.979039320256561e-13,0.0,
Fra_123,24,3724.0,47.506085074260014,0.0,0.0,3625.182362957792,146.32372211646802,1.4210854715202004e-13,0.0,
Fra_124,1,0.0,12.97113586110462,0.0,0.0,-180.4518469120046,193.42298277310923,0.0,0.0,
Fra_124,2,0.0,12.642797029215881,0.0,0.0,-172.02704490436926,184.66984193358516,-2.842170943040401e-14,0.0,
Fra_124,3,0.0,12.472257413784376,0.0,0.0,-167.76528759934507,180.23754501312945,0.0,0.0,
Fra_124,4,0.0,12.505721170588782,0.0,0.0,-172.50233874068033,185.00805991126916,-5.684341886080802e-14,0.0,
Fra_124,5,0.0,13.050743605307877,0.0,0.0,-186.89273920789893,199.9434828132068,0.0,0.0,
Fra_124,6,0.0,15.260251478368222,0.0,0.0,-203.5073091267979,218.76756060516612,0.0,0.0,
Fra_124,7,0.0,20.21276058813713,0.0,0.0,-211.95127773856825,232.16403832670542,-2.842170943040401e-14,0.0,
Fra_124,8,0.0,27.325455378974176,0.0,0.0,-212.17760512039092,239.5030604993651,0.0,0.0,
Fra_124,9,0.0,34.819627315170926,0.0,0.0,-207.8879682292295,242.70759554440042,0.0,0.0,
Fra_124,10,0.0,41.1376826039025,0.0,0.0,-202.66579941091794,243.80348201482042,2.842170943040401e-14,0.0,
Fra_124,11,0.0,45.016039668856315,0.0,0.0,-199.53039125426034,244.54643092311662,2.842170943040401e-14,0.0,
Fra_124,12,0.0,46.74666546567348,0.0,0.0,-194.77538160529537,241.52204707096885,0.0,0.0,
Fra_124,13,0.0,46.44321045752953,0.0,0.0,-187.25941613533678,233.70262659286632,-2.842170943040401e-14,0.0,
Fra_124,14,0.0,43.38041591594434,0.0,0.0,-182.70670259946687,226.08711851541122,-2.842170943040401e-14,0.0,
Fra_124,15,0.0,38.15592799602441,0.0,0.0,-180.9387288381044,219.09465683412878,2.842170943040401e-14,0.0,
Fra_124,16,0.0,31.29010350235731,0.0,0.0,-183.89701783419054,215.18712133654782,2.842170943040401e-14,0.0,
Fra_124,17,0.0,23.55102941748405,0.0,0.0,-193.71317542155435,217.2642048390384,0.0,0.0,
Fra_124,18,0.0,17.784326764849084,0.0,0.0,-202.30227421412283,220.08660097897192,0.0,0.0,
Fra_124,19,0.0,15.861723194630507,0.0,0.0,-203.63047329906317,219.49219649369365,2.842170943040401e-14,0.0,
Fra_124,20,0.0,14.927362148067292,0.0,0.0,-204.96138778466073,219.88874993272802,0.0,0.0,
Fra_124,21,0.0,14.310503808939114,0.0,0.0,-208.31313412955217,222.62363793849127,0.0,0.0,
Fra_124,22,0.0,13.996857571729858,0.0,0.0,-213.9972150699969,227.99407264172675,2.842170943040401e-14,0.0,
Fra_124,23,0.0,13.779653646496548,0.0,0.0,-204.2780454607123,218.05769910720883,0.0,0.0,
Fra_124,24,0.0,13.58338096748322,0.0,0.0,-189.51270753869738,203.0960885061806,0.0,0.0,
Fra_125,1,0.0,7.506387066005931,0.0,0.0,-30.506186075629515,38.01257314163544,0.0,0.0,
Fra_125,2,0.0,7.316377618310018,0.0,0.0,-28.97597902365669,36.29235664196671,0.0,0.0,
Fra_125,3,0.0,7.217686464564932,0.0,0.0,-28.20361024202737,35.42129670659231,-7.105427357601002e-15,0.0,
Fra_125,4,0.0,7.241549965447677,0.0,0.0,-29.117275176953697,36.35882514240137,0.0,0.0,
Fra_125,5,0.0,7.611503480608913,0.0,0.0,-31.682515025691362,39.294018506300276,0.0,0.0,
Fra_125,6,0.0,9.117164858734673,0.0,0.0,-33.8762673554498,42.99343221418447,0.0,0.0,
Fra_125,7,0.0,12.497406729735514,0.0,0.0,-33.1287766804516,45.62618341018711,7.105427357601002e-15,0.0,
Fra_125,8,0.0,17.356977575152126,0.0,0.0,-29.711511775759508,47.06848935091163,0.0,0.0,
Fra_125,9,0.0,22.4536499189751,0.0,0.0,-25.244612693820454,47.69826261279555,0.0,0.0,
Fra_125,10,0.0,26.70613630635695,0.0,0.0,-21.20749608315555,47.9136323895125,0.0,0.0,
Fra_125,11,0.0,29.281451258411813,0.0,0.0,-18.77818963180836,48.05964089022018,-7.105427357601002e-15,0.0,
Fra_125,12,0.0,30.39264769061991,0.0,0.0,-17.07262426401722,47.46527195463714,-7.105427357601002e-15,0.0,
Fra_125,13,0.0,30.114145833562617,0.0,0.0,-15.814409601726133,45.92855543528876,-7.105427357601002e-15,0.0,
Fra_125,14,0.0,27.957729642091504,0.0,0.0,-16.474183286424662,44.431912928516155,1.4210854715202004e-14,0.0,
Fra_125,15,0.0,24.3325527352076,0.0,0.0,-18.725162270760627,43.057715005968234,-7.105427357601002e-15,0.0,
Fra_125,16,0.0,19.589893665559167,0.0,0.0,-22.699890473167862,42.28978413872703,0.0,0.0,
Fra_125,17,0.0,14.292132649611185,0.0,0.0,-28.4058516286635,42.69798427827469,-7.105427357601002e-15,0.0,
Fra_125,18,0.0,10.401899739765168,0.0,0.0,-32.850757712119616,43.25265745188479,0.0,0.0,
Fra_125,19,0.0,9.18081839392573,0.0,0.0,-33.95502334325746,43.135841737183185,0.0,0.0,
Fra_125,20,0.0,8.638453822215737,0.0,0.0,-34.575320828573396,43.21377465078913,7.105427357601002e-15,0.0,
Fra_125,21,0.0,8.281478341581513,0.0,0.0,-35.469771891802715,43.75125023338422,7.105427357601002e-15,0.0,
Fra_125,22,0.0,8.09997148794129,0.0,0.0,-36.70670679764386,44.80667828558515,0.0,0.0,
Fra_125,23,0.0,7.974275731415753,0.0,0.0,-34.87965050615381,42.85392623756956,0.0,0.0,
Fra_125,24,0.0,7.860692872140197,0.0,0.0,-32.052893447523175,39.913586319663374,0.0,0.0,
Fra_126,1,0.0,12.30670716173861,0.0,0.0,-319.8076015747219,332.1143087364605,0.0,0.0,
Fra_126,2,0.0,11.99518703758366,0.0,0.0,-305.0896599590511,317.0848469966348,0.0,0.0,
Fra_126,3,0.0,11.83338308077796,0.0,0.0,-297.6410486138726,309.4744316946506,-5.684341886080802e-14,0.0,
Fra_126,4,0.0,11.877736731457839,0.0,0.0,-305.7878428557426,317.66557958720045,0.0,0.0,
Fra_126,5,0.0,12.547694637669533,0.0,0.0,-330.7625502403266,343.31024487799607,5.684341886080802e-14,0.0,
Fra_126,6,0.0,15.280160693052775,0.0,0.0,-360.35171160401484,375.6318722970676,0.0,0.0,
Fra_126,7,0.0,21.419908998599805,0.0,0.0,-377.21420364346045,398.6341126420602,5.684341886080802e-14,0.0,
Fra_126,8,0.0,30.25152117211251,0.0,0.0,-380.98395993572905,411.23548110784157,0.0,0.0,
Fra_126,9,0.0,39.490858982351924,0.0,0.0,-377.246925554199,416.737784536551,-5.684341886080802e-14,0.0,
Fra_126,10,0.0,47.15598926028819,0.0,0.0,-371.4634722743065,418.61946153459473,0.0,0.0,
Fra_126,11,0.0,51.76293610816177,0.0,0.0,-368.13219577112375,419.89513187928554,-5.684341886080802e-14,0.0,
Fra_126,12,0.0,53.71226109563224,0.0,0.0,-360.9898935168927,414.70215461252496,0.0,0.0,
Fra_126,13,0.0,53.136033561163636,0.0,0.0,-348.1398911919499,401.27592475311354,0.0,0.0,
Fra_126,14,0.0,49.15417443828168,0.0,0.0,-339.0456454768263,388.1998199151079,5.684341886080802e-14,0.0,
Fra_126,15,0.0,42.51107925906723,0.0,0.0,-333.6824291807936,376.1935084398608,0.0,0.0,
Fra_126,16,0.0,33.840971731050075,0.0,0.0,-335.6431558894456,369.4841276204957,-5.684341886080802e-14,0.0,
Fra_126,17,0.0,24.20293214219942,0.0,0.0,-348.8476235300586,373.0505556722581,-5.684341886080802e-14,0.0,
Fra_126,18,0.0,17.18192443693891,0.0,0.0,-360.7147882408392,377.89671267777805,5.684341886080802e-14,0.0,
Fra_126,19,0.0,15.053852996988587,0.0,0.0,-361.8222455225971,376.87609851958564,5.684341886080802e-14,0.0,
Fra_126,20,0.0,14.162728431852319,0.0,0.0,-363.39426679087467,377.556995222727,0.0,0.0,
Fra_126,21,0.0,13.577467817730552,0.0,0.0,-368.6754297558104,382.25289757354096,0.0,0.0,
Fra_126,22,0.0,13.279887680181456,0.0,0.0,-378.1942419491776,391.474129629359,0.0,0.0,
Fra_126,23,0.0,13.07380972904057,0.0,0.0,-361.3392045124192,374.4130142414598,0.0,0.0,
Fra_126,24,0.0,12.887590849650833,0.0,0.0,-335.83579286753286,348.72338371718365,5.684341886080802e-14,0.0,
Fra_127,1,0.0,9.006424426336487,0.0,0.0,-187.2077394191267,196.21416384546322,-2.842170943040401e-14,0.0,
Fra_127,2,0.0,8.778444478604623,0.0,0.0,-178.55626674843083,187.33471122703548,-2.842170943040401e-14,0.0,
Fra_127,3,0.0,8.660031397859239,0.0,0.0,-174.17842286067417,182.83845425853343,-2.842170943040401e-14,0.0,
Fra_127,4,0.0,8.685611282936396,0.0,0.0,-178.9921985600821,187.6778098430185,0.0,0.0,
Fra_127,5,0.0,9.09247717331885,0.0,0.0,-193.73628047521296,202.82875764853182,0.0,0.0,
Fra_127,6,0.0,10.744965918613365,0.0,0.0,-211.17950947326386,221.92447539187722,0.0,0.0,
Fra_127,7,0.0,14.45174260901144,0.0,0.0,-221.06252773339452,235.51427034240595,0.0,0.0,
Fra_127,8,0.0,19.777913592586767,0.0,0.0,-223.18128432981067,242.95919792239744,0.0,0.0,
Fra_127,9,0.0,25.377478246437434,0.0,0.0,-220.83249761020716,246.20997585664458,0.0,0.0,
Fra_127,10,0.0,30.075156442258184,0.0,0.0,-217.24652002193653,247.3216764641947,2.842170943040401e-14,0.0,
Fra_127,11,0.0,32.940551885448045,0.0,0.0,-215.13479457561687,248.0753464610649,0.0,0.0,
Fra_127,12,0.0,34.19937217187559,0.0,0.0,-210.80794721097493,245.00731938285048,2.842170943040401e-14,0.0,
Fra_127,13,0.0,33.935038862919804,0.0,0.0,-203.1400222697995,237.07506113271933,-2.842170943040401e-14,0.0,
Fra_127,14,0.0,31.608263761199282,0.0,0.0,-197.74139407014994,229.34965783134925,-2.842170943040401e-14,0.0,
Fra_127,15,0.0,27.667010835277303,0.0,0.0,-194.58928093200035,222.25629176727765,0.0,0.0,
Fra_127,16,0.0,22.498725608554487,0.0,0.0,-195.7936431576303,218.29236876618478,0.0,0.0,
Fra_127,17,0.0,16.698172132487777,0.0,0.0,-203.70125339001055,220.39942552249835,-2.842170943040401e-14,0.0,
Fra_127,18,0.0,12.405832198002857,0.0,0.0,-210.856717916506,223.26255011450883,2.842170943040401e-14,0.0,
Fra_127,19,0.0,11.014345375176916,0.0,0.0,-211.64522272864875,222.65956810382568,0.0,0.0,
Fra_127,20,0.0,10.364717516702882,0.0,0.0,-212.69712647153224,223.06184398823513,0.0,0.0,
Fra_127,21,0.0,9.936405912183133,0.0,0.0,-215.89979175196083,225.83619766414398,0.0,0.0,
Fra_127,22,0.0,9.71862767269213,0.0,0.0,-221.5655024949956,231.28413016768775,-2.842170943040401e-14,0.0,
Fra_127,23,0.0,9.56781352976241,0.0,0.0,-211.63655674187086,221.20437027163325,2.842170943040401e-14,0.0,
Fra_127,24,0.0,9.431532862485705,0.0,0.0,-196.5953240042084,206.02685686669415,-2.842170943040401e-14,0.0,
Fra_128,1,0.0,150.14531898162545,0.0,0.0,80.52328087465273,69.62203810697272,0.0,0.0,
Fra_128,2,0.0,150.45127851849867,0.0,0.0,83.97990790898616,66.4713706095125,0.0,0.0,
Fra_128,3,0.0,150.24750969995173,0.0,0.0,85.37153143044554,64.87597826950622,-2.842170943040401e-14,0.0,
Fra_128,4,0.0,150.4441577968259,0.0,0.0,83.85104661340031,66.59311118342558,0.0,0.0,
Fra_128,5,0.0,150.56913689237234,0.0,0.0,78.60006382730106,71.96907306507131,-2.842170943040401e-14,0.0,
Fra_128,6,0.0,150.78373828582087,0.0,0.0,72.03899336122835,78.74474492459252,0.0,0.0,
Fra_128,7,0.0,151.11941014236,0.0,0.0,67.55264216209842,83.56676798026163,-4.263256414560601e-14,0.0,
Fra_128,8,0.0,153.80474331698494,0.0,0.0,67.59631572602338,86.20842759096156,0.0,0.0,
Fra_128,9,0.0,156.58589503614255,0.0,0.0,69.22400440877293,87.36189062736965,-2.842170943040401e-14,0.0,
Fra_128,10,0.0,158.21141394420957,0.0,0.0,70.45506218036789,87.7563517638417,-2.842170943040401e-14,0.0,
Fra_128,11,0.0,158.72443888545519,0.0,0.0,70.70066483051168,88.02377405494352,-1.4210854715202004e-14,0.0,
Fra_128,12,0.0,158.32423023655625,0.0,0.0,71.38907432194685,86.93515591460937,2.842170943040401e-14,0.0,
Fra_128,13,0.0,157.40809659620328,0.0,0.0,73.28751826020306,84.12057833600022,0.0,0.0,
Fra_128,14,0.0,157.72707546012495,0.0,0.0,76.3476770292784,81.37939843084652,2.842170943040401e-14,0.0,
Fra_128,15,0.0,157.5484428765365,0.0,0.0,78.68596061902215,78.86248225751433,2.842170943040401e-14,0.0,
Fra_128,16,0.0,156.91396657092167,0.0,0.0,79.45799031086713,77.4559762600546,-5.684341886080802e-14,0.0,
Fra_128,17,0.0,157.36660125314384,0.0,0.0,79.16298484873582,78.20361640440805,-2.842170943040401e-14,0.0,
Fra_128,18,0.0,156.45131514357777,0.0,0.0,77.23178548630707,79.21952965727068,1.4210854715202004e-14,0.0,
Fra_128,19,0.0,156.01001977275862,0.0,0.0,77.00444427507995,79.00557549767869,-1.4210854715202004e-14,0.0,
Fra_128,20,0.0,157.04301029633348,0.0,0.0,77.89469654569194,79.14831375064156,-2.842170943040401e-14,0.0,
Fra_128,21,0.0,157.62125337124937,0.0,0.0,77.48852466523041,80.13272870601895,0.0,0.0,
Fra_128,22,0.0,158.7158735543411,0.0,0.0,76.65007255153998,82.0658010028011,2.842170943040401e-14,0.0,
Fra_128,23,0.0,159.66977394583628,0.0,0.0,81.18054159556604,78.48923235027024,0.0,0.0,
Fra_128,24,0.0,160.66316657131267,0.0,0.0,87.55932228854199,73.1038442827707,-1.4210854715202004e-14,0.0,
Fra_129,1,0.0,182.07153150912444,0.0,0.0,81.3099879009767,100.76154360814775,0.0,0.0,
Fra_129,2,0.0,126.43598518539679,0.0,0.0,30.234292582362297,96.2016926030345,-1.4210854715202004e-14,0.0,
Fra_129,3,0.0,95.8846496038332,0.0,0.0,1.9919126017917606,93.89273700204143,0.0,0.0,
Fra_129,4,0.0,89.22095557147559,0.0,0.0,-7.156927911354424,96.37788348283001,0.0,0.0,
Fra_129,5,0.0,140.03646275175328,0.0,0.0,35.87813743898296,104.1583253127703,1.4210854715202004e-14,0.0,
Fra_129,6,0.0,147.33279344936054,0.0,0.0,33.36827495249173,113.96451849686886,-5.684341886080802e-14,0.0,
Fra_129,7,0.0,262.3922681534633,0.0,0.0,141.4490041384475,120.94326401501586,-4.263256414560601e-14,0.0,
Fra_129,8,0.0,397.3478794186497,0.0,0.0,272.58143373158276,124.76644568706699,-4.263256414560601e-14,0.0,
Fra_129,9,0.0,564.0222831469879,0.0,0.0,437.5864707018717,126.43581244511626,-5.684341886080802e-14,0.0,
Fra_129,10,0.0,426.2846458710037,0.0,0.0,299.27794360299436,127.0067022680094,-5.684341886080802e-14,0.0,
Fra_129,11,0.0,604.6702390208176,0.0,0.0,477.2765058129032,127.39373320791445,-9.947598300641403e-14,0.0,
Fra_129,12,0.0,417.70754093677687,0.0,0.0,291.8893267340855,125.8182142026914,-2.842170943040401e-14,0.0,
Fra_129,13,0.0,488.542933335616,0.0,0.0,366.79815893929435,121.74477439632155,9.947598300641403e-14,0.0,
Fra_129,14,0.0,254.8579265187447,0.0,0.0,137.0803660400413,117.77756047870339,1.4210854715202004e-14,0.0,
Fra_129,15,0.0,278.0087709888931,0.0,0.0,163.8738553630681,114.13491562582506,-4.263256414560601e-14,0.0,
Fra_129,16,0.0,220.79351939829954,0.0,0.0,108.6941907683681,112.09932862993148,-4.263256414560601e-14,0.0,
Fra_129,17,0.0,218.2867593989803,0.0,0.0,105.10539730584101,113.18136209313927,2.842170943040401e-14,0.0,
Fra_129,18,0.0,378.1436652773147,0.0,0.0,263.492007422751,114.65165785456372,0.0,0.0,
Fra_129,19,0.0,474.2827477468256,0.0,0.0,359.94073827326383,114.34200947356186,-1.1368683772161603e-13,0.0,
Fra_129,20,0.0,292.4972638768263,0.0,0.0,177.94867431610345,114.54858956072292,-5.684341886080802e-14,0.0,
Fra_129,21,0.0,235.5556076346283,0.0,0.0,119.58230869808435,115.97329893654394,1.4210854715202004e-14,0.0,
Fra_129,22,0.0,176.87087854209375,0.0,0.0,58.09991159947046,118.77096694262332,-2.842170943040401e-14,0.0,
Fra_129,23,0.0,167.8698817999186,0.0,0.0,54.27515772590837,113.59472407401027,-4.263256414560601e-14,0.0,
Fra_129,24,0.0,93.79846062394552,0.0,0.0,-12.002179430628242,105.80064005457378,-1.4210854715202004e-14,0.0,
Fra_130,1,0.0,104.62162181987503,0.0,0.0,87.53520775070177,17.08641406917328,-2.1316282072803006e-14,0.0,
Fra_130,2,0.0,91.91552614855702,0.0,0.0,75.60233864556352,16.313187502993514,-1.4210854715202004e-14,0.0,
Fra_130,3,0.0,69.7545185005178,0.0,0.0,53.83286699482232,15.921651505695488,-1.7763568394002505e-15,0.0,
Fra_130,4,0.0,64.92411217722928,0.0,0.0,48.58104749868253,16.34306467854677,-2.4868995751603507e-14,0.0,
Fra_130,5,0.0,101.81324089011228,0.0,0.0,84.15082513786156,17.66241575225071,1.4210854715202004e-14,0.0,
Fra_130,6,0.0,107.2452777710835,0.0,0.0,87.91999867647066,19.32527909461285,-1.0658141036401503e-14,0.0,
Fra_130,7,0.0,162.63135608456312,0.0,0.0,142.12267178061597,20.508684303947142,7.105427357601002e-15,0.0,
Fra_130,8,0.0,190.45444779116818,0.0,0.0,169.29745598049624,21.156991810671936,3.552713678800501e-15,0.0,
Fra_130,9,0.0,274.8841244630914,0.0,0.0,253.44405350694439,21.440070956147004,-7.105427357601002e-15,0.0,
Fra_130,10,0.0,180.58902033064362,0.0,0.0,159.0521420058068,21.536878324836824,1.0658141036401503e-14,0.0,
Fra_130,11,0.0,308.26855577211603,0.0,0.0,286.6660475386852,21.602508233430882,-2.842170943040401e-14,0.0,
Fra_130,12,0.0,171.38327297221196,0.0,0.0,150.04792986084175,21.3353431113702,7.105427357601002e-15,0.0,
Fra_130,13,0.0,242.81168183037306,0.0,0.0,222.16708319080405,20.644598639568954,5.684341886080802e-14,0.0,
Fra_130,14,0.0,87.07411145235298,0.0,0.0,67.10224426637332,19.971867185979658,3.552713678800501e-15,0.0,
Fra_130,15,0.0,117.24363617314474,0.0,0.0,97.88946236535769,19.354173807787017,3.197442310920451e-14,0.0,
Fra_130,16,0.0,96.0404699988994,0.0,0.0,77.03147631678534,19.008993682114053,0.0,0.0,
Fra_130,17,0.0,91.02660845170774,0.0,0.0,71.83413135789678,19.19247709381096,3.552713678800501e-15,0.0,
Fra_130,18,0.0,135.63641301349878,0.0,0.0,116.19461379455699,19.44179921894182,-2.4868995751603507e-14,0.0,
Fra_130,19,0.0,128.05596168272834,0.0,0.0,108.66667039750996,19.38929128521839,-1.4210854715202004e-14,0.0,
Fra_130,20,0.0,34.319154522431724,0.0,0.0,14.894832879585953,19.424321642845765,3.552713678800501e-15,0.0,
Fra_130,21,0.0,76.754789164482,0.0,0.0,57.088875606190996,19.665913558291003,7.105427357601002e-15,0.0,
Fra_130,22,0.0,58.972387404447694,0.0,0.0,38.832065532546004,20.140321871901683,7.105427357601002e-15,0.0,
Fra_130,23,0.0,50.88634325236916,0.0,0.0,31.62377122240792,19.262572029961234,3.552713678800501e-15,0.0,
Fra_130,24,0.0,32.185793453689385,0.0,0.0,14.244885841295197,17.94090761239419,-3.552713678800501e-15,0.0,
Fra_131,1,0.0,7.251650722923483,0.0,0.0,-617.958872292173,625.2105230150967,-1.1368683772161603e-13,0.0,
Fra_131,2,0.0,7.068089425507001,0.0,0.0,-589.8492303526034,596.9173197781106,-2.2737367544323206e-13,0.0,
Fra_131,3,0.0,6.972747449386055,0.0,0.0,-575.6178432292827,582.5905906786687,0.0,0.0,
Fra_131,4,0.0,7.007336394877543,0.0,0.0,-591.003221816894,598.0105582117715,1.1368683772161603e-13,0.0,
Fra_131,5,0.0,7.50462753209481,0.0,0.0,-638.782425179431,646.2870527115258,0.0,0.0,
Fra_131,6,0.0,9.541389050725078,0.0,0.0,-697.5916466606242,707.1330357113493,0.0,0.0,
Fra_131,7,0.0,14.125661243172642,0.0,0.0,-736.3094615457424,750.4351227889151,-1.1368683772161603e-13,0.0,
Fra_131,8,0.0,20.72692452912006,0.0,0.0,-753.4304768908216,774.1574014199417,0.0,0.0,
Fra_131,9,0.0,27.599149513562395,0.0,0.0,-756.9164265286624,784.5155760422249,0.0,0.0,
Fra_131,10,0.0,33.236365357439986,0.0,0.0,-754.8214978706886,788.0578632281286,1.1368683772161603e-13,0.0,
Fra_131,11,0.0,36.57291177946995,0.0,0.0,-753.8864213715697,790.4593331510396,0.0,0.0,
Fra_131,12,0.0,37.9276853696734,0.0,0.0,-742.7557846295824,780.683469999256,-1.1368683772161603e-13,0.0,
Fra_131,13,0.0,37.39476584134679,0.0,0.0,-718.0136106984927,755.4083765398395,0.0,0.0,
Fra_131,14,0.0,34.32681258442587,0.0,0.0,-696.4655864750304,730.7923990594563,-1.1368683772161603e-13,0.0,
Fra_131,15,0.0,29.28141775837785,0.0,0.0,-678.9089070168358,708.1903247752135,1.1368683772161603e-13,0.0,
Fra_131,16,0.0,22.726544948763397,0.0,0.0,-672.8332626194625,695.5598075682259,0.0,0.0,
Fra_131,17,0.0,15.507816131362873,0.0,0.0,-686.7658495540315,702.2736656853943,1.1368683772161603e-13,0.0,
Fra_131,18,0.0,10.331311385619628,0.0,0.0,-701.0653227366411,711.3966341222607,0.0,0.0,
Fra_131,19,0.0,8.873491360581408,0.0,0.0,-700.6018202084061,709.4753115689874,1.1368683772161603e-13,0.0,
Fra_131,20,0.0,8.34529972328533,0.0,0.0,-702.4118108308462,710.7571105541316,-1.1368683772161603e-13,0.0,
Fra_131,21,0.0,8.00043854314044,0.0,0.0,-711.596783645898,719.5972221890386,-1.1368683772161603e-13,0.0,
Fra_131,22,0.0,7.825091296210361,0.0,0.0,-729.1312484159349,736.9563397121453,0.0,0.0,
Fra_131,23,0.0,7.703661144039724,0.0,0.0,-697.1348546915266,704.8385158355662,1.1368683772161603e-13,0.0,
Fra_131,24,0.0,7.593932826496996,0.0,0.0,-648.8834407347318,656.4773735612288,1.1368683772161603e-13,0.0,
Fra_132,1,0.0,40.017389050111476,0.0,0.0,15.549345597866928,24.468043452244544,3.552713678800501e-15,0.0,
Fra_132,2,0.0,38.06976957610228,0.0,0.0,14.709000075145731,23.360769500956547,3.552713678800501e-15,0.0,
Fra_132,3,0.0,34.81449630429786,0.0,0.0,12.014413191732778,22.800083112565073,1.0658141036401503e-14,0.0,
Fra_132,4,0.0,34.17766869888282,0.0,0.0,10.774114560570082,23.403554138312746,-1.0658141036401503e-14,0.0,
Fra_132,5,0.0,39.76630215338673,0.0,0.0,14.473414228039335,25.292887925347408,-1.0658141036401503e-14,0.0,
Fra_132,6,0.0,42.012834843872376,0.0,0.0,14.338697561501165,27.674137282371213,0.0,0.0,
Fra_132,7,0.0,53.14621932426161,0.0,0.0,23.77742510765134,29.368794216610254,1.4210854715202004e-14,0.0,
Fra_132,8,0.0,62.08748674876541,0.0,0.0,31.790304856383113,30.297181892382305,-1.0658141036401503e-14,0.0,
Fra_132,9,0.0,79.27645633739499,0.0,0.0,48.573900163208,30.702556174186967,2.1316282072803006e-14,0.0,
Fra_132,10,0.0,70.24417862837743,0.0,0.0,39.40299261097054,30.841186017406883,0.0,0.0,
Fra_132,11,0.0,90.85340740358942,0.0,0.0,59.918238210500085,30.93516919308933,0.0,0.0,
Fra_132,12,0.0,72.52824991030528,0.0,0.0,41.97566583946806,30.552584070837213,7.105427357601002e-15,0.0,
Fra_132,13,0.0,82.25974577980462,0.0,0.0,52.696319860116446,29.563425919688164,7.105427357601002e-15,0.0,
Fra_132,14,0.0,58.20107123722909,0.0,0.0,29.601008511917207,28.600062725311883,-3.552713678800501e-15,0.0,
Fra_132,15,0.0,58.95543877966188,0.0,0.0,31.239923763225278,27.71551501643662,-1.4210854715202004e-14,0.0,
Fra_132,16,0.0,51.31242775198268,0.0,0.0,24.091216705918352,27.22121104606433,0.0,0.0,
Fra_132,17,0.0,45.54778372946165,0.0,0.0,18.063821232332696,27.483962497128942,1.0658141036401503e-14,0.0,
Fra_132,18,0.0,47.989261911274575,0.0,0.0,20.148265775219976,27.84099613605461,-1.0658141036401503e-14,0.0,
Fra_132,19,0.0,45.676612983075984,0.0,0.0,17.910809125443926,27.76580385763205,7.105427357601002e-15,0.0,
Fra_132,20,0.0,32.00964132293676,0.0,0.0,4.1936733811906075,27.81596794174615,3.552713678800501e-15,0.0,
Fra_132,21,0.0,37.727739685732246,0.0,0.0,9.5658079003795,28.16193178535275,-3.552713678800501e-15,0.0,
Fra_132,22,0.0,35.164285965134276,0.0,0.0,6.32299318662412,28.841292778510155,0.0,0.0,
Fra_132,23,0.0,34.010289342101046,0.0,0.0,6.425949671823679,27.584339670277366,0.0,0.0,
Fra_132,24,0.0,31.371870590501036,0.0,0.0,5.680177456085156,25.691693134415882,-3.552713678800501e-15,0.0,
Fra_133,1,0.0,150.31004046167703,0.0,0.0,-568.8484733511466,719.1585138128236,1.1368683772161603e-13,0.0,
Fra_133,2,0.0,150.50916556188983,0.0,0.0,-536.104633723754,686.6137992856438,0.0,0.0,
Fra_133,3,0.0,150.25897391325944,0.0,0.0,-519.8752735611544,670.1342474744138,0.0,0.0,
Fra_133,4,0.0,150.46326469630645,0.0,0.0,-537.4080497754273,687.8713144717337,0.0,0.0,
Fra_133,5,0.0,150.77947396987258,0.0,0.0,-592.6226589357952,743.4021329056678,0.0,0.0,
Fra_133,6,0.0,151.7798215459106,0.0,0.0,-661.6113871907423,813.391208736653,0.0,0.0,
Fra_133,7,0.0,153.88326667001624,0.0,0.0,-709.3168679265483,863.2001345965646,0.0,0.0,
Fra_133,8,0.0,159.05504737000965,0.0,0.0,-731.4320218134364,890.487069183446,1.1368683772161603e-13,0.0,
Fra_133,9,0.0,164.4443896101708,0.0,0.0,-737.9573374252434,902.4017270354141,1.1368683772161603e-13,0.0,
Fra_133,10,0.0,168.26261057038025,0.0,0.0,-738.2136895797464,906.4763001501267,0.0,0.0,
Fra_133,11,0.0,170.11464084132552,0.0,0.0,-739.1239889196308,909.2386297609564,0.0,0.0,
Fra_133,12,0.0,170.30697408762086,0.0,0.0,-727.6868110063424,897.9937850939632,0.0,0.0,
Fra_133,13,0.0,169.2660300719384,0.0,0.0,-699.654670069622,868.9207001415602,1.1368683772161603e-13,0.0,
Fra_133,14,0.0,168.44266553635765,0.0,0.0,-672.163108465652,840.6057740020095,1.1368683772161603e-13,0.0,
Fra_133,15,0.0,166.36249033904258,0.0,0.0,-648.2448822397866,814.6073725788292,0.0,0.0,
Fra_133,16,0.0,163.25073441311264,0.0,0.0,-636.8281815116925,800.0789159248052,0.0,0.0,
Fra_133,17,0.0,160.9080179071919,0.0,0.0,-646.8936218806222,807.8016397878141,0.0,0.0,
Fra_133,18,0.0,157.97235126736285,0.0,0.0,-660.32313048424,818.2954817516029,0.0,0.0,
Fra_133,19,0.0,156.9022188937183,0.0,0.0,-659.1832305230103,816.0854494167286,0.0,0.0,
Fra_133,20,0.0,157.626231417786,0.0,0.0,-659.9336280084183,817.5598594262042,1.1368683772161603e-13,0.0,
Fra_133,21,0.0,158.0036762444989,0.0,0.0,-669.7246645352183,827.7283407797172,0.0,0.0,
Fra_133,22,0.0,158.97618385198612,0.0,0.0,-688.7197625572963,847.6959464092824,0.0,0.0,
Fra_133,23,0.0,159.84062320708335,0.0,0.0,-650.9112769398414,810.7519001469246,1.1368683772161603e-13,0.0,
Fra_133,24,0.0,160.74989045560562,0.0,0.0,-594.373823785908,755.1237142415135,1.1368683772161603e-13,0.0,
Fra_134,1,0.0,1.657094242035569,0.0,0.0,-173.78474669814327,175.44184094017885,-2.842170943040401e-14,0.0,
Fra_134,2,0.0,1.6151481554641514,0.0,0.0,-165.88726841601832,167.50241657148246,0.0,0.0,
Fra_134,3,0.0,1.5933613036574474,0.0,0.0,-161.88879707425554,163.48215837791298,0.0,0.0,
Fra_134,4,0.0,1.6133942725940462,0.0,0.0,-166.19579858675874,167.80919285935278,0.0,0.0,
Fra_134,5,0.0,1.8741237299864892,0.0,0.0,-179.4820533169162,181.3561770469027,-2.842170943040401e-14,0.0,
Fra_134,6,0.0,2.951709400264329,0.0,0.0,-195.47860648202405,198.4303158822884,-2.842170943040401e-14,0.0,
Fra_134,7,0.0,5.385886909223909,0.0,0.0,-205.19553263140233,210.58141954062623,0.0,0.0,
Fra_134,8,0.0,8.899092389999312,0.0,0.0,-208.3390932815813,217.2381856715806,2.842170943040401e-14,0.0,
Fra_134,9,0.0,12.518279302953863,0.0,0.0,-207.62653886698814,220.144818169942,0.0,0.0,
Fra_134,10,0.0,15.41419077227646,0.0,0.0,-205.7246371946164,221.13882796689285,2.842170943040401e-14,0.0,
Fra_134,11,0.0,17.06893711197722,0.0,0.0,-204.74377315332316,221.81271026530038,0.0,0.0,
Fra_134,12,0.0,17.67428358672728,0.0,0.0,-201.39519801399928,219.06948160072656,0.0,0.0,
Fra_134,13,0.0,17.275055394338157,0.0,0.0,-194.70192094100918,211.9769763353473,2.842170943040401e-14,0.0,
Fra_134,14,0.0,15.538592057112899,0.0,0.0,-189.53083514602613,205.069427203139,2.842170943040401e-14,0.0,
Fra_134,15,0.0,12.76298824940115,0.0,0.0,-185.9640160809251,198.72700433032622,2.842170943040401e-14,0.0,
Fra_134,16,0.0,9.190404500101664,0.0,0.0,-185.99231976895146,195.1827242690531,2.842170943040401e-14,0.0,
Fra_134,17,0.0,5.331962537325047,0.0,0.0,-191.73475373846327,197.06671627578834,-2.842170943040401e-14,0.0,
Fra_134,18,0.0,2.6577804101066738,0.0,0.0,-196.96895416109402,199.6267345712007,0.0,0.0,
Fra_134,19,0.0,2.0321559789147665,0.0,0.0,-197.05543161158482,199.08758759049962,-2.842170943040401e-14,0.0,
Fra_134,20,0.0,1.9070069213071594,0.0,0.0,-197.5402693906561,199.4472763119633,-2.842170943040401e-14,0.0,
Fra_134,21,0.0,1.828201764005085,0.0,0.0,-200.09971971027153,201.92792147427656,5.684341886080802e-14,0.0,
Fra_134,22,0.0,1.7881326922382799,0.0,0.0,-205.0109728444301,206.79910553666838,2.842170943040401e-14,0.0,
Fra_134,23,0.0,1.7603843610430974,0.0,0.0,-196.02606073490617,197.7864450959493,-2.842170943040401e-14,0.0,
Fra_134,24,0.0,1.735310047602502,0.0,0.0,-182.48039764350816,184.21570769111065,0.0,0.0,
Fra_135,1,0.0,2.3717011564573256,0.0,0.0,-3.539174255868632,5.910875412325957,0.0,0.0,
Fra_135,2,0.0,2.311666199176872,0.0,0.0,-3.3317191546917617,5.643385353868633,8.881784197001252e-16,0.0,
Fra_135,3,0.0,2.2804839644464865,0.0,0.0,-3.227453396057358,5.507937360503845,0.0,0.0,
Fra_135,4,0.0,2.310766929379246,0.0,0.0,-3.342954136924574,5.65372106630382,0.0,0.0,
Fra_135,5,0.0,2.703470278511295,0.0,0.0,-3.406667200868472,6.110137479379767,8.881784197001252e-16,0.0,
Fra_135,6,0.0,4.327061655945534,0.0,0.0,-2.3583268974533054,6.685388553398839,0.0,0.0,
Fra_135,7,0.0,7.9951251741793055,0.0,0.0,0.900349330600452,7.094775843578854,-8.881784197001252e-16,0.0,
Fra_135,8,0.0,13.289635966380855,0.0,0.0,5.970584573490595,7.319051392890258,1.7763568394002505e-15,0.0,
Fra_135,9,0.0,18.741684174001094,0.0,0.0,11.324704359503071,7.416979814498022,0.0,0.0,
Fra_135,10,0.0,23.099969643864565,0.0,0.0,15.649500280710864,7.450469363153699,1.7763568394002505e-15,0.0,
Fra_135,11,0.0,25.586825447477363,0.0,0.0,18.113652068638963,7.473173378838401,-8.881784197001252e-16,0.0,
Fra_135,12,0.0,26.49250521551697,0.0,0.0,19.111754959788332,7.38075025572864,-8.881784197001252e-16,0.0,
Fra_135,13,0.0,25.88426285458915,0.0,0.0,18.74246879517184,7.141794059417309,1.7763568394002505e-15,0.0,
Fra_135,14,0.0,23.261444701743084,0.0,0.0,16.352375413715546,6.909069288027541,-2.6645352591003757e-15,0.0,
Fra_135,15,0.0,19.07336536664593,0.0,0.0,12.377980973923762,6.695384392722173,-4.440892098500626e-15,0.0,
Fra_135,16,0.0,13.684575392953162,0.0,0.0,7.108602639759555,6.575972753193609,-1.7763568394002505e-15,0.0,
Fra_135,17,0.0,7.868834574155852,0.0,0.0,1.2293875552457367,6.639447018910115,8.881784197001252e-16,0.0,
Fra_135,18,0.0,3.8433641604083233,0.0,0.0,-2.8823333738655528,6.725697534273877,-8.881784197001252e-16,0.0,
Fra_135,19,0.0,2.9090959980852356,0.0,0.0,-3.7984369375115072,6.707532935596744,-8.881784197001252e-16,0.0,
Fra_135,20,0.0,2.729386419857726,0.0,0.0,-3.9902649203818155,6.719651340239541,0.0,0.0,
Fra_135,21,0.0,2.6165972507405,0.0,0.0,-4.1866304155227905,6.8032276662632905,0.0,0.0,
Fra_135,22,0.0,2.5592487539339657,0.0,0.0,-4.408095761246358,6.967344515180324,0.0,0.0,
Fra_135,23,0.0,2.5195342057109666,0.0,0.0,-4.144161460864002,6.663695666574968,0.0,0.0,
Fra_135,24,0.0,2.483646821230418,0.0,0.0,-3.722832153912636,6.206478975143054,0.0,0.0,
Fra_136,1,0.0,147.1472673767124,0.0,0.0,132.40900340681975,14.738263969892634,8.881784197001252e-15,0.0,
Fra_136,2,0.0,129.2501620028099,0.0,0.0,115.1788616915735,14.071300311236406,-7.105427357601002e-15,0.0,
Fra_136,3,0.0,98.02689146938062,0.0,0.0,84.29331918337712,13.733572286003511,-1.7763568394002505e-14,0.0,
Fra_136,4,0.0,91.2071869672761,0.0,0.0,77.11011543814716,14.097071529128941,-1.7763568394002505e-15,0.0,
Fra_136,5,0.0,143.02402302938964,0.0,0.0,127.78891608133145,15.235106948058174,1.4210854715202004e-14,0.0,
Fra_136,6,0.0,149.9998857972401,0.0,0.0,133.33043933321483,16.669446464025253,1.7763568394002505e-14,0.0,
Fra_136,7,0.0,226.5084208877566,0.0,0.0,208.81820211376015,17.69021877399648,-1.7763568394002505e-14,0.0,
Fra_136,8,0.0,263.49472325221177,0.0,0.0,245.24529251430698,18.24943073790479,-3.552713678800501e-15,0.0,
Fra_136,9,0.0,380.1913201776673,0.0,0.0,361.69771326836144,18.493606909305804,6.394884621840902e-14,0.0,
Fra_136,10,0.0,245.52843107802667,0.0,0.0,226.95132083395413,18.577110244072543,0.0,0.0,
Fra_136,11,0.0,424.43779023766723,0.0,0.0,405.8040694658817,18.63372077178557,-3.552713678800501e-14,0.0,
Fra_136,12,0.0,231.21221643052704,0.0,0.0,212.80894483763518,18.403271592891862,-7.105427357601002e-15,0.0,
Fra_136,13,0.0,332.1540467839606,0.0,0.0,314.34659209682417,17.807454687136435,7.105427357601002e-15,0.0,
Fra_136,14,0.0,113.83878768563541,0.0,0.0,96.61161237740835,17.22717530822704,2.1316282072803006e-14,0.0,
Fra_136,15,0.0,158.13520334005594,0.0,0.0,141.4408331027701,16.694370237285764,6.039613253960852e-14,0.0,
Fra_136,16,0.0,130.54397139039526,0.0,0.0,114.14734389706572,16.396627493329483,4.973799150320701e-14,0.0,
Fra_136,17,0.0,125.92183160489981,0.0,0.0,109.3669364408503,16.554895164049483,2.842170943040401e-14,0.0,
Fra_136,18,0.0,190.44180128034026,0.0,0.0,173.67184780862968,16.769953471710583,-3.552713678800501e-15,0.0,
Fra_136,19,0.0,180.10270565175247,0.0,0.0,163.37804405840774,16.72466159334473,3.552713678800501e-15,0.0,
Fra_136,20,0.0,48.043360427914195,0.0,0.0,31.288482625622283,16.7548778022919,1.0658141036401503e-14,0.0,
Fra_136,21,0.0,107.85206300620702,0.0,0.0,90.8887947594129,16.963268246794115,0.0,0.0,
Fra_136,22,0.0,82.80167038387074,0.0,0.0,65.42919076439192,17.37247961947883,-7.105427357601002e-15,0.0,
Fra_136,23,0.0,71.4122890785856,0.0,0.0,54.79693197865225,16.615357099933345,3.552713678800501e-15,0.0,
Fra_136,24,0.0,45.06566203859777,0.0,0.0,29.590335783454783,15.475326255142988,0.0,0.0,
Fra_137,1,0.0,0.35172241436253465,0.0,0.0,-10.449896955317794,10.80161936968033,-1.7763568394002505e-15,0.0,
Fra_137,2,0.0,0.3428192521477919,0.0,0.0,-9.96998490911105,10.31280416125884,0.0,0.0,
Fra_137,3,0.0,0.33819493813810736,0.0,0.0,-9.72708959757381,10.065284535711918,0.0,0.0,
Fra_137,4,0.0,0.34620489219618056,0.0,0.0,-9.985486899718273,10.331691791914455,-1.7763568394002505e-15,0.0,
Fra_137,5,0.0,0.4471188252908853,0.0,0.0,-10.718634932781839,11.165753758072725,0.0,0.0,
Fra_137,6,0.0,0.8655041451011354,0.0,0.0,-11.351471760303015,12.216975905404151,0.0,0.0,
Fra_137,7,0.0,1.8117778297533986,0.0,0.0,-11.153318341235794,12.965096170989195,-3.552713678800501e-15,0.0,
Fra_137,8,0.0,3.178589578389254,0.0,0.0,-10.196350980883956,13.37494055927321,0.0,0.0,
Fra_137,9,0.0,4.581548237085948,0.0,0.0,-8.9723481386937,13.55389637577965,-1.7763568394002505e-15,0.0,
Fra_137,10,0.0,5.694336493049085,0.0,0.0,-7.920759169165647,13.615095662214731,0.0,0.0,
Fra_137,11,0.0,6.322022227617082,0.0,0.0,-7.334563081812678,13.656585309429762,-1.7763568394002505e-15,0.0,
Fra_137,12,0.0,6.542144743864517,0.0,0.0,-6.945545211298947,13.487689955163464,0.0,0.0,
Fra_137,13,0.0,6.371445625714526,0.0,0.0,-6.679572314133034,13.05101793984756,0.0,0.0,
Fra_137,14,0.0,5.682080553955149,0.0,0.0,-6.943652766763726,12.625733320718876,0.0,0.0,
Fra_137,15,0.0,4.59020185418561,0.0,0.0,-7.645040592825218,12.235242447010826,1.7763568394002505e-15,0.0,
Fra_137,16,0.0,3.1891053480284537,0.0,0.0,-8.827922538782488,12.017027886810942,0.0,0.0,
Fra_137,17,0.0,1.6857684233400017,0.0,0.0,-10.447253256304048,12.133021679644049,0.0,0.0,
Fra_137,18,0.0,0.6561227132685548,0.0,0.0,-11.634514407813386,12.29063712108194,1.7763568394002505e-15,0.0,
Fra_137,19,0.0,0.4327091250126843,0.0,0.0,-11.824733745264334,12.257442870277018,0.0,0.0,
Fra_137,20,0.0,0.4047670081481226,0.0,0.0,-11.87482121035368,12.279588218501802,0.0,0.0,
Fra_137,21,0.0,0.3880404156059527,0.0,0.0,-12.044276391988134,12.43231680759409,-1.7763568394002505e-15,0.0,
Fra_137,22,0.0,0.3795356544972699,0.0,0.0,-12.352690660655796,12.732226315153065,0.0,0.0,
Fra_137,23,0.0,0.37364600151621064,0.0,0.0,-11.803688008203187,12.177334009719395,1.7763568394002505e-15,0.0,
Fra_137,24,0.0,0.36832391551887134,0.0,0.0,-10.973485687779528,11.341809603298397,1.7763568394002505e-15,0.0,
Fra_138,1,0.0,6.5158223918403095,0.0,0.0,-75.55376748429047,82.06958987613078,0.0,0.0,
Fra_138,2,0.0,6.35088714362149,0.0,0.0,-72.00473519603295,78.35562233965443,1.4210854715202004e-14,0.0,
Fra_138,3,0.0,6.265219561628418,0.0,0.0,-70.20977419265395,76.47499375428237,0.0,0.0,
Fra_138,4,0.0,6.279122610453201,0.0,0.0,-72.22000599882494,78.49912860927815,0.0,0.0,
Fra_138,5,0.0,6.5176522812488065,0.0,0.0,-78.31859312053804,84.83624540178685,-1.4210854715202004e-14,0.0,
Fra_138,6,0.0,7.480846707187107,0.0,0.0,-85.3424761454458,92.8233228526329,1.4210854715202004e-14,0.0,
Fra_138,7,0.0,9.63633056924841,0.0,0.0,-88.87113289908956,98.50746346833796,1.4210854715202004e-14,0.0,
Fra_138,8,0.0,12.728804295954538,0.0,0.0,-88.89261456262028,101.62141885857481,0.0,0.0,
Fra_138,9,0.0,16.00234596774291,0.0,0.0,-86.97876072688516,102.98110669462808,-1.4210854715202004e-14,0.0,
Fra_138,10,0.0,18.790792621485178,0.0,0.0,-84.65529993929343,103.44609256077861,0.0,0.0,
Fra_138,11,0.0,20.525163691750592,0.0,0.0,-83.23616292926536,103.76132662101597,-1.4210854715202004e-14,0.0,
Fra_138,12,0.0,21.32362912113894,0.0,0.0,-81.1544480182737,102.47807713941262,1.4210854715202004e-14,0.0,
Fra_138,13,0.0,21.23768861795714,0.0,0.0,-77.92259958807074,99.16028820602787,0.0,0.0,
Fra_138,14,0.0,19.947295624411282,0.0,0.0,-75.98172390994975,95.92901953436105,-1.4210854715202004e-14,0.0,
Fra_138,15,0.0,17.71176176258229,0.0,0.0,-75.25034838914053,92.96211015172281,0.0,0.0,
Fra_138,16,0.0,14.760070507861133,0.0,0.0,-76.54406792242943,91.30413843029055,1.4210854715202004e-14,0.0,
Fra_138,17,0.0,11.401870746042832,0.0,0.0,-80.78357655842554,92.18544730446837,0.0,0.0,
Fra_138,18,0.0,8.862477220013863,0.0,0.0,-84.52051595181416,93.38299317182802,0.0,0.0,
Fra_138,19,0.0,7.966791551861773,0.0,0.0,-85.16399512605368,93.13078667791544,1.4210854715202004e-14,0.0,
Fra_138,20,0.0,7.498498325589456,0.0,0.0,-85.80054642403455,93.299044749624,0.0,0.0,
Fra_138,21,0.0,7.18863036786208,0.0,0.0,-87.27083044903677,94.45946081689883,1.4210854715202004e-14,0.0,
Fra_138,22,0.0,7.031075686652343,0.0,0.0,-89.70706663557766,96.73814232223002,-1.4210854715202004e-14,0.0,
Fra_138,23,0.0,6.9219671078211995,0.0,0.0,-85.60016071012161,92.5221278179428,1.4210854715202004e-14,0.0,
Fra_138,24,0.0,6.823372973081127,0.0,0.0,-79.35052658207496,86.1738995551561,-1.4210854715202004e-14,0.0,
Fra_139,1,0.0,10.118735982671959,0.0,0.0,-193.95754460414702,204.07628058681897,0.0,0.0,
Fra_139,2,0.0,9.862600052224762,0.0,0.0,-184.9784366128414,194.84103666506618,-2.842170943040401e-14,0.0,
Fra_139,3,0.0,9.729562717513593,0.0,0.0,-180.43505619711362,190.1646189146272,2.842170943040401e-14,0.0,
Fra_139,4,0.0,9.776540427884042,0.0,0.0,-185.42134249156086,195.19788291944488,2.842170943040401e-14,0.0,
Fra_139,5,0.0,10.454841705336431,0.0,0.0,-200.5010732282977,210.95591493363415,0.0,0.0,
Fra_139,6,0.0,13.231938361653317,0.0,0.0,-217.58484174003712,230.81678010169043,0.0,0.0,
Fra_139,7,0.0,19.481599269418314,0.0,0.0,-225.4695060669464,244.9511053363647,2.842170943040401e-14,0.0,
Fra_139,8,0.0,28.480137514769034,0.0,0.0,-224.2142066377267,252.69434415249572,2.842170943040401e-14,0.0,
Fra_139,9,0.0,37.8520932610413,0.0,0.0,-218.22328443578795,256.07537769682926,0.0,0.0,
Fra_139,10,0.0,45.547542943847056,0.0,0.0,-211.68408015682377,257.2316231006708,5.684341886080802e-14,0.0,
Fra_139,11,0.0,50.10860224477451,0.0,0.0,-207.90688969969847,258.01549194447296,0.0,0.0,
Fra_139,12,0.0,51.967637428847496,0.0,0.0,-202.8568944820024,254.82453191084988,0.0,0.0,
Fra_139,13,0.0,51.25344994858331,0.0,0.0,-195.32098559503478,246.5744355436181,0.0,0.0,
Fra_139,14,0.0,47.082357225711746,0.0,0.0,-191.45712538240656,238.53948260811833,-2.842170943040401e-14,0.0,
Fra_139,15,0.0,40.2143007550969,0.0,0.0,-190.94759129163566,231.16189204673253,2.842170943040401e-14,0.0,
Fra_139,16,0.0,31.287917928500008,0.0,0.0,-195.75122045589913,227.03913838439914,0.0,0.0,
Fra_139,17,0.0,21.449442190792812,0.0,0.0,-207.78118072961803,229.23062292041084,0.0,0.0,
Fra_139,18,0.0,14.384501574133216,0.0,0.0,-217.8239686440616,232.2084702181948,2.842170943040401e-14,0.0,
Fra_139,19,0.0,12.381331652758252,0.0,0.0,-219.19999563350277,231.58132728626103,0.0,0.0,
Fra_139,20,0.0,11.644781005413112,0.0,0.0,-220.3549409810629,231.99972198647603,-2.842170943040401e-14,0.0,
Fra_139,21,0.0,11.163572055080213,0.0,0.0,-223.7216693460786,234.88524140115885,-2.842170943040401e-14,0.0,
Fra_139,22,0.0,10.918897764388705,0.0,0.0,-229.63256966460614,240.55146742899487,-2.842170943040401e-14,0.0,
Fra_139,23,0.0,10.749457771055022,0.0,0.0,-219.31836327645289,230.06782104750792,0.0,0.0,
Fra_139,24,0.0,10.596346166889118,0.0,0.0,-203.68581280845552,214.28215897534463,0.0,0.0,
Fra_140,1,0.0,16.292462928466655,0.0,0.0,-426.898147396402,443.1906103248687,-5.684341886080802e-14,0.0,
Fra_140,2,0.0,15.88005122421767,0.0,0.0,-407.2544635151603,423.134514739378,-5.684341886080802e-14,0.0,
Fra_140,3,0.0,15.665844049764702,0.0,0.0,-397.31293661316147,412.9787806629262,-5.684341886080802e-14,0.0,
Fra_140,4,0.0,15.72670580157951,0.0,0.0,-408.18276871663943,423.909474518219,-5.684341886080802e-14,0.0,
Fra_140,5,0.0,16.639635150873197,0.0,0.0,-441.49141477927253,458.13104993014576,-5.684341886080802e-14,0.0,
Fra_140,6,0.0,20.36523786007015,0.0,0.0,-480.8974730847723,501.2627109448424,0.0,0.0,
Fra_140,7,0.0,28.738490649265483,0.0,0.0,-503.21960639960054,531.958097048866,0.0,0.0,
Fra_140,8,0.0,40.7846474152167,0.0,0.0,-507.9893712436691,548.7740186588858,0.0,0.0,
Fra_140,9,0.0,53.37836590015912,0.0,0.0,-502.7382126864814,556.1165785866406,0.0,0.0,
Fra_140,10,0.0,63.81009931467692,0.0,0.0,-494.8174869439007,558.6275862585775,1.1368683772161603e-13,0.0,
Fra_140,11,0.0,70.06677328650564,0.0,0.0,-490.2631338410156,560.3299071275212,0.0,0.0,
Fra_140,12,0.0,72.69968872230619,0.0,0.0,-480.7004393992611,553.4001281215673,0.0,0.0,
Fra_140,13,0.0,71.88781022247235,0.0,0.0,-463.59565833572674,535.4834685581991,0.0,0.0,
Fra_140,14,0.0,66.43338365198984,0.0,0.0,-451.6006503850778,518.0340340370676,0.0,0.0,
Fra_140,15,0.0,57.35205189438129,0.0,0.0,-444.66013553598805,502.01218743036935,0.0,0.0,
Fra_140,16,0.0,45.507339822638755,0.0,0.0,-447.5515008171352,493.05884063977396,0.0,0.0,
Fra_140,17,0.0,32.357505289555746,0.0,0.0,-465.4605624698018,497.8180677593575,0.0,0.0,
Fra_140,18,0.0,22.79908394730435,0.0,0.0,-481.4859478196498,504.28503176695415,0.0,0.0,
Fra_140,19,0.0,19.930109456646576,0.0,0.0,-482.9929616847736,502.9230711414202,-5.684341886080802e-14,0.0,
Fra_140,20,0.0,18.749591170843814,0.0,0.0,-485.08210395182385,503.8316951226676,5.684341886080802e-14,0.0,
Fra_140,21,0.0,17.97478303299231,0.0,0.0,-492.1233684697126,510.0981515027049,0.0,0.0,
Fra_140,22,0.0,17.580826039009388,0.0,0.0,-504.82261721192964,522.4034432509391,0.0,0.0,
Fra_140,23,0.0,17.308005914567353,0.0,0.0,-482.3281974352864,499.6362033498538,-5.684341886080802e-14,0.0,
Fra_140,24,0.0,17.061476591234584,0.0,0.0,-448.293147400023,465.3546239912576,-5.684341886080802e-14,0.0,
Fra_141,1,0.0,61.79930135424491,0.0,0.0,-34.817904504335864,96.61720585858077,0.0,0.0,
Fra_141,2,0.0,0.7802794013721761,0.0,0.0,-91.46462282360432,92.24490222497649,0.0,0.0,
Fra_141,3,0.0,0.7697541553580518,0.0,0.0,-89.26116016678291,90.03091432214097,0.0,0.0,
Fra_141,4,0.0,0.790884751916845,0.0,0.0,-91.62296159493421,92.41384634685105,1.4210854715202004e-14,0.0,
Fra_141,5,0.0,1.0557337220491636,0.0,0.0,-98.81854368843705,99.87427741048623,-1.4210854715202004e-14,0.0,
Fra_141,6,0.0,2.1543424041612056,0.0,0.0,-107.12279796008835,109.27714036424958,-1.4210854715202004e-14,0.0,
Fra_141,7,0.0,67.24828764822139,0.0,0.0,-48.720561360187276,115.96884900840865,1.4210854715202004e-14,0.0,
Fra_141,8,0.0,226.3962344379128,0.0,0.0,106.76145180625772,119.63478263165507,0.0,0.0,
Fra_141,9,0.0,311.5400928400966,0.0,0.0,190.30460476130037,121.23548807879625,-4.263256414560601e-14,0.0,
Fra_141,10,0.0,302.92924946812235,0.0,0.0,181.1463523524465,121.78289711567585,-1.4210854715202004e-14,0.0,
Fra_141,11,0.0,308.7948101310903,0.0,0.0,186.6408007174541,122.15400941363613,4.263256414560601e-14,0.0,
Fra_141,12,0.0,312.3777055575901,0.0,0.0,191.73441381074286,120.6432917468473,-5.684341886080802e-14,0.0,
Fra_141,13,0.0,267.57006414434835,0.0,0.0,150.8326709996017,116.7373931447466,4.263256414560601e-14,0.0,
Fra_141,14,0.0,234.92618410864708,0.0,0.0,121.99283276435321,112.93335134429384,2.842170943040401e-14,0.0,
Fra_141,15,0.0,201.74254048123137,0.0,0.0,92.3020114480855,109.44052903314585,2.842170943040401e-14,0.0,
Fra_141,16,0.0,152.26380606523256,0.0,0.0,44.7751400224964,107.48866604273613,2.842170943040401e-14,0.0,
Fra_141,17,0.0,154.25694119024965,0.0,0.0,45.7307458866759,108.52619530357377,-1.4210854715202004e-14,0.0,
Fra_141,18,0.0,308.1482139991805,0.0,0.0,198.2121964244535,109.936017574727,-2.842170943040401e-14,0.0,
Fra_141,19,0.0,477.93500694960255,0.0,0.0,368.295901870454,109.63910507914855,2.842170943040401e-14,0.0,
Fra_141,20,0.0,393.76599710792,0.0,0.0,283.9288086122932,109.8371884956268,-2.842170943040401e-14,0.0,
Fra_141,21,0.0,208.98258465675167,0.0,0.0,97.77928530054035,111.2032993562113,1.4210854715202004e-14,0.0,
Fra_141,22,0.0,154.28496638568376,0.0,0.0,40.39906753776042,113.88589884792333,0.0,0.0,
Fra_141,23,0.0,157.70013257264864,0.0,0.0,48.7775769299038,108.92255564274484,0.0,0.0,
Fra_141,24,0.0,80.42093840587582,0.0,0.0,-21.028105089084892,101.4490434949607,0.0,0.0,
Fra_142,1,0.0,10.288041606196385,0.0,0.0,-173.30661486610873,183.5946564723051,0.0,0.0,
Fra_142,2,0.0,10.027620036368374,0.0,0.0,-165.2586655151387,175.28628555150706,0.0,0.0,
Fra_142,3,0.0,9.892356735000513,0.0,0.0,-161.1868484642773,171.0792051992778,0.0,0.0,
Fra_142,4,0.0,9.93068432071505,0.0,0.0,-165.67663347078434,175.60731779149938,0.0,0.0,
Fra_142,5,0.0,10.505899339343458,0.0,0.0,-179.27793355722162,189.7838328965651,-2.842170943040401e-14,0.0,
Fra_142,6,0.0,12.85321068003049,0.0,0.0,-194.7981995130584,207.65141019308888,0.0,0.0,
Fra_142,7,0.0,18.12867546838341,0.0,0.0,-202.23850246834525,220.36717793672864,2.842170943040401e-14,0.0,
Fra_142,8,0.0,25.718123249309897,0.0,0.0,-201.61516199956083,227.3332852488707,0.0,0.0,
Fra_142,9,0.0,33.652955951760354,0.0,0.0,-196.72203355744045,230.37498950920082,0.0,0.0,
Fra_142,10,0.0,40.226369854460835,0.0,0.0,-191.18882127496533,231.4151911294262,-2.842170943040401e-14,0.0,
Fra_142,11,0.0,44.16954549730107,0.0,0.0,-187.9508433683999,232.120388865701,-2.842170943040401e-14,0.0,
Fra_142,12,0.0,45.82958616285738,0.0,0.0,-183.4200956833639,229.24968184622128,0.0,0.0,
Fra_142,13,0.0,45.31930049423924,0.0,0.0,-176.50828602542128,221.8275865196605,2.842170943040401e-14,0.0,
Fra_142,14,0.0,41.8839413117745,0.0,0.0,-172.71510096098788,214.5990422727624,-2.842170943040401e-14,0.0,
Fra_142,15,0.0,36.16338054132512,0.0,0.0,-171.7985052680985,207.96188580942362,0.0,0.0,
Fra_142,16,0.0,28.701738180707103,0.0,0.0,-175.55116420261947,204.25290238332659,0.0,0.0,
Fra_142,17,0.0,20.41711536997489,0.0,0.0,-185.80732848498425,206.22444385495913,0.0,0.0,
Fra_142,18,0.0,14.394162958661145,0.0,0.0,-194.50926372610832,208.90342668476944,2.842170943040401e-14,0.0,
Fra_142,19,0.0,12.58503231483399,0.0,0.0,-195.7541931270652,208.3392254418992,0.0,0.0,
Fra_142,20,0.0,11.839620253349121,0.0,0.0,-196.87600871293282,208.71562896628194,0.0,0.0,
Fra_142,21,0.0,11.350359765598785,0.0,0.0,-199.9611904128864,211.31155017848516,2.842170943040401e-14,0.0,
Fra_142,22,0.0,11.101591610474324,0.0,0.0,-205.30750747513346,216.40909908560778,0.0,0.0,
Fra_142,23,0.0,10.929316565038235,0.0,0.0,-196.04830204448655,206.97761860952477,0.0,0.0,
Fra_142,24,0.0,10.77364311365579,0.0,0.0,-182.00260335701444,192.77624647067023,0.0,0.0,
Fra_143,1,0.0,12.608273766462446,0.0,0.0,-203.74396107715094,216.35223484361336,2.842170943040401e-14,0.0,
Fra_143,2,0.0,11.298578697191287,0.0,0.0,-195.26287763923008,206.56145633642134,2.842170943040401e-14,0.0,
Fra_143,3,0.0,9.085754818915907,0.0,0.0,-192.5179796869207,201.6037345058366,2.842170943040401e-14,0.0,
Fra_143,4,0.0,8.62866217801173,0.0,0.0,-198.31110605437522,206.93976823238694,0.0,0.0,
Fra_143,5,0.0,12.512336631643862,0.0,0.0,-211.13336838675121,223.64570501839506,0.0,0.0,
Fra_143,6,0.0,14.080032808694506,0.0,0.0,-230.62124296334645,244.70127577204096,0.0,0.0,
Fra_143,7,0.0,21.864670307821577,0.0,0.0,-237.8211634135069,259.6858337213285,0.0,0.0,
Fra_143,8,0.0,27.964963467221406,0.0,0.0,-239.9298939484853,267.89485741570667,5.684341886080802e-14,0.0,
Fra_143,9,0.0,39.75400409637427,0.0,0.0,-231.72526872172202,271.4792728180963,-5.684341886080802e-14,0.0,
Fra_143,10,0.0,33.271168673158485,0.0,0.0,-239.43390204966963,272.70507072282805,5.684341886080802e-14,0.0,
Fra_143,11,0.0,47.46785495270462,0.0,0.0,-226.06823726705204,273.53609221975665,0.0,0.0,
Fra_143,12,0.0,34.60350286401573,0.0,0.0,-235.54968109915254,270.15318396316826,0.0,0.0,
Fra_143,13,0.0,41.29406693252834,0.0,0.0,-220.1127464010242,261.4068133335525,0.0,0.0,
Fra_143,14,0.0,24.329356237904477,0.0,0.0,-228.5591715827019,252.88852782060638,0.0,0.0,
Fra_143,15,0.0,24.675478118608616,0.0,0.0,-220.39166937731122,245.06714749591987,-2.842170943040401e-14,0.0,
Fra_143,16,0.0,19.197830719286205,0.0,0.0,-221.49856400717564,240.69639472646182,2.842170943040401e-14,0.0,
Fra_143,17,0.0,15.0191378378555,0.0,0.0,-228.00056744497275,243.01970528282823,2.842170943040401e-14,0.0,
Fra_143,18,0.0,16.82846076172043,0.0,0.0,-229.34822051089952,246.17668127261996,0.0,0.0,
Fra_143,19,0.0,15.434436481261748,0.0,0.0,-230.07737685815155,245.5118133394133,0.0,0.0,
Fra_143,20,0.0,6.032115812338114,0.0,0.0,-239.9232602389099,245.95537605124804,-2.842170943040401e-14,0.0,
Fra_143,21,0.0,10.101783381105378,0.0,0.0,-238.91268690812137,249.01447028922678,-2.842170943040401e-14,0.0,
Fra_143,22,0.0,8.294759562907771,0.0,0.0,-246.7267815173306,255.0215410802384,-2.842170943040401e-14,0.0,
Fra_143,23,0.0,7.4598153132102425,0.0,0.0,-236.44744870639775,243.90726401960796,2.842170943040401e-14,0.0,
Fra_143,24,0.0,5.583222014306822,0.0,0.0,-221.58881310962528,227.17203512393206,2.842170943040401e-14,0.0,
Fra_144,1,2782.0,152.11566571147748,0.0,0.0,2832.9653778223974,101.15028788907983,2.8421709430404007e-13,0.0,
Fra_144,2,2782.0,152.3717497902086,0.0,0.0,2837.7989050940614,96.57284469614707,-1.4210854715202004e-14,0.0,
Fra_144,3,2782.0,152.14207559396976,0.0,0.0,2839.8870945926446,94.25498100132504,1.4210854715202004e-13,0.0,
Fra_144,4,2782.0,152.34199611018389,0.0,0.0,2837.5922807789057,96.749715331278,3.694822225952521e-13,0.0,
Fra_144,5,2782.0,152.5278051444881,0.0,0.0,2829.9676305564203,104.56017458806792,-2.8421709430404007e-13,0.0,
Fra_144,6,2782.0,152.98664302569125,0.0,0.0,2820.5824423523845,114.4042006733064,1.9895196601282805e-13,0.0,
Fra_144,7,2782.0,153.86759699568304,0.0,0.0,2814.457726371444,121.40987062423909,-1.7053025658242404e-13,0.0,
Fra_144,8,2782.0,157.3340667930623,0.0,0.0,2814.086264424902,125.24780236816045,1.4210854715202004e-13,0.0,
Fra_144,9,2782.0,160.94772396019653,0.0,0.0,2816.0241143135586,126.92360964663777,1.7053025658242404e-13,0.0,
Fra_144,10,2782.0,163.29294193326012,0.0,0.0,2817.796239935406,127.49670199785419,-2.2737367544323206e-13,0.0,
Fra_144,11,2782.0,164.26188126287497,0.0,0.0,2818.3766551357594,127.88522612711543,-2.842170943040401e-14,0.0,
Fra_144,12,2782.0,164.08040249564755,0.0,0.0,2819.776773823736,126.30362867191187,-7.105427357601002e-13,0.0,
Fra_144,13,2782.0,163.15959541031182,0.0,0.0,2822.945122128034,122.2144732822774,1.9895196601282805e-13,0.0,
Fra_144,14,2782.0,163.16790916224028,0.0,0.0,2826.9359555547826,118.23195360745781,4.263256414560601e-14,0.0,
Fra_144,15,2782.0,162.43792215986446,0.0,0.0,2829.8626669549158,114.57525520494818,7.389644451905042e-13,0.0,
Fra_144,16,2782.0,161.07025702715293,0.0,0.0,2830.538442238904,112.53181478824882,1.7053025658242404e-13,0.0,
Fra_144,17,2782.0,160.6770835383137,0.0,0.0,2829.0590607346867,113.61802280362737,-4.689582056016661e-13,0.0,
Fra_144,18,2782.0,159.10846447381812,0.0,0.0,2826.014473416583,115.09399105723551,-3.694822225952521e-13,0.0,
Fra_144,19,2782.0,158.418789217966,0.0,0.0,2825.63564118438,114.78314803358623,2.842170943040401e-14,0.0,
Fra_144,20,2782.0,159.31051250344217,0.0,0.0,2826.3199873839135,114.9905251195284,2.8421709430404007e-13,0.0,
Fra_144,21,2782.0,159.79505331324435,0.0,0.0,2825.374322200813,116.42073111243178,-3.410605131648481e-13,0.0,
Fra_144,22,2782.0,160.84202987865808,0.0,0.0,2823.612837183566,119.22919269509171,3.126388037344441e-13,0.0,
Fra_144,23,2782.0,161.7629364715857,0.0,0.0,2829.7299569109427,114.03297956064279,2.8421709430404007e-13,0.0,
Fra_144,24,2782.0,162.72651480513,0.0,0.0,2838.517689323186,106.20882548194396,1.7053025658242404e-13,0.0,
Fra_145,1,0.0,417.47363958545856,0.0,0.0,365.2098071000054,52.26383248545333,-1.4921397450962104e-13,0.0,
Fra_145,2,0.0,410.37883767434164,0.0,0.0,360.48014649732903,49.89869117701277,-1.6342482922482304e-13,0.0,
Fra_145,3,0.0,396.4175544101107,0.0,0.0,347.71649145935817,48.701062950752714,-1.7053025658242404e-13,0.0,
Fra_145,4,0.0,393.9440588117356,0.0,0.0,343.953979489034,49.990079322701646,-4.263256414560601e-14,0.0,
Fra_145,5,0.0,416.5871484930505,0.0,0.0,362.5614451227045,54.025703370346065,-8.526512829121202e-14,0.0,
Fra_145,6,0.0,420.33869620779296,0.0,0.0,361.22663528930525,59.112060918487856,-1.4210854715202004e-13,0.0,
Fra_145,7,0.0,454.57908747557383,0.0,0.0,391.84723299638523,62.73185447918863,-2.842170943040401e-14,0.0,
Fra_145,8,0.0,477.5252479066402,0.0,0.0,412.8103538737248,64.71489403291554,-1.7053025658242404e-13,0.0,
Fra_145,9,0.0,535.0712674544865,0.0,0.0,469.4904924368694,65.58077501761709,1.4210854715202004e-14,0.0,
Fra_145,10,0.0,481.77141997713284,0.0,0.0,415.89453109501017,65.87688888212249,1.8474111129762605e-13,0.0,
Fra_145,11,0.0,560.5034836032945,0.0,0.0,494.4258463057989,66.0776372974956,-1.4210854715202004e-14,0.0,
Fra_145,12,0.0,476.8067389530282,0.0,0.0,411.54630491004866,65.26043404297968,-1.7053025658242404e-13,0.0,
Fra_145,13,0.0,518.2080048051108,0.0,0.0,455.06041627894484,63.147588526166096,-1.2079226507921703e-13,0.0,
Fra_145,14,0.0,424.8533196875331,0.0,0.0,363.7634785538712,61.089841133662006,-1.2789769243681803e-13,0.0,
Fra_145,15,0.0,443.0354349972811,0.0,0.0,383.8349910838044,59.20044391347652,1.2789769243681803e-13,0.0,
Fra_145,16,0.0,429.0472884770779,0.0,0.0,370.9026796962656,58.14460878081241,-6.394884621840902e-14,0.0,
Fra_145,17,0.0,427.28590827742926,0.0,0.0,368.5800614127236,58.70584686470551,1.7053025658242404e-13,0.0,
Fra_145,18,0.0,452.1632814426144,0.0,0.0,392.6948093875088,59.468472055105494,7.105427357601002e-14,0.0,
Fra_145,19,0.0,446.27769186762566,0.0,0.0,386.96983080094446,59.30786106668109,1.0658141036401503e-13,0.0,
Fra_145,20,0.0,391.57534558341234,0.0,0.0,332.16033384511985,59.415011738292506,-1.4210854715202004e-14,0.0,
Fra_145,21,0.0,418.44015051650473,0.0,0.0,358.28615871208785,60.15399180441709,-2.1316282072803006e-13,0.0,
Fra_145,22,0.0,410.11116788684205,0.0,0.0,348.50605845576104,61.605109431080976,4.263256414560601e-14,0.0,
Fra_145,23,0.0,407.3623243370719,0.0,0.0,348.4420714544505,58.920252882621554,-1.4210854715202004e-13,0.0,
Fra_145,24,0.0,398.27928660556205,0.0,0.0,343.40173381449057,54.87755279107155,-7.105427357601002e-14,0.0,
Fra_146,1,0.0,328.48275025166595,0.0,0.0,298.9659728119022,29.516777439763672,8.526512829121202e-14,0.0,
Fra_146,2,0.0,204.8430223682972,0.0,0.0,176.66199369196877,28.181028676328424,0.0,0.0,
Fra_146,3,0.0,155.4299365161425,0.0,0.0,127.92528620950094,27.504650306641583,-1.7763568394002505e-14,0.0,
Fra_146,4,0.0,144.64475162302645,0.0,0.0,116.41211013093903,28.232641492087424,0.0,0.0,
Fra_146,5,0.0,226.72476118572453,0.0,0.0,196.21294093501785,30.51182025070665,2.842170943040401e-14,0.0,
Fra_146,6,0.0,238.10808376152465,0.0,0.0,204.72366736568551,33.38441639583914,0.0,0.0,
Fra_146,7,0.0,457.783071059049,0.0,0.0,422.3543223624963,35.42874869655269,1.4210854715202004e-14,0.0,
Fra_146,8,0.0,760.4955820642169,0.0,0.0,723.9468822584936,36.54869980572359,-2.4158453015843406e-13,0.0,
Fra_146,9,0.0,1073.5985334496088,0.0,0.0,1036.560814467538,37.037718982070295,5.329070518200751e-13,0.0,
Fra_146,10,0.0,843.4079389783342,0.0,0.0,806.202985283083,37.2049536952511,1.2079226507921703e-13,0.0,
Fra_146,11,0.0,1133.6385183993652,0.0,0.0,1096.3201890480213,37.31832935134373,1.6342482922482304e-13,0.0,
Fra_146,12,0.0,832.75896383642,0.0,0.0,795.9021621886426,36.856801647777196,1.9184653865522705e-13,0.0,
Fra_146,13,0.0,923.0529838368616,0.0,0.0,887.3894431483095,35.66354068855178,2.984279490192421e-13,0.0,
Fra_146,14,0.0,528.8491497197468,0.0,0.0,494.34775250447956,34.5013972152674,-1.2789769243681803e-13,0.0,
Fra_146,15,0.0,550.6877807554846,0.0,0.0,517.2534487474817,33.43433200800299,-7.815970093361102e-14,0.0,
Fra_146,16,0.0,434.32156894007335,0.0,0.0,401.483535541297,32.838033398776346,1.4210854715202004e-14,0.0,
Fra_146,17,0.0,435.0559007487206,0.0,0.0,401.900899787001,33.155000961719665,-4.263256414560601e-14,0.0,
Fra_146,18,0.0,780.9799831190734,0.0,0.0,747.3942782279918,33.5857048910815,1.0658141036401503e-13,0.0,
Fra_146,19,0.0,1030.6286365911913,0.0,0.0,997.1336391468137,33.49499744437784,-3.055333763768431e-13,0.0,
Fra_146,20,0.0,690.2147421378045,0.0,0.0,656.6592297564987,33.55551238130588,-9.237055564881302e-14,0.0,
Fra_146,21,0.0,496.1784068710096,0.0,0.0,462.2055444962778,33.97286237473188,-9.237055564881302e-14,0.0,
Fra_146,22,0.0,371.09519045185607,0.0,0.0,336.3027877949018,34.792402656954344,-7.815970093361102e-14,0.0,
Fra_146,23,0.0,358.4239787523215,0.0,0.0,325.1478888001546,33.276089952167034,-1.3500311979441904e-13,0.0,
Fra_146,24,0.0,195.99742511594235,0.0,0.0,165.00451022353022,30.992914892412163,-3.197442310920451e-14,0.0,
Fra_147,1,0.0,16.35699747434341,0.0,0.0,-607.259874520251,623.6168719945944,0.0,0.0,
Fra_147,2,0.0,15.003207819850411,0.0,0.0,-580.3925798329973,595.3957876528477,0.0,0.0,
Fra_147,3,0.0,12.846074313675786,0.0,0.0,-568.2595028292441,581.1055771429199,0.0,0.0,
Fra_147,4,0.0,12.421807881328695,0.0,0.0,-584.0644315589523,596.486239440281,0.0,0.0,
Fra_147,5,0.0,16.267308338898246,0.0,0.0,-628.3723696353566,644.6396779742547,1.1368683772161603e-13,0.0,
Fra_147,6,0.0,18.40470115602197,0.0,0.0,-686.9258644392493,705.3305655952713,-1.1368683772161603e-13,0.0,
Fra_147,7,0.0,27.24494262891107,0.0,0.0,-721.2773337583058,748.5222763872168,0.0,0.0,
Fra_147,8,0.0,35.119634717712614,0.0,0.0,-737.0644526145959,772.1840873323084,1.1368683772161603e-13,0.0,
Fra_147,9,0.0,48.513510468447876,0.0,0.0,-734.0023486746911,782.515859143139,0.0,0.0,
Fra_147,10,0.0,44.245044818574144,0.0,0.0,-741.8040722805038,786.049117099078,-1.1368683772161603e-13,0.0,
Fra_147,11,0.0,58.88415580058095,0.0,0.0,-729.5603099153,788.4444657158809,0.0,0.0,
Fra_147,12,0.0,47.218299731496025,0.0,0.0,-731.4752213419906,778.6935210734866,0.0,0.0,
Fra_147,13,0.0,53.5076226593161,0.0,0.0,-699.9752307393533,753.4828533986694,0.0,0.0,
Fra_147,14,0.0,36.54184203290952,0.0,0.0,-692.387779594523,728.9296216274324,0.0,0.0,
Fra_147,15,0.0,35.36126049849597,0.0,0.0,-671.023899148746,706.385159647242,0.0,0.0,
Fra_147,16,0.0,28.17220838123287,0.0,0.0,-665.6146290331867,693.7868374144196,0.0,0.0,
Fra_147,17,0.0,21.941205038439026,0.0,0.0,-678.5423769826655,700.4835820211046,0.0,0.0,
Fra_147,18,0.0,21.94389493065283,0.0,0.0,-687.6394012354848,709.5832961661376,0.0,0.0,
Fra_147,19,0.0,20.016994628810878,0.0,0.0,-687.6498764026591,707.6668710314699,0.0,0.0,
Fra_147,20,0.0,10.78095056289954,0.0,0.0,-698.1644521698388,708.9454027327383,0.0,0.0,
Fra_147,21,0.0,14.43289323866261,0.0,0.0,-703.3300878343407,717.7629810730034,-1.1368683772161603e-13,0.0,
Fra_147,22,0.0,12.612257496128347,0.0,0.0,-722.4655930038009,735.0778504999291,1.1368683772161603e-13,0.0,
Fra_147,23,0.0,11.746530806593965,0.0,0.0,-691.2953636051459,703.0418944117398,0.0,0.0,
Fra_147,24,0.0,9.89966557297981,0.0,0.0,-644.904358295945,654.8040238689248,0.0,0.0,
Fra_148,1,0.0,8.052840557363544,0.0,0.0,-159.69905410044254,167.75189465780608,0.0,0.0,
Fra_148,2,0.0,7.848998712647424,0.0,0.0,-152.31147149815175,160.16047021079916,0.0,0.0,
Fra_148,3,0.0,7.743122993937076,0.0,0.0,-148.5733045109103,156.3164275048474,-2.842170943040401e-14,0.0,
Fra_148,4,0.0,7.764094260592758,0.0,0.0,-152.68970565565496,160.4537999162477,2.842170943040401e-14,0.0,
Fra_148,5,0.0,8.104836726314101,0.0,0.0,-165.30215754871668,173.40699427503077,0.0,0.0,
Fra_148,6,0.0,9.486454719090158,0.0,0.0,-180.24628673196918,189.73274145105935,-2.842170943040401e-14,0.0,
Fra_148,7,0.0,12.5835213021337,0.0,0.0,-188.76771805082922,201.35123935296292,0.0,0.0,
Fra_148,8,0.0,17.03168162696326,0.0,0.0,-190.68454526134065,207.7162268883039,0.0,0.0,
Fra_148,9,0.0,21.717385724054548,0.0,0.0,-188.77807048640594,210.49545621046047,0.0,0.0,
Fra_148,10,0.0,25.665795202764073,0.0,0.0,-185.78010148331694,211.44589668608103,0.0,0.0,
Fra_148,11,0.0,28.088008946248962,0.0,0.0,-184.00223250803796,212.0902414542869,0.0,0.0,
Fra_148,12,0.0,29.167209792774607,0.0,0.0,-180.30004387538455,209.46725366815917,-2.842170943040401e-14,0.0,
Fra_148,13,0.0,28.9743321277331,0.0,0.0,-173.71129413751066,202.68562626524377,0.0,0.0,
Fra_148,14,0.0,27.056129382831053,0.0,0.0,-169.02471863704008,196.08084801987115,-2.842170943040401e-14,0.0,
Fra_148,15,0.0,23.786395500515027,0.0,0.0,-166.23002998517774,190.01642548569276,0.0,0.0,
Fra_148,16,0.0,19.490368031237715,0.0,0.0,-167.13712986289394,186.62749789413166,0.0,0.0,
Fra_148,17,0.0,14.650034624558268,0.0,0.0,-173.7788763586994,188.42891098325765,0.0,0.0,
Fra_148,18,0.0,11.045802326529785,0.0,0.0,-179.83091652919828,190.87671885572806,0.0,0.0,
Fra_148,19,0.0,9.84746920281158,0.0,0.0,-180.51373449970694,190.36120370251854,-2.842170943040401e-14,0.0,
Fra_148,20,0.0,9.267320041020128,0.0,0.0,-181.4378065489306,190.70512658995074,0.0,0.0,
Fra_148,21,0.0,8.884357291676425,0.0,0.0,-184.1926831115457,193.07704040322213,0.0,0.0,
Fra_148,22,0.0,8.689637016851698,0.0,0.0,-189.04507427784134,197.73471129469303,0.0,0.0,
Fra_148,23,0.0,8.554790801603714,0.0,0.0,-180.56230193222615,189.11709273382985,0.0,0.0,
Fra_148,24,0.0,8.432939283989102,0.0,0.0,-167.7082470220151,176.1411863060042,0.0,0.0,
Fra_149,1,0.0,229.27236063522722,0.0,0.0,70.9991516040352,158.27320903119198,2.842170943040401e-14,0.0,
Fra_149,2,0.0,0.5136785687693524,0.0,0.0,-150.59705333632766,151.11073190509705,-2.842170943040401e-14,0.0,
Fra_149,3,0.0,0.5067495209193478,0.0,0.0,-146.97714421364603,147.48389373456536,2.842170943040401e-14,0.0,
Fra_149,4,0.0,0.5169952907775988,0.0,0.0,-150.87049196113816,151.38748725191573,2.842170943040401e-14,0.0,
Fra_149,5,0.0,0.6469048901287293,0.0,0.0,-162.96186691151672,163.60877180164545,0.0,0.0,
Fra_149,6,0.0,1.185168979855699,0.0,0.0,-177.82687680956118,179.01204578941687,0.0,0.0,
Fra_149,7,0.0,237.1848841361134,0.0,0.0,47.210834306100836,189.97404983001258,0.0,0.0,
Fra_149,8,0.0,822.2842322171739,0.0,0.0,626.3048433433491,195.97938887382452,2.2737367544323206e-13,0.0,
Fra_149,9,0.0,1129.5680081328392,0.0,0.0,930.9664280500949,198.60158008274414,1.1368683772161603e-13,0.0,
Fra_149,10,0.0,1087.7727863272285,0.0,0.0,888.2744696420361,199.49831668519178,5.400124791776761e-13,0.0,
Fra_149,11,0.0,1104.4226089205338,0.0,0.0,904.3163556490252,200.10625327150836,1.7053025658242404e-13,0.0,
Fra_149,12,0.0,1116.0015375101716,0.0,0.0,918.3700622136421,197.6314752965298,-2.8421709430404007e-13,0.0,
Fra_149,13,0.0,949.462956838622,0.0,0.0,758.2299185535059,191.23303828511607,2.842170943040401e-14,0.0,
Fra_149,14,0.0,832.9774594575939,0.0,0.0,647.9760017454839,185.00145771211007,-8.526512829121202e-14,0.0,
Fra_149,15,0.0,717.9117641341916,0.0,0.0,538.6320636479145,179.27970048627702,5.684341886080802e-14,0.0,
Fra_149,16,0.0,544.3860839314251,0.0,0.0,368.3038224140782,176.08226151734692,0.0,0.0,
Fra_149,17,0.0,564.7390560974039,0.0,0.0,386.9571688858832,177.78188721152085,-1.4210854715202004e-13,0.0,
Fra_149,18,0.0,1150.629573498778,0.0,0.0,970.5381898260814,180.09138367269645,1.1368683772161603e-13,0.0,
Fra_149,19,0.0,1789.2067308410299,0.0,0.0,1609.6017335532329,179.60499728779678,2.2737367544323206e-13,0.0,
Fra_149,20,0.0,1473.7742026246972,0.0,0.0,1293.8447155350757,179.92948708962112,3.694822225952521e-13,0.0,
Fra_149,21,0.0,780.9541085302894,0.0,0.0,598.7867307060351,182.16737782425437,-2.842170943040401e-14,0.0,
Fra_149,22,0.0,575.8978867799964,0.0,0.0,389.3360160046605,186.5618707753357,1.7053025658242404e-13,0.0,
Fra_149,23,0.0,588.7462046120125,0.0,0.0,410.31502080517174,178.4311838068407,1.1368683772161603e-13,0.0,
Fra_149,24,0.0,298.98667723124674,0.0,0.0,132.79820671601937,166.18847051522735,2.842170943040401e-14,0.0,
Fra_150,1,0.0,285.0783160728544,0.0,0.0,167.11261786534683,117.9656982075076,-1.4210854715202004e-14,0.0,
Fra_150,2,0.0,285.5619810222819,0.0,0.0,172.9346886021276,112.62729242015429,-1.4210854715202004e-14,0.0,
Fra_150,3,0.0,285.13316360144444,0.0,0.0,175.20906080947344,109.924102791971,0.0,0.0,
Fra_150,4,0.0,285.5066251411733,0.0,0.0,172.67305878546182,112.8335663557115,-2.842170943040401e-14,0.0,
Fra_150,5,0.0,285.8366801132295,0.0,0.0,163.89422935613229,121.94245075709722,-2.842170943040401e-14,0.0,
Fra_150,6,0.0,286.62131478704686,0.0,0.0,153.1983489018909,133.42296588515595,0.0,0.0,
Fra_150,7,0.0,288.10222357821834,0.0,0.0,146.50895225528268,141.5932713229356,5.684341886080802e-14,0.0,
Fra_150,8,0.0,294.3553079463177,0.0,0.0,148.28608003153423,146.0692279147835,-5.684341886080802e-14,0.0,
Fra_150,9,0.0,300.8765446702116,0.0,0.0,152.8529201858051,148.02362448440653,0.0,0.0,
Fra_150,10,0.0,305.0695479216611,0.0,0.0,156.37755915713745,148.69198876452367,0.0,0.0,
Fra_150,11,0.0,306.768960758575,0.0,0.0,157.62385889733903,149.14510186123601,-2.842170943040401e-14,0.0,
Fra_150,12,0.0,306.385037107119,0.0,0.0,159.08446037754555,147.30057672957352,-8.526512829121202e-14,0.0,
Fra_150,13,0.0,304.6853715762974,0.0,0.0,162.15373896625218,142.53163261004522,2.842170943040401e-14,0.0,
Fra_150,14,0.0,304.8217713450778,0.0,0.0,166.93471982194367,137.88705152313415,0.0,0.0,
Fra_150,15,0.0,303.6469150947982,0.0,0.0,170.02445825733963,133.62245683745857,0.0,0.0,
Fra_150,16,0.0,301.33240645498125,0.0,0.0,170.09309533595825,131.23931111902306,-5.684341886080802e-14,0.0,
Fra_150,17,0.0,300.86581230658027,0.0,0.0,168.35971994939365,132.50609235718656,5.684341886080802e-14,0.0,
Fra_150,18,0.0,298.11313446466164,0.0,0.0,163.88570617059742,134.22742829406428,-5.684341886080802e-14,0.0,
Fra_150,19,0.0,296.8654168453618,0.0,0.0,163.00050669220406,133.86491015315764,8.526512829121202e-14,0.0,
Fra_150,20,0.0,298.54775747959343,0.0,0.0,164.4409954914491,134.10676198814434,0.0,0.0,
Fra_150,21,0.0,299.4628607532085,0.0,0.0,163.68813269146864,135.77472806173986,-2.842170943040401e-14,0.0,
Fra_150,22,0.0,301.4292921694779,0.0,0.0,162.37921869447774,139.050073475,1.4210854715202004e-13,0.0,
Fra_150,23,0.0,303.15831219455237,0.0,0.0,170.16827990413583,132.99003229041665,-1.1368683772161603e-13,0.0,
Fra_150,24,0.0,304.9671181465782,0.0,0.0,181.10194173189524,123.86517641468294,0.0,0.0,
Fra_151,1,0.0,36.18820384417275,0.0,0.0,-26.952805346329807,63.141009190502565,-7.105427357601002e-15,0.0,
Fra_151,2,0.0,36.221820261258394,0.0,0.0,-24.061813149642724,60.28363341090111,7.105427357601002e-15,0.0,
Fra_151,3,0.0,36.155409858380956,0.0,0.0,-22.68134430075195,58.8367541591329,7.105427357601002e-15,0.0,
Fra_151,4,0.0,36.229905589534035,0.0,0.0,-24.16413571670177,60.394041306235806,0.0,0.0,
Fra_151,5,0.0,36.62649689269136,0.0,0.0,-28.643064691408735,65.26956158410007,1.4210854715202004e-14,0.0,
Fra_151,6,0.0,38.199711448741134,0.0,0.0,-33.21478313051945,71.41449457926058,0.0,0.0,
Fra_151,7,0.0,41.722525973948194,0.0,0.0,-34.065115533401595,75.78764150734979,0.0,0.0,
Fra_151,8,0.0,47.31910987051586,0.0,0.0,-30.86428244063982,78.18339231115567,0.0,0.0,
Fra_151,9,0.0,53.07267831516497,0.0,0.0,-26.15680259326568,79.22948090843066,-1.4210854715202004e-14,0.0,
Fra_151,10,0.0,57.50829636761883,0.0,0.0,-22.078925780805537,79.58722214842437,0.0,0.0,
Fra_151,11,0.0,59.92215269318114,0.0,0.0,-19.907597737943913,79.82975043112505,0.0,0.0,
Fra_151,12,0.0,60.6407229404855,0.0,0.0,-18.20174745873105,78.84247039921655,0.0,0.0,
Fra_151,13,0.0,59.817273707021556,0.0,0.0,-16.472624638999896,76.28989834602146,0.0,0.0,
Fra_151,14,0.0,57.39033592627783,0.0,0.0,-16.413555541889874,73.80389146816769,1.4210854715202004e-14,0.0,
Fra_151,15,0.0,53.381932265703966,0.0,0.0,-18.13933962462381,71.52127189032778,-1.4210854715202004e-14,0.0,
Fra_151,16,0.0,48.141930247944465,0.0,0.0,-22.103765538511567,70.24569578645603,0.0,0.0,
Fra_151,17,0.0,42.77541842899655,0.0,0.0,-28.14832061085115,70.9237390398477,0.0,0.0,
Fra_151,18,0.0,38.808694568762775,0.0,0.0,-33.036387623050615,71.84508219181339,0.0,0.0,
Fra_151,19,0.0,37.880615453825484,0.0,0.0,-33.77042930494999,71.65104475877547,0.0,0.0,
Fra_151,20,0.0,38.00455370988704,0.0,0.0,-33.775941975451616,71.78049568533866,-1.4210854715202004e-14,0.0,
Fra_151,21,0.0,38.06850272946332,0.0,0.0,-34.60476994768431,72.67327267714762,0.0,0.0,
Fra_151,22,0.0,38.2861587252183,0.0,0.0,-36.14023895337629,74.4263976785946,-1.4210854715202004e-14,0.0,
Fra_151,23,0.0,38.482181365770145,0.0,0.0,-32.70058598685016,71.1827673526203,0.0,0.0,
Fra_151,24,0.0,38.68970401162642,0.0,0.0,-27.60899434919059,66.29869836081701,0.0,0.0,
Fra_152,1,0.0,31.06953517691166,0.0,0.0,25.305334099027007,5.764201077884654,-8.881784197001252e-16,0.0,
Fra_152,2,0.0,27.336845268294816,0.0,0.0,21.833496665843477,5.503348602451341,-1.7763568394002505e-15,0.0,
Fra_152,3,0.0,20.839678185218887,0.0,0.0,15.468416526728928,5.371261658489955,3.552713678800501e-15,0.0,
Fra_152,4,0.0,19.430872067797857,0.0,0.0,13.917444226552986,5.513427841244865,6.217248937900877e-15,0.0,
Fra_152,5,0.0,30.316036940879666,0.0,0.0,24.357518347978893,5.958518592900779,-5.329070518200751e-15,0.0,
Fra_152,6,0.0,32.235178688836,0.0,0.0,25.71568348424747,6.519495204588528,1.7763568394002505e-15,0.0,
Fra_152,7,0.0,49.200499278077274,0.0,0.0,42.28177544917922,6.918723828898059,-6.217248937900877e-15,0.0,
Fra_152,8,0.0,58.42063672280978,0.0,0.0,51.283202589108456,7.137434133701329,-2.6645352591003757e-15,0.0,
Fra_152,9,0.0,84.25335650290857,0.0,0.0,77.02042397446696,7.232932528441624,-1.509903313490213e-14,0.0,
Fra_152,10,0.0,57.509627156144155,0.0,0.0,50.244036099313256,7.2655910568309015,-1.7763568394002505e-15,0.0,
Fra_152,11,0.0,95.41015551106572,0.0,0.0,88.12242382318564,7.287731687880096,-1.3322676295501878e-14,0.0,
Fra_152,12,0.0,55.49250350172353,0.0,0.0,48.29490152030617,7.19760198141736,3.552713678800501e-15,0.0,
Fra_152,13,0.0,76.29009513854847,0.0,0.0,69.32551981871032,6.9645753198381435,3.552713678800501e-15,0.0,
Fra_152,14,0.0,30.137308056042155,0.0,0.0,23.399682601413147,6.737625454629009,-8.881784197001252e-16,0.0,
Fra_152,15,0.0,38.12617983854707,0.0,0.0,31.59693683455783,6.529243003989235,1.7763568394002505e-15,0.0,
Fra_152,16,0.0,30.824003841859508,0.0,0.0,24.4112093591582,6.412794482701308,0.0,0.0,
Fra_152,17,0.0,28.179599223281482,0.0,0.0,21.7049055453953,6.474693677886179,3.552713678800501e-15,0.0,
Fra_152,18,0.0,40.43570389027863,0.0,0.0,33.876899944632264,6.558803945646376,-7.993605777301127e-15,0.0,
Fra_152,19,0.0,38.03021981527181,0.0,0.0,31.4891297261983,6.541090089073501,1.2434497875801753e-14,0.0,
Fra_152,20,0.0,10.539646833600937,0.0,0.0,3.9867390498153146,6.552907783785624,-1.7763568394002505e-15,0.0,
Fra_152,21,0.0,22.950180629864576,0.0,0.0,16.315770409477576,6.634410220387,0.0,0.0,
Fra_152,22,0.0,17.73097087684748,0.0,0.0,10.936516255007879,6.794454621839601,-8.881784197001252e-16,0.0,
Fra_152,23,0.0,15.355251863603662,0.0,0.0,8.856911251675278,6.4983406119283895,-5.329070518200751e-15,0.0,
Fra_152,24,0.0,9.87091547580056,0.0,0.0,3.818446035523483,6.052469440277078,-8.881784197001252e-16,0.0,
Fra_153,1,0.0,147.62623302075352,0.0,0.0,110.57449135903238,37.05174166172114,0.0,0.0,
Fra_153,2,0.0,136.08054882276525,0.0,0.0,100.70554230629384,35.3750065164714,1.4210854715202004e-14,0.0,
Fra_153,3,0.0,115.8190647294649,0.0,0.0,81.29310064895579,34.52596408050914,-2.842170943040401e-14,0.0,
Fra_153,4,0.0,111.49582888919498,0.0,0.0,76.05603397501184,35.43979491418315,-1.4210854715202004e-14,0.0,
Fra_153,5,0.0,145.16203218011418,0.0,0.0,106.86123583250635,38.30079634760786,-2.842170943040401e-14,0.0,
Fra_153,6,0.0,150.5277683527939,0.0,0.0,108.62106717749577,41.90670117529819,-4.973799150320701e-14,0.0,
Fra_153,7,0.0,201.78325680364057,0.0,0.0,157.31035163024913,44.472905173391446,-7.105427357601002e-15,0.0,
Fra_153,8,0.0,229.08607726675683,0.0,0.0,183.20732285201646,45.87875441474042,-4.973799150320701e-14,0.0,
Fra_153,9,0.0,307.97008923246347,0.0,0.0,261.4774801302794,46.49260910218395,1.2789769243681803e-13,0.0,
Fra_153,10,0.0,223.8628766671773,0.0,0.0,177.16034162025596,46.70253504692138,-5.684341886080802e-14,0.0,
Fra_153,11,0.0,340.81196506402017,0.0,0.0,293.9671121258979,46.84485293812224,7.105427357601002e-15,0.0,
Fra_153,12,0.0,216.60368256926313,0.0,0.0,170.33817489595418,46.26550767330895,-7.105427357601002e-15,0.0,
Fra_153,13,0.0,281.2787862579396,0.0,0.0,236.5111520190346,44.76763423890493,7.105427357601002e-14,0.0,
Fra_153,14,0.0,139.39102016644222,0.0,0.0,96.08219828718126,43.30882187926095,1.4210854715202004e-14,0.0,
Fra_153,15,0.0,165.9927054195587,0.0,0.0,124.02334630775115,41.96935911180755,-1.4210854715202004e-14,0.0,
Fra_153,16,0.0,145.47680600442462,0.0,0.0,104.255967020446,41.220838983978645,-2.1316282072803006e-14,0.0,
Fra_153,17,0.0,139.8418375497279,0.0,0.0,98.22311636870765,41.61872118102025,0.0,0.0,
Fra_153,18,0.0,179.11704598323223,0.0,0.0,136.9576719224736,42.15937406075856,7.815970093361102e-14,0.0,
Fra_153,19,0.0,171.66284770277915,0.0,0.0,129.61733664379702,42.04551105898212,7.105427357601002e-15,0.0,
Fra_153,20,0.0,86.51744071537838,0.0,0.0,44.395966627765894,42.121474087612505,-1.4210854715202004e-14,0.0,
Fra_153,21,0.0,125.10638444071779,0.0,0.0,82.46102036645286,42.64536407426495,-1.4210854715202004e-14,0.0,
Fra_153,22,0.0,109.20640316586642,0.0,0.0,65.53228875189218,43.67411441397425,-1.4210854715202004e-14,0.0,
Fra_153,23,0.0,102.10320565535477,0.0,0.0,60.332484209356736,41.77072144599804,-7.105427357601002e-15,0.0,
Fra_153,24,0.0,85.36929289913988,0.0,0.0,46.464589352797745,38.904703546342134,0.0,0.0,
Fra_154,1,0.0,9.586374523890093,0.0,0.0,-115.97802821692878,125.56440274081886,1.4210854715202004e-14,0.0,
Fra_154,2,0.0,9.34371427833208,0.0,0.0,-110.53841179679002,119.8821260751221,0.0,0.0,
Fra_154,3,0.0,9.21767623184234,0.0,0.0,-107.78713553653148,117.0048117683738,2.842170943040401e-14,0.0,
Fra_154,4,0.0,9.252780970795744,0.0,0.0,-110.84890607766691,120.10168704846265,0.0,0.0,
Fra_154,5,0.0,9.781381671674902,0.0,0.0,-120.0159342492015,129.79731592087643,-2.842170943040401e-14,0.0,
Fra_154,6,0.0,11.937873441094025,0.0,0.0,-130.07946954795503,142.01734298904904,0.0,0.0,
Fra_154,7,0.0,16.78393794575568,0.0,0.0,-133.9299968330547,150.71393477881037,0.0,0.0,
Fra_154,8,0.0,23.75513976748376,0.0,0.0,-131.7230682253976,155.47820799288138,0.0,0.0,
Fra_154,9,0.0,31.045958714826863,0.0,0.0,-126.51253737630952,157.5584960911364,0.0,0.0,
Fra_154,10,0.0,37.090349931909984,0.0,0.0,-121.17956280763705,158.269912739547,2.842170943040401e-14,0.0,
Fra_154,11,0.0,40.71980256407275,0.0,0.0,-118.03241033753199,158.75221290160474,0.0,0.0,
Fra_154,12,0.0,42.25177875497022,0.0,0.0,-114.53709480293625,156.78887355790647,0.0,0.0,
Fra_154,13,0.0,41.7902224461645,0.0,0.0,-109.92251771727355,151.71274016343807,-2.842170943040401e-14,0.0,
Fra_154,14,0.0,38.641134770368424,0.0,0.0,-108.12784581701541,146.76898058738382,2.842170943040401e-14,0.0,
Fra_154,15,0.0,33.39217969392342,0.0,0.0,-108.83750436256048,142.2296840564839,0.0,0.0,
Fra_154,16,0.0,26.543579328337987,0.0,0.0,-113.14944980788833,139.6930291362263,2.842170943040401e-14,0.0,
Fra_154,17,0.0,18.934861775932145,0.0,0.0,-122.10654771144911,141.04140948738126,0.0,0.0,
Fra_154,18,0.0,13.397544028649474,0.0,0.0,-129.47608043405586,142.87362446270535,-2.842170943040401e-14,0.0,
Fra_154,19,0.0,11.726482011325789,0.0,0.0,-130.761272876263,142.4877548875888,0.0,0.0,
Fra_154,20,0.0,11.032132092164154,0.0,0.0,-131.71305340172225,142.7451854938864,0.0,0.0,
Fra_154,21,0.0,10.576240246578017,0.0,0.0,-133.94435256490473,144.52059281148274,0.0,0.0,
Fra_154,22,0.0,10.344438627190712,0.0,0.0,-137.6624794198063,148.006918046997,0.0,0.0,
Fra_154,23,0.0,10.183913119043872,0.0,0.0,-131.3726090629749,141.55652218201877,0.0,0.0,
Fra_154,24,0.0,10.03885693969484,0.0,0.0,-121.80503610061267,131.84389304030753,-2.842170943040401e-14,0.0,
Fra_155,1,0.0,151.99835323808819,0.0,0.0,-51.327152422975104,203.32550566106332,-2.842170943040401e-14,0.0,
Fra_155,2,0.0,140.5473270744116,0.0,0.0,-53.57691014480158,194.12423721921317,2.842170943040401e-14,0.0,
Fra_155,3,0.0,120.31687425703362,0.0,0.0,-69.14814925514678,189.4650235121804,-2.842170943040401e-14,0.0,
Fra_155,4,0.0,115.99252470032953,0.0,0.0,-78.48724597385534,194.4797706741849,-2.842170943040401e-14,0.0,
Fra_155,5,0.0,149.49858564624435,0.0,0.0,-60.68124491875766,210.179830565002,2.842170943040401e-14,0.0,
Fra_155,6,0.0,154.1967704662226,0.0,0.0,-75.77085925676772,229.9676297229903,2.842170943040401e-14,0.0,
Fra_155,7,0.0,203.9452931497413,0.0,0.0,-40.10466312905593,244.04995627879725,-2.842170943040401e-14,0.0,
Fra_155,8,0.0,229.19086640546737,0.0,0.0,-22.573842137615863,251.76470854308323,0.0,0.0,
Fra_155,9,0.0,305.9198360510112,0.0,0.0,50.78653242631508,255.1333036246962,-8.526512829121202e-14,0.0,
Fra_155,10,0.0,219.98799332766743,0.0,0.0,-36.29730199703605,256.28529532470344,5.684341886080802e-14,0.0,
Fra_155,11,0.0,335.81507933340276,0.0,0.0,78.7487989349821,257.06628039842064,0.0,0.0,
Fra_155,12,0.0,211.0988021859089,0.0,0.0,-42.78825738138418,253.88705956729305,2.842170943040401e-14,0.0,
Fra_155,13,0.0,275.8668185256355,0.0,0.0,30.199504098720325,245.6673144269151,5.684341886080802e-14,0.0,
Fra_155,14,0.0,134.97924853668192,0.0,0.0,-102.68267269178983,237.66192122847175,0.0,0.0,
Fra_155,15,0.0,163.21710925201194,0.0,0.0,-67.09436278588917,230.31147203790113,0.0,0.0,
Fra_155,16,0.0,144.81781967079843,0.0,0.0,-81.38606587689652,226.20388554769497,-2.842170943040401e-14,0.0,
Fra_155,17,0.0,141.59649353676065,0.0,0.0,-86.79081430847764,228.38730784523833,-2.842170943040401e-14,0.0,
Fra_155,18,0.0,182.57114223164726,0.0,0.0,-48.783057727962856,231.35419995961016,-2.842170943040401e-14,0.0,
Fra_155,19,0.0,175.62849439530171,0.0,0.0,-55.100869824503,230.72936421980472,0.0,0.0,
Fra_155,20,0.0,90.76162225771039,0.0,0.0,-140.3845974327179,231.14621969042827,0.0,0.0,
Fra_155,21,0.0,129.52857385283144,0.0,0.0,-104.49254973332711,234.02112358615858,-2.842170943040401e-14,0.0,
Fra_155,22,0.0,113.75913241932908,0.0,0.0,-125.90737175190695,239.666504171236,2.842170943040401e-14,0.0,
Fra_155,23,0.0,106.7561284887654,0.0,0.0,-122.46529752072522,229.2214260094906,0.0,0.0,
Fra_155,24,0.0,90.11932480617203,0.0,0.0,-123.37451290257131,213.49383770874334,0.0,0.0,
Fra_156,1,0.0,8.435720679981708,0.0,0.0,-167.1240756453663,175.55979632534803,-2.842170943040401e-14,0.0,
Fra_156,2,0.0,8.222186976853184,0.0,0.0,-159.39284704071613,167.61503401756931,0.0,0.0,
Fra_156,3,0.0,8.111277294304443,0.0,0.0,-155.48079557639096,163.5920728706954,0.0,0.0,
Fra_156,4,0.0,8.154314795280794,0.0,0.0,-159.7677017660611,167.92201656134188,0.0,0.0,
Fra_156,5,0.0,8.766771015644354,0.0,0.0,-172.71133782131335,181.4781088369577,2.842170943040401e-14,0.0,
Fra_156,6,0.0,11.277458442611309,0.0,0.0,-187.2862687411871,198.5637271837984,0.0,0.0,
Fra_156,7,0.0,16.930455246888908,0.0,0.0,-193.79254518640394,210.72300043329287,-2.842170943040401e-14,0.0,
Fra_156,8,0.0,25.072517166002854,0.0,0.0,-192.31172496353003,217.38424212953288,0.0,0.0,
Fra_156,9,0.0,33.539959099593624,0.0,0.0,-186.75286975400903,220.29282885360266,0.0,0.0,
Fra_156,10,0.0,40.46888808488971,0.0,0.0,-180.81861887151277,221.28750695640247,0.0,0.0,
Fra_156,11,0.0,44.556282647505235,0.0,0.0,-177.40555968078849,221.96184232829376,-2.842170943040401e-14,0.0,
Fra_156,12,0.0,46.20056413650542,0.0,0.0,-173.01620516333867,219.2167692998441,0.0,0.0,
Fra_156,13,0.0,45.51656040436249,0.0,0.0,-166.6029351029032,212.1194955072657,-2.842170943040401e-14,0.0,
Fra_156,14,0.0,41.70857291418021,0.0,0.0,-163.49872928583838,205.20730220001857,2.842170943040401e-14,0.0,
Fra_156,15,0.0,35.46465134729625,0.0,0.0,-163.39596375805195,198.8606151053482,0.0,0.0,
Fra_156,16,0.0,27.360395353394498,0.0,0.0,-167.95355675330637,195.3139521067009,-2.842170943040401e-14,0.0,
Fra_156,17,0.0,18.45290762890572,0.0,0.0,-178.74630315502142,197.19921078392719,-5.684341886080802e-14,0.0,
Fra_156,18,0.0,12.086806397238744,0.0,0.0,-187.6741438675515,199.7609502647902,2.842170943040401e-14,0.0,
Fra_156,19,0.0,10.323407733703926,0.0,0.0,-188.89803306393713,199.22144079764104,2.842170943040401e-14,0.0,
Fra_156,20,0.0,9.707943769799034,0.0,0.0,-189.873427579997,199.581371349796,5.684341886080802e-14,0.0,
Fra_156,21,0.0,9.306772684728031,0.0,0.0,-192.75691164763455,202.06368433236258,0.0,0.0,
Fra_156,22,0.0,9.102794245387312,0.0,0.0,-197.83534920843638,206.9381434538237,0.0,0.0,
Fra_156,23,0.0,8.961536635916262,0.0,0.0,-188.95788686579706,197.9194235017133,2.842170943040401e-14,0.0,
Fra_156,24,0.0,8.833891569593817,0.0,0.0,-175.50567046913696,184.33956203873078,0.0,0.0,
Fra_157,1,0.0,3.66511746697899,0.0,0.0,-24.107896938128118,27.773014405107105,3.552713678800501e-15,0.0,
Fra_157,2,0.0,3.572342215780564,0.0,0.0,-22.943835472506816,26.51617768828738,-3.552713678800501e-15,0.0,
Fra_157,3,0.0,3.5241546298958024,0.0,0.0,-22.355603102217465,25.87975773211327,0.0,0.0,
Fra_157,4,0.0,3.5388443743817652,0.0,0.0,-23.025896998694314,26.564741373076078,0.0,0.0,
Fra_157,5,0.0,3.756323136688783,0.0,0.0,-24.95294992261641,28.709273059305193,-3.552713678800501e-15,0.0,
Fra_157,6,0.0,4.644817690507064,0.0,0.0,-26.76734711508148,31.412164805588546,0.0,0.0,
Fra_157,7,0.0,6.642588058550192,0.0,0.0,-26.693136002529954,33.33572406108014,0.0,0.0,
Fra_157,8,0.0,9.517488602023406,0.0,0.0,-24.8720232023663,34.389511804389706,0.0,0.0,
Fra_157,9,0.0,12.519194594250235,0.0,0.0,-22.330446594411427,34.849641188661664,0.0,0.0,
Fra_157,10,0.0,14.99823845387712,0.0,0.0,-20.008757720696636,35.00699617457375,7.105427357601002e-15,0.0,
Fra_157,11,0.0,16.479177833932876,0.0,0.0,-18.63449610166255,35.11367393559543,0.0,0.0,
Fra_157,12,0.0,17.095819109183832,0.0,0.0,-17.583592800834186,34.67941191001802,0.0,0.0,
Fra_157,13,0.0,16.890341955856993,0.0,0.0,-16.66630328773713,33.55664524359412,0.0,0.0,
Fra_157,14,0.0,15.578095407929215,0.0,0.0,-16.885062327070997,32.46315773500021,0.0,0.0,
Fra_157,15,0.0,13.401605937913422,0.0,0.0,-18.05752561458695,31.459131552500374,0.0,0.0,
Fra_157,16,0.0,10.566261513717839,0.0,0.0,-20.331798970045657,30.898060483763494,0.0,0.0,
Fra_157,17,0.0,7.4262760443626155,0.0,0.0,-23.77002650561361,31.196302549976227,0.0,0.0,
Fra_157,18,0.0,5.153276454519805,0.0,0.0,-26.44828532332823,31.601561777848033,0.0,0.0,
Fra_157,19,0.0,4.483800972596638,0.0,0.0,-27.032412083525507,31.516213056122144,3.552713678800501e-15,0.0,
Fra_157,20,0.0,4.2178677588951965,0.0,0.0,-27.355285192459643,31.57315295135484,0.0,0.0,
Fra_157,21,0.0,4.043568584358773,0.0,0.0,-27.922278569574445,31.96584715393322,0.0,0.0,
Fra_157,22,0.0,3.9549448651442565,0.0,0.0,-28.782026579378602,32.73697144452286,0.0,0.0,
Fra_157,23,0.0,3.8935718359204916,0.0,0.0,-27.41666612868078,31.31023796460127,0.0,0.0,
Fra_157,24,0.0,3.838113128846148,0.0,0.0,-25.32383293792317,29.161946066769318,0.0,0.0,
Fra_158,1,0.0,7.8293516147881235,0.0,0.0,-40.04972039613699,47.87907201092511,7.105427357601002e-15,0.0,
Fra_158,2,0.0,7.631166953770563,0.0,0.0,-38.08119118184972,45.71235813562029,-1.4210854715202004e-14,0.0,
Fra_158,3,0.0,7.528229583615665,0.0,0.0,-37.08697732216739,44.615206905783054,0.0,0.0,
Fra_158,4,0.0,7.560343620103792,0.0,0.0,-38.2357355019099,45.796079122013694,0.0,0.0,
Fra_158,5,0.0,8.033820079538707,0.0,0.0,-41.459307750871346,49.493127830410046,7.105427357601002e-15,0.0,
Fra_158,6,0.0,9.968855037217585,0.0,0.0,-44.1839019810936,54.152757018311185,0.0,0.0,
Fra_158,7,0.0,14.320376193357095,0.0,0.0,-43.14848583133136,57.468862024688455,-7.105427357601002e-15,0.0,
Fra_158,8,0.0,20.583016675678774,0.0,0.0,-38.70251452687432,59.28553120255309,0.0,0.0,
Fra_158,9,0.0,27.119203343904175,0.0,0.0,-32.959564329222616,60.07876767312679,0.0,0.0,
Fra_158,10,0.0,32.512194705870996,0.0,0.0,-27.837843870437908,60.350038576308904,0.0,0.0,
Fra_158,11,0.0,35.7297540345893,0.0,0.0,-24.804190837500798,60.533944872090096,0.0,0.0,
Fra_158,12,0.0,37.06491178070653,0.0,0.0,-22.72039045249135,59.78530223319788,0.0,0.0,
Fra_158,13,0.0,36.609183169289125,0.0,0.0,-21.24053420844234,57.84971737773146,7.105427357601002e-15,0.0,
Fra_158,14,0.0,33.743321507369885,0.0,0.0,-22.22128659114025,55.96460809851013,0.0,0.0,
Fra_158,15,0.0,28.99573718008397,0.0,0.0,-25.23798779599765,54.23372497608162,0.0,0.0,
Fra_158,16,0.0,22.81336027816443,0.0,0.0,-30.453110596095243,53.266470874259674,0.0,0.0,
Fra_158,17,0.0,15.9720953523385,0.0,0.0,-37.80852761058536,53.780622962923864,-7.105427357601002e-15,0.0,
Fra_158,18,0.0,11.026299786688902,0.0,0.0,-43.45296666776744,54.479266454456344,0.0,0.0,
Fra_158,19,0.0,9.57847653202792,0.0,0.0,-44.753653657925476,54.3321301899534,-7.105427357601002e-15,0.0,
Fra_158,20,0.0,9.01012588180115,0.0,0.0,-45.420165397343894,54.430291279145045,0.0,0.0,
Fra_158,21,0.0,8.637791424336186,0.0,0.0,-46.46948196878729,55.10727339312348,0.0,0.0,
Fra_158,22,0.0,8.448475184026805,0.0,0.0,-47.98817192777108,56.43664711179788,0.0,0.0,
Fra_158,23,0.0,8.31737132997937,0.0,0.0,-45.659669704164884,53.97704103414425,0.0,0.0,
Fra_158,24,0.0,8.198901534209229,0.0,0.0,-42.074608404013766,50.27350993822299,0.0,0.0,
Fra_159,1,0.0,10.532024892706522,0.0,0.0,-85.63083429707726,96.16285918978379,-1.4210854715202004e-14,0.0,
Fra_159,2,0.0,10.217170221017735,0.0,0.0,-81.59394628570098,91.81111650671872,0.0,0.0,
Fra_159,3,0.0,9.97897079684482,0.0,0.0,-79.62856918272941,89.60753997957423,0.0,0.0,
Fra_159,4,0.0,9.989810049837029,0.0,0.0,-81.98945611157723,91.97926616141426,0.0,0.0,
Fra_159,5,0.0,10.686954983277085,0.0,0.0,-88.71765923588916,99.40461421916623,1.4210854715202004e-14,0.0,
Fra_159,6,0.0,12.832337647454423,0.0,0.0,-95.9309221480191,108.76325979547353,0.0,0.0,
Fra_159,7,0.0,17.85815640123298,0.0,0.0,-97.56534398357427,115.42350038480724,0.0,0.0,
Fra_159,8,0.0,24.83690910841858,0.0,0.0,-94.23528568520166,119.07219479362024,0.0,0.0,
Fra_159,9,0.0,32.4118090155236,0.0,0.0,-88.25356383732415,120.66537285284775,0.0,0.0,
Fra_159,10,0.0,37.92376908903614,0.0,0.0,-83.2864385855691,121.21020767460524,0.0,0.0,
Fra_159,11,0.0,42.13413960319862,0.0,0.0,-79.44543519742957,121.5795748006282,0.0,0.0,
Fra_159,12,0.0,43.01406505964952,0.0,0.0,-77.06189629060034,120.07596135024986,0.0,0.0,
Fra_159,13,0.0,42.935942003709215,0.0,0.0,-73.25248840476249,116.18843040847172,-1.4210854715202004e-14,0.0,
Fra_159,14,0.0,39.12556606886439,0.0,0.0,-73.27671121337816,112.40227728224255,0.0,0.0,
Fra_159,15,0.0,34.1415243903925,0.0,0.0,-74.78435573156075,108.92588012195327,-2.842170943040401e-14,0.0,
Fra_159,16,0.0,27.33846842398779,0.0,0.0,-79.64472742929334,106.98319585328113,0.0,0.0,
Fra_159,17,0.0,19.847811181694993,0.0,0.0,-88.16803490534727,108.01584608704226,0.0,0.0,
Fra_159,18,0.0,14.601946485931268,0.0,0.0,-94.8170921208985,109.41903860682976,0.0,0.0,
Fra_159,19,0.0,12.882622753357449,0.0,0.0,-96.24089960199025,109.1235223553477,0.0,0.0,
Fra_159,20,0.0,11.707385399293731,0.0,0.0,-97.61328887653602,109.32067427582976,-1.4210854715202004e-14,0.0,
Fra_159,21,0.0,11.433999220590024,0.0,0.0,-99.24636171929322,110.68036093988323,1.4210854715202004e-14,0.0,
Fra_159,22,0.0,11.106149721481387,0.0,0.0,-102.24419566777286,113.35034538925424,0.0,0.0,
Fra_159,23,0.0,10.899398072586555,0.0,0.0,-97.51094445166287,108.41034252424942,0.0,0.0,
Fra_159,24,0.0,10.657903522493841,0.0,0.0,-90.31407137422937,100.97197489672322,-1.4210854715202004e-14,0.0,
Fra_160,1,3441.8200232072804,37.16305754773571,0.0,0.0,3300.0000000000005,178.9830807550155,1.4210854715202004e-13,0.0,
Fra_160,2,3434.661053811666,36.22234772592074,0.0,0.0,3300.0000000000005,170.88340153758608,3.694822225952521e-13,0.0,
Fra_160,3,3431.048253840409,35.73374182352986,0.0,0.0,3300.0000000000005,166.78199566393815,8.526512829121202e-14,0.0,
Fra_160,4,3435.4281464819705,35.76822352887978,0.0,0.0,3300.0000000000005,171.19637001084976,1.7053025658242404e-13,0.0,
Fra_160,5,3448.431596936181,36.585198988086056,0.0,0.0,3300.0000000000005,185.0167959242664,3.126388037344441e-13,0.0,
Fra_160,6,3462.6186116051977,39.81695941638577,0.0,0.0,3300.0000000000005,202.4355710215831,-3.410605131648481e-13,0.0,
Fra_160,7,3467.844462511167,46.98747847375079,0.0,0.0,3300.0000000000005,214.83194098491705,2.5579538487363607e-13,0.0,
Fra_160,8,3464.4047934733476,57.218278427656145,0.0,0.0,3300.0000000000005,221.62307190100287,3.126388037344441e-13,0.0,
Fra_160,9,3456.2693790346166,68.3189948513154,0.0,0.0,3300.0000000000005,224.58837388593108,4.831690603168681e-13,0.0,
Fra_160,10,3447.3198365455637,78.28261092056704,0.0,0.0,3300.0000000000005,225.60244746613017,1.7053025658242404e-13,0.0,
Fra_160,11,3441.4122297942185,84.87770207807776,0.0,0.0,3300.0000000000005,226.28993187229514,5.684341886080801e-13,0.0,
Fra_160,12,3435.1523713231168,88.33896065436667,0.0,0.0,3300.0000000000005,223.4913319774827,8.526512829121202e-14,0.0,
Fra_160,13,3427.3817395200767,88.87392714595107,0.0,0.0,3300.0000000000005,216.25566666602717,3.694822225952521e-13,0.0,
Fra_160,14,3423.868913133114,85.33977763751851,0.0,0.0,3300.0000000000005,209.20869077063156,5.115907697472721e-13,0.0,
Fra_160,15,3424.1533754958486,78.58487253920974,0.0,0.0,3300.0000000000005,202.73824803505755,3.979039320256561e-13,0.0,
Fra_160,16,3429.7068399097607,69.41558785673604,0.0,0.0,3300.0000000000005,199.12242776649606,3.979039320256561e-13,0.0,
Fra_160,17,3442.6209756901208,58.42347188462826,0.0,0.0,3300.0000000000005,201.04444757474852,5.684341886080802e-14,0.0,
Fra_160,18,3454.206073335182,49.4500657200413,0.0,0.0,3300.0000000000005,203.65613905522233,5.400124791776761e-13,0.0,
Fra_160,19,3457.683879126223,45.42223043165458,0.0,0.0,3300.0000000000005,203.10610955787712,-5.684341886080802e-14,0.0,
Fra_160,20,3460.7052990172233,42.76775946877443,0.0,0.0,3300.0000000000005,203.47305848599711,5.684341886080802e-14,0.0,
Fra_160,21,3465.003350208203,41.00042450279336,0.0,0.0,3300.0000000000005,206.0037747109953,6.252776074688882e-13,0.0,
Fra_160,22,3470.871472313442,40.10180981801542,0.0,0.0,3300.0000000000005,210.9732821314566,3.126388037344441e-13,0.0,
Fra_160,23,3462.2991959426768,39.47950795798755,0.0,0.0,3300.0000000000005,201.77870390066397,-5.684341886080802e-14,0.0,
Fra_160,24,3449.0168699845717,38.917175333973276,0.0,0.0,3300.0000000000005,187.93404531854415,4.263256414560601e-13,0.0,
Fra_161,1,0.0,86.46428425196639,0.0,0.0,77.14237114395192,9.321913108014481,-1.0658141036401503e-14,0.0,
Fra_161,2,0.0,84.91821998447233,0.0,0.0,76.01815963231145,8.900060352160898,-1.9539925233402755e-14,0.0,
Fra_161,3,0.0,81.91914322269125,0.0,0.0,73.2326949561731,8.686448266518134,7.105427357601002e-15,0.0,
Fra_161,4,0.0,81.4052570434187,0.0,0.0,72.48889646387875,8.916360579539962,-7.105427357601002e-15,0.0,
Fra_161,5,0.0,86.5320840709595,0.0,0.0,76.89591908903046,9.636164981929047,-5.329070518200751e-15,0.0,
Fra_161,6,0.0,88.45721070278678,0.0,0.0,77.91382975820767,10.543380944579097,1.5987211554602254e-14,0.0,
Fra_161,7,0.0,98.34301105363956,0.0,0.0,87.15399431395886,11.189016739680703,-7.105427357601002e-15,0.0,
Fra_161,8,0.0,106.87953967516556,0.0,0.0,95.33682284250483,11.542716832660743,-1.2434497875801753e-14,0.0,
Fra_161,9,0.0,122.93007532424959,0.0,0.0,111.2329177068738,11.697157617375801,-2.1316282072803006e-14,0.0,
Fra_161,10,0.0,114.43316212414422,0.0,0.0,102.68318886765954,11.749973256484664,1.5987211554602254e-14,0.0,
Fra_161,11,0.0,132.9874934082845,0.0,0.0,121.2017141422578,11.785779266026744,-3.552713678800501e-14,0.0,
Fra_161,12,0.0,115.61363479145166,0.0,0.0,103.97361402356613,11.64002076788552,1.0658141036401503e-14,0.0,
Fra_161,13,0.0,124.04444674553903,0.0,0.0,112.78127859985409,11.263168145684958,-1.4210854715202004e-14,0.0,
Fra_161,14,0.0,102.13337278783212,0.0,0.0,91.23722981957758,10.89614296825455,-1.2434497875801753e-14,0.0,
Fra_161,15,0.0,103.08691288788269,0.0,0.0,92.52776772242025,10.559145165462432,7.105427357601002e-15,0.0,
Fra_161,16,0.0,96.31706947435683,0.0,0.0,85.9462458095387,10.370823664818115,1.7763568394002505e-14,0.0,
Fra_161,17,0.0,91.87812621720514,0.0,0.0,81.40719866788109,10.470927549324022,2.3092638912203256e-14,0.0,
Fra_161,18,0.0,94.47879022598386,0.0,0.0,83.87183886399991,10.60695136198396,-1.4210854715202004e-14,0.0,
Fra_161,19,0.0,92.6468766894375,0.0,0.0,82.0685723211217,10.578304368315798,0.0,0.0,
Fra_161,20,0.0,80.82994326547367,0.0,0.0,70.23252722465462,10.597416040819056,0.0,0.0,
Fra_161,21,0.0,86.55018765254235,0.0,0.0,75.82096520493356,10.72922244760879,1.7763568394002505e-15,0.0,
Fra_161,22,0.0,84.72030445371718,0.0,0.0,73.7322568916464,10.988047562070763,1.2434497875801753e-14,0.0,
Fra_161,23,0.0,84.09603946215053,0.0,0.0,73.58686989776946,10.509169564381091,-2.3092638912203256e-14,0.0,
Fra_161,24,0.0,82.11259517610497,0.0,0.0,72.3244921157098,9.788103060395178,-5.329070518200751e-15,0.0,
Fra_162,1,0.0,6.342404723559373,0.0,0.0,-51.80215185839971,58.14455658195908,0.0,0.0,
Fra_162,2,0.0,6.18185920305923,0.0,0.0,-49.331430476090404,55.513289679149636,0.0,0.0,
Fra_162,3,0.0,6.098471651340635,0.0,0.0,-48.08243272703124,54.18090437837188,0.0,0.0,
Fra_162,4,0.0,6.131282385249169,0.0,0.0,-49.483678429659705,55.614960814908876,0.0,0.0,
Fra_162,5,0.0,6.597251236524352,0.0,0.0,-53.50742186358838,60.104673100112734,-7.105427357601002e-15,0.0,
Fra_162,6,0.0,8.507774675564756,0.0,0.0,-57.255572696786246,65.763347372351,0.0,0.0,
Fra_162,7,0.0,12.809767862431759,0.0,0.0,-56.98067208036473,69.7904399427965,-1.4210854715202004e-14,0.0,
Fra_162,8,0.0,19.00625030766466,0.0,0.0,-52.990360710856706,71.99661101852136,0.0,0.0,
Fra_162,9,0.0,25.449015541240957,0.0,0.0,-47.510905351699485,72.95992089294043,1.4210854715202004e-14,0.0,
Fra_162,10,0.0,30.718577249857596,0.0,0.0,-42.570776226394244,73.28935347625182,2.842170943040401e-14,0.0,
Fra_162,11,0.0,33.82501122359548,0.0,0.0,-39.687678870759314,73.5126900943548,0.0,0.0,
Fra_162,12,0.0,35.072310926080476,0.0,0.0,-37.53122424006679,72.60353516614727,0.0,0.0,
Fra_162,13,0.0,34.54768091138781,0.0,0.0,-35.70527145478017,70.25295236616796,1.4210854715202004e-14,0.0,
Fra_162,14,0.0,31.64597567165966,0.0,0.0,-36.31769165732444,67.9636673289841,0.0,0.0,
Fra_162,15,0.0,26.89087986483249,0.0,0.0,-38.970795353155,65.8616752179875,-1.4210854715202004e-14,0.0,
Fra_162,16,0.0,20.72020852136262,0.0,0.0,-43.96682904200022,64.68703756336285,-1.4210854715202004e-14,0.0,
Fra_162,17,0.0,13.940616565274317,0.0,0.0,-51.37080956610934,65.31142613138366,0.0,0.0,
Fra_162,18,0.0,9.098566226620743,0.0,0.0,-57.061295647518314,66.15986187413905,0.0,0.0,
Fra_162,19,0.0,7.761830257414162,0.0,0.0,-58.219348687057874,65.98117894447203,0.0,0.0,
Fra_162,20,0.0,7.298926879802247,0.0,0.0,-58.80145932506423,66.10038620486648,0.0,0.0,
Fra_162,21,0.0,6.997306012844465,0.0,0.0,-59.92521026217483,66.92251627501929,0.0,0.0,
Fra_162,22,0.0,6.84394462663251,0.0,0.0,-61.69296896557779,68.53691359221031,-1.4210854715202004e-14,0.0,
Fra_162,23,0.0,6.737739956808161,0.0,0.0,-58.8122171480494,65.54995710485757,-1.4210854715202004e-14,0.0,
Fra_162,24,0.0,6.641769890669808,0.0,0.0,-54.410602688934176,61.05237257960398,0.0,0.0,
Fra_163,1,0.0,4.592593991390508,0.0,0.0,-45.845329237919906,50.437923229310414,0.0,0.0,
Fra_163,2,0.0,4.476341493334877,0.0,0.0,-43.67906990956483,48.15541140289971,0.0,0.0,
Fra_163,3,0.0,4.415959794961541,0.0,0.0,-42.58366417979323,46.99962397475477,0.0,0.0,
Fra_163,4,0.0,4.441375605749383,0.0,0.0,-43.802231171601804,48.24360677735119,0.0,0.0,
Fra_163,5,0.0,4.798886075413337,0.0,0.0,-47.339354643183974,52.13824071859732,-7.105427357601002e-15,0.0,
Fra_163,6,0.0,6.2659569843853475,0.0,0.0,-50.78094234820481,57.04689933259016,0.0,0.0,
Fra_163,7,0.0,9.570531647014144,0.0,0.0,-50.96969875293304,60.540230399947184,0.0,0.0,
Fra_163,8,0.0,14.331381084644846,0.0,0.0,-48.12260864015481,62.453989724799655,0.0,0.0,
Fra_163,9,0.0,19.276586804567494,0.0,0.0,-44.013033155428786,63.28961995999628,0.0,0.0,
Fra_163,10,0.0,23.312000197751264,0.0,0.0,-40.263388479439925,63.57538867719119,-7.105427357601002e-15,0.0,
Fra_163,11,0.0,25.683318720102108,0.0,0.0,-38.08580494898454,63.769123669086646,0.0,0.0,
Fra_163,12,0.0,26.62691198960251,0.0,0.0,-36.35355855065956,62.98047054026207,0.0,0.0,
Fra_163,13,0.0,26.20911291539197,0.0,0.0,-34.7323272877417,60.941440203133666,0.0,0.0,
Fra_163,14,0.0,23.966488551016752,0.0,0.0,-34.989094510137846,58.9555830611546,0.0,0.0,
Fra_163,15,0.0,20.30156457243253,0.0,0.0,-36.83062997300402,57.13219454543655,0.0,0.0,
Fra_163,16,0.0,15.549843516273702,0.0,0.0,-40.56340295682345,56.11324647309716,-7.105427357601002e-15,0.0,
Fra_163,17,0.0,10.33886647132076,0.0,0.0,-46.31601045715191,56.65487692847267,7.105427357601002e-15,0.0,
Fra_163,18,0.0,6.628929444097977,0.0,0.0,-50.761929309221514,57.390858753319485,7.105427357601002e-15,0.0,
Fra_163,19,0.0,5.621021272567606,0.0,0.0,-51.61483765929432,57.23585893186192,0.0,0.0,
Fra_163,20,0.0,5.285220542180475,0.0,0.0,-52.05404560441661,57.339266146597076,7.105427357601002e-15,0.0,
Fra_163,21,0.0,5.066814079388408,0.0,0.0,-52.985614842892154,58.052428922280555,7.105427357601002e-15,0.0,
Fra_163,22,0.0,4.955763679496381,0.0,0.0,-54.49708606861519,59.45284974811157,0.0,0.0,
Fra_163,23,0.0,4.87885989461474,0.0,0.0,-51.98293248106631,56.86179237568105,0.0,0.0,
Fra_163,24,0.0,4.809367081035193,0.0,0.0,-48.150962520872454,52.96032960190765,-7.105427357601002e-15,0.0,
Fra_164,1,0.0,9.068197089736733,0.0,0.0,-171.93423402363135,181.00243111336812,-2.842170943040401e-14,0.0,
Fra_164,2,0.0,8.838653488338707,0.0,0.0,-163.97271496475577,172.81136845309447,0.0,0.0,
Fra_164,3,0.0,8.719428243849663,0.0,0.0,-159.94426082535355,168.6636890692032,0.0,0.0,
Fra_164,4,0.0,8.755357132261022,0.0,0.0,-164.37251081499574,173.12786794725676,0.0,0.0,
Fra_164,5,0.0,9.288391925674926,0.0,0.0,-177.81582886341602,187.10422078909093,0.0,0.0,
Fra_164,6,0.0,11.465683678114292,0.0,0.0,-193.25383698363217,204.71952066174646,0.0,0.0,
Fra_164,7,0.0,16.360951191151045,0.0,0.0,-200.89479965994698,217.25575085109804,-2.842170943040401e-14,0.0,
Fra_164,8,0.0,23.405188242476665,0.0,0.0,-200.7183134632577,224.12350170573433,2.842170943040401e-14,0.0,
Fra_164,9,0.0,30.76165358341472,0.0,0.0,-196.36060569199148,227.1222592754062,0.0,0.0,
Fra_164,10,0.0,36.840093042150116,0.0,0.0,-191.30768094989634,228.14777399204644,0.0,0.0,
Fra_164,11,0.0,40.473589852501306,0.0,0.0,-188.36942498769386,228.84301484019517,0.0,0.0,
Fra_164,12,0.0,41.98912535437765,0.0,0.0,-184.023714798144,226.01284015252168,-2.842170943040401e-14,0.0,
Fra_164,13,0.0,41.49025938139804,0.0,0.0,-177.20528012699884,218.69553950839685,2.842170943040401e-14,0.0,
Fra_164,14,0.0,38.279052447004936,0.0,0.0,-173.29000469398994,211.56905714099486,2.842170943040401e-14,0.0,
Fra_164,15,0.0,32.94970255262258,0.0,0.0,-172.07591003161122,205.02561258423378,0.0,0.0,
Fra_164,16,0.0,26.005736915143533,0.0,0.0,-175.36326043865722,201.36899735380075,0.0,0.0,
Fra_164,17,0.0,18.312636488331552,0.0,0.0,-185.00006558031833,203.31270206864983,5.684341886080802e-14,0.0,
Fra_164,18,0.0,12.7399924831858,0.0,0.0,-193.21386709202676,205.95385957521256,0.0,0.0,
Fra_164,19,0.0,11.09362288850493,0.0,0.0,-194.30400156222782,205.39762445073276,0.0,0.0,
Fra_164,20,0.0,10.435806350194413,0.0,0.0,-195.3329070761219,205.7687134263163,0.0,0.0,
Fra_164,21,0.0,10.004557070596967,0.0,0.0,-198.32342501536263,208.3279820859596,0.0,0.0,
Fra_164,22,0.0,9.785285148236142,0.0,0.0,-203.5682720968113,213.35355724504745,0.0,0.0,
Fra_164,23,0.0,9.63343661131762,0.0,0.0,-194.42180592255627,204.0552425338739,0.0,0.0,
Fra_164,24,0.0,9.496221231285983,0.0,0.0,-180.55816239051998,190.05438362180598,-2.842170943040401e-14,0.0,
Fra_165,1,0.0,7.159450538186063,0.0,0.0,-121.738713723096,128.89816426128206,0.0,0.0,
Fra_165,2,0.0,6.978223107385487,0.0,0.0,-116.086798837719,123.06502194510446,2.842170943040401e-14,0.0,
Fra_165,3,0.0,6.884093344613951,0.0,0.0,-113.22722098872319,120.11131433333713,0.0,0.0,
Fra_165,4,0.0,6.924833498081264,0.0,0.0,-116.36557881076695,123.2904123088482,1.4210854715202004e-14,0.0,
Fra_165,5,0.0,7.495733084023404,0.0,0.0,-125.74772909989541,133.2434621839188,0.0,0.0,
Fra_165,6,0.0,9.839251656079597,0.0,0.0,-135.94868190610015,145.78793356217972,2.842170943040401e-14,0.0,
Fra_165,7,0.0,15.118735863408974,0.0,0.0,-139.59668584478462,154.7154217081936,0.0,0.0,
Fra_165,8,0.0,22.72545835573614,0.0,0.0,-136.88072903069303,159.6061873864292,-2.842170943040401e-14,0.0,
Fra_165,9,0.0,30.623641805783567,0.0,0.0,-131.1180657690636,161.74170757484717,0.0,0.0,
Fra_165,10,0.0,37.06284237645638,0.0,0.0,-125.40917010968262,162.472012486139,0.0,0.0,
Fra_165,11,0.0,40.84185232606254,0.0,0.0,-122.12526549371529,162.96711781977785,-2.842170943040401e-14,0.0,
Fra_165,12,0.0,42.34012139812491,0.0,0.0,-118.61153000202584,160.95165140015075,0.0,0.0,
Fra_165,13,0.0,41.66320913040727,0.0,0.0,-114.07753645718657,155.74074558759384,0.0,0.0,
Fra_165,14,0.0,38.07161880370804,0.0,0.0,-112.59410934269367,150.66572814640173,-2.842170943040401e-14,0.0,
Fra_165,15,0.0,32.20860100263778,0.0,0.0,-113.79731132734707,146.00591232998485,0.0,0.0,
Fra_165,16,0.0,24.609651892885946,0.0,0.0,-118.79225679077521,143.4019086836612,-2.842170943040401e-14,0.0,
Fra_165,17,0.0,16.28238423826411,0.0,0.0,-128.50370458081812,144.78608881908224,0.0,0.0,
Fra_165,18,0.0,10.361317648260119,0.0,0.0,-136.30563184228794,146.66694949054806,0.0,0.0,
Fra_165,19,0.0,8.763088967385372,0.0,0.0,-137.5077460289978,146.27083499638317,-2.842170943040401e-14,0.0,
Fra_165,20,0.0,8.239194478345205,0.0,0.0,-138.2959059615245,146.53510043986972,0.0,0.0,
Fra_165,21,0.0,7.898717991525052,0.0,0.0,-140.45892720672327,148.3576451982483,2.842170943040401e-14,0.0,
Fra_165,22,0.0,7.725600174717556,0.0,0.0,-144.2109329333721,151.93653310808966,0.0,0.0,
Fra_165,23,0.0,7.605713930670822,0.0,0.0,-137.70916393432844,145.31487786499926,0.0,0.0,
Fra_165,24,0.0,7.497380739773727,0.0,0.0,-127.84699562010248,135.3443763598762,0.0,0.0,
Fra_166,1,0.0,486.3464931168875,0.0,0.0,416.25836293543045,70.08813018145705,-2.842170943040401e-14,0.0,
Fra_166,2,0.0,477.38901126691593,0.0,0.0,410.4726410586617,66.9163702082545,-2.5579538487363607e-13,0.0,
Fra_166,3,0.0,459.87455372773843,0.0,0.0,394.5642563817154,65.31029734602295,9.947598300641403e-14,0.0,
Fra_166,4,0.0,456.704075580476,0.0,0.0,389.6651497932012,67.03892578727496,-1.4210854715202004e-13,0.0,
Fra_166,5,0.0,485.14032780865784,0.0,0.0,412.68945019612323,72.45087761253475,-1.4210854715202004e-13,0.0,
Fra_166,6,0.0,489.52530906438056,0.0,0.0,410.25339914268983,79.27190992169085,-1.1368683772161603e-13,0.0,
Fra_166,7,0.0,531.9515694175423,0.0,0.0,447.82535489844156,84.12621451910071,-1.4210854715202004e-14,0.0,
Fra_166,8,0.0,559.2770301312778,0.0,0.0,472.4914711326984,86.78555899857942,-1.4210854715202004e-14,0.0,
Fra_166,9,0.0,630.1265133553015,0.0,0.0,542.1797693404052,87.94674401489644,-8.526512829121202e-14,0.0,
Fra_166,10,0.0,561.6835588943237,0.0,0.0,473.3397129812884,88.34384591303535,-5.684341886080802e-14,0.0,
Fra_166,11,0.0,660.2455379495341,0.0,0.0,571.6324794586744,88.61305849085977,-1.1368683772161603e-13,0.0,
Fra_166,12,0.0,554.5888138384888,0.0,0.0,467.0716613568786,87.51715248161017,2.842170943040401e-14,0.0,
Fra_166,13,0.0,607.0014019593522,0.0,0.0,522.3176695426972,84.68373241665503,-8.526512829121202e-14,0.0,
Fra_166,14,0.0,489.6209815547554,0.0,0.0,407.69678016113676,81.92420139361873,-7.105427357601002e-14,0.0,
Fra_166,15,0.0,513.2335203545563,0.0,0.0,433.84308489495515,79.39043545960115,-2.842170943040401e-14,0.0,
Fra_166,16,0.0,496.62774555714674,0.0,0.0,418.65323209769576,77.97451345945095,2.842170943040401e-14,0.0,
Fra_166,17,0.0,495.29787028817424,0.0,0.0,416.57071152859845,78.72715875957584,-5.684341886080802e-14,0.0,
Fra_166,18,0.0,527.6600289639302,0.0,0.0,447.910155813111,79.74987315081933,-5.684341886080802e-14,0.0,
Fra_166,19,0.0,520.6518769062023,0.0,0.0,441.11739025365404,79.53448665254837,-5.684341886080802e-14,0.0,
Fra_166,20,0.0,451.6198824847528,0.0,0.0,371.9417020029579,79.67818048179484,2.842170943040401e-14,0.0,
Fra_166,21,0.0,485.4515532574589,0.0,0.0,404.78236755057924,80.66918570687966,0.0,0.0,
Fra_166,22,0.0,474.7391611492573,0.0,0.0,392.1239619892973,82.61519915995993,8.526512829121202e-14,0.0,
Fra_166,23,0.0,471.07717301763535,0.0,0.0,392.06248622613475,79.0146867915006,0.0,0.0,
Fra_166,24,0.0,459.417715814371,0.0,0.0,385.8244701385791,73.59324567579196,-8.526512829121202e-14,0.0,
Fra_167,1,0.0,4.607500153632822,0.0,0.0,-139.18161835148118,143.78911850511398,2.842170943040401e-14,0.0,
Fra_167,2,0.0,4.490870335352423,0.0,0.0,-132.79123236728756,137.28210270263997,0.0,0.0,
Fra_167,3,0.0,4.430292656364623,0.0,0.0,-129.5568755043298,133.9871681606944,2.842170943040401e-14,0.0,
Fra_167,4,0.0,4.4540390410280954,0.0,0.0,-133.0794922363165,137.53353127734462,-2.842170943040401e-14,0.0,
Fra_167,5,0.0,4.791463752782823,0.0,0.0,-143.8449430090633,148.6364067618461,0.0,0.0,
Fra_167,6,0.0,6.174875372518369,0.0,0.0,-156.45520222188105,162.63007759439944,-2.842170943040401e-14,0.0,
Fra_167,7,0.0,9.28989193838741,0.0,0.0,-163.2990214418974,172.5889133802848,0.0,0.0,
Fra_167,8,0.0,13.776628067221917,0.0,0.0,-164.26805646169672,178.04468452891862,0.0,0.0,
Fra_167,9,0.0,18.441954305072514,0.0,0.0,-161.9849562796033,180.4269105846758,0.0,0.0,
Fra_167,10,0.0,22.25824246590431,0.0,0.0,-158.9833414699121,181.24158393581638,2.842170943040401e-14,0.0,
Fra_167,11,0.0,24.508372439497364,0.0,0.0,-157.28551384987935,181.7938862893767,0.0,0.0,
Fra_167,12,0.0,25.41230795780639,0.0,0.0,-154.13327525048533,179.5455832082917,0.0,0.0,
Fra_167,13,0.0,25.033227882426893,0.0,0.0,-148.6994598692474,173.7326877516743,0.0,0.0,
Fra_167,14,0.0,22.932878396730324,0.0,0.0,-145.13850076727556,168.07137916400586,2.842170943040401e-14,0.0,
Fra_167,15,0.0,19.490438787735048,0.0,0.0,-143.3827995611651,162.87323834890014,0.0,0.0,
Fra_167,16,0.0,15.022968514499913,0.0,0.0,-144.94543879173304,159.96840730623296,0.0,0.0,
Fra_167,17,0.0,10.11412965808113,0.0,0.0,-151.39836512732683,161.51249478540794,2.842170943040401e-14,0.0,
Fra_167,18,0.0,6.607553964206609,0.0,0.0,-157.00308783152494,163.61064179573157,-2.842170943040401e-14,0.0,
Fra_167,19,0.0,5.638622553020454,0.0,0.0,-157.53014364060698,163.16876619362742,2.842170943040401e-14,0.0,
Fra_167,20,0.0,5.302374759391018,0.0,0.0,-158.16118613040652,163.46356088979755,0.0,0.0,
Fra_167,21,0.0,5.083259415697384,0.0,0.0,-160.4133956282742,165.49665504397157,2.842170943040401e-14,0.0,
Fra_167,22,0.0,4.971848580007861,0.0,0.0,-164.51714522793225,169.4889938079401,2.842170943040401e-14,0.0,
Fra_167,23,0.0,4.894695188847797,0.0,0.0,-157.20767697164396,162.10237216049177,0.0,0.0,
Fra_167,24,0.0,4.824976822746988,0.0,0.0,-146.15505212446607,150.98002894721307,-2.842170943040401e-14,0.0,
Fra_168,1,0.0,91.60418025247378,0.0,0.0,73.17535225519131,18.42882799728247,0.0,0.0,
Fra_168,2,0.0,91.72369017158074,0.0,0.0,74.12883818198293,17.594851989597803,1.0658141036401503e-14,0.0,
Fra_168,3,0.0,91.57041979795942,0.0,0.0,74.39786528516032,17.172554512799096,0.0,0.0,
Fra_168,4,0.0,91.69352719088033,0.0,0.0,74.06645069079798,17.62707650008236,-7.105427357601002e-15,0.0,
Fra_168,5,0.0,91.87106225541918,0.0,0.0,72.8209783351206,19.05008392029855,2.4868995751603507e-14,0.0,
Fra_168,6,0.0,92.41739099685188,0.0,0.0,71.57379894808847,20.843592048763377,3.552713678800501e-14,0.0,
Fra_168,7,0.0,93.55567708665136,0.0,0.0,71.43570422646562,22.119972860185733,7.105427357601002e-15,0.0,
Fra_168,8,0.0,96.49865359161348,0.0,0.0,73.67943819391174,22.819215397701758,-1.7763568394002505e-14,0.0,
Fra_168,9,0.0,99.57078205203337,0.0,0.0,76.44624706764374,23.124534984389623,3.552713678800501e-15,0.0,
Fra_168,10,0.0,101.73364556537268,0.0,0.0,78.50469742915192,23.22894813622076,3.552713678800501e-15,0.0,
Fra_168,11,0.0,102.77337161797925,0.0,0.0,79.47363728331679,23.299734334662443,1.7763568394002505e-14,0.0,
Fra_168,12,0.0,102.86366692597063,0.0,0.0,79.8520878508844,23.01157907508623,0.0,0.0,
Fra_168,13,0.0,102.26197215708241,0.0,0.0,79.9954066939433,22.266565463139113,3.552713678800501e-15,0.0,
Fra_168,14,0.0,101.87047857245241,0.0,0.0,80.32949848939174,21.540980083060653,2.1316282072803006e-14,0.0,
Fra_168,15,0.0,100.77369683758869,0.0,0.0,79.89893992901557,20.87475690857315,-3.197442310920451e-14,0.0,
Fra_168,16,0.0,99.09507342010926,0.0,0.0,78.59261611391929,20.50245730618998,-1.4210854715202004e-14,0.0,
Fra_168,17,0.0,97.89647486765686,0.0,0.0,77.19611856283396,20.70035630482291,-7.105427357601002e-15,0.0,
Fra_168,18,0.0,96.25980626003174,0.0,0.0,75.29053954830005,20.9692667117317,-7.105427357601002e-15,0.0,
Fra_168,19,0.0,95.63353062708049,0.0,0.0,74.720897195753,20.912633431327496,-3.552713678800501e-15,0.0,
Fra_168,20,0.0,96.06999223833166,0.0,0.0,75.11957624872221,20.950415989609454,0.0,0.0,
Fra_168,21,0.0,96.29655463094427,0.0,0.0,75.08556577699656,21.21098885394773,-1.7763568394002505e-14,0.0,
Fra_168,22,0.0,96.8871130728408,0.0,0.0,75.16444346618407,21.722669606656723,1.4210854715202004e-14,0.0,
Fra_168,23,0.0,97.41237537882209,0.0,0.0,76.63641704793544,20.775958330886667,-1.4210854715202004e-14,0.0,
Fra_168,24,0.0,97.96504842084877,0.0,0.0,78.61459260458363,19.350455816265118,2.1316282072803006e-14,0.0,
Fra_169,1,0.0,196.08266144496915,0.0,0.0,-207.44135046779473,403.52401191276385,0.0,0.0,
Fra_169,2,0.0,196.35512056270196,0.0,0.0,-188.90786332866355,385.2629838913655,0.0,0.0,
Fra_169,3,0.0,196.03421331822065,0.0,0.0,-179.981998500413,376.0162118186337,0.0,0.0,
Fra_169,4,0.0,196.29422688725322,0.0,0.0,-189.67435606633006,385.9685829535833,0.0,0.0,
Fra_169,5,0.0,196.61607682712932,0.0,0.0,-220.51117032756008,417.12724715468937,0.0,0.0,
Fra_169,6,0.0,197.54493932747837,0.0,0.0,-258.85358408541913,456.3985234128975,0.0,0.0,
Fra_169,7,0.0,199.43839637483634,0.0,0.0,-284.9082041393053,484.3466005141417,-5.684341886080802e-14,0.0,
Fra_169,8,0.0,204.96391794026516,0.0,0.0,-294.69353978520525,499.6574577254704,0.0,0.0,
Fra_169,9,0.0,210.73846877901238,0.0,0.0,-295.60437255055933,506.3428413295717,0.0,0.0,
Fra_169,10,0.0,214.71647055249932,0.0,0.0,-293.91263737685665,508.62910792935594,5.684341886080802e-14,0.0,
Fra_169,11,0.0,216.56133224653695,0.0,0.0,-293.617734843947,510.17906709048395,0.0,0.0,
Fra_169,12,0.0,216.6052288840124,0.0,0.0,-287.26429066415886,503.8695195481713,0.0,0.0,
Fra_169,13,0.0,215.3902510663121,0.0,0.0,-272.1661919440104,487.5564430103224,5.684341886080802e-14,0.0,
Fra_169,14,0.0,214.93028072322412,0.0,0.0,-256.73849305508406,471.6687737783082,-5.684341886080802e-14,0.0,
Fra_169,15,0.0,213.1921958251692,0.0,0.0,-243.88872417111355,457.08091999628266,1.1368683772161603e-13,0.0,
Fra_169,16,0.0,210.38555850015447,0.0,0.0,-238.54336022891056,448.92891872906506,-5.684341886080802e-14,0.0,
Fra_169,17,0.0,208.68200521390818,0.0,0.0,-244.58017865245438,453.2621838663626,-5.684341886080802e-14,0.0,
Fra_169,18,0.0,205.78114678462106,0.0,0.0,-253.36919265283532,459.1503394374564,0.0,0.0,
Fra_169,19,0.0,204.59482108024537,0.0,0.0,-253.31545639994204,457.9102774801874,0.0,0.0,
Fra_169,20,0.0,205.57810686944697,0.0,0.0,-253.15947061595568,458.7375774854027,-5.684341886080802e-14,0.0,
Fra_169,21,0.0,206.09435492327034,0.0,0.0,-258.34881640830025,464.44317133157057,5.684341886080802e-14,0.0,
Fra_169,22,0.0,207.37762051971518,0.0,0.0,-268.2694901064281,475.64711062614333,0.0,0.0,
Fra_169,23,0.0,208.5160223370472,0.0,0.0,-246.4015697229607,454.9175920600079,0.0,0.0,
Fra_169,24,0.0,209.7122761306108,0.0,0.0,-213.99201827549072,423.70429440610155,0.0,0.0,
Fra_170,1,0.0,204.33839941995876,0.0,0.0,190.54220292821105,13.796196491747697,1.0658141036401503e-14,0.0,
Fra_170,2,0.0,204.6842090419344,0.0,0.0,191.51234399834598,13.171865043588454,-4.263256414560601e-14,0.0,
Fra_170,3,0.0,204.37646557836973,0.0,0.0,191.5207410386019,12.855724539767849,-1.4210854715202004e-14,0.0,
Fra_170,4,0.0,204.64361967869493,0.0,0.0,191.44763070934397,13.195988969350905,5.861977570020827e-14,0.0,
Fra_170,5,0.0,204.87452253654095,0.0,0.0,190.61324119040887,14.261281346132133,-5.3290705182007514e-14,0.0,
Fra_170,6,0.0,205.41324008002348,0.0,0.0,189.80930197061286,15.603938109410631,-1.0658141036401503e-14,0.0,
Fra_170,7,0.0,206.4209622220706,0.0,0.0,189.86149940564795,16.559462816422702,-3.552713678800501e-14,0.0,
Fra_170,8,0.0,210.8247335026773,0.0,0.0,193.74180346173105,17.082930040946252,0.0,0.0,
Fra_170,9,0.0,215.41953506013473,0.0,0.0,198.10803654965005,17.31149851048464,4.263256414560601e-14,0.0,
Fra_170,10,0.0,218.36381052955556,0.0,0.0,200.9741462041207,17.389664325434858,7.105427357601002e-15,0.0,
Fra_170,11,0.0,219.5489535980696,0.0,0.0,202.10629728080818,17.44265631726143,-7.105427357601002e-15,0.0,
Fra_170,12,0.0,219.26405396087983,0.0,0.0,202.03711654781733,17.226937413062522,-2.1316282072803006e-14,0.0,
Fra_170,13,0.0,218.05839492854636,0.0,0.0,201.38918989982025,16.669205028726154,-4.263256414560601e-14,0.0,
Fra_170,14,0.0,218.19774924147796,0.0,0.0,202.0717322264756,16.126017015002333,2.842170943040401e-14,0.0,
Fra_170,15,0.0,217.41990977858686,0.0,0.0,201.79264101952035,15.62726875906653,-1.9539925233402755e-14,0.0,
Fra_170,16,0.0,215.84272538588752,0.0,0.0,200.49416770215555,15.348557683731997,-2.842170943040401e-14,0.0,
Fra_170,17,0.0,215.5940847636149,0.0,0.0,200.09737585338806,15.496708910226843,-1.4210854715202004e-14,0.0,
Fra_170,18,0.0,213.67787835752128,0.0,0.0,197.97985763229804,15.698020725223248,-3.552713678800501e-15,0.0,
Fra_170,19,0.0,212.79280200638036,0.0,0.0,197.1371781098943,15.65562389648602,2.842170943040401e-14,0.0,
Fra_170,20,0.0,213.99636629363084,0.0,0.0,198.31245760344575,15.683908690185092,0.0,0.0,
Fra_170,21,0.0,214.65065552883507,0.0,0.0,198.77167667806475,15.87897885077037,-4.618527782440651e-14,0.0,
Fra_170,22,0.0,216.0591510080329,0.0,0.0,199.79711751013798,16.26203349789495,-3.197442310920451e-14,0.0,
Fra_170,23,0.0,217.29774161066337,0.0,0.0,201.74443548183402,15.55330612882933,1.7763568394002505e-14,0.0,
Fra_170,24,0.0,218.59356420570322,0.0,0.0,204.10741833221397,14.4861458734892,4.973799150320701e-14,0.0,
Fra_171,1,0.0,4.432802645918446,0.0,0.0,-63.383809046537344,67.8166116924558,0.0,0.0,
Fra_171,2,0.0,4.320594951978665,0.0,0.0,-60.42705179694868,64.74764674892735,0.0,0.0,
Fra_171,3,0.0,4.26231413011282,0.0,0.0,-58.93131171162582,63.19362584173864,0.0,0.0,
Fra_171,4,0.0,4.287783614828051,0.0,0.0,-60.578446752918296,64.86623036774634,0.0,0.0,
Fra_171,5,0.0,4.6442302565169955,0.0,0.0,-65.45855349739776,70.10278375391475,0.0,0.0,
Fra_171,6,0.0,6.107597356263278,0.0,0.0,-70.59515272938445,76.70275008564772,1.4210854715202004e-14,0.0,
Fra_171,7,0.0,9.40442653497556,0.0,0.0,-71.9953027548134,81.39972928978897,-1.4210854715202004e-14,0.0,
Fra_171,8,0.0,14.154663226417458,0.0,0.0,-69.81822262289685,83.97288584931431,0.0,0.0,
Fra_171,9,0.0,19.08624940202229,0.0,0.0,-66.01018808365032,85.0964374856726,1.4210854715202004e-14,0.0,
Fra_171,10,0.0,23.105589228678056,0.0,0.0,-62.375080296837865,85.48066952551592,0.0,0.0,
Fra_171,11,0.0,25.46340664015299,0.0,0.0,-60.27775042877114,85.74115706892414,0.0,0.0,
Fra_171,12,0.0,26.397041606192467,0.0,0.0,-58.283727176037566,84.68076878223003,0.0,0.0,
Fra_171,13,0.0,25.972323036522155,0.0,0.0,-55.96685529652347,81.93917833304563,-1.4210854715202004e-14,0.0,
Fra_171,14,0.0,23.727656156256383,0.0,0.0,-55.541426065535745,79.26908222179213,0.0,0.0,
Fra_171,15,0.0,20.064760546444784,0.0,0.0,-56.75267372837009,76.81743427481489,-1.4210854715202004e-14,0.0,
Fra_171,16,0.0,15.317922912256186,0.0,0.0,-60.12947863059124,75.44740154284743,-1.4210854715202004e-14,0.0,
Fra_171,17,0.0,10.117433361973188,0.0,0.0,-66.0582206528488,76.175654014822,-1.4210854715202004e-14,0.0,
Fra_171,18,0.0,6.42125106402429,0.0,0.0,-70.74397172034088,77.16522278436517,0.0,0.0,
Fra_171,19,0.0,5.425791759969435,0.0,0.0,-71.53102508634,76.95681684630944,0.0,0.0,
Fra_171,20,0.0,5.101330456722279,0.0,0.0,-71.99452317934573,77.095853636068,1.4210854715202004e-14,0.0,
Fra_171,21,0.0,4.890523068138548,0.0,0.0,-73.16421784828313,78.05474091642168,0.0,0.0,
Fra_171,22,0.0,4.78333647437596,0.0,0.0,-75.15434864892019,79.93768512329615,0.0,0.0,
Fra_171,23,0.0,4.709108423356527,0.0,0.0,-71.7447549949872,76.45386341834373,0.0,0.0,
Fra_171,24,0.0,4.6420334917415795,0.0,0.0,-66.56609479276922,71.2081282845108,0.0,0.0,
Fra_172,1,0.0,7.898680275418501,0.0,0.0,-260.80010622175354,268.6987864971721,-5.684341886080802e-14,0.0,
Fra_172,2,0.0,7.698740695503202,0.0,0.0,-248.84038262256328,256.53912331806646,0.0,0.0,
Fra_172,3,0.0,7.594891818195121,0.0,0.0,-242.7869859293249,250.38187774752,2.842170943040401e-14,0.0,
Fra_172,4,0.0,7.637399696682879,0.0,0.0,-249.3715683051553,257.0089680018382,0.0,0.0,
Fra_172,5,0.0,8.237669918249713,0.0,0.0,-269.5192461921141,277.7569161103638,0.0,0.0,
Fra_172,6,0.0,10.700074171701736,0.0,0.0,-293.206820535368,303.9068947070698,-5.684341886080802e-14,0.0,
Fra_172,7,0.0,16.245868636388582,0.0,0.0,-306.27110671107994,322.5169753474685,5.684341886080802e-14,0.0,
Fra_172,8,0.0,24.234907684128462,0.0,0.0,-308.4772695136946,332.71217719782305,0.0,0.0,
Fra_172,9,0.0,32.53664183326986,0.0,0.0,-304.6272022013669,337.1638440346368,0.0,0.0,
Fra_172,10,0.0,39.31743447616938,0.0,0.0,-299.36878999391934,338.6862244700887,5.684341886080802e-14,0.0,
Fra_172,11,0.0,43.307219005700404,0.0,0.0,-296.41109310581794,339.71831211151834,0.0,0.0,
Fra_172,12,0.0,44.900718139315956,0.0,0.0,-290.61618905473705,335.516907194053,5.684341886080802e-14,0.0,
Fra_172,13,0.0,44.209700323173415,0.0,0.0,-280.44464667532156,324.654346998495,0.0,0.0,
Fra_172,14,0.0,40.45545906391712,0.0,0.0,-273.6195981850658,314.07505724898294,0.0,0.0,
Fra_172,15,0.0,34.31334357892092,0.0,0.0,-270.04794573281265,304.3612893117336,0.0,0.0,
Fra_172,16,0.0,26.346951344919063,0.0,0.0,-272.5860789701768,298.93303031509583,0.0,0.0,
Fra_172,17,0.0,17.604015514038018,0.0,0.0,-284.2144517257236,301.8184672397616,0.0,0.0,
Fra_172,18,0.0,11.371440377222221,0.0,0.0,-294.3678350671364,305.7392754443586,0.0,0.0,
Fra_172,19,0.0,9.667003179025553,0.0,0.0,-295.2465391410017,304.9135423200272,0.0,0.0,
Fra_172,20,0.0,9.089910261176385,0.0,0.0,-296.37451503212606,305.4644252933024,5.684341886080802e-14,0.0,
Fra_172,21,0.0,8.714278793880643,0.0,0.0,-300.54939040424915,309.2636691981298,0.0,0.0,
Fra_172,22,0.0,8.523286164258073,0.0,0.0,-308.20086816874516,316.72415433300324,0.0,0.0,
Fra_172,23,0.0,8.391021389734487,0.0,0.0,-294.5297499500521,302.9207713397866,0.0,0.0,
Fra_172,24,0.0,8.271502547674181,0.0,0.0,-273.86494133059614,282.13644387827037,-5.684341886080802e-14,0.0,
Fra_173,1,0.0,34.452815804136854,0.0,0.0,-83.19346466332742,117.64628046746427,0.0,0.0,
Fra_173,2,0.0,34.40202911670194,0.0,0.0,-77.92030045612735,112.32232957282929,0.0,0.0,
Fra_173,3,0.0,34.303113525512295,0.0,0.0,-75.32334589195555,109.62645941746786,0.0,0.0,
Fra_173,4,0.0,34.372450884508986,0.0,0.0,-78.15559409241176,112.52804497692074,0.0,0.0,
Fra_173,5,0.0,34.808833237187145,0.0,0.0,-86.8034318589253,121.61226509611244,0.0,0.0,
Fra_173,6,0.0,36.543807387137626,0.0,0.0,-96.51788684972993,133.0616942368676,-2.842170943040401e-14,0.0,
Fra_173,7,0.0,40.42580953639382,0.0,0.0,-100.78406726238313,141.20987679877695,0.0,0.0,
Fra_173,8,0.0,46.46211419261435,0.0,0.0,-99.21159957373983,145.67371376635418,0.0,0.0,
Fra_173,9,0.0,52.715237703012924,0.0,0.0,-94.90758067992283,147.62281838293575,0.0,0.0,
Fra_173,10,0.0,57.65992969712639,0.0,0.0,-90.62944322452604,148.28937292165242,2.842170943040401e-14,0.0,
Fra_173,11,0.0,60.453234111130776,0.0,0.0,-88.28802500514692,148.7412591162777,0.0,0.0,
Fra_173,12,0.0,61.41685411615344,0.0,0.0,-85.48487432073017,146.90172843688362,0.0,0.0,
Fra_173,13,0.0,60.70477406260421,0.0,0.0,-81.44092320636497,142.14569726896917,0.0,0.0,
Fra_173,14,0.0,58.13663537973982,0.0,0.0,-79.37705701402028,137.5136923937601,0.0,0.0,
Fra_173,15,0.0,53.83138641490172,0.0,0.0,-79.42925860920259,133.26064502410432,0.0,0.0,
Fra_173,16,0.0,48.18216135670193,0.0,0.0,-82.70179083341671,130.88395219011863,0.0,0.0,
Fra_173,17,0.0,42.24685987044341,0.0,0.0,-89.90044347259895,132.14730334304235,0.0,0.0,
Fra_173,18,0.0,37.81078355992255,0.0,0.0,-96.05319482922022,133.86397838914274,2.842170943040401e-14,0.0,
Fra_173,19,0.0,36.618401984629116,0.0,0.0,-96.8840398601817,133.50244184481082,0.0,0.0,
Fra_173,20,0.0,36.49951691675879,0.0,0.0,-97.2441218966858,133.7436388134446,0.0,0.0,
Fra_173,21,0.0,36.40478855739878,0.0,0.0,-99.0022999493563,135.4070885067551,0.0,0.0,
Fra_173,22,0.0,36.51674484759503,0.0,0.0,-102.15682036358652,138.67356521118154,0.0,0.0,
Fra_173,23,0.0,36.63344842938333,0.0,0.0,-95.99648447444916,132.6299329038325,0.0,0.0,
Fra_173,24,0.0,36.76518897255002,0.0,0.0,-86.76459558397724,123.52978455652728,-1.4210854715202004e-14,0.0,
Fra_174,1,0.0,13.51228831042432,0.0,0.0,-61.728923761520804,75.24121207194513,0.0,0.0,
Fra_174,2,0.0,13.17025126698449,0.0,0.0,-58.666003871922406,71.83625513890689,0.0,0.0,
Fra_174,3,0.0,12.992596782694545,0.0,0.0,-57.1195023754878,70.11209915818233,1.4210854715202004e-14,0.0,
Fra_174,4,0.0,13.032789585342835,0.0,0.0,-58.93503177294821,71.96782135829105,0.0,0.0,
Fra_174,5,0.0,13.665224736894503,0.0,0.0,-64.11245078576479,77.77767552265931,-1.4210854715202004e-14,0.0,
Fra_174,6,0.0,16.236071536872686,0.0,0.0,-68.86413830356736,85.10020984044003,1.4210854715202004e-14,0.0,
Fra_174,7,0.0,22.004874080864276,0.0,0.0,-68.30654286026348,90.31141694112776,0.0,0.0,
Fra_174,8,0.0,30.295764100963932,0.0,0.0,-62.87052001146341,93.16628411242735,0.0,0.0,
Fra_174,9,0.0,39.00342043896851,0.0,0.0,-55.40942236808054,94.41284280704905,1.4210854715202004e-14,0.0,
Fra_174,10,0.0,46.2919643347236,0.0,0.0,-48.54717644966753,94.83914078439112,1.4210854715202004e-14,0.0,
Fra_174,11,0.0,50.72445971479337,0.0,0.0,-44.4036869341868,95.12814664898016,0.0,0.0,
Fra_174,12,0.0,52.657330202381594,0.0,0.0,-41.29433626030474,93.95166646268632,1.4210854715202004e-14,0.0,
Fra_174,13,0.0,52.21922421911649,0.0,0.0,-38.690700946659085,90.90992516577558,0.0,0.0,
Fra_174,14,0.0,48.57339984602827,0.0,0.0,-39.37410560066172,87.94750544668997,2.842170943040401e-14,0.0,
Fra_174,15,0.0,42.41748171921543,0.0,0.0,-42.80996799922909,85.22744971844452,0.0,0.0,
Fra_174,16,0.0,34.35299245583041,0.0,0.0,-49.35443258490028,83.7074250407307,0.0,0.0,
Fra_174,17,0.0,25.319833995968057,0.0,0.0,-59.19557300254971,84.51540699851776,0.0,0.0,
Fra_174,18,0.0,18.65684704302286,0.0,0.0,-66.956467264498,85.61331430752087,0.0,0.0,
Fra_174,19,0.0,16.52542705929914,0.0,0.0,-68.85666491211599,85.38209197141512,0.0,0.0,
Fra_174,20,0.0,15.55012785454112,0.0,0.0,-69.9862227317318,85.53635058627293,-1.4210854715202004e-14,0.0,
Fra_174,21,0.0,14.907534344285526,0.0,0.0,-71.69268303529414,86.60021737957966,0.0,0.0,
Fra_174,22,0.0,14.580802866793292,0.0,0.0,-74.10850449905067,88.68930736584396,0.0,0.0,
Fra_174,23,0.0,14.354537249708128,0.0,0.0,-70.46953767261743,84.82407492232555,1.4210854715202004e-14,0.0,
Fra_174,24,0.0,14.150076125047486,0.0,0.0,-64.85395766240248,79.00403378744997,0.0,0.0,
Fra_175,1,0.0,286.06058168113674,0.0,0.0,260.705115534526,25.355466146610777,-2.4868995751603507e-14,0.0,
Fra_175,2,0.0,150.25466704895138,0.0,0.0,126.04663417552825,24.208032873423114,7.105427357601002e-15,0.0,
Fra_175,3,0.0,115.26120647777446,0.0,0.0,91.63419532631585,23.627011151458614,3.552713678800501e-15,0.0,
Fra_175,4,0.0,107.64576870471295,0.0,0.0,83.3933994532628,24.252369251450133,1.4210854715202004e-14,0.0,
Fra_175,5,0.0,165.78658896719193,0.0,0.0,139.57636235905107,26.210226608140857,0.0,0.0,
Fra_175,6,0.0,174.3729969058037,0.0,0.0,145.6951562615631,28.677840644240547,2.842170943040401e-14,0.0,
Fra_175,7,0.0,380.3820592859951,0.0,0.0,349.9480988028274,30.43396048316766,4.973799150320701e-14,0.0,
Fra_175,8,0.0,719.1712185641261,0.0,0.0,687.7751990454694,31.39601951865664,1.7763568394002505e-14,0.0,
Fra_175,9,0.0,1006.78052765608,0.0,0.0,974.9644314811488,31.816096174931413,-2.0961010704922955e-13,0.0,
Fra_175,10,0.0,836.6304751259942,0.0,0.0,804.670721191768,31.95975393422602,9.592326932761353e-14,0.0,
Fra_175,11,0.0,1046.1506938529565,0.0,0.0,1014.0935481009491,32.05714575200738,7.105427357601002e-15,0.0,
Fra_175,12,0.0,836.4585084501355,0.0,0.0,804.797823662994,31.660684787141363,9.947598300641403e-14,0.0,
Fra_175,13,0.0,865.2138068961286,0.0,0.0,834.5781556824338,30.63565121369464,1.7408297026122455e-13,0.0,
Fra_175,14,0.0,561.6092695769976,0.0,0.0,531.9719214319391,29.637348145058482,-1.4210854715202004e-14,0.0,
Fra_175,15,0.0,551.8852037305129,0.0,0.0,523.1644846380071,28.720719092505796,-3.552713678800501e-14,0.0,
Fra_175,16,0.0,431.8326173660819,0.0,0.0,403.62412997740523,28.208487388676602,4.263256414560601e-14,0.0,
Fra_175,17,0.0,435.2019117264999,0.0,0.0,406.7211432485958,28.480768477904054,1.0658141036401503e-14,0.0,
Fra_175,18,0.0,802.1371804877847,0.0,0.0,773.2864292459278,28.850751241856948,-7.815970093361102e-14,0.0,
Fra_175,19,0.0,1112.7919584274066,0.0,0.0,1084.0191265857559,28.77283184165028,4.334310688136611e-13,0.0,
Fra_175,20,0.0,805.2439162037389,0.0,0.0,776.4191008947953,28.824815308943574,1.0658141036401503e-14,0.0,
Fra_175,21,0.0,521.6014570457686,0.0,0.0,492.4181302546281,29.183326791140313,1.5987211554602254e-13,0.0,
Fra_175,22,0.0,389.78541985582655,0.0,0.0,359.8980925712692,29.887327284557387,-5.684341886080802e-14,0.0,
Fra_175,23,0.0,383.45069161606506,0.0,0.0,354.8659054213122,28.584786194752756,8.171241461241152e-14,0.0,
Fra_175,24,0.0,207.41353854603992,0.0,0.0,180.79004260570403,26.62349594033587,1.4210854715202004e-14,0.0,
Fra_176,1,3149.6140531852984,6.277629669538559,0.0,0.0,3109.4577970717874,46.43388578304866,1.1866063687193673e-12,0.0,
Fra_176,2,3146.7015043941024,6.118723802327107,0.0,0.0,3108.487656001653,44.33257219477581,9.237055564881302e-13,0.0,
Fra_176,3,3145.7116085493567,6.036187888654752,0.0,0.0,3108.479258961397,43.26853747661401,2.4868995751603507e-13,0.0,
Fra_176,4,3146.9063220341404,6.05981339588042,0.0,0.0,3108.5523692906554,44.413766139364974,6.608047442568932e-13,0.0,
Fra_176,5,3150.972286951363,6.413694654330882,0.0,0.0,3109.38675880959,47.99922279610369,1.3500311979441904e-13,0.0,
Fra_176,6,3154.6482728955084,7.858031495833534,0.0,0.0,3109.9880990750053,52.51820531633696,-2.984279490192421e-13,0.0,
Fra_176,7,3154.111326038623,11.104318942836262,0.0,0.0,3109.481428271343,55.734216710116335,1.3500311979441904e-13,0.0,
Fra_176,8,3147.979524011833,15.774723908103075,0.0,0.0,3106.258196538268,57.496051381667684,4.831690603168681e-13,0.0,
Fra_176,9,3139.5005634184527,20.656744762966206,0.0,0.0,3101.891963450349,58.26534473107018,-2.3447910280083306e-13,0.0,
Fra_176,10,3132.854909129479,24.69937223524406,0.0,0.0,3099.0258537958784,58.528427568844236,3.268496584496461e-13,0.0,
Fra_176,11,3129.4774918388284,27.122993700769673,0.0,0.0,3097.893702719191,58.70678282040673,4.405364961712621e-13,0.0,
Fra_176,12,3127.801875655651,28.141745074978783,0.0,0.0,3097.962883452182,57.98073727844825,-2.2026824808563106e-13,0.0,
Fra_176,13,3126.889466948923,27.824919442088916,0.0,0.0,3098.610810100179,56.10357629083307,1.2079226507921703e-13,0.0,
Fra_176,14,3126.4952879790894,25.708347114551202,0.0,0.0,3097.9282677735237,54.27536732011712,-2.6290081223123707e-13,0.0,
Fra_176,15,3128.618262349916,22.18582596053032,0.0,0.0,3098.2073589804786,52.59672932996742,3.126388037344441e-13,0.0,
Fra_176,16,3133.572473115292,17.592030095745052,0.0,0.0,3099.505832297844,51.658670913193234,-2.7000623958883807e-13,0.0,
Fra_176,17,3139.566503887761,12.493424047691324,0.0,0.0,3099.9026241466113,52.1573037888409,1.9184653865522705e-13,0.0,
Fra_176,18,3146.066030722888,8.7889710070258,0.0,0.0,3102.0201423677013,52.834859362213066,-3.836930773104541e-13,0.0,
Fra_176,19,3147.8756750093507,7.679311152742493,0.0,0.0,3102.862821890105,52.69216427198835,1.8474111129762605e-13,0.0,
Fra_176,20,3147.250522000812,7.224382853752166,0.0,0.0,3101.6875423965535,52.78736245801051,1.3500311979441904e-13,0.0,
Fra_176,21,3147.7463913604815,6.925842444255326,0.0,0.0,3101.228323321934,53.4439104828024,5.471179065352771e-13,0.0,
Fra_176,22,3148.1619934154305,6.774047339684101,0.0,0.0,3100.2028824898607,54.733158265253756,-7.815970093361102e-14,0.0,
Fra_176,23,3143.934430338048,6.668927339401508,0.0,0.0,3098.255564518165,52.347793159284265,0.0,0.0,
Fra_176,24,3138.0746940310987,6.573937416677118,0.0,0.0,3095.892581667785,48.756049779990356,1.0658141036401503e-13,0.0,
Fra_177,1,0.0,41.00208393565335,0.0,0.0,-43.01330427662765,84.01538821228101,0.0,0.0,
Fra_177,2,0.0,37.17036204187538,0.0,0.0,-43.04300370561907,80.21336574749444,1.4210854715202004e-14,0.0,
Fra_177,3,0.0,30.857537087858898,0.0,0.0,-47.43061201213404,78.28814909999295,-1.4210854715202004e-14,0.0,
Fra_177,4,0.0,29.546250103893872,0.0,0.0,-50.814024321608215,80.3602744255021,-1.4210854715202004e-14,0.0,
Fra_177,5,0.0,40.29116016316246,0.0,0.0,-46.556478562231575,86.84763872539405,-1.4210854715202004e-14,0.0,
Fra_177,6,0.0,43.81824676352142,0.0,0.0,-51.20583604703493,95.02408281055637,-1.4210854715202004e-14,0.0,
Fra_177,7,0.0,63.726568785496056,0.0,0.0,-37.116420652989575,100.84298943848563,0.0,0.0,
Fra_177,8,0.0,77.9511362837736,0.0,0.0,-26.079637709031626,104.03077399280524,-1.4210854715202004e-14,0.0,
Fra_177,9,0.0,108.24978748902295,0.0,0.0,2.8270886484641586,105.42269884055881,-1.4210854715202004e-14,0.0,
Fra_177,10,0.0,87.83135611477638,0.0,0.0,-18.067353000926012,105.8987091157024,-1.4210854715202004e-14,0.0,
Fra_177,11,0.0,126.84511831574575,0.0,0.0,20.623701215410463,106.22141710033532,-2.842170943040401e-14,0.0,
Fra_177,12,0.0,90.40693166735217,0.0,0.0,-14.500811226339291,104.90774289369146,0.0,0.0,
Fra_177,13,0.0,109.97595749530264,0.0,0.0,8.46466541445728,101.51129208084537,-1.4210854715202004e-14,0.0,
Fra_177,14,0.0,63.922744397579635,0.0,0.0,-34.28066845201802,98.20341284959764,1.4210854715202004e-14,0.0,
Fra_177,15,0.0,67.53557800309393,0.0,0.0,-27.630582632264176,95.1661606353581,1.4210854715202004e-14,0.0,
Fra_177,16,0.0,55.37893629394949,0.0,0.0,-38.08994355773034,93.46887985167983,-1.4210854715202004e-14,0.0,
Fra_177,17,0.0,46.91891263229809,0.0,0.0,-47.452171157658164,94.37108378995624,1.4210854715202004e-14,0.0,
Fra_177,18,0.0,54.04041812353045,0.0,0.0,-41.556604300944265,95.59702242447474,-2.842170943040401e-14,0.0,
Fra_177,19,0.0,50.17242568091635,0.0,0.0,-45.166410653830084,95.33883633474643,0.0,0.0,
Fra_177,20,0.0,23.274416340028235,0.0,0.0,-72.23666731843188,95.51108365846011,1.4210854715202004e-14,0.0,
Fra_177,21,0.0,34.49424638649715,0.0,0.0,-62.20476579124778,96.69901217774493,0.0,0.0,
Fra_177,22,0.0,29.26596467177213,0.0,0.0,-69.76575456069908,99.03171923247122,-1.4210854715202004e-14,0.0,
Fra_177,23,0.0,26.819895173912265,0.0,0.0,-67.89585153059929,94.71574670451155,1.4210854715202004e-14,0.0,
Fra_177,24,0.0,21.444620052384035,0.0,0.0,-66.77238743869665,88.2170074910807,0.0,0.0,
Fra_178,1,0.0,146.55396028381784,0.0,0.0,71.22265235604858,75.33130792776926,0.0,0.0,
Fra_178,2,0.0,129.09094851254085,0.0,0.0,57.16867470503844,71.92227380750239,1.4210854715202004e-14,0.0,
Fra_178,3,0.0,98.74154030410584,0.0,0.0,28.545487028182233,70.1960532759236,0.0,0.0,
Fra_178,4,0.0,92.17607951375209,0.0,0.0,20.122081945927413,72.05399756782465,1.4210854715202004e-14,0.0,
Fra_178,5,0.0,143.1387495026364,0.0,0.0,65.26794089443445,77.87080860820191,2.842170943040401e-14,0.0,
Fra_178,6,0.0,152.7132004479031,0.0,0.0,67.51108932191413,85.20211112598894,2.842170943040401e-14,0.0,
Fra_178,7,0.0,233.29758192427764,0.0,0.0,142.87802365772546,90.4195582665522,-2.842170943040401e-14,0.0,
Fra_178,8,0.0,278.3400500107317,0.0,0.0,185.06220607796223,93.2778439327694,8.526512829121202e-14,0.0,
Fra_178,9,0.0,401.0021232094524,0.0,0.0,306.47622791907344,94.52589529037903,-5.684341886080802e-14,0.0,
Fra_178,10,0.0,277.8369522074815,0.0,0.0,182.88424847906944,94.95270372841209,-4.263256414560601e-14,0.0,
Fra_178,11,0.0,455.7349799704811,0.0,0.0,360.4929243140663,95.24205565641492,-8.526512829121202e-14,0.0,
Fra_178,12,0.0,269.7703351414575,0.0,0.0,175.7061684204292,94.06416672102833,-2.842170943040401e-14,0.0,
Fra_178,13,0.0,366.65828120066254,0.0,0.0,275.6394980395786,91.01878316108387,7.105427357601002e-14,0.0,
Fra_178,14,0.0,150.24983834696556,0.0,0.0,62.1970221862052,88.05281616076037,-1.4210854715202004e-14,0.0,
Fra_178,15,0.0,185.98467662869677,0.0,0.0,100.65517326424307,85.3295033644537,0.0,0.0,
Fra_178,16,0.0,149.88352357045554,0.0,0.0,66.07586500224436,83.8076585682112,-1.4210854715202004e-14,0.0,
Fra_178,17,0.0,135.34486331672682,0.0,0.0,50.72825529134926,84.61660802537757,-1.4210854715202004e-14,0.0,
Fra_178,18,0.0,191.01276470094933,0.0,0.0,105.29693470275743,85.71582999819184,7.105427357601002e-14,0.0,
Fra_178,19,0.0,179.38806994166814,0.0,0.0,93.903739151441,85.48433079022715,-1.4210854715202004e-14,0.0,
Fra_178,20,0.0,50.94727658895563,0.0,0.0,-34.691497529553544,85.63877411850916,1.4210854715202004e-14,0.0,
Fra_178,21,0.0,108.80873442069452,0.0,0.0,22.10481960609867,86.70391481459586,-1.4210854715202004e-14,0.0,
Fra_178,22,0.0,84.40821387526124,0.0,0.0,-4.38729245826994,88.79550633353116,1.4210854715202004e-14,0.0,
Fra_178,23,0.0,73.29268997142604,0.0,0.0,-11.632955585052883,84.92564555647894,-1.4210854715202004e-14,0.0,
Fra_178,24,0.0,47.66826839808802,0.0,0.0,-31.430366949353214,79.09863534744123,0.0,0.0,
Fra_179,1,0.0,279.1424444166358,0.0,0.0,138.76687024866843,140.37557416796736,0.0,0.0,
Fra_179,2,0.0,279.6480332554678,0.0,0.0,145.62499875732146,134.0230344981464,-5.684341886080802e-14,0.0,
Fra_179,3,0.0,279.2419370249638,0.0,0.0,148.43561553667587,130.80632148828795,0.0,0.0,
Fra_179,4,0.0,279.60101705168296,0.0,0.0,145.33252287687023,134.2684941748127,2.842170943040401e-14,0.0,
Fra_179,5,0.0,279.8139346253823,0.0,0.0,134.7061465091653,145.10778811621697,0.0,0.0,
Fra_179,6,0.0,280.12625352971617,0.0,0.0,121.35700341790773,158.76925011180845,0.0,0.0,
Fra_179,7,0.0,280.54702652745857,0.0,0.0,112.05536274469881,168.49166378275976,0.0,0.0,
Fra_179,8,0.0,285.20319791449185,0.0,0.0,111.38528263592602,173.81791527856586,-2.842170943040401e-14,0.0,
Fra_179,9,0.0,290.0696828197195,0.0,0.0,113.92609537728327,176.14358744243626,-2.842170943040401e-14,0.0,
Fra_179,10,0.0,292.93964380016905,0.0,0.0,116.00072329905194,176.93892050111714,-2.842170943040401e-14,0.0,
Fra_179,11,0.0,293.8812685630635,0.0,0.0,116.40315733039884,177.47811123266467,-2.842170943040401e-14,0.0,
Fra_179,12,0.0,293.2213065352054,0.0,0.0,117.93812381446196,175.28318272074335,5.684341886080802e-14,0.0,
Fra_179,13,0.0,291.69436948890706,0.0,0.0,122.08608446406993,169.60828502483722,-8.526512829121202e-14,0.0,
Fra_179,14,0.0,292.54366235374107,0.0,0.0,128.46228681828734,164.08137553545376,-2.842170943040401e-14,0.0,
Fra_179,15,0.0,292.54795737402884,0.0,0.0,133.5413191282433,159.0066382457856,-5.684341886080802e-14,0.0,
Fra_179,16,0.0,291.77160523361334,0.0,0.0,135.60083753015144,156.17076770346193,-2.842170943040401e-14,0.0,
Fra_179,17,0.0,292.9485407883584,0.0,0.0,135.27034214222016,157.67819864613824,0.0,0.0,
Fra_179,18,0.0,291.3955721006368,0.0,0.0,131.66903631796822,159.72653578266855,2.842170943040401e-14,0.0,
Fra_179,19,0.0,290.46724386093666,0.0,0.0,131.17209358226904,159.29515027866756,5.684341886080802e-14,0.0,
Fra_179,20,0.0,292.20874617511936,0.0,0.0,132.62579960722786,159.58294656789153,-2.842170943040401e-14,0.0,
Fra_179,21,0.0,293.1649312408345,0.0,0.0,131.59715604198112,161.56777519885338,0.0,0.0,
Fra_179,22,0.0,295.1272319964446,0.0,0.0,129.6618958966585,165.4653360997861,0.0,0.0,
Fra_179,23,0.0,296.8472707912298,0.0,0.0,138.5931984205918,158.25407237063808,-8.526512829121202e-14,0.0,
Fra_179,24,0.0,298.64385423791566,0.0,0.0,151.248081374842,147.3957728630737,-2.842170943040401e-14,0.0,
Fra_180,1,5370.734004909844,31.81095877069395,0.0,0.0,5265.2071524860385,137.33781119449938,2.842170943040401e-14,0.0,
Fra_180,2,5307.256574705443,31.00572681908436,0.0,0.0,5207.139559432688,131.12274209183974,-3.126388037344441e-13,0.0,
Fra_180,3,5304.443186461171,30.587488298313854,0.0,0.0,5207.055035193375,127.9756395661096,-7.673861546209082e-13,0.0,
Fra_180,4,5336.492646428633,30.571336190432312,0.0,0.0,5235.7010926601215,131.36288995894319,7.389644451905042e-13,0.0,
Fra_180,5,5465.500031623121,30.716823193826734,0.0,0.0,5354.249235982417,141.96761883453098,-7.958078640513122e-13,0.0,
Fra_180,6,5508.520027402368,31.17825579013989,0.0,0.0,5384.364839859576,155.3334433329323,-3.979039320256561e-13,0.0,
Fra_180,7,5483.676541256373,32.09523312427579,0.0,0.0,5350.926312870692,164.84546150995664,5.684341886080801e-13,0.0,
Fra_180,8,5492.324850829058,33.30441851577584,0.0,0.0,5355.572817770251,170.05645157458255,1.9895196601282805e-13,0.0,
Fra_180,9,5518.686090067432,35.09233125621443,0.0,0.0,5381.446625719769,172.33179560387754,-2.8421709430404007e-13,0.0,
Fra_180,10,5515.934944626854,37.56758222968497,0.0,0.0,5380.392609402779,173.10991745375975,5.684341886080801e-13,0.0,
Fra_180,11,5528.0,39.85317596073686,0.0,0.0,5394.215735999404,173.63743996133286,-5.115907697472721e-13,0.0,
Fra_180,12,5519.110343145567,41.702348645494425,0.0,0.0,5389.322681532811,171.49001025824944,1.1084466677857563e-12,0.0,
Fra_180,13,5528.0,43.20492160461552,0.0,0.0,5405.267002819031,165.93791878558426,-3.979039320256561e-13,0.0,
Fra_180,14,5528.0,44.07821947206704,0.0,0.0,5411.54760645489,160.53061301717628,3.410605131648481e-13,0.0,
Fra_180,15,5528.0,44.40578962749363,0.0,0.0,5416.840095299919,155.56569432757448,-5.684341886080802e-14,0.0,
Fra_180,16,5528.0,44.36872847092991,0.0,0.0,5419.577535728992,152.79119274193772,4.547473508864641e-13,0.0,
Fra_180,17,5506.587333331157,43.27648758038658,0.0,0.0,5395.59781841427,154.26600249727525,-5.400124791776761e-13,0.0,
Fra_180,18,5528.0,41.210379148978184,0.0,0.0,5412.940366049525,156.2700130994536,-9.663381206337363e-13,0.0,
Fra_180,19,5524.096065451635,38.863916068777826,0.0,0.0,5407.11201863341,155.84796288700255,1.7053025658242404e-13,0.0,
Fra_180,20,5511.5329454735,36.60849033825074,0.0,0.0,5392.011904620104,156.12953119164666,-1.7053025658242404e-13,0.0,
Fra_180,21,5482.3686026836895,35.09568102043251,0.0,0.0,5359.392876075722,158.0714076283998,4.547473508864641e-13,0.0,
Fra_180,22,5487.078613342956,34.32648180555378,0.0,0.0,5359.520470824084,161.8846243244246,5.968558980384842e-13,0.0,
Fra_180,23,5504.332870468964,33.79380177009533,0.0,0.0,5383.297258070515,154.82941416854362,1.1368683772161603e-13,0.0,
Fra_180,24,5449.937594992087,33.31245440262007,0.0,0.0,5339.043958382646,144.2060910120603,5.115907697472721e-13,0.0,
Fra_181,1,0.0,164.75731495232208,0.0,0.0,131.90713408373233,32.85018086858977,-2.1316282072803006e-14,0.0,
Fra_181,2,0.0,159.44151311296085,0.0,0.0,128.0779304532504,31.363582659710424,3.552713678800501e-14,0.0,
Fra_181,3,0.0,149.70326120649943,0.0,0.0,119.09244201580789,30.610819190691544,0.0,0.0,
Fra_181,4,0.0,147.77845879679478,0.0,0.0,116.35743455707862,31.421024239716253,-9.237055564881302e-14,0.0,
Fra_181,5,0.0,163.80122202853164,0.0,0.0,129.84362567807995,33.95759635045169,7.105427357601002e-15,0.0,
Fra_181,6,0.0,166.50775189981053,0.0,0.0,129.3531499438996,37.154601955910884,3.552713678800501e-14,0.0,
Fra_181,7,0.0,191.04643558414259,0.0,0.0,151.61662977269594,39.42980581144661,2.842170943040401e-14,0.0,
Fra_181,8,0.0,205.73200202067798,0.0,0.0,165.0557662229186,40.67623579775938,-7.105427357601002e-15,0.0,
Fra_181,9,0.0,244.9222982198794,0.0,0.0,203.70181708829315,41.22048113158628,-4.263256414560601e-14,0.0,
Fra_181,10,0.0,206.27327135468877,0.0,0.0,164.8666692758986,41.40660207879019,-2.1316282072803006e-14,0.0,
Fra_181,11,0.0,262.07851904031423,0.0,0.0,220.54573750930103,41.5327815310132,0.0,0.0,
Fra_181,12,0.0,203.13675509186456,0.0,0.0,162.11762274118496,41.019132350679556,4.263256414560601e-14,0.0,
Fra_181,13,0.0,233.25234268709607,0.0,0.0,193.5612292373273,39.69111344976881,-2.842170943040401e-14,0.0,
Fra_181,14,0.0,166.3176962164246,0.0,0.0,127.91997000618599,38.39772621023862,-2.1316282072803006e-14,0.0,
Fra_181,15,0.0,178.78830463753377,0.0,0.0,141.57814997465502,37.210154662878814,-6.394884621840902e-14,0.0,
Fra_181,16,0.0,168.64752428998423,0.0,0.0,132.10100972822278,36.54651456176144,1.4210854715202004e-14,0.0,
Fra_181,17,0.0,166.1698770965455,0.0,0.0,129.27059903296166,36.899278063583864,-2.842170943040401e-14,0.0,
Fra_181,18,0.0,184.06227876212589,0.0,0.0,146.6836562982523,37.37862246387358,1.4210854715202004e-14,0.0,
Fra_181,19,0.0,180.1358843919917,0.0,0.0,142.8582131934256,37.27767119856611,0.0,0.0,
Fra_181,20,0.0,140.36076191828832,0.0,0.0,103.0157416797603,37.34502023852803,-7.105427357601002e-15,0.0,
Fra_181,21,0.0,158.90854729835186,0.0,0.0,121.09904468882223,37.80950260952965,-2.1316282072803006e-14,0.0,
Fra_181,22,0.0,152.02343126244355,0.0,0.0,113.30183563886298,38.72159562358053,4.263256414560601e-14,0.0,
Fra_181,23,0.0,149.22672821731607,0.0,0.0,112.19268628103273,37.034041936283344,-1.4210854715202004e-14,0.0,
Fra_181,24,0.0,141.89862499078575,0.0,0.0,107.4056027786462,34.493022212139586,-3.552713678800501e-14,0.0,
Fra_182,1,0.0,8.108868317071538,0.0,0.0,-105.00103567683485,113.1099039939064,-1.4210854715202004e-14,0.0,
Fra_182,2,0.0,7.903608239644509,0.0,0.0,-100.08763350529281,107.99124174493733,0.0,0.0,
Fra_182,3,0.0,7.796995889023401,0.0,0.0,-97.60232698485963,105.39932287388302,1.4210854715202004e-14,0.0,
Fra_182,4,0.0,7.8392751684369895,0.0,0.0,-100.34974970669705,108.18902487513404,0.0,0.0,
Fra_182,5,0.0,8.439028655407425,0.0,0.0,-108.48393376079022,116.92296241619763,1.4210854715202004e-14,0.0,
Fra_182,6,0.0,10.898330613132313,0.0,0.0,-117.03257719453904,127.93090780767135,1.4210854715202004e-14,0.0,
Fra_182,7,0.0,16.436250807846648,0.0,0.0,-119.32865008180129,135.76490088964792,2.842170943040401e-14,0.0,
Fra_182,8,0.0,24.413135265141182,0.0,0.0,-115.64347947079997,140.05661473594114,2.842170943040401e-14,0.0,
Fra_182,9,0.0,32.70609595158057,0.0,0.0,-109.22446698892443,141.930562940505,0.0,0.0,
Fra_182,10,0.0,39.487088565469705,0.0,0.0,-103.0843269339209,142.5714154993906,0.0,0.0,
Fra_182,11,0.0,43.48300881326455,0.0,0.0,-99.52286839530328,143.00587720856782,0.0,0.0,
Fra_182,12,0.0,45.08575426593629,0.0,0.0,-96.15152356394012,141.2372778298764,0.0,0.0,
Fra_182,13,0.0,44.407452461169534,0.0,0.0,-92.25718417123525,136.6646366324048,-2.842170943040401e-14,0.0,
Fra_182,14,0.0,40.66938542700993,0.0,0.0,-91.54185391435941,132.21123934136935,-2.842170943040401e-14,0.0,
Fra_182,15,0.0,34.545739389712246,0.0,0.0,-93.57644777124122,128.12218716095347,0.0,0.0,
Fra_182,16,0.0,26.5999496226736,0.0,0.0,-99.2371886849974,125.83713830767101,0.0,0.0,
Fra_182,17,0.0,17.871992321568914,0.0,0.0,-109.17978300692411,127.05177532849302,0.0,0.0,
Fra_182,18,0.0,11.640750450680521,0.0,0.0,-117.06150586949036,128.70225632017087,0.0,0.0,
Fra_182,19,0.0,9.923748279421563,0.0,0.0,-118.43091214857844,128.354660428,2.842170943040401e-14,0.0,
Fra_182,20,0.0,9.331797560064082,0.0,0.0,-119.2547594128788,128.58655697294287,0.0,0.0,
Fra_182,21,0.0,8.946170341612307,0.0,0.0,-121.23969461082149,130.1858649524338,0.0,0.0,
Fra_182,22,0.0,8.750095297536848,0.0,0.0,-124.57629279738754,133.32638809492437,2.842170943040401e-14,0.0,
Fra_182,23,0.0,8.614310887711234,0.0,0.0,-118.90148406867552,127.51579495638674,0.0,0.0,
Fra_182,24,0.0,8.491611586323884,0.0,0.0,-110.27493178468305,118.76654337100695,-1.4210854715202004e-14,0.0,
Fra_183,1,0.0,26.92210897312732,0.0,0.0,-761.2089363358041,788.1310453089313,1.1368683772161603e-13,0.0,
Fra_183,2,0.0,26.24062865352598,0.0,0.0,-726.2244273262951,752.4650559798212,-1.1368683772161603e-13,0.0,
Fra_183,3,0.0,25.886666891036874,0.0,0.0,-708.518328412665,734.404995303702,-1.1368683772161603e-13,0.0,
Fra_183,4,0.0,25.934243457296684,0.0,0.0,-727.9089325601367,753.8431760174334,0.0,0.0,
Fra_183,5,0.0,26.800127386902634,0.0,0.0,-787.8996763956131,814.6998037825159,-1.1368683772161603e-13,0.0,
Fra_183,6,0.0,30.281805671611103,0.0,0.0,-861.1195353039095,891.4013409755205,1.1368683772161603e-13,0.0,
Fra_183,7,0.0,38.05969613914353,0.0,0.0,-907.9276089175928,945.9873050567364,-1.1368683772161603e-13,0.0,
Fra_183,8,0.0,49.2061436127792,0.0,0.0,-926.68511149972,975.8912551124993,0.0,0.0,
Fra_183,9,0.0,61.06487869325533,0.0,0.0,-927.8837366075901,988.9486153008454,0.0,0.0,
Fra_183,10,0.0,71.27814238822262,0.0,0.0,-922.1358272210362,993.4139696092587,0.0,0.0,
Fra_183,11,0.0,77.71824763750293,0.0,0.0,-918.72297908108,996.4412267185829,0.0,0.0,
Fra_183,12,0.0,80.77671795170049,0.0,0.0,-903.3412017191117,984.1179196708124,-2.2737367544323206e-13,0.0,
Fra_183,13,0.0,80.64736140923655,0.0,0.0,-871.6091530306056,952.256514439842,1.1368683772161603e-13,0.0,
Fra_183,14,0.0,76.15810838783108,0.0,0.0,-845.0678725776936,921.2259809655247,0.0,0.0,
Fra_183,15,0.0,68.24152048276787,0.0,0.0,-824.4926232918459,892.7341437746138,0.0,0.0,
Fra_183,16,0.0,57.7336937711253,0.0,0.0,-819.0786086993311,876.8123024704564,0.0,0.0,
Fra_183,17,0.0,45.65540465219536,0.0,0.0,-839.62028706261,885.2756917148054,0.0,0.0,
Fra_183,18,0.0,36.376435382415764,0.0,0.0,-860.3995340561128,896.7759694385285,1.1368683772161603e-13,0.0,
Fra_183,19,0.0,32.91360994256173,0.0,0.0,-861.4403689878988,894.3539789304605,0.0,0.0,
Fra_183,20,0.0,30.982334526051275,0.0,0.0,-864.9874610563198,895.9697955823711,0.0,0.0,
Fra_183,21,0.0,29.70202048071085,0.0,0.0,-877.4114877664239,907.1135082471349,-1.1368683772161603e-13,0.0,
Fra_183,22,0.0,29.051035226406384,0.0,0.0,-899.9451172429474,928.9961524693538,0.0,0.0,
Fra_183,23,0.0,28.60021983081279,0.0,0.0,-859.908683667069,888.5089034978819,-1.1368683772161603e-13,0.0,
Fra_183,24,0.0,28.192848070203198,0.0,0.0,-799.3527219425074,827.5455700127106,0.0,0.0,
Fra_184,1,0.0,6.9361789268351925,0.0,0.0,-459.3731139444148,466.30929287125,-5.684341886080802e-14,0.0,
Fra_184,2,0.0,6.760603178420018,0.0,0.0,-438.44638397526774,445.2069871536878,-5.684341886080802e-14,0.0,
Fra_184,3,0.0,6.669408906814736,0.0,0.0,-427.85207845185863,434.5214873586734,-5.684341886080802e-14,0.0,
Fra_184,4,0.0,6.707570497570757,0.0,0.0,-439.31480158994964,446.0223720875204,0.0,0.0,
Fra_184,5,0.0,7.244802976033392,0.0,0.0,-474.784285543449,482.0290885194824,0.0,0.0,
Fra_184,6,0.0,9.449218675293285,0.0,0.0,-517.9614593444328,527.4106780197261,0.0,0.0,
Fra_184,7,0.0,14.41451865306362,0.0,0.0,-545.2927456550883,559.707264308152,-1.1368683772161603e-13,0.0,
Fra_184,8,0.0,21.567818981801437,0.0,0.0,-555.8325559931102,577.4003749749118,-1.1368683772161603e-13,0.0,
Fra_184,9,0.0,28.99873885187154,0.0,0.0,-556.1272147973408,585.1259536492123,0.0,0.0,
Fra_184,10,0.0,35.063741574071074,0.0,0.0,-552.7042044473103,587.7679460213814,0.0,0.0,
Fra_184,11,0.0,38.62866972924598,0.0,0.0,-550.9303973631688,589.5590670924148,0.0,0.0,
Fra_184,12,0.0,40.04831754814297,0.0,0.0,-542.2194841773191,582.267801725462,1.1368683772161603e-13,0.0,
Fra_184,13,0.0,39.422436936039695,0.0,0.0,-523.9940970572723,563.416533993312,0.0,0.0,
Fra_184,14,0.0,36.05451570103968,0.0,0.0,-509.0023480217593,545.056863722799,0.0,0.0,
Fra_184,15,0.0,30.549337396306466,0.0,0.0,-497.6499129483917,528.1992503446983,-1.1368683772161603e-13,0.0,
Fra_184,16,0.0,23.411114985518196,0.0,0.0,-495.3677444179252,518.7788594034434,0.0,0.0,
Fra_184,17,0.0,15.581755521986796,0.0,0.0,-508.20459226466016,523.786347786647,0.0,0.0,
Fra_184,18,0.0,10.006169715404836,0.0,0.0,-520.5844860668374,530.5906557822422,0.0,0.0,
Fra_184,19,0.0,8.48932698811252,0.0,0.0,-520.668322585479,529.1576495735915,1.1368683772161603e-13,0.0,
Fra_184,20,0.0,7.982250426898567,0.0,0.0,-522.1314207687908,530.1136711956893,0.0,0.0,
Fra_184,21,0.0,7.652391896503138,0.0,0.0,-529.054620347729,536.7070122442321,0.0,0.0,
Fra_184,22,0.0,7.484672859072076,0.0,0.0,-542.1695268029788,549.6541996620509,-1.1368683772161603e-13,0.0,
Fra_184,23,0.0,7.368525336976746,0.0,0.0,-518.33079962427,525.6993249612467,0.0,0.0,
Fra_184,24,0.0,7.263570579377761,0.0,0.0,-482.36590394551,489.6294745248877,5.684341886080802e-14,0.0,
Fra_185,1,0.0,6.351033578104328,0.0,0.0,-57.752239458859805,64.10327303696414,0.0,0.0,
Fra_185,2,0.0,6.190269635096538,0.0,0.0,-55.01208144770042,61.20235108279695,0.0,0.0,
Fra_185,3,0.0,6.1067686344439815,0.0,0.0,-53.62665287442455,59.73342150886853,0.0,0.0,
Fra_185,4,0.0,6.1364624888119295,0.0,0.0,-55.17797909666804,61.314441585479976,-7.105427357601002e-15,0.0,
Fra_185,5,0.0,6.564724441745914,0.0,0.0,-59.69953995423485,66.26426439598076,0.0,0.0,
Fra_185,6,0.0,8.318282333819031,0.0,0.0,-64.18456333656228,72.50284567038132,-1.4210854715202004e-14,0.0,
Fra_185,7,0.0,12.264695531577601,0.0,0.0,-64.6779434705237,76.9426390021013,0.0,0.0,
Fra_185,8,0.0,17.947057075307008,0.0,0.0,-61.427843778066624,79.37490085337363,0.0,0.0,
Fra_185,9,0.0,23.86455100484522,0.0,0.0,-56.572380750974915,80.43693175582014,0.0,0.0,
Fra_185,10,0.0,28.722211463646346,0.0,0.0,-52.07791347957932,80.80012494322567,0.0,0.0,
Fra_185,11,0.0,31.600285118214455,0.0,0.0,-49.44606421902178,81.04634933723622,1.4210854715202004e-14,0.0,
Fra_185,12,0.0,32.77218842355653,0.0,0.0,-47.271834814354506,80.04402323791103,0.0,0.0,
Fra_185,13,0.0,32.31916424375381,0.0,0.0,-45.13338595040514,77.45255019415896,0.0,0.0,
Fra_185,14,0.0,29.683396547695427,0.0,0.0,-45.245260225913,74.92865677360842,0.0,0.0,
Fra_185,15,0.0,25.344793806445402,0.0,0.0,-47.266456452542386,72.61125025898778,0.0,0.0,
Fra_185,16,0.0,19.706519141228767,0.0,0.0,-51.60971533777341,71.31623447900218,0.0,0.0,
Fra_185,17,0.0,13.49346506340526,0.0,0.0,-58.5111459930428,72.00461105644806,0.0,0.0,
Fra_185,18,0.0,9.033543629072785,0.0,0.0,-63.90645177406825,72.93999540314104,0.0,0.0,
Fra_185,19,0.0,7.771230164873299,0.0,0.0,-64.9717706905263,72.7430008553996,0.0,0.0,
Fra_185,20,0.0,7.308857084689067,0.0,0.0,-65.5655675188697,72.87442460355877,0.0,0.0,
Fra_185,21,0.0,7.006825861927432,0.0,0.0,-66.77398158220933,73.78080744413677,0.0,0.0,
Fra_185,22,0.0,6.85325582723716,0.0,0.0,-68.70739410083297,75.56064992807012,1.4210854715202004e-14,0.0,
Fra_185,23,0.0,6.746906665743192,0.0,0.0,-65.52068027390413,72.26758693964733,0.0,0.0,
Fra_185,24,0.0,6.650806032134381,0.0,0.0,-60.65827910136777,67.30908513350215,0.0,0.0,
Fra_186,1,0.0,7.081042261952405,0.0,0.0,-102.99002448357567,110.07106674552807,0.0,0.0,
Fra_186,2,0.0,6.901799582688212,0.0,0.0,-98.18812409614216,105.08992367883036,1.4210854715202004e-14,0.0,
Fra_186,3,0.0,6.808700702440667,0.0,0.0,-95.75893920652476,102.56763990896542,0.0,0.0,
Fra_186,4,0.0,6.850393631168593,0.0,0.0,-98.43199948982658,105.28239312099517,1.4210854715202004e-14,0.0,
Fra_186,5,0.0,7.432006444561235,0.0,0.0,-106.34967620005935,113.78168264462059,0.0,0.0,
Fra_186,6,0.0,9.820465781318788,0.0,0.0,-114.67342020830073,124.49388598961951,0.0,0.0,
Fra_186,7,0.0,15.202062086298156,0.0,0.0,-116.9153470870799,132.11740917337806,0.0,0.0,
Fra_186,8,0.0,22.956703173486826,0.0,0.0,-113.33711765393612,136.29382082742296,-2.842170943040401e-14,0.0,
Fra_186,9,0.0,31.00469546102156,0.0,0.0,-107.11272763834145,138.117423099363,0.0,0.0,
Fra_186,10,0.0,37.55881149669022,0.0,0.0,-101.18224686618551,138.74105836287575,-2.842170943040401e-14,0.0,
Fra_186,11,0.0,41.39935275671021,0.0,0.0,-97.764494965016,139.1638477217262,0.0,0.0,
Fra_186,12,0.0,42.91532647894138,0.0,0.0,-94.52743747041659,137.44276394935795,2.842170943040401e-14,0.0,
Fra_186,13,0.0,42.21382664736792,0.0,0.0,-90.7791457569688,132.9929724043367,0.0,0.0,
Fra_186,14,0.0,38.54214803362182,0.0,0.0,-90.11707309733103,128.65922113095286,0.0,0.0,
Fra_186,15,0.0,32.55618244550895,0.0,0.0,-92.12384394135898,124.68002638686792,1.4210854715202004e-14,0.0,
Fra_186,16,0.0,24.8011582441204,0.0,0.0,-97.65520994867819,122.45636819279859,0.0,0.0,
Fra_186,17,0.0,16.310318016126956,0.0,0.0,-107.32805447399375,123.63837249012072,-1.4210854715202004e-14,0.0,
Fra_186,18,0.0,10.282092926477189,0.0,0.0,-114.9624183453278,125.244511271805,0.0,0.0,
Fra_186,19,0.0,8.667631423482707,0.0,0.0,-116.2386225490351,124.9062539725178,0.0,0.0,
Fra_186,20,0.0,8.148961152036813,0.0,0.0,-116.9829591783787,125.13192033041553,0.0,0.0,
Fra_186,21,0.0,7.812213467348511,0.0,0.0,-118.87604745872949,126.68826092607799,1.4210854715202004e-14,0.0,
Fra_186,22,0.0,7.640991587879895,0.0,0.0,-122.10341844828467,129.74441003616457,0.0,0.0,
Fra_186,23,0.0,7.522418304051224,0.0,0.0,-116.56750735364955,124.08992565770077,0.0,0.0,
Fra_186,24,0.0,7.41527154760351,0.0,0.0,-108.16046197286728,115.57573352047078,1.4210854715202004e-14,0.0,
Fra_187,1,0.0,9.125881856294287,0.0,0.0,-158.07311931426273,167.19900117055698,2.842170943040401e-14,0.0,
Fra_187,2,0.0,8.894878078310951,0.0,0.0,-150.73771922187257,159.63259730018353,-2.842170943040401e-14,0.0,
Fra_187,3,0.0,8.774894416208344,0.0,0.0,-147.0263297587823,155.80122417499067,0.0,0.0,
Fra_187,4,0.0,8.827478326130601,0.0,0.0,-151.09748189409444,159.92496022022505,0.0,0.0,
Fra_187,5,0.0,9.563113458465489,0.0,0.0,-163.27234868589292,172.83546214435842,0.0,0.0,
Fra_187,6,0.0,12.583314830419429,0.0,0.0,-176.5240864581327,189.10740128855213,0.0,0.0,
Fra_187,7,0.0,19.38763809505237,0.0,0.0,-181.29996768694625,200.6876057819986,2.842170943040401e-14,0.0,
Fra_187,8,0.0,29.19173222058471,0.0,0.0,-177.8398827336676,207.03161495425235,-5.684341886080802e-14,0.0,
Fra_187,9,0.0,39.36971645768399,0.0,0.0,-170.43196775650966,209.80168421419364,0.0,0.0,
Fra_187,10,0.0,47.66420902499472,0.0,0.0,-163.0847831079559,210.7489921329506,0.0,0.0,
Fra_187,11,0.0,52.52928198991369,0.0,0.0,-158.8619312152535,211.39121320516722,-2.842170943040401e-14,0.0,
Fra_187,12,0.0,54.45501615719784,0.0,0.0,-154.3218543675618,208.77687052475966,-2.842170943040401e-14,0.0,
Fra_187,13,0.0,53.57722203056656,0.0,0.0,-148.44037265774836,202.01759468831494,-2.842170943040401e-14,0.0,
Fra_187,14,0.0,48.94333043215356,0.0,0.0,-146.49125470010244,195.43458513225602,0.0,0.0,
Fra_187,15,0.0,41.382471282693736,0.0,0.0,-148.00767904625224,189.39015032894596,0.0,0.0,
Fra_187,16,0.0,31.58451245018129,0.0,0.0,-154.42787985400906,186.01239230419037,-2.842170943040401e-14,0.0,
Fra_187,17,0.0,20.850959816525002,0.0,0.0,-166.95690829920142,187.80786811572642,0.0,0.0,
Fra_187,18,0.0,13.223191939473699,0.0,0.0,-177.02441631849877,190.24760825797244,2.842170943040401e-14,0.0,
Fra_187,19,0.0,11.170219308435978,0.0,0.0,-178.56357288277462,189.7337921912106,0.0,0.0,
Fra_187,20,0.0,10.502190775587211,0.0,0.0,-179.57439076757476,190.07658154316195,2.842170943040401e-14,0.0,
Fra_187,21,0.0,10.068198225880444,0.0,0.0,-182.37247953956626,192.4406777654467,0.0,0.0,
Fra_187,22,0.0,9.847531467310299,0.0,0.0,-187.23546597162613,197.0829974389364,2.842170943040401e-14,0.0,
Fra_187,23,0.0,9.694716988946354,0.0,0.0,-178.7990646990482,188.4937816879945,5.684341886080802e-14,0.0,
Fra_187,24,0.0,9.556628752150917,0.0,0.0,-166.00401379937838,175.5606425515293,0.0,0.0,
Fra_188,1,4070.0,481.7287011058893,0.0,0.0,4273.923572666068,277.80512843982103,-3.410605131648481e-13,0.0,
Fra_188,2,4070.0,482.62445161910483,0.0,0.0,4287.3910836821615,265.2333679369431,-5.684341886080802e-14,0.0,
Fra_188,3,4070.0,481.93364843862116,0.0,0.0,4293.066198334282,258.86745010434,-2.8421709430404007e-13,0.0,
Fra_188,4,4070.0,482.5519460869339,0.0,0.0,4286.832810184964,265.71913590197016,-3.410605131648481e-13,0.0,
Fra_188,5,4070.0,482.8807154760921,0.0,0.0,4265.710472688634,287.17024278745794,9.094947017729282e-13,0.0,
Fra_188,6,4070.0,483.2608729844844,0.0,0.0,4239.054415194124,314.2064577903603,-5.684341886080802e-14,0.0,
Fra_188,7,4070.0,483.62983499460506,0.0,0.0,4220.182591229814,333.4472437647911,-1.1368683772161603e-13,0.0,
Fra_188,8,4070.0,491.16434934641165,0.0,0.0,4217.176383025966,343.9879663204453,2.8421709430404007e-13,0.0,
Fra_188,9,4070.0,499.03626684458385,0.0,0.0,4220.445764377644,348.5905024669394,6.252776074688882e-13,0.0,
Fra_188,10,4070.0,503.5442314533982,0.0,0.0,4223.379754284458,350.1644771689406,1.1368683772161603e-13,0.0,
Fra_188,11,4070.0,504.8957880027931,0.0,0.0,4223.664245204244,351.2315427985487,-5.684341886080802e-14,0.0,
Fra_188,12,4070.0,503.6338496863639,0.0,0.0,4226.746099608057,346.88775007830714,-6.821210263296962e-13,0.0,
Fra_188,13,4070.0,501.02038954339315,0.0,0.0,4235.363337488146,335.65705205524756,1.7053025658242404e-13,0.0,
Fra_188,14,4070.0,502.7143849423753,0.0,0.0,4247.995160281061,324.7192246613148,1.1368683772161603e-13,0.0,
Fra_188,15,4070.0,503.10359850626367,0.0,0.0,4258.427346441219,314.6762520650445,5.684341886080802e-14,0.0,
Fra_188,16,4070.0,502.2618530271274,0.0,0.0,4263.197826485779,309.0640265413486,-5.684341886080802e-14,0.0,
Fra_188,17,4070.0,504.857684248054,0.0,0.0,4262.810431820531,312.0472524275221,7.389644451905042e-13,0.0,
Fra_188,18,4070.0,502.58750511368794,0.0,0.0,4256.486566247662,316.1009388660258,1.1368683772161603e-13,0.0,
Fra_188,19,4070.0,501.116188694251,0.0,0.0,4255.868967478582,315.24722121566964,-6.252776074688882e-13,0.0,
Fra_188,20,4070.0,504.1887224350316,0.0,0.0,4258.371948534956,315.8167739000754,1.1368683772161603e-13,0.0,
Fra_188,21,4070.0,505.88252204117885,0.0,0.0,4256.137745879858,319.7447761613207,4.547473508864641e-13,0.0,
Fra_188,22,4070.0,509.2956856507815,0.0,0.0,4251.837584624338,327.4581010264433,4.547473508864641e-13,0.0,
Fra_188,23,4070.0,512.2836549828608,0.0,0.0,4269.09674079475,313.1869141881099,7.958078640513122e-13,0.0,
Fra_188,24,4070.0,515.4025735637697,0.0,0.0,4293.704378529375,291.6981950343947,-3.979039320256561e-13,0.0,
Fra_189,1,0.0,12.498936217875775,0.0,0.0,-61.20620596876841,73.70514218664418,0.0,0.0,
Fra_189,2,0.0,11.814271987748429,0.0,0.0,-58.55542639119879,70.36969837894722,0.0,0.0,
Fra_189,3,0.0,10.88885611051096,0.0,0.0,-57.791885402752825,68.68074151326377,1.4210854715202004e-14,0.0,
Fra_189,4,0.0,10.742789066252193,0.0,0.0,-59.75578957179289,70.49857863804507,0.0,0.0,
Fra_189,5,0.0,12.560115969573147,0.0,0.0,-63.629707073984314,76.18982304355747,-1.4210854715202004e-14,0.0,
Fra_189,6,0.0,14.661587762835403,0.0,0.0,-68.7012780613533,83.36286582418872,-1.4210854715202004e-14,0.0,
Fra_189,7,0.0,20.964220164773135,0.0,0.0,-67.50346454448312,88.46768470925626,0.0,0.0,
Fra_189,8,0.0,28.131361239790134,0.0,0.0,-63.13290774808485,91.26426898787498,0.0,0.0,
Fra_189,9,0.0,37.656810900975984,0.0,0.0,-54.82856794545946,92.48537884643544,1.4210854715202004e-14,0.0,
Fra_189,10,0.0,39.54512820955289,0.0,0.0,-53.35784562463783,92.90297383419072,1.4210854715202004e-14,0.0,
Fra_189,11,0.0,47.43303120743042,0.0,0.0,-45.753048357725156,93.18607956515558,0.0,0.0,
Fra_189,12,0.0,43.78316865207695,0.0,0.0,-48.25044889096708,92.03361754304403,0.0,0.0,
Fra_189,13,0.0,46.002719329708256,0.0,0.0,-43.05125489539688,89.05397422510514,0.0,0.0,
Fra_189,14,0.0,37.53285759066997,0.0,0.0,-48.619175522655354,86.15203311332533,0.0,0.0,
Fra_189,15,0.0,34.01690375948896,0.0,0.0,-49.47060430585828,83.48750806534724,0.0,0.0,
Fra_189,16,0.0,27.208429159057612,0.0,0.0,-54.79008594733809,81.9985151063957,0.0,0.0,
Fra_189,17,0.0,20.3158162878856,0.0,0.0,-62.474185604049865,82.79000189193546,0.0,0.0,
Fra_189,18,0.0,17.057707532220455,0.0,0.0,-66.80778759127611,83.86549512349654,2.842170943040401e-14,0.0,
Fra_189,19,0.0,15.291773760570546,0.0,0.0,-68.34721949393557,83.63899325450612,0.0,0.0,
Fra_189,20,0.0,11.231997907199622,0.0,0.0,-72.55810473042936,83.79010263762899,0.0,0.0,
Fra_189,21,0.0,12.373606078850607,0.0,0.0,-72.45864422106412,84.83225029991472,1.4210854715202004e-14,0.0,
Fra_189,22,0.0,11.512885481005988,0.0,0.0,-75.36580546278185,86.87869094378783,0.0,0.0,
Fra_189,23,0.0,11.071656840301548,0.0,0.0,-72.02071143551083,83.09236827581236,1.4210854715202004e-14,0.0,
Fra_189,24,0.0,10.255753264408908,0.0,0.0,-67.13539160516768,77.39114486957659,0.0,0.0,
Fra_190,1,0.0,154.14864056293558,0.0,0.0,112.89734342124918,41.25129714168635,5.684341886080802e-14,0.0,
Fra_190,2,0.0,146.0032816260103,0.0,0.0,106.61876581773865,39.38451580827164,2.1316282072803006e-14,0.0,
Fra_190,3,0.0,131.51317101030506,0.0,0.0,93.07393065309174,38.43924035721329,2.842170943040401e-14,0.0,
Fra_190,4,0.0,128.5173112898715,0.0,0.0,89.06066377265775,39.45664751721373,7.105427357601002e-15,0.0,
Fra_190,5,0.0,152.70221624344555,0.0,0.0,110.06029281314508,42.64192343030048,-1.4210854715202004e-14,0.0,
Fra_190,6,0.0,157.4320984127853,0.0,0.0,110.77556609122799,46.65653232155728,4.263256414560601e-14,0.0,
Fra_190,7,0.0,195.89815291240433,0.0,0.0,146.38455533820624,49.51359757419811,-2.1316282072803006e-14,0.0,
Fra_190,8,0.0,218.92748220639072,0.0,0.0,167.84869222313466,51.07878998325602,3.552713678800501e-14,0.0,
Fra_190,9,0.0,278.7503340520597,0.0,0.0,226.98811325076713,51.762220801292585,0.0,0.0,
Fra_190,10,0.0,221.7317543053433,0.0,0.0,169.73581392338497,51.99594038195835,-2.842170943040401e-14,0.0,
Fra_190,11,0.0,306.3574586406626,0.0,0.0,254.20306963104997,52.154389009612736,-7.815970093361102e-14,0.0,
Fra_190,12,0.0,218.37856256403768,0.0,0.0,166.8691835484121,51.50937901562555,2.1316282072803006e-14,0.0,
Fra_190,13,0.0,263.7636844052603,0.0,0.0,213.92195228967444,49.84173211558591,-7.105427357601002e-14,0.0,
Fra_190,14,0.0,161.60392052044838,0.0,0.0,113.38634693082483,48.217573589623576,-2.1316282072803006e-14,0.0,
Fra_190,15,0.0,178.2845910853607,0.0,0.0,131.5582989889235,46.726292096437234,-4.263256414560601e-14,0.0,
Fra_190,16,0.0,160.6885061435344,0.0,0.0,114.7955736902554,45.89293245327901,-7.105427357601002e-15,0.0,
Fra_190,17,0.0,153.7970205721464,0.0,0.0,107.46110876077408,46.33591181137236,-3.552713678800501e-14,0.0,
Fra_190,18,0.0,179.33548343665313,0.0,0.0,132.3976395272916,46.937843909361554,-2.1316282072803006e-14,0.0,
Fra_190,19,0.0,173.40362661862596,0.0,0.0,126.59255128502011,46.811075333605864,-7.105427357601002e-15,0.0,
Fra_190,20,0.0,113.08769334719358,0.0,0.0,66.19204510755742,46.89564823963613,2.842170943040401e-14,0.0,
Fra_190,21,0.0,140.6517529105274,0.0,0.0,93.17283542254496,47.47891748798245,-2.1316282072803006e-14,0.0,
Fra_190,22,0.0,129.66296161359364,0.0,0.0,81.03869213823617,48.624269475357494,-2.842170943040401e-14,0.0,
Fra_190,23,0.0,124.89438067614837,0.0,0.0,78.38924043407333,46.50514024207503,1.4210854715202004e-14,0.0,
Fra_190,24,0.0,113.29196690324332,0.0,0.0,69.97768762180809,43.314279281435226,7.105427357601002e-15,0.0,
Fra_191,1,0.0,6.944783633466308,0.0,0.0,-57.36510827794278,64.3098919114091,0.0,0.0,
Fra_191,2,0.0,6.768990073800502,0.0,0.0,-54.630629577277205,61.399619651077714,-7.105427357601002e-15,0.0,
Fra_191,3,0.0,6.677682670748948,0.0,0.0,-53.24827272498978,59.925955395738725,7.105427357601002e-15,0.0,
Fra_191,4,0.0,6.702454152413316,0.0,0.0,-54.80961729356235,61.512071445975664,0.0,0.0,
Fra_191,5,0.0,7.07739239965036,0.0,0.0,-59.4004562187386,66.47784861838896,0.0,0.0,
Fra_191,6,0.0,8.606342024452799,0.0,0.0,-64.1301961807517,72.7365382052045,0.0,0.0,
Fra_191,7,0.0,12.041598148357128,0.0,0.0,-65.14904381387807,77.1906419622352,-1.4210854715202004e-14,0.0,
Fra_191,8,0.0,16.98276510366382,0.0,0.0,-62.647978421956,79.63074352561982,0.0,0.0,
Fra_191,9,0.0,22.15307913139048,0.0,0.0,-58.543118454641,80.69619758603147,0.0,0.0,
Fra_191,10,0.0,26.44442410460523,0.0,0.0,-54.61613731993947,81.0605614245447,0.0,0.0,
Fra_191,11,0.0,29.025208261779362,0.0,0.0,-52.28237119187036,81.30757945364971,1.4210854715202004e-14,0.0,
Fra_191,12,0.0,30.118946189365882,0.0,0.0,-50.18307644863703,80.30202263800291,0.0,0.0,
Fra_191,13,0.0,29.79967021289596,0.0,0.0,-47.90252649673468,77.70219670963064,0.0,0.0,
Fra_191,14,0.0,27.574668565571038,0.0,0.0,-47.59549966280051,75.17016822837155,0.0,0.0,
Fra_191,15,0.0,23.860384235529548,0.0,0.0,-48.984907969988825,72.84529220551838,0.0,0.0,
Fra_191,16,0.0,19.01184246061076,0.0,0.0,-52.53425984572071,71.54610230633148,0.0,0.0,
Fra_191,17,0.0,13.619938222864596,0.0,0.0,-58.61675944923492,72.23669767209951,0.0,0.0,
Fra_191,18,0.0,9.689603349624335,0.0,0.0,-63.48549361757454,73.17509696719887,0.0,0.0,
Fra_191,19,0.0,8.49492776033043,0.0,0.0,-64.4825397025983,72.97746746292873,0.0,0.0,
Fra_191,20,0.0,7.992152842032905,0.0,0.0,-65.11716197655011,73.10931481858302,0.0,0.0,
Fra_191,21,0.0,7.661885104217401,0.0,0.0,-66.35673402515042,74.01861912936782,0.0,0.0,
Fra_191,22,0.0,7.493958002212345,0.0,0.0,-68.31024043283439,75.80419843504674,0.0,0.0,
Fra_191,23,0.0,7.377666392808413,0.0,0.0,-65.12285479129962,72.50052118410802,0.0,0.0,
Fra_191,24,0.0,7.272581433133011,0.0,0.0,-60.253455608615454,67.52603704174845,1.4210854715202004e-14,0.0,
Fra_192,1,0.0,2.3217782193478538,0.0,0.0,-12.606990501332733,14.928768720680587,0.0,0.0,
Fra_192,2,0.0,2.2630069631827463,0.0,0.0,-11.99017701932801,14.253183982510755,1.7763568394002505e-15,0.0,
Fra_192,3,0.0,2.232481096451819,0.0,0.0,-11.678609435331389,13.911090531783206,1.7763568394002505e-15,0.0,
Fra_192,4,0.0,2.2583176064184993,0.0,0.0,-12.020970709163903,14.279288315582402,0.0,0.0,
Fra_192,5,0.0,2.5965614975017983,0.0,0.0,-12.835472324596395,15.432033822098195,0.0,0.0,
Fra_192,6,0.0,3.9937325917578788,0.0,0.0,-12.891180819452565,16.88491341121044,3.552713678800501e-15,0.0,
Fra_192,7,0.0,7.149129076365807,0.0,0.0,-10.769751005760922,17.91888008212673,0.0,0.0,
Fra_192,8,0.0,11.702620709610885,0.0,0.0,-6.782699632513817,18.485320342124705,-3.552713678800501e-15,0.0,
Fra_192,9,0.0,16.39649592460731,0.0,0.0,-2.3361567761583797,18.73265270076569,0.0,0.0,
Fra_192,10,0.0,20.158143423444507,0.0,0.0,1.3409080354176375,18.817235388026873,-3.552713678800501e-15,0.0,
Fra_192,11,0.0,22.31243062317016,0.0,0.0,3.4378529676204783,18.874577655549686,-3.552713678800501e-15,0.0,
Fra_192,12,0.0,23.10616383692929,0.0,0.0,4.465014114316806,18.641149722612482,3.552713678800501e-15,0.0,
Fra_192,13,0.0,22.5978556960618,0.0,0.0,4.560224325682978,18.037631370378826,-3.552713678800501e-15,0.0,
Fra_192,14,0.0,20.355405756076692,0.0,0.0,2.9055543751739092,17.449851380902786,-3.552713678800501e-15,0.0,
Fra_192,15,0.0,16.76507061573179,0.0,0.0,-0.14508872996678912,16.91015934569858,0.0,0.0,
Fra_192,16,0.0,12.141260777687467,0.0,0.0,-4.467307242746196,16.608568020433662,3.552713678800501e-15,0.0,
Fra_192,17,0.0,7.14161878646636,0.0,0.0,-9.627262650592654,16.76888143705901,3.552713678800501e-15,0.0,
Fra_192,18,0.0,3.66921013242246,0.0,0.0,-13.31750942607962,16.98671955850208,0.0,0.0,
Fra_192,19,0.0,2.8464635412423376,0.0,0.0,-14.094378702371763,16.9408422436141,0.0,0.0,
Fra_192,20,0.0,2.671934414905493,0.0,0.0,-14.299514608171204,16.971449023076698,0.0,0.0,
Fra_192,21,0.0,2.5615193925399087,0.0,0.0,-14.621013700948918,17.18253309348883,0.0,0.0,
Fra_192,22,0.0,2.5053780484100936,0.0,0.0,-15.09165582706784,17.597033875477933,0.0,0.0,
Fra_192,23,0.0,2.466499468448893,0.0,0.0,-14.363625427070264,16.830124895519155,0.0,0.0,
Fra_192,24,0.0,2.4313674926477082,0.0,0.0,-13.243990677897305,15.675358170545014,0.0,0.0,
Fra_193,1,0.0,150.74219191742503,0.0,0.0,144.0819739458904,6.6602179715345855,3.552713678800501e-14,0.0,
Fra_193,2,0.0,143.87184746400385,0.0,0.0,137.51303021068256,6.3588172533212965,-5.329070518200751e-15,0.0,
Fra_193,3,0.0,131.46349766744177,0.0,0.0,125.2572996281434,6.206198039298398,-2.6645352591003757e-14,0.0,
Fra_193,4,0.0,128.9109514470483,0.0,0.0,122.5404881865102,6.370463260538078,9.769962616701378e-15,0.0,
Fra_193,5,0.0,149.44985333897856,0.0,0.0,142.56511214415468,6.884741194823887,-1.2434497875801753e-14,0.0,
Fra_193,6,0.0,152.7255231872795,0.0,0.0,145.19260430741477,7.53291887986475,-2.6645352591003757e-14,0.0,
Fra_193,7,0.0,183.90799969482134,0.0,0.0,175.91379405163067,7.9942056431907,-3.197442310920451e-14,0.0,
Fra_193,8,0.0,201.39836343879253,0.0,0.0,193.15145004253623,8.246913396256302,1.7763568394002505e-15,0.0,
Fra_193,9,0.0,250.3196529034652,0.0,0.0,241.96239635361172,8.357256549853474,0.0,0.0,
Fra_193,10,0.0,199.4864191580756,0.0,0.0,191.09142747116448,8.39499168691118,-6.750155989720952e-14,0.0,
Fra_193,11,0.0,270.7489006791187,0.0,0.0,262.32832670824087,8.420573970877768,8.526512829121202e-14,0.0,
Fra_193,12,0.0,194.80702738426692,0.0,0.0,186.49059334234738,8.316434041919468,6.750155989720952e-14,0.0,
Fra_193,13,0.0,233.78562875893041,0.0,0.0,225.73844423456353,8.047184524366871,1.2434497875801753e-14,0.0,
Fra_193,14,0.0,147.54901412829767,0.0,0.0,139.76405771680882,7.784956411488837,1.2434497875801753e-14,0.0,
Fra_193,15,0.0,163.8274875795129,0.0,0.0,156.28330565245838,7.544181927054514,9.769962616701378e-15,0.0,
Fra_193,16,0.0,151.27610178498253,0.0,0.0,143.8664697328823,7.409632052100274,-5.240252676230739e-14,0.0,
Fra_193,17,0.0,148.30100755501928,0.0,0.0,140.81985438028232,7.481153174736942,1.7763568394002505e-14,0.0,
Fra_193,18,0.0,172.08850517067407,0.0,0.0,164.5101671980167,7.57833797265739,-9.769962616701378e-15,0.0,
Fra_193,19,0.0,167.49911481853272,0.0,0.0,159.94124423490257,7.55787058363023,-8.171241461241152e-14,0.0,
Fra_193,20,0.0,116.16105690242978,0.0,0.0,108.58953162118574,7.571525281244053,-1.7763568394002505e-14,0.0,
Fra_193,21,0.0,139.97562373908636,0.0,0.0,132.3099268656925,7.665696873393913,-4.3520742565306136e-14,0.0,
Fra_193,22,0.0,130.77808862852635,0.0,0.0,122.92746923345156,7.8506193950747996,-1.2434497875801753e-14,0.0,
Fra_193,23,0.0,126.87033346669057,0.0,0.0,119.36185755755355,7.508475909137008,1.0658141036401503e-14,0.0,
Fra_193,24,0.0,117.10993821870169,0.0,0.0,110.11664197632103,6.993296242380653,-1.7763568394002505e-15,0.0,
Fra_194,1,0.0,4.493308118792479,0.0,0.0,-327.934259181558,332.4275673003505,-5.684341886080802e-14,0.0,
Fra_194,2,0.0,4.379568847626224,0.0,0.0,-313.0043605468111,317.38392939443736,-5.684341886080802e-14,0.0,
Fra_194,3,0.0,4.320492522561128,0.0,0.0,-305.44584323488687,309.766335757448,0.0,0.0,
Fra_194,4,0.0,4.345724994028296,0.0,0.0,-313.61948475255116,317.9652097465795,-5.684341886080802e-14,0.0,
Fra_194,5,0.0,4.699946588029412,0.0,0.0,-338.9341171422418,343.63406373027124,0.0,0.0,
Fra_194,6,0.0,6.153779625689836,0.0,0.0,-369.8323980950579,375.9861777207477,0.0,0.0,
Fra_194,7,0.0,9.428769164857442,0.0,0.0,-389.58134519215116,399.01011435700855,5.684341886080802e-14,0.0,
Fra_194,8,0.0,14.147208913781075,0.0,0.0,-397.4761598364887,411.6233687502697,5.684341886080802e-14,0.0,
Fra_194,9,0.0,19.047349469589857,0.0,0.0,-398.08351262028685,417.1308620898767,0.0,0.0,
Fra_194,10,0.0,23.04405264517458,0.0,0.0,-395.97026128778754,419.0143139329621,0.0,0.0,
Fra_194,11,0.0,25.39104088115866,0.0,0.0,-394.90014664082815,420.2911875219868,0.0,0.0,
Fra_194,12,0.0,26.323162635588368,0.0,0.0,-388.7701494729513,415.09331210853964,0.0,0.0,
Fra_194,13,0.0,25.906020915111586,0.0,0.0,-375.748397376537,401.6544182916486,0.0,0.0,
Fra_194,14,0.0,23.680625291384,0.0,0.0,-364.8853544515001,388.56597974288417,-5.684341886080802e-14,0.0,
Fra_194,15,0.0,20.0459513374061,0.0,0.0,-356.5023922754617,376.5483436128678,0.0,0.0,
Fra_194,16,0.0,15.33433028049189,0.0,0.0,-354.4983040563777,369.83263433686966,-5.684341886080802e-14,0.0,
Fra_194,17,0.0,10.169332116087912,0.0,0.0,-363.23309421712685,373.4024263332147,5.684341886080802e-14,0.0,
Fra_194,18,0.0,6.494584052316037,0.0,0.0,-371.7585703035173,378.2531543558334,-5.684341886080802e-14,0.0,
Fra_194,19,0.0,5.499636489863181,0.0,0.0,-371.73194103885,377.23157752871316,0.0,0.0,
Fra_194,20,0.0,5.170960989869267,0.0,0.0,-372.74215548087034,377.91311647073957,5.684341886080802e-14,0.0,
Fra_194,21,0.0,4.95727618901379,0.0,0.0,-377.6561719256714,382.6134481146852,0.0,0.0,
Fra_194,22,0.0,4.848626553455887,0.0,0.0,-386.99475131490357,391.8433778683594,0.0,0.0,
Fra_194,23,0.0,4.773385327773335,0.0,0.0,-369.99278467981173,374.76617000758506,0.0,0.0,
Fra_194,24,0.0,4.705394857890719,0.0,0.0,-344.3469135201837,349.05230837807443,0.0,0.0,
Fra_195,1,2726.0,5.854551319683868,0.0,0.0,2546.118005530906,185.7365457887778,-1.1368683772161603e-13,0.0,
Fra_195,2,2726.0,5.706354850066906,0.0,0.0,2554.3751087884834,177.33124606158373,-2.8421709430404007e-13,0.0,
Fra_195,3,2726.0,5.629381411404775,0.0,0.0,2558.554297198392,173.07508421301287,-5.684341886080802e-14,0.0,
Fra_195,4,2726.0,5.662659976838308,0.0,0.0,2554.00663638366,177.65602359317816,1.9895196601282805e-13,0.0,
Fra_195,5,2726.0,6.12906714035388,0.0,0.0,2540.131139498707,191.99792764164664,3.979039320256561e-13,0.0,
Fra_195,6,2726.0,8.043623832106931,0.0,0.0,2523.969668530195,210.0739553019121,-4.831690603168681e-13,0.0,
Fra_195,7,2726.0,12.356719206605018,0.0,0.0,2515.4186488855707,222.93807032103456,-5.115907697472721e-13,0.0,
Fra_195,8,2726.0,18.571040489445455,0.0,0.0,2514.585593438542,229.9854470509036,-5.115907697472721e-13,0.0,
Fra_195,9,2726.0,25.023568870587606,0.0,0.0,2517.960931810562,233.06263706002537,-8.526512829121202e-14,0.0,
Fra_195,10,2726.0,30.28434810915406,0.0,0.0,2522.16937401723,234.11497409192418,-1.1368683772161603e-13,0.0,
Fra_195,11,2726.0,33.3719241544185,0.0,0.0,2524.5435252049824,234.82839894943632,-1.4210854715202004e-13,0.0,
Fra_195,12,2726.0,34.59623258144116,0.0,0.0,2528.6720314774916,231.92420110394954,5.684341886080802e-14,0.0,
Fra_195,13,2726.0,34.04352378955608,0.0,0.0,2535.628007169996,224.41551661955998,1.1368683772161603e-13,0.0,
Fra_195,14,2726.0,31.109634720641758,0.0,0.0,2540.006993460843,217.10264125979847,0.0,0.0,
Fra_195,15,2726.0,26.32006629682043,0.0,0.0,2541.932013244801,210.3880530520193,2.8421709430404007e-13,0.0,
Fra_195,16,2726.0,20.11231038223876,0.0,0.0,2539.4765112530076,206.6357991292315,-3.410605131648481e-13,0.0,
Fra_195,17,2726.0,13.309381328518544,0.0,0.0,2530.679039929613,208.63034139890584,-5.684341886080802e-14,0.0,
Fra_195,18,2726.0,8.471952255687894,0.0,0.0,2523.1313739326947,211.34057832299337,-1.4210854715202004e-13,0.0,
Fra_195,19,2726.0,7.165893351768897,0.0,0.0,2522.3960984709192,210.76979488084964,-1.1368683772161603e-13,0.0,
Fra_195,20,2726.0,6.7374984503418816,0.0,0.0,2521.5869087697693,211.1505896805726,-1.4210854715202004e-13,0.0,
Fra_195,21,2726.0,6.459078052770521,0.0,0.0,2518.6822820960524,213.77679595671864,-4.831690603168681e-13,0.0,
Fra_195,22,2726.0,6.3175131187793845,0.0,0.0,2513.383698193259,218.93381492552038,5.684341886080802e-14,0.0,
Fra_195,23,2726.0,6.219477639024038,0.0,0.0,2522.827174645068,209.39230299395604,0.0,0.0,
Fra_195,24,2726.0,6.130889524286836,0.0,0.0,2537.105637604771,195.02525191951628,-2.8421709430404007e-13,0.0,
Fra_196,1,0.0,104.06231131680809,0.0,0.0,-128.0106477114756,232.07295902828366,2.842170943040401e-14,0.0,
Fra_196,2,0.0,104.02046536683287,0.0,0.0,-117.55029135696813,221.570756723801,0.0,0.0,
Fra_196,3,0.0,103.76978587292139,0.0,0.0,-112.48300787215382,216.25279374507522,0.0,0.0,
Fra_196,4,0.0,103.92517814519456,0.0,0.0,-118.05137961503112,221.9765577602257,0.0,0.0,
Fra_196,5,0.0,104.48276837201988,0.0,0.0,-135.41362361626813,239.89639198828797,2.842170943040401e-14,0.0,
Fra_196,6,0.0,106.5684149328108,0.0,0.0,-155.91350113088163,262.48191606369244,0.0,0.0,
Fra_196,7,0.0,111.16027337141462,0.0,0.0,-167.39501815583895,278.5552915272536,0.0,0.0,
Fra_196,8,0.0,119.15382807741052,0.0,0.0,-168.20697646367768,287.3608045410882,0.0,0.0,
Fra_196,9,0.0,127.50743391044249,0.0,0.0,-163.69823911291672,291.2056730233592,0.0,0.0,
Fra_196,10,0.0,134.02404342080098,0.0,0.0,-158.49649721706385,292.5205406378648,0.0,0.0,
Fra_196,11,0.0,137.66123697178264,0.0,0.0,-155.75070937745716,293.41194634923977,0.0,0.0,
Fra_196,12,0.0,138.8253971320678,0.0,0.0,-150.95782992155128,289.78322705361904,0.0,0.0,
Fra_196,13,0.0,137.86271847528909,0.0,0.0,-142.53860358326392,280.40132205855303,-5.684341886080802e-14,0.0,
Fra_196,14,0.0,135.24817206706152,0.0,0.0,-136.01590337942804,271.2640754464895,0.0,0.0,
Fra_196,15,0.0,130.41854747958732,0.0,0.0,-132.45582551271843,262.8743729923058,0.0,0.0,
Fra_196,16,0.0,123.85410390559886,0.0,0.0,-134.33192588968666,258.18602979528555,0.0,0.0,
Fra_196,17,0.0,117.27009286141603,0.0,0.0,-143.4080653648392,260.67815822625516,5.684341886080802e-14,0.0,
Fra_196,18,0.0,111.66658054026296,0.0,0.0,-152.39794788023494,264.0645284204978,5.684341886080802e-14,0.0,
Fra_196,19,0.0,109.83579807694511,0.0,0.0,-153.5155513522019,263.351349429147,5.684341886080802e-14,0.0,
Fra_196,20,0.0,109.81649533328304,0.0,0.0,-154.01064724458968,263.82714257787273,0.0,0.0,
Fra_196,21,0.0,109.74004303467584,0.0,0.0,-157.36847563929896,267.1085186739748,0.0,0.0,
Fra_196,22,0.0,110.2065541962066,0.0,0.0,-163.34552488087718,273.55207907708376,0.0,0.0,
Fra_196,23,0.0,110.65325705133324,0.0,0.0,-150.97695227115753,261.63020932249077,0.0,0.0,
Fra_196,24,0.0,111.13986928594987,0.0,0.0,-132.53908525684113,243.67895454279102,0.0,0.0,
Fra_197,1,0.0,364.65627753055173,0.0,0.0,44.37252867300947,320.28374885754226,0.0,0.0,
Fra_197,2,0.0,365.33287663034235,0.0,0.0,59.54321075180886,305.7896658785336,-1.1368683772161603e-13,0.0,
Fra_197,3,0.0,364.8093264855943,0.0,0.0,66.35897806241469,298.45034842317966,-5.684341886080802e-14,0.0,
Fra_197,4,0.0,365.27670230276794,0.0,0.0,58.926990661985386,306.3497116407825,5.684341886080802e-14,0.0,
Fra_197,5,0.0,365.5189497477891,0.0,0.0,34.43808584566105,331.0808639021281,-5.684341886080802e-14,0.0,
Fra_197,6,0.0,365.7790246635989,0.0,0.0,3.5278927945715424,362.25113186902735,0.0,0.0,
Fra_197,7,0.0,365.99542621958335,0.0,0.0,-18.43856129888988,384.4339875184732,5.684341886080802e-14,0.0,
Fra_197,8,0.0,371.60695238942475,0.0,0.0,-24.979518255448056,396.58647064487275,5.684341886080802e-14,0.0,
Fra_197,9,0.0,377.4727781181308,0.0,0.0,-24.41999316823936,401.89277128637013,0.0,0.0,
Fra_197,10,0.0,380.8142003304246,0.0,0.0,-22.893218946769352,403.70741927719405,-5.684341886080802e-14,0.0,
Fra_197,11,0.0,381.799562977989,0.0,0.0,-23.138084776437466,404.93764775442645,5.684341886080802e-14,0.0,
Fra_197,12,0.0,380.83383765541123,0.0,0.0,-19.095816817852935,399.9296544732641,5.684341886080802e-14,0.0,
Fra_197,13,0.0,378.87123314167616,0.0,0.0,-8.110459984316819,386.98169312599293,5.684341886080802e-14,0.0,
Fra_197,14,0.0,380.2029208900735,0.0,0.0,5.8315362265622355,374.37138466351115,5.684341886080802e-14,0.0,
Fra_197,15,0.0,380.57342150915014,0.0,0.0,17.780660072905235,362.79276143624486,5.684341886080802e-14,0.0,
Fra_197,16,0.0,380.03263423278975,0.0,0.0,23.710252376138143,356.32238185665153,5.684341886080802e-14,0.0,
Fra_197,17,0.0,382.09806818726275,0.0,0.0,22.336301406802974,359.76176678045977,0.0,0.0,
Fra_197,18,0.0,380.4456253782036,0.0,0.0,16.01033116321281,364.4352942149908,0.0,0.0,
Fra_197,19,0.0,379.34165959084214,0.0,0.0,15.890623265752538,363.4510363250896,0.0,0.0,
Fra_197,20,0.0,381.6635402498985,0.0,0.0,17.555862091168905,364.10767815872975,-1.1368683772161603e-13,0.0,
Fra_197,21,0.0,382.94295695096054,0.0,0.0,14.306653648346668,368.63630330261395,-5.684341886080802e-14,0.0,
Fra_197,22,0.0,385.52495314396594,0.0,0.0,7.995896068835833,377.52905707513,1.1368683772161603e-13,0.0,
Fra_197,23,0.0,387.78553541989663,0.0,0.0,26.70984350363895,361.07569191625765,5.684341886080802e-14,0.0,
Fra_197,24,0.0,390.1453150719473,0.0,0.0,53.84413890113845,336.30117617080884,0.0,0.0,
Fra_198,1,0.0,143.50928292732547,0.0,0.0,100.44611372165946,43.063169205666036,-2.1316282072803006e-14,0.0,
Fra_198,2,0.0,138.635615310217,0.0,0.0,97.52122168255767,41.11439362765931,1.4210854715202004e-14,0.0,
Fra_198,3,0.0,129.6505545252956,0.0,0.0,89.52295548387852,40.12759904141704,4.263256414560601e-14,0.0,
Fra_198,4,0.0,127.85508992599202,0.0,0.0,86.66539636348222,41.18969356250981,-7.105427357601002e-15,0.0,
Fra_198,5,0.0,142.65118676850997,0.0,0.0,98.13631108770574,44.51487568080427,-3.552713678800501e-14,0.0,
Fra_198,6,0.0,144.93378539503232,0.0,0.0,96.22796799947507,48.70581739555722,2.842170943040401e-14,0.0,
Fra_198,7,0.0,167.1901501248135,0.0,0.0,115.50177719934135,51.68837292547217,-2.1316282072803006e-14,0.0,
Fra_198,8,0.0,180.0030259165538,0.0,0.0,126.68071296444006,53.322312952113705,4.263256414560601e-14,0.0,
Fra_198,9,0.0,215.47107723166638,0.0,0.0,161.43531527317626,54.035761958490156,-2.842170943040401e-14,0.0,
Fra_198,10,0.0,178.88441764322755,0.0,0.0,124.60467048799762,54.27974715522996,-3.552713678800501e-14,0.0,
Fra_198,11,0.0,230.1516364118313,0.0,0.0,175.70648112313953,54.44515528869181,-2.842170943040401e-14,0.0,
Fra_198,12,0.0,175.27273668413915,0.0,0.0,121.50092202798585,53.77181465615334,-4.263256414560601e-14,0.0,
Fra_198,13,0.0,203.18947302227357,0.0,0.0,151.1585529708414,52.030920051432176,-1.4210854715202004e-14,0.0,
Fra_198,14,0.0,141.33884827389377,0.0,0.0,91.00342432238092,50.33542395151287,-2.1316282072803006e-14,0.0,
Fra_198,15,0.0,153.3544162534121,0.0,0.0,104.57577503902834,48.77864121438374,1.4210854715202004e-14,0.0,
Fra_198,16,0.0,144.5866378406016,0.0,0.0,96.67795975002541,47.90867809057616,4.263256414560601e-14,0.0,
Fra_198,17,0.0,143.0059690825684,0.0,0.0,94.63485474455334,48.371114338015126,-4.973799150320701e-14,0.0,
Fra_198,18,0.0,160.24670018875142,0.0,0.0,111.24721521557782,48.99948497317355,4.263256414560601e-14,0.0,
Fra_198,19,0.0,156.91048769076235,0.0,0.0,108.04333932288336,48.86714836787897,2.842170943040401e-14,0.0,
Fra_198,20,0.0,120.17832393212336,0.0,0.0,71.22288798021796,48.95543595190541,-7.105427357601002e-15,0.0,
Fra_198,21,0.0,137.48013851095,0.0,0.0,87.91581449795582,49.564324012994206,-1.4210854715202004e-14,0.0,
Fra_198,22,0.0,131.11389570294787,0.0,0.0,80.35391264769453,50.759983055253386,-4.263256414560601e-14,0.0,
Fra_198,23,0.0,128.52452532273634,0.0,0.0,79.9767495691849,48.54777575355142,1.4210854715202004e-14,0.0,
Fra_198,24,0.0,121.72740654112069,0.0,0.0,76.51064326428792,45.21676327683276,7.105427357601002e-15,0.0,
Fra_199,1,0.0,207.05273350916158,0.0,0.0,135.59103542719205,71.46169808196959,-5.684341886080802e-14,0.0,
Fra_199,2,0.0,186.2749482951622,0.0,0.0,118.04716946609122,68.22777882907101,-2.842170943040401e-14,0.0,
Fra_199,3,0.0,150.31122303362787,0.0,0.0,83.72099244105985,66.59023059256802,0.0,0.0,
Fra_199,4,0.0,142.5692898282286,0.0,0.0,74.21655360960324,68.35273621862538,-2.842170943040401e-14,0.0,
Fra_199,5,0.0,202.48968390812718,0.0,0.0,128.61893392069965,73.87074998742756,-2.842170943040401e-14,0.0,
Fra_199,6,0.0,212.78793664374524,0.0,0.0,131.96247763180395,80.82545901194128,1.4210854715202004e-14,0.0,
Fra_199,7,0.0,305.5558115167864,0.0,0.0,219.78091458090688,85.77489693587948,1.4210854715202004e-14,0.0,
Fra_199,8,0.0,355.68441735259415,0.0,0.0,267.1980588354676,88.4863585171265,7.105427357601002e-14,0.0,
Fra_199,9,0.0,497.50049128802505,0.0,0.0,407.8301911699667,89.67030011805832,0.0,0.0,
Fra_199,10,0.0,350.05974424574345,0.0,0.0,259.98455993575266,90.07518430999086,-7.105427357601002e-14,0.0,
Fra_199,11,0.0,559.0101261470658,0.0,0.0,468.6604533051858,90.34967284187991,5.684341886080802e-14,0.0,
Fra_199,12,0.0,339.4418385979125,0.0,0.0,250.2095490298688,89.23228956804377,-5.684341886080802e-14,0.0,
Fra_199,13,0.0,454.56220111024703,0.0,0.0,368.2188601943788,86.34334091586828,-5.684341886080802e-14,0.0,
Fra_199,14,0.0,201.45106177596418,0.0,0.0,117.92133241322908,83.52972936273513,-2.842170943040401e-14,0.0,
Fra_199,15,0.0,246.76477398603726,0.0,0.0,165.8184666052891,80.9463073807481,5.684341886080802e-14,0.0,
Fra_199,16,0.0,207.9898045540597,0.0,0.0,128.48716802343114,79.50263653062858,-1.4210854715202004e-14,0.0,
Fra_199,17,0.0,194.80720076620963,0.0,0.0,114.53716879984768,80.27003196636197,-1.4210854715202004e-14,0.0,
Fra_199,18,0.0,262.6087754497662,0.0,0.0,181.29598621677565,81.3127892329906,-4.263256414560601e-14,0.0,
Fra_199,19,0.0,248.7253171824421,0.0,0.0,167.63213553308253,81.09318164935948,8.526512829121202e-14,0.0,
Fra_199,20,0.0,96.71876337197966,0.0,0.0,15.479071821225013,81.23969155075463,2.842170943040401e-14,0.0,
Fra_199,21,0.0,164.6788132561353,0.0,0.0,82.42869503242885,82.25011822370647,-1.4210854715202004e-14,0.0,
Fra_199,22,0.0,135.85740816851117,0.0,0.0,51.6231390552399,84.23426911327128,-1.4210854715202004e-14,0.0,
Fra_199,23,0.0,122.75452404440071,0.0,0.0,42.19132915081681,80.56319489358394,-4.263256414560601e-14,0.0,
Fra_199,24,0.0,92.55115945343825,0.0,0.0,17.51565358760992,75.03550586582836,-2.842170943040401e-14,0.0,
Fra_200,1,0.0,10.081766676485842,0.0,0.0,-79.32927470106503,89.41104137755087,0.0,0.0,
Fra_200,2,0.0,9.826566551425223,0.0,0.0,-75.53827810965655,85.36484466108176,1.4210854715202004e-14,0.0,
Fra_200,3,0.0,9.69401527524642,0.0,0.0,-73.62197108745346,83.31598636269989,-1.4210854715202004e-14,0.0,
Fra_200,4,0.0,9.737156709078128,0.0,0.0,-75.78403142868761,85.52118813776575,-1.4210854715202004e-14,0.0,
Fra_200,5,0.0,10.368537385038405,0.0,0.0,-82.05664786791412,92.42518525295252,1.4210854715202004e-14,0.0,
Fra_200,6,0.0,12.950529895414242,0.0,0.0,-88.17620867979996,101.1267385752142,0.0,0.0,
Fra_200,7,0.0,18.75840624790662,0.0,0.0,-88.56094194743237,107.31934819533899,0.0,0.0,
Fra_200,8,0.0,27.118358110511284,0.0,0.0,-83.59350118016206,110.71185929067335,0.0,0.0,
Fra_200,9,0.0,35.83704991163094,0.0,0.0,-76.35612670441714,112.19317661604808,0.0,0.0,
Fra_200,10,0.0,43.018622712452974,0.0,0.0,-69.68113460640001,112.69975731885299,0.0,0.0,
Fra_200,11,0.0,47.29341760489976,0.0,0.0,-65.74977271570255,113.0431903206023,0.0,0.0,
Fra_200,12,0.0,49.056298762280186,0.0,0.0,-62.588850302474135,111.6451490647543,1.4210854715202004e-14,0.0,
Fra_200,13,0.0,48.42854910157,0.0,0.0,-59.60202160288569,108.03057070445568,1.4210854715202004e-14,0.0,
Fra_200,14,0.0,44.585530410835574,0.0,0.0,-59.92472177685349,104.51025218768906,0.0,0.0,
Fra_200,15,0.0,38.23283913621303,0.0,0.0,-63.04510181445274,101.27794095066577,0.0,0.0,
Fra_200,16,0.0,29.965922539437532,0.0,0.0,-69.50573451957565,99.4716570590132,-1.4210854715202004e-14,0.0,
Fra_200,17,0.0,20.830780097209818,0.0,0.0,-79.60102242292297,100.43180252013279,-1.4210854715202004e-14,0.0,
Fra_200,18,0.0,14.242228273861167,0.0,0.0,-87.49424535842923,101.7364736322904,0.0,0.0,
Fra_200,19,0.0,12.334751147807461,0.0,0.0,-89.12695511575427,101.46170626356174,0.0,0.0,
Fra_200,20,0.0,11.602236217685018,0.0,0.0,-90.04277947186931,101.64501568955433,0.0,0.0,
Fra_200,21,0.0,11.122785388233506,0.0,0.0,-91.78645020497676,102.90923559321027,0.0,0.0,
Fra_200,22,0.0,10.87900502725653,0.0,0.0,-94.51274920247835,105.39175422973487,0.0,0.0,
Fra_200,23,0.0,10.710184091382638,0.0,0.0,-90.08841635434857,100.79860044573121,0.0,0.0,
Fra_200,24,0.0,10.557631888092967,0.0,0.0,-83.32486600692668,93.88249789501964,1.4210854715202004e-14,0.0,
Fra_201,1,0.0,6.222532179463669,0.0,0.0,-186.73708001560158,192.95961219506523,0.0,0.0,
Fra_201,2,0.0,6.065020997014209,0.0,0.0,-178.16241967599046,184.22744067300468,0.0,0.0,
Fra_201,3,0.0,5.983209484417382,0.0,0.0,-173.8225524271355,179.80576191155288,0.0,0.0,
Fra_201,4,0.0,6.0193262051473635,0.0,0.0,-178.54552219922218,184.56484840436954,0.0,0.0,
Fra_201,5,0.0,6.52410154868647,0.0,0.0,-192.94038995811508,199.46449150680155,0.0,0.0,
Fra_201,6,0.0,8.596670499838021,0.0,0.0,-209.64680320747584,218.24347370731385,0.0,0.0,
Fra_201,7,0.0,13.266198779712564,0.0,0.0,-218.34165959827047,231.60785837798306,-2.842170943040401e-14,0.0,
Fra_201,8,0.0,19.99449414789915,0.0,0.0,-218.93480479533756,238.9292989432367,2.842170943040401e-14,0.0,
Fra_201,9,0.0,26.978680689036832,0.0,0.0,-215.14747640771543,242.12615709675225,0.0,0.0,
Fra_201,10,0.0,32.6690672800064,0.0,0.0,-210.55035094482037,243.21941822482674,2.842170943040401e-14,0.0,
Fra_201,11,0.0,36.005625604390104,0.0,0.0,-207.9549616954361,243.96058729982622,0.0,0.0,
Fra_201,12,0.0,37.32508910193749,0.0,0.0,-203.61835966102717,240.94344876296466,0.0,0.0,
Fra_201,13,0.0,36.72056497405958,0.0,0.0,-196.42219577648456,233.14276075054414,0.0,0.0,
Fra_201,14,0.0,33.53854679132741,0.0,0.0,-192.00694984806466,225.5454966393921,-2.842170943040401e-14,0.0,
Fra_201,15,0.0,28.34806949218208,0.0,0.0,-190.2217168414092,218.56978633359125,2.842170943040401e-14,0.0,
Fra_201,16,0.0,21.622445322374123,0.0,0.0,-193.04916653659365,214.67161185896776,0.0,0.0,
Fra_201,17,0.0,14.255982382851897,0.0,0.0,-202.48773704777656,216.74371943062846,0.0,0.0,
Fra_201,18,0.0,9.022722049021397,0.0,0.0,-210.53663209478518,219.55935414380656,0.0,0.0,
Fra_201,19,0.0,7.616570963023454,0.0,0.0,-211.34980267080493,218.96637363382837,2.842170943040401e-14,0.0,
Fra_201,20,0.0,7.160975901839524,0.0,0.0,-212.2010011743184,219.36197707615793,0.0,0.0,
Fra_201,21,0.0,6.865055721332778,0.0,0.0,-215.22525757125112,222.09031329258391,-2.842170943040401e-14,0.0,
Fra_201,22,0.0,6.714592891793338,0.0,0.0,-220.733289510718,227.44788240251134,0.0,0.0,
Fra_201,23,0.0,6.610395508561629,0.0,0.0,-210.92491726878288,217.53531277734453,-2.842170943040401e-14,0.0,
Fra_201,24,0.0,6.516239293239559,0.0,0.0,-196.09330541871168,202.6095447119513,-5.684341886080802e-14,0.0,
Fra_202,1,3482.970340705104,2.173706661392067,0.0,0.0,3300.0,185.14404736649612,-4.547473508864641e-13,0.0,
Fra_202,2,3474.6468769470553,2.1186835459368982,0.0,0.0,3300.0,176.7655604929923,2.842170943040401e-14,0.0,
Fra_202,3,3470.432871305809,2.090104468355397,0.0,0.0,3300.0,172.52297577416476,-2.8421709430404007e-13,0.0,
Fra_202,4,3474.99056733405,2.098734652237483,0.0,0.0,3300.0,177.08930198628718,2.2737367544323206e-13,0.0,
Fra_202,5,3489.158733068136,2.2267223821821527,0.0,0.0,3300.0,191.3854554503182,0.0,0.0,
Fra_202,6,3506.654289121973,2.7495315731484666,0.0,0.0,3300.0,209.40382069512123,1.1368683772161603e-13,0.0,
Fra_202,7,3518.301905715975,3.9249935516150303,0.0,0.0,3300.0,222.22689926759014,-1.9895196601282805e-13,0.0,
Fra_202,8,3523.6316865277536,5.616484442524978,0.0,0.0,3299.9963760606197,229.25179490965849,1.7053025658242404e-13,0.0,
Fra_202,9,3524.5622494377053,7.382883151761397,0.0,0.0,3299.6259638876177,232.3191687018493,-4.263256414560601e-13,0.0,
Fra_202,10,3524.525865162898,8.84228362228376,0.0,0.0,3300.0,233.36814878518177,2.842170943040401e-14,0.0,
Fra_202,11,3524.358668053973,9.71456572207405,0.0,0.0,3299.9939359541977,234.0792978218494,-1.9895196601282805e-13,0.0,
Fra_202,12,3521.1060809059572,10.078283443413886,0.0,0.0,3300.0,231.18436434937084,3.694822225952521e-13,0.0,
Fra_202,13,3513.7413375413257,9.95829498031515,0.0,0.0,3300.0,223.69963252164084,1.4210854715202004e-13,0.0,
Fra_202,14,3507.2230565479194,9.187028640733404,0.0,0.0,3300.0,216.41008518865294,-1.1368683772161603e-13,0.0,
Fra_202,15,3501.8097484978134,7.907167977551583,0.0,0.0,3300.0,209.71691647536522,-2.2737367544323206e-13,0.0,
Fra_202,16,3499.7370220675684,6.239610151612615,0.0,0.0,3300.0,205.9766322191813,-4.831690603168681e-13,0.0,
Fra_202,17,3503.572528937839,4.392282973619928,0.0,0.0,3300.0,207.9648119114591,-5.115907697472721e-13,0.0,
Fra_202,18,3507.612107361417,3.054295835250545,0.0,0.0,3300.0,210.66640319666755,3.979039320256561e-13,0.0,
Fra_202,19,3507.4382194352634,2.6592211148794984,0.0,0.0,3300.0,210.09744055014323,-3.410605131648481e-13,0.0,
Fra_202,20,3507.975488994179,2.501531622651775,0.0,0.0,3300.0,210.47702061683077,1.7053025658242404e-13,0.0,
Fra_202,21,3510.6966909857733,2.398158325566906,0.0,0.0,3300.0,213.09484931134045,-3.410605131648481e-13,0.0,
Fra_202,22,3515.889820022471,2.3455973993347867,0.0,0.0,3300.0,218.23541742180564,1.4210854715202004e-13,0.0,
Fra_202,23,3506.415144550419,2.3091983033561605,0.0,0.0,3300.0,208.72434285377483,1.1368683772161603e-13,0.0,
Fra_202,24,3492.1268157110167,2.2763068716119395,0.0,0.0,3300.0,194.4031225826285,-1.1368683772161603e-13,0.0,
Fra_203,1,0.0,10.831670075188672,0.0,0.0,-616.5228908062006,627.3545608813893,0.0,0.0,
Fra_203,2,0.0,10.006340235711132,0.0,0.0,-588.9579913720759,598.964331607787,0.0,0.0,
Fra_203,3,0.0,8.724927093586322,0.0,0.0,-575.8635446842953,584.5884717778815,1.1368683772161603e-13,0.0,
Fra_203,4,0.0,8.514557435207747,0.0,0.0,-591.5467616547805,600.0613190899883,0.0,0.0,
Fra_203,5,0.0,11.249562210921447,0.0,0.0,-637.2538062254673,648.5033684363889,-1.1368683772161603e-13,0.0,
Fra_203,6,0.0,14.493772909994822,0.0,0.0,-695.0642379885285,709.5580108985232,1.1368683772161603e-13,0.0,
Fra_203,7,0.0,24.182536300515572,0.0,0.0,-728.8260577596379,753.0085940601535,0.0,0.0,
Fra_203,8,0.0,35.3082947044327,0.0,0.0,-741.5039289266108,776.8122236310435,0.0,0.0,
Fra_203,9,0.0,49.83550604515002,0.0,0.0,-737.370413553065,787.2059195982149,1.1368683772161603e-13,0.0,
Fra_203,10,0.0,52.60943075601125,0.0,0.0,-738.1509236129293,790.7603543689407,-1.1368683772161603e-13,0.0,
Fra_203,11,0.0,64.15951695011955,0.0,0.0,-729.0105427156741,793.1700596657936,0.0,0.0,
Fra_203,12,0.0,58.34274682047234,0.0,0.0,-725.01792527256,783.3606720930325,-1.1368683772161603e-13,0.0,
Fra_203,13,0.0,61.19576587552823,0.0,0.0,-696.8031367418401,757.9989026173682,1.1368683772161603e-13,0.0,
Fra_203,14,0.0,47.94298386476451,0.0,0.0,-685.355525566005,733.2985094307695,0.0,0.0,
Fra_203,15,0.0,42.03427505877273,0.0,0.0,-668.5846506707844,710.6189257295572,0.0,0.0,
Fra_203,16,0.0,31.13076157288511,0.0,0.0,-666.8143330479412,697.9450946208264,0.0,0.0,
Fra_203,17,0.0,20.315720659428397,0.0,0.0,-684.3662559489305,704.6819766083588,1.1368683772161603e-13,0.0,
Fra_203,18,0.0,15.431170459798505,0.0,0.0,-698.4050600309871,713.8362304907856,0.0,0.0,
Fra_203,19,0.0,13.267147292850147,0.0,0.0,-698.6411718427213,711.9083191355714,0.0,0.0,
Fra_203,20,0.0,7.748178629060483,0.0,0.0,-705.4463351719257,713.1945138009863,-1.1368683772161603e-13,0.0,
Fra_203,21,0.0,9.831094689885571,0.0,0.0,-712.2338461891901,722.0649408790756,1.1368683772161603e-13,0.0,
Fra_203,22,0.0,8.733368809209697,0.0,0.0,-730.7502193096441,739.4835881188537,0.0,0.0,
Fra_203,23,0.0,8.20489270440785,0.0,0.0,-699.0507297087719,707.2556224131797,0.0,0.0,
Fra_203,24,0.0,7.102990662776854,0.0,0.0,-651.6256443463427,658.7286350091196,0.0,0.0,
Fra_204,1,0.0,12.842944935641889,0.0,0.0,-252.36323059097472,265.2061755266166,0.0,0.0,
Fra_204,2,0.0,12.51785100529268,0.0,0.0,-240.68671554697022,253.20456655226292,-2.842170943040401e-14,0.0,
Fra_204,3,0.0,12.34899679593234,0.0,0.0,-234.77835753356524,247.12735432949756,2.842170943040401e-14,0.0,
Fra_204,4,0.0,12.403374616344538,0.0,0.0,-241.26492946632925,253.66830408267384,-5.684341886080802e-14,0.0,
Fra_204,5,0.0,13.200653627272949,0.0,0.0,-260.9459117814701,274.1465654087431,0.0,0.0,
Fra_204,6,0.0,16.460569374718993,0.0,0.0,-283.49607096641785,299.95664034113685,0.0,0.0,
Fra_204,7,0.0,23.792891114930292,0.0,0.0,-294.53193159585044,318.3248227107807,0.0,0.0,
Fra_204,8,0.0,34.3467334053207,0.0,0.0,-294.04077148836916,328.3875048936899,0.0,0.0,
Fra_204,9,0.0,45.355462873021736,0.0,0.0,-287.4258450292369,332.7813079022586,0.0,0.0,
Fra_204,10,0.0,54.427148913740716,0.0,0.0,-279.85675115964773,334.2839000733885,-5.684341886080802e-14,0.0,
Fra_204,11,0.0,59.83011307948721,0.0,0.0,-275.4724593137881,335.3025723932753,0.0,0.0,
Fra_204,12,0.0,62.061687520058435,0.0,0.0,-269.0940908198264,331.1557783398848,5.684341886080802e-14,0.0,
Fra_204,13,0.0,61.27525814183578,0.0,0.0,-259.15915415301885,320.4344122948546,0.0,0.0,
Fra_204,14,0.0,56.42915666070755,0.0,0.0,-253.56347801828298,309.99263467899056,-5.684341886080802e-14,0.0,
Fra_204,15,0.0,48.414077811027084,0.0,0.0,-251.9910508052292,300.4051286162563,0.0,0.0,
Fra_204,16,0.0,37.98209242635123,0.0,0.0,-257.0653349995374,295.0474274258886,5.684341886080802e-14,0.0,
Fra_204,17,0.0,26.450498549952847,0.0,0.0,-271.4448602026444,297.89535875259725,0.0,0.0,
Fra_204,18,0.0,18.128688948501917,0.0,0.0,-283.63651440767524,301.76520335617715,0.0,0.0,
Fra_204,19,0.0,15.712760717913845,0.0,0.0,-285.23744259020066,300.9502033081145,0.0,0.0,
Fra_204,20,0.0,14.779838262035376,0.0,0.0,-286.7140875109611,301.49392577299653,-5.684341886080802e-14,0.0,
Fra_204,21,0.0,14.16907620022778,0.0,0.0,-291.07470999836715,305.24378619859493,0.0,0.0,
Fra_204,22,0.0,13.858529660828053,0.0,0.0,-298.7487685058933,312.60729816672136,-5.684341886080802e-14,0.0,
Fra_204,23,0.0,13.643472314929657,0.0,0.0,-285.33986252585885,298.98333484078853,0.0,0.0,
Fra_204,24,0.0,13.449139356279694,0.0,0.0,-265.0200276729636,278.4691670292433,0.0,0.0,
Fra_205,1,0.0,186.07573859126757,0.0,0.0,139.0077441377388,47.06799445352877,0.0,0.0,
Fra_205,2,0.0,183.9141982374916,0.0,0.0,138.9762132511881,44.93798498630349,0.0,0.0,
Fra_205,3,0.0,179.3886168407923,0.0,0.0,135.5291972032257,43.859419637566624,-7.105427357601002e-15,0.0,
Fra_205,4,0.0,178.67277597292193,0.0,0.0,133.65248824436168,45.02028772856027,-2.1316282072803006e-14,0.0,
Fra_205,5,0.0,185.98036177876983,0.0,0.0,137.32565381621842,48.65470796255141,0.0,0.0,
Fra_205,6,0.0,187.44254615946014,0.0,0.0,134.2071437189208,53.235402440539346,-1.4210854715202004e-14,0.0,
Fra_205,7,0.0,198.90604900239398,0.0,0.0,142.41071679521528,56.495332207178706,0.0,0.0,
Fra_205,8,0.0,207.78567940239694,0.0,0.0,149.50445262382556,58.281226778571366,1.4210854715202004e-14,0.0,
Fra_205,9,0.0,227.74647380430665,0.0,0.0,168.6854480816627,59.061025722644054,-1.2079226507921703e-13,0.0,
Fra_205,10,0.0,211.84128187766146,0.0,0.0,152.51358061536905,59.32770126229248,-7.105427357601002e-14,0.0,
Fra_205,11,0.0,237.4106867265173,0.0,0.0,177.90219456443828,59.508492162078994,2.842170943040401e-14,0.0,
Fra_205,12,0.0,210.6992645210398,0.0,0.0,151.92673289652126,58.772531624518585,-4.973799150320701e-14,0.0,
Fra_205,13,0.0,223.50361993656628,0.0,0.0,166.63388411436904,56.86973582219727,-2.842170943040401e-14,0.0,
Fra_205,14,0.0,193.5510422331899,0.0,0.0,138.5344816997375,55.016560533452356,2.1316282072803006e-14,0.0,
Fra_205,15,0.0,198.7918966869369,0.0,0.0,145.47689789610942,53.31499879082748,-7.105427357601002e-15,0.0,
Fra_205,16,0.0,193.47715637080285,0.0,0.0,141.1130262745341,52.36413009626882,-7.105427357601002e-14,0.0,
Fra_205,17,0.0,192.39060789479117,0.0,0.0,139.52103551150407,52.86957238328713,-2.1316282072803006e-14,0.0,
Fra_205,18,0.0,199.5248002326452,0.0,0.0,145.96841946725442,53.556380765390735,3.552713678800501e-14,0.0,
Fra_205,19,0.0,197.38280890657092,0.0,0.0,143.9710718986857,53.4117370078852,2.1316282072803006e-14,0.0,
Fra_205,20,0.0,180.28676245405558,0.0,0.0,126.77852721828978,53.508235235765866,-7.105427357601002e-14,0.0,
Fra_205,21,0.0,189.03885967844963,0.0,0.0,134.86511049164886,54.17374918680076,0.0,0.0,
Fra_205,22,0.0,186.76112825741612,0.0,0.0,131.2805251114794,55.480603145936726,0.0,0.0,
Fra_205,23,0.0,186.21486274129083,0.0,0.0,133.1521996338421,53.062663107448714,2.842170943040401e-14,0.0,
Fra_205,24,0.0,183.66391411579096,0.0,0.0,134.24204381739074,49.42187029840018,4.263256414560601e-14,0.0,
Fra_206,1,0.0,100.14011170940233,0.0,0.0,-25.06354951648425,125.20366122588658,0.0,0.0,
Fra_206,2,0.0,100.19754854015811,0.0,0.0,-19.340160973982847,119.53770951414096,0.0,0.0,
Fra_206,3,0.0,99.99843665141671,0.0,0.0,-16.670224965079953,116.66866161649665,1.4210854715202004e-14,0.0,
Fra_206,4,0.0,100.13235038230168,0.0,0.0,-19.62428931527109,119.75663969757278,-1.4210854715202004e-14,0.0,
Fra_206,5,0.0,100.38737291908899,0.0,0.0,-29.037040496321033,129.42441341541002,0.0,0.0,
Fra_206,6,0.0,101.23157068164238,0.0,0.0,-40.37776215215369,141.6093328337961,0.0,0.0,
Fra_206,7,0.0,103.02721258998686,0.0,0.0,-47.25372707263807,150.28093966262495,-2.842170943040401e-14,0.0,
Fra_206,8,0.0,106.99243382701768,0.0,0.0,-48.03909148298518,155.03152531000285,0.0,0.0,
Fra_206,9,0.0,111.16108650740811,0.0,0.0,-45.944750316215234,157.10583682362335,0.0,0.0,
Fra_206,10,0.0,114.26146640344099,0.0,0.0,-43.55374319697099,157.815209600412,-2.842170943040401e-14,0.0,
Fra_206,11,0.0,115.8902080015416,0.0,0.0,-42.40591613182211,158.29612413336372,0.0,0.0,
Fra_206,12,0.0,116.2540554128455,0.0,0.0,-40.084369972352704,156.3384253851982,0.0,0.0,
Fra_206,13,0.0,115.64299016336162,0.0,0.0,-35.63388535590608,151.27687551926772,-2.842170943040401e-14,0.0,
Fra_206,14,0.0,114.92430639279894,0.0,0.0,-31.423012774258233,146.34731916705718,0.0,0.0,
Fra_206,15,0.0,113.19422368145555,0.0,0.0,-28.62684017236797,141.82106385382355,-2.842170943040401e-14,0.0,
Fra_206,16,0.0,110.64900655762361,0.0,0.0,-28.642690084232477,139.29169664185608,0.0,0.0,
Fra_206,17,0.0,108.47392540344929,0.0,0.0,-32.16227774665751,140.63620315010678,0.0,0.0,
Fra_206,18,0.0,106.01085890400395,0.0,0.0,-36.45229534096838,142.4631542449723,2.842170943040401e-14,0.0,
Fra_206,19,0.0,105.03537711415859,0.0,0.0,-37.04301614357761,142.07839325773622,-2.842170943040401e-14,0.0,
Fra_206,20,0.0,105.30277389950207,0.0,0.0,-37.03231037667979,142.33508427618185,2.842170943040401e-14,0.0,
Fra_206,21,0.0,105.41284663320205,0.0,0.0,-38.692544286249756,144.1053909194518,0.0,0.0,
Fra_206,22,0.0,105.97419784279177,0.0,0.0,-41.60750223899147,147.58170008178323,2.842170943040401e-14,0.0,
Fra_206,23,0.0,106.48657861228146,0.0,0.0,-34.66325733426107,141.14983594654254,0.0,0.0,
Fra_206,24,0.0,107.03253959112632,0.0,0.0,-24.432571209376285,131.46511080050263,-2.842170943040401e-14,0.0,
Fra_207,1,0.0,6.001041764233564,0.0,0.0,-224.30079602834093,230.30183779257445,5.684341886080802e-14,0.0,
Fra_207,2,0.0,5.8491371766875835,0.0,0.0,-214.03064842282203,219.87978559950957,2.842170943040401e-14,0.0,
Fra_207,3,0.0,5.770237736760381,0.0,0.0,-208.8321702120245,214.60240794878487,0.0,0.0,
Fra_207,4,0.0,5.791617029145604,0.0,0.0,-214.49087263747313,220.28248966661872,2.842170943040401e-14,0.0,
Fra_207,5,0.0,6.115289532772668,0.0,0.0,-231.95027478821825,238.06556432099092,0.0,0.0,
Fra_207,6,0.0,7.435157709420717,0.0,0.0,-253.04356376634308,260.4787214757638,0.0,0.0,
Fra_207,7,0.0,10.400624012000813,0.0,0.0,-266.0288050528236,276.4294290648244,5.684341886080802e-14,0.0,
Fra_207,8,0.0,14.666037744016643,0.0,0.0,-270.5017029202449,285.1677406642615,5.684341886080802e-14,0.0,
Fra_207,9,0.0,19.129365019224934,0.0,0.0,-269.85390107826834,288.98326609749324,0.0,0.0,
Fra_207,10,0.0,22.834111499168284,0.0,0.0,-267.45398748080515,290.2880989799734,0.0,0.0,
Fra_207,11,0.0,25.06227900854808,0.0,0.0,-266.1104227032905,291.17270171183856,5.684341886080802e-14,0.0,
Fra_207,12,0.0,26.006753987760515,0.0,0.0,-261.5649218824031,287.5716758701636,5.684341886080802e-14,0.0,
Fra_207,13,0.0,25.73145846192345,0.0,0.0,-252.5299127031766,278.26137116510006,0.0,0.0,
Fra_207,14,0.0,23.811031410475007,0.0,0.0,-245.38282626260408,269.1938576730791,0.0,0.0,
Fra_207,15,0.0,20.604959468673705,0.0,0.0,-240.26322380519235,260.868183273866,5.684341886080802e-14,0.0,
Fra_207,16,0.0,16.4197335318287,0.0,0.0,-239.79588677650685,256.21562030833553,0.0,0.0,
Fra_207,17,0.0,11.765270752816757,0.0,0.0,-246.923458702188,258.68872945500476,0.0,0.0,
Fra_207,18,0.0,8.37222688315625,0.0,0.0,-253.67702885826105,262.04925574141737,-5.684341886080802e-14,0.0,
Fra_207,19,0.0,7.340523890418445,0.0,0.0,-254.00099565859244,261.34151954901085,5.684341886080802e-14,0.0,
Fra_207,20,0.0,6.90608167546882,0.0,0.0,-254.9075998911225,261.8136815665913,0.0,0.0,
Fra_207,21,0.0,6.620694744411827,0.0,0.0,-258.4493202984499,265.0700150428617,0.0,0.0,
Fra_207,22,0.0,6.47558762435371,0.0,0.0,-264.98881222308404,271.4643998474378,-5.684341886080802e-14,0.0,
Fra_207,23,0.0,6.375099136634675,0.0,0.0,-253.25841560509002,259.63351474172475,-5.684341886080802e-14,0.0,
Fra_207,24,0.0,6.284294402450302,0.0,0.0,-235.53496492684724,241.81925932929758,-2.842170943040401e-14,0.0,
Fra_208,1,0.0,3.4927899045227666,0.0,0.0,-88.64590708901011,92.13869699353286,1.4210854715202004e-14,0.0,
Fra_208,2,0.0,3.4043767871547925,0.0,0.0,-84.56468648451226,87.96906327166707,-1.4210854715202004e-14,0.0,
Fra_208,3,0.0,3.3584548992431476,0.0,0.0,-82.49924571487308,85.85770061411624,-1.4210854715202004e-14,0.0,
Fra_208,4,0.0,3.3815788604454697,0.0,0.0,-84.74859744606783,88.1301763065133,0.0,0.0,
Fra_208,5,0.0,3.6994930609471237,0.0,0.0,-91.54530005843039,95.2447931193775,0.0,0.0,
Fra_208,6,0.0,5.006754576459902,0.0,0.0,-99.20504946886618,104.21180404532608,0.0,0.0,
Fra_208,7,0.0,7.9537753921412095,0.0,0.0,-102.63955572855538,110.59333112069659,0.0,0.0,
Fra_208,8,0.0,12.201711600283394,0.0,0.0,-101.88762568524793,114.08933728553131,0.0,0.0,
Fra_208,9,0.0,16.603640913768523,0.0,0.0,-99.01220412842385,115.61584504219238,0.0,0.0,
Fra_208,10,0.0,20.17566265989465,0.0,0.0,-95.9622173028107,116.13787996270536,-1.4210854715202004e-14,0.0,
Fra_208,11,0.0,22.258271774146884,0.0,0.0,-94.23351827391515,116.49179004806203,0.0,0.0,
Fra_208,12,0.0,23.06842959032221,0.0,0.0,-91.98266926711716,115.05109885743937,0.0,0.0,
Fra_208,13,0.0,22.663881869379278,0.0,0.0,-88.66236896965243,111.32625083903172,0.0,0.0,
Fra_208,14,0.0,20.634380942772363,0.0,0.0,-87.06415729902609,107.69853824179846,0.0,0.0,
Fra_208,15,0.0,17.339455082452872,0.0,0.0,-87.02816405731558,104.36761913976844,1.4210854715202004e-14,0.0,
Fra_208,16,0.0,13.076568196757654,0.0,0.0,-89.4296628905609,102.50623108731855,0.0,0.0,
Fra_208,17,0.0,8.422433178821965,0.0,0.0,-95.07323445177823,103.4956676306002,0.0,0.0,
Fra_208,18,0.0,5.134376729934816,0.0,0.0,-99.7057635119584,104.84014024189321,0.0,0.0,
Fra_208,19,0.0,4.2763285756371285,0.0,0.0,-100.28066199099287,104.55699056663,-1.4210854715202004e-14,0.0,
Fra_208,20,0.0,4.019550821934313,0.0,0.0,-100.72634137694789,104.7458921988822,0.0,0.0,
Fra_208,21,0.0,3.8534468968425823,0.0,0.0,-102.19523266299072,106.04867955983329,1.4210854715202004e-14,0.0,
Fra_208,22,0.0,3.768990113516381,0.0,0.0,-104.83794208388176,108.60693219739815,-1.4210854715202004e-14,0.0,
Fra_208,23,0.0,3.710502739287844,0.0,0.0,-100.16315269241467,103.8736554317025,1.4210854715202004e-14,0.0,
Fra_208,24,0.0,3.657651605884249,0.0,0.0,-93.08891227785863,96.74656388374287,1.4210854715202004e-14,0.0,
Fra_209,1,0.0,3.333398724480007,0.0,0.0,-79.52936412720578,82.8627628516858,-1.4210854715202004e-14,0.0,
Fra_209,2,0.0,3.2490202818258744,0.0,0.0,-75.86388087713803,79.11290115896391,0.0,0.0,
Fra_209,3,0.0,3.2051940091971733,0.0,0.0,-74.00890296764531,77.21409697684248,0.0,0.0,
Fra_209,4,0.0,3.2224739370864,0.0,0.0,-76.03532042782025,79.25779436490664,1.4210854715202004e-14,0.0,
Fra_209,5,0.0,3.4678050305533707,0.0,0.0,-82.18835207423835,85.65615710479173,-1.4210854715202004e-14,0.0,
Fra_209,6,0.0,4.473715964595646,0.0,0.0,-89.24671081287775,93.72042677747339,0.0,0.0,
Fra_209,7,0.0,6.7387851476324965,0.0,0.0,-92.72071741376644,99.45950256139895,-1.4210854715202004e-14,0.0,
Fra_209,8,0.0,10.001355562464385,0.0,0.0,-92.60219764450713,102.60355320697153,-1.4210854715202004e-14,0.0,
Fra_209,9,0.0,13.393494541130522,0.0,0.0,-90.58288739425618,103.97638193538668,1.4210854715202004e-14,0.0,
Fra_209,10,0.0,16.167738789306043,0.0,0.0,-88.27812293286122,104.44586172216728,-1.4210854715202004e-14,0.0,
Fra_209,11,0.0,17.803007914161665,0.0,0.0,-86.96113449169914,104.76414240586081,0.0,0.0,
Fra_209,12,0.0,18.45942057517967,0.0,0.0,-85.0090702058328,103.46849078101246,0.0,0.0,
Fra_209,13,0.0,18.18287739863738,0.0,0.0,-81.93575921600296,100.11863661464034,0.0,0.0,
Fra_209,14,0.0,16.654789634803926,0.0,0.0,-80.20134926229531,96.85613889709924,0.0,0.0,
Fra_209,15,0.0,14.150891261774326,0.0,0.0,-79.70966414396041,93.86055540573473,1.4210854715202004e-14,0.0,
Fra_209,16,0.0,10.901681760108758,0.0,0.0,-81.28487822570006,92.1865599858088,1.4210854715202004e-14,0.0,
Fra_209,17,0.0,7.3320473676021924,0.0,0.0,-85.74433902467828,93.07638639228047,0.0,0.0,
Fra_209,18,0.0,4.782832350661156,0.0,0.0,-89.50267375771409,94.28550610837524,0.0,0.0,
Fra_209,19,0.0,4.079423938094943,0.0,0.0,-89.95143819159982,94.03086212969475,1.4210854715202004e-14,0.0,
Fra_209,20,0.0,3.836121252374362,0.0,0.0,-90.36462510258471,94.20074635495908,0.0,0.0,
Fra_209,21,0.0,3.6775973711311956,0.0,0.0,-91.69478005371637,95.37237742484758,-1.4210854715202004e-14,0.0,
Fra_209,22,0.0,3.5969947178056407,0.0,0.0,-94.07608684697692,97.67308156478255,1.4210854715202004e-14,0.0,
Fra_209,23,0.0,3.541176376599622,0.0,0.0,-89.87514442484415,93.41632080144376,1.4210854715202004e-14,0.0,
Fra_209,24,0.0,3.490737070059386,0.0,0.0,-83.51600213287009,87.00673920292947,0.0,0.0,
Fra_210,1,813.1570308455307,44.39425836675699,0.0,0.0,609.5591516142073,247.99213759808038,0.0,0.0,
Fra_210,2,173.6,39.30833938177342,0.0,0.0,-23.861191283205642,236.76953066497907,0.0,0.0,
Fra_210,3,173.6,30.53644022218672,0.0,0.0,-26.95033872417902,231.08677894636574,-2.842170943040401e-14,0.0,
Fra_210,4,489.75927705499004,28.64224163945858,0.0,0.0,281.19835083673564,237.20316785771297,5.684341886080802e-14,0.0,
Fra_210,5,868.0,43.313815998794546,0.0,0.0,654.9615925413777,256.35222345741687,-5.684341886080802e-14,0.0,
Fra_210,6,868.0,46.019846689300564,0.0,0.0,633.5328320968689,280.4870145924317,0.0,0.0,
Fra_210,7,868.0,69.10815536234654,0.0,0.0,639.4452028393814,297.6629525229652,-5.684341886080802e-14,0.0,
Fra_210,8,868.0,81.89260320114333,0.0,0.0,642.8201184168929,307.0724847842505,-1.1368683772161603e-13,0.0,
Fra_210,9,868.0,117.07189243060522,0.0,0.0,673.8907981914045,311.18109423920066,0.0,0.0,
Fra_210,10,868.0,81.53848332326316,0.0,0.0,636.9523273666393,312.5861559566237,5.684341886080802e-14,0.0,
Fra_210,11,868.0,132.82292927005307,0.0,0.0,687.2842211127911,313.5387081572619,0.0,0.0,
Fra_210,12,868.0,79.33450269715983,0.0,0.0,637.6734279299849,309.66107476717485,5.684341886080802e-14,0.0,
Fra_210,13,868.0,107.38747086742198,0.0,0.0,675.7518582833918,299.6356125840302,-5.684341886080802e-14,0.0,
Fra_210,14,868.0,45.24405343509821,0.0,0.0,623.3724621682188,289.87159126687936,0.0,0.0,
Fra_210,15,868.0,55.78334454484638,0.0,0.0,642.8769522142694,280.9063923305771,-1.1368683772161603e-13,0.0,
Fra_210,16,868.0,45.6644609116144,0.0,0.0,637.7680113856222,275.8964495259922,-5.684341886080802e-14,0.0,
Fra_210,17,868.0,41.70374662529973,0.0,0.0,631.1442196802369,278.55952694506277,0.0,0.0,
Fra_210,18,868.0,57.80397723421114,0.0,0.0,643.6257900769247,282.1781871572865,0.0,0.0,
Fra_210,19,773.4608984362146,54.33473047917177,0.0,0.0,546.3795416739872,281.4160872413993,-1.1368683772161603e-13,0.0,
Fra_210,20,868.0,17.178886641285015,0.0,0.0,603.2543689455102,281.9245176957748,-5.684341886080802e-14,0.0,
Fra_210,21,868.0,33.74474123208073,0.0,0.0,616.3137595529842,285.4309816790966,0.0,0.0,
Fra_210,22,868.0,26.66266697302982,0.0,0.0,602.3461251459515,292.3165418270783,-5.684341886080802e-14,0.0,
Fra_210,23,868.0,23.424011344714213,0.0,0.0,611.8471268089754,279.57688453573877,5.684341886080802e-14,0.0,
Fra_210,24,868.0,16.00901477715737,0.0,0.0,623.6147617036345,260.3942530735228,1.1368683772161603e-13,0.0,
Fra_211,1,0.0,9.910985730415927,0.0,0.0,-210.32503938781522,220.23602511823117,-2.842170943040401e-14,0.0,
Fra_211,2,0.0,9.660108589629154,0.0,0.0,-200.60938143458918,210.2694900242183,2.842170943040401e-14,0.0,
Fra_211,3,0.0,9.529802677092952,0.0,0.0,-195.69296827625874,205.2227709533517,0.0,0.0,
Fra_211,4,0.0,9.591218091409742,0.0,0.0,-201.06337499533356,210.65459308674332,-2.842170943040401e-14,0.0,
Fra_211,5,0.0,10.442381084100075,0.0,0.0,-217.21804102163324,227.66042210573332,0.0,0.0,
Fra_211,6,0.0,13.939824757963237,0.0,0.0,-235.15414164524668,249.09396640320992,0.0,0.0,
Fra_211,7,0.0,21.821992772703663,0.0,0.0,-242.52552293306064,264.3475157057643,0.0,0.0,
Fra_211,8,0.0,33.18153307442886,0.0,0.0,-239.52236845678374,272.7039015312126,0.0,0.0,
Fra_211,9,0.0,44.9627788073774,0.0,0.0,-231.38988281714074,276.3526616245182,-5.684341886080802e-14,0.0,
Fra_211,10,0.0,54.54184950191579,0.0,0.0,-223.05861461621436,277.60046411813016,0.0,0.0,
Fra_211,11,0.0,60.142374851991974,0.0,0.0,-218.3040286270311,278.44640347902305,0.0,0.0,
Fra_211,12,0.0,62.3388233714369,0.0,0.0,-212.66394446264252,275.0027678340794,0.0,0.0,
Fra_211,13,0.0,61.2869740822607,0.0,0.0,-204.81241494886908,266.0993890311298,-5.684341886080802e-14,0.0,
Fra_211,14,0.0,55.88669789340497,0.0,0.0,-201.54149186146347,257.42818975486847,-5.684341886080802e-14,0.0,
Fra_211,15,0.0,47.09907260620167,0.0,0.0,-202.3673333709673,249.46640597716896,0.0,0.0,
Fra_211,16,0.0,35.72134184448758,0.0,0.0,-209.29585094375489,245.01719278824245,2.842170943040401e-14,0.0,
Fra_211,17,0.0,23.27988028501663,0.0,0.0,-224.102329358352,247.38220964336864,0.0,0.0,
Fra_211,18,0.0,14.466251331808163,0.0,0.0,-236.1296059260073,250.59585725781548,-2.842170943040401e-14,0.0,
Fra_211,19,0.0,12.13277913719456,0.0,0.0,-237.7862749854749,249.91905412266945,2.842170943040401e-14,0.0,
Fra_211,20,0.0,11.4056991482045,0.0,0.0,-238.9648801857287,250.3705793339332,0.0,0.0,
Fra_211,21,0.0,10.934370016950854,0.0,0.0,-242.55021808107716,253.48458809802804,-2.842170943040401e-14,0.0,
Fra_211,22,0.0,10.694719194180514,0.0,0.0,-248.9047740471779,259.5994932413584,0.0,0.0,
Fra_211,23,0.0,10.528758014941557,0.0,0.0,-237.7569431425712,248.28570115751276,0.0,0.0,
Fra_211,24,0.0,10.378789982704328,0.0,0.0,-220.8712642165435,231.25005419924784,-2.842170943040401e-14,0.0,
Fra_212,1,0.0,3.490212977145984,0.0,0.0,-29.312986268693024,32.80319924583901,0.0,0.0,
Fra_212,2,0.0,3.4018650896340397,0.0,0.0,-27.916862048138004,31.31872713777204,3.552713678800501e-15,0.0,
Fra_212,3,0.0,3.3559770821942774,0.0,0.0,-27.211063172695916,30.567040254890195,0.0,0.0,
Fra_212,4,0.0,3.363649161510075,0.0,0.0,-28.012437404554447,31.376086566064522,0.0,0.0,
Fra_212,5,0.0,3.4941452936046717,0.0,0.0,-30.41488563227168,33.90903092587635,0.0,0.0,
Fra_212,6,0.0,4.021432378518076,0.0,0.0,-33.08003186410197,37.101464242620054,-7.105427357601002e-15,0.0,
Fra_212,7,0.0,5.201730836318581,0.0,0.0,-34.17168331417555,39.37341415049413,7.105427357601002e-15,0.0,
Fra_212,8,0.0,6.895390361311769,0.0,0.0,-33.72267115811363,40.618061519425396,0.0,0.0,
Fra_212,9,0.0,8.686856265041758,0.0,0.0,-32.47467222022954,41.1615284852713,7.105427357601002e-15,0.0,
Fra_212,10,0.0,10.210302338521265,0.0,0.0,-31.137080907774873,41.34738324629613,7.105427357601002e-15,0.0,
Fra_212,11,0.0,11.155865860687644,0.0,0.0,-30.31751637869044,41.47338223937808,0.0,0.0,
Fra_212,12,0.0,11.589049204326548,0.0,0.0,-29.371418464737634,40.96046766906419,-7.105427357601002e-15,0.0,
Fra_212,13,0.0,11.537870792817397,0.0,0.0,-28.096477279429923,39.63434807224732,0.0,0.0,
Fra_212,14,0.0,10.827471875672575,0.0,0.0,-27.515338731680544,38.342810607353115,0.0,0.0,
Fra_212,15,0.0,9.599917781780658,0.0,0.0,-27.5570197175196,37.156937499300255,0.0,0.0,
Fra_212,16,0.0,7.980371173996743,0.0,0.0,-28.513875347997597,36.49424652199434,0.0,0.0,
Fra_212,17,0.0,6.140590042650226,0.0,0.0,-30.705915466386877,36.8465055090371,0.0,0.0,
Fra_212,18,0.0,4.7527088918163125,0.0,0.0,-32.57245546944999,37.3251643612663,0.0,0.0,
Fra_212,19,0.0,4.267509956993787,0.0,0.0,-32.95684751729531,37.22435747428909,0.0,0.0,
Fra_212,20,0.0,4.016585258348025,0.0,0.0,-33.275024934753326,37.29161019310135,0.0,0.0,
Fra_212,21,0.0,3.8506038822110433,0.0,0.0,-33.904824389186324,37.75542827139736,0.0,0.0,
Fra_212,22,0.0,3.766209409817665,0.0,0.0,-34.90000741980213,38.66621682961979,0.0,0.0,
Fra_212,23,0.0,3.7077651866860926,0.0,0.0,-33.273311458655726,36.98107664534182,-7.105427357601002e-15,0.0,
Fra_212,24,0.0,3.6549530460465305,0.0,0.0,-30.788737986956267,34.44369103300279,7.105427357601002e-15,0.0,
Fra_213,1,0.0,9.176746562043459,0.0,0.0,-473.4411137248806,482.61786028692404,0.0,0.0,
Fra_213,2,0.0,8.944455243921087,0.0,0.0,-451.8330733399366,460.77752858385776,-5.684341886080802e-14,0.0,
Fra_213,3,0.0,8.823802831799178,0.0,0.0,-440.89451435309104,449.7183171848902,0.0,0.0,
Fra_213,4,0.0,8.842368252557709,0.0,0.0,-452.7790623038587,461.6214305564164,5.684341886080802e-14,0.0,
Fra_213,5,0.0,9.165995021606633,0.0,0.0,-489.72144053623606,498.88743555784265,5.684341886080802e-14,0.0,
Fra_213,6,0.0,10.471292561885825,0.0,0.0,-535.3848951865215,545.8561877484074,-1.1368683772161603e-13,0.0,
Fra_213,7,0.0,13.390954296369332,0.0,0.0,-565.8913512827966,579.282305579166,0.0,0.0,
Fra_213,8,0.0,17.578508689203296,0.0,0.0,-580.0157013326839,597.5942100218873,-1.1368683772161603e-13,0.0,
Fra_213,9,0.0,22.0173867262591,0.0,0.0,-583.572594141865,605.5899808681241,0.0,0.0,
Fra_213,10,0.0,25.809989229887233,0.0,0.0,-582.5143842935911,608.3243735234784,0.0,0.0,
Fra_213,11,0.0,28.177944295860517,0.0,0.0,-582.0001924530821,610.1781367489427,-1.1368683772161603e-13,0.0,
Fra_213,12,0.0,29.277727171889968,0.0,0.0,-573.3541415871621,602.631868759052,0.0,0.0,
Fra_213,13,0.0,29.179916226192105,0.0,0.0,-553.9413859718409,583.121302198033,-1.1368683772161603e-13,0.0,
Fra_213,14,0.0,27.44922918449425,0.0,0.0,-536.6702969027313,564.1195260872256,-1.1368683772161603e-13,0.0,
Fra_213,15,0.0,24.436587272940656,0.0,0.0,-522.2357521026756,546.6723393756163,0.0,0.0,
Fra_213,16,0.0,20.453166028891477,0.0,0.0,-516.4693163555839,536.9224823844753,1.1368683772161603e-13,0.0,
Fra_213,17,0.0,15.908457488871637,0.0,0.0,-526.1966437407756,542.1051012296472,0.0,0.0,
Fra_213,18,0.0,12.456867798036512,0.0,0.0,-536.6905133427556,549.1473811407922,-1.1368683772161603e-13,0.0,
Fra_213,19,0.0,11.219888298954732,0.0,0.0,-536.4443690852027,547.6642573841573,1.1368683772161603e-13,0.0,
Fra_213,20,0.0,10.560726580886232,0.0,0.0,-538.0929880512792,548.6537146321654,1.1368683772161603e-13,0.0,
Fra_213,21,0.0,10.124315097460427,0.0,0.0,-545.3533342013218,555.4776492987821,1.1368683772161603e-13,0.0,
Fra_213,22,0.0,9.90241841394494,0.0,0.0,-558.9752295206067,568.8776479345516,0.0,0.0,
Fra_213,23,0.0,9.748752197239584,0.0,0.0,-534.3362301218415,544.084982319081,1.1368683772161603e-13,0.0,
Fra_213,24,0.0,9.609894301397205,0.0,0.0,-497.1437409813053,506.7536352827025,5.684341886080802e-14,0.0,
Fra_214,1,0.0,47.41631675146346,0.0,0.0,-311.04759213374643,358.46390888520983,5.684341886080802e-14,0.0,
Fra_214,2,0.0,42.02531382110968,0.0,0.0,-300.2167116282566,342.2420254493663,-5.684341886080802e-14,0.0,
Fra_214,3,0.0,32.74128445830401,0.0,0.0,-301.2865233388086,334.0278077971126,0.0,0.0,
Fra_214,4,0.0,30.731564267995935,0.0,0.0,-312.1372684852266,342.86883275322253,5.684341886080802e-14,0.0,
Fra_214,5,0.0,46.178835252355256,0.0,0.0,-324.3692835791014,370.5481188314567,0.0,0.0,
Fra_214,6,0.0,48.744492974331585,0.0,0.0,-356.6896172203145,405.4341101946461,0.0,0.0,
Fra_214,7,0.0,72.4913773000014,0.0,0.0,-357.7699468094961,430.2613241094975,5.684341886080802e-14,0.0,
Fra_214,8,0.0,85.03805380669941,0.0,0.0,-358.8244180965574,443.86247190325685,-5.684341886080802e-14,0.0,
Fra_214,9,0.0,121.25814338709152,0.0,0.0,-328.54317891508856,449.80132230218004,5.684341886080802e-14,0.0,
Fra_214,10,0.0,82.91435057202881,0.0,0.0,-368.9179390032699,451.8322895752987,0.0,0.0,
Fra_214,11,0.0,136.74870910883024,0.0,0.0,-316.46046115536905,453.2091702641993,0.0,0.0,
Fra_214,12,0.0,80.05472282472572,0.0,0.0,-367.54946481503583,447.6041876397615,5.684341886080802e-14,0.0,
Fra_214,13,0.0,109.88530757443924,0.0,0.0,-323.2274272420264,433.11273481646566,0.0,0.0,
Fra_214,14,0.0,44.68212980711023,0.0,0.0,-374.3170557586251,418.9991855657353,5.684341886080802e-14,0.0,
Fra_214,15,0.0,56.63783588421073,0.0,0.0,-349.4024700744264,406.04030595863713,0.0,0.0,
Fra_214,16,0.0,46.96214437559596,0.0,0.0,-351.8364655421231,398.79860991771903,5.684341886080802e-14,0.0,
Fra_214,17,0.0,43.851057345412734,0.0,0.0,-358.79693727679694,402.6479946222097,0.0,0.0,
Fra_214,18,0.0,61.58878117010036,0.0,0.0,-346.2898594603445,407.8786406304448,0.0,0.0,
Fra_214,19,0.0,58.030250958194024,0.0,0.0,-348.74680105957964,406.7770520177736,5.684341886080802e-14,0.0,
Fra_214,20,0.0,18.70033014272295,0.0,0.0,-388.8116402068855,407.5119703496085,0.0,0.0,
Fra_214,21,0.0,36.199990768795246,0.0,0.0,-376.3804498879802,412.58044065677547,0.0,0.0,
Fra_214,22,0.0,28.698191772940817,0.0,0.0,-393.8350837979398,422.5332755708807,-5.684341886080802e-14,0.0,
Fra_214,23,0.0,25.264973594618258,0.0,0.0,-378.853575627507,404.11854922212524,0.0,0.0,
Fra_214,24,0.0,17.41521539629878,0.0,0.0,-358.9755150197533,376.39073041605207,0.0,0.0,
Fra_215,1,0.0,5.16121066804924,0.0,0.0,-501.1492814407501,506.3104921087993,5.684341886080802e-14,0.0,
Fra_215,2,0.0,5.030564755461082,0.0,0.0,-478.3674120854102,483.39797684087125,0.0,0.0,
Fra_215,3,0.0,4.9627070988984485,0.0,0.0,-466.83314054928695,471.79584764818543,-5.684341886080802e-14,0.0,
Fra_215,4,0.0,4.990038891704557,0.0,0.0,-479.29326868011754,484.28330757182215,-5.684341886080802e-14,0.0,
Fra_215,5,0.0,5.376887081398166,0.0,0.0,-518.001884798321,523.3787718797191,1.1368683772161603e-13,0.0,
Fra_215,6,0.0,6.963479259523608,0.0,0.0,-565.6898304941213,572.653309753645,0.0,0.0,
Fra_215,7,0.0,10.53649155347043,0.0,0.0,-597.1838879478968,607.7203795013672,0.0,0.0,
Fra_215,8,0.0,15.683358400840504,0.0,0.0,-611.2478918800116,626.931250280852,0.0,0.0,
Fra_215,9,0.0,21.032935648442095,0.0,0.0,-614.2866131291557,635.3195487775978,0.0,0.0,
Fra_215,10,0.0,25.40483446764148,0.0,0.0,-612.7833435192608,638.1881779869022,0.0,0.0,
Fra_215,11,0.0,27.979202976634188,0.0,0.0,-612.1537430103167,640.132945986951,-1.1368683772161603e-13,0.0,
Fra_215,12,0.0,29.009611347971582,0.0,0.0,-603.2066059516596,632.2162172996311,1.1368683772161603e-13,0.0,
Fra_215,13,0.0,28.56823818105639,0.0,0.0,-583.1796016097976,611.747839790854,0.0,0.0,
Fra_215,14,0.0,26.153018194379836,0.0,0.0,-565.6602120321194,591.8132302264992,0.0,0.0,
Fra_215,15,0.0,22.198994824201044,0.0,0.0,-551.3105329976311,573.5095278218322,-1.1368683772161603e-13,0.0,
Fra_215,16,0.0,17.069487719444346,0.0,0.0,-546.211544024269,563.2810317437132,1.1368683772161603e-13,0.0,
Fra_215,17,0.0,11.43747719826186,0.0,0.0,-557.2805980405913,568.7180752388531,0.0,0.0,
Fra_215,18,0.0,7.419535591213949,0.0,0.0,-568.6865385195829,576.1060741107967,1.1368683772161603e-13,0.0,
Fra_215,19,0.0,6.316517612956325,0.0,0.0,-568.2336233654994,574.5501409784557,0.0,0.0,
Fra_215,20,0.0,5.939592460476961,0.0,0.0,-569.6485801106382,575.5881725711151,1.1368683772161603e-13,0.0,
Fra_215,21,0.0,5.694144731405656,0.0,0.0,-577.0529624823665,582.7471072137721,1.1368683772161603e-13,0.0,
Fra_215,22,0.0,5.56934499737989,0.0,0.0,-591.2355923586506,596.8049373560305,0.0,0.0,
Fra_215,23,0.0,5.4829196273845096,0.0,0.0,-565.3122328421209,570.7951524695054,0.0,0.0,
Fra_215,24,0.0,5.404822793335628,0.0,0.0,-526.2263155681215,531.6311383614571,0.0,0.0,
Fra_216,1,0.0,9.31297299331112,0.0,0.0,-191.7965183824581,201.1094913757692,0.0,0.0,
Fra_216,2,0.0,9.077233370599718,0.0,0.0,-182.9312728123081,192.0085061829078,0.0,0.0,
Fra_216,3,0.0,8.954789904598737,0.0,0.0,-178.44528264483102,187.40007254942975,0.0,0.0,
Fra_216,4,0.0,9.00050049818849,0.0,0.0,-183.35966423372406,192.36016473191256,0.0,0.0,
Fra_216,5,0.0,9.654788211807126,0.0,0.0,-198.23432380562048,207.8891120174276,0.0,0.0,
Fra_216,6,0.0,12.33559522776449,0.0,0.0,-215.12565168326873,227.46124691103324,-2.842170943040401e-14,0.0,
Fra_216,7,0.0,18.370396714586192,0.0,0.0,-223.01969558068924,241.39009229527548,-2.842170943040401e-14,0.0,
Fra_216,8,0.0,27.06124861379243,0.0,0.0,-221.95951401433803,249.02076262813048,-2.842170943040401e-14,0.0,
Fra_216,9,0.0,36.10476938038388,0.0,0.0,-216.247874515232,252.3526438956159,0.0,0.0,
Fra_216,10,0.0,43.5153293670929,0.0,0.0,-209.97675084323583,253.49208021032874,0.0,0.0,
Fra_216,11,0.0,47.89517716687807,0.0,0.0,-206.3693762776211,254.26455344449914,0.0,0.0,
Fra_216,12,0.0,49.666498213368634,0.0,0.0,-201.45348425248935,251.11998246585796,2.842170943040401e-14,0.0,
Fra_216,13,0.0,48.95259500163591,0.0,0.0,-194.03722809712588,242.9898230987618,0.0,0.0,
Fra_216,14,0.0,44.90247577116951,0.0,0.0,-190.16920371266514,235.07167948383466,0.0,0.0,
Fra_216,15,0.0,38.25037778170635,0.0,0.0,-189.55096395825825,227.8013417399646,-2.842170943040401e-14,0.0,
Fra_216,16,0.0,29.611662956397065,0.0,0.0,-194.12686026435833,223.73852322075538,0.0,0.0,
Fra_216,17,0.0,20.106123629477917,0.0,0.0,-205.79202509566173,225.8981487251396,2.842170943040401e-14,0.0,
Fra_216,18,0.0,13.299615482870141,0.0,0.0,-215.53308964309178,228.83270512596192,0.0,0.0,
Fra_216,19,0.0,11.396304084399938,0.0,0.0,-216.81837529306026,228.2146793774602,0.0,0.0,
Fra_216,20,0.0,10.717497837886851,0.0,0.0,-217.90949376475012,228.62699160263696,0.0,0.0,
Fra_216,21,0.0,10.274607938766618,0.0,0.0,-221.1959544118922,231.47056235065878,2.842170943040401e-14,0.0,
Fra_216,22,0.0,10.049417256326667,0.0,0.0,-227.0049975205011,237.05441477682777,0.0,0.0,
Fra_216,23,0.0,9.893469904344595,0.0,0.0,-216.8297060558912,226.72317596023578,0.0,0.0,
Fra_216,24,0.0,9.752550698921956,0.0,0.0,-201.41444959389244,211.1670002928144,0.0,0.0,
Fra_217,1,0.0,6.462041538019957,0.0,0.0,-191.60531814631295,198.06735968433287,2.842170943040401e-14,0.0,
Fra_217,2,0.0,6.2984676465019245,0.0,0.0,-182.80557511357836,189.10404276008026,2.842170943040401e-14,0.0,
Fra_217,3,0.0,6.213507154946139,0.0,0.0,-178.351812565166,184.56531972011214,0.0,0.0,
Fra_217,4,0.0,6.229519238320834,0.0,0.0,-183.22086262209388,189.4503818604147,2.842170943040401e-14,0.0,
Fra_217,5,0.0,6.493048781730409,0.0,0.0,-198.25137796178788,204.74442674351832,-2.842170943040401e-14,0.0,
Fra_217,6,0.0,7.560529819620996,0.0,0.0,-216.45996915322195,224.02049897284294,0.0,0.0,
Fra_217,7,0.0,9.95245175506073,0.0,0.0,-227.78619453064726,237.738646285708,0.0,0.0,
Fra_217,8,0.0,13.386959212721171,0.0,0.0,-231.86693021298444,245.2538894257056,0.0,0.0,
Fra_217,9,0.0,17.00911889622319,0.0,0.0,-231.52625128366248,248.5353701798857,-2.842170943040401e-14,0.0,
Fra_217,10,0.0,20.069321108715187,0.0,0.0,-229.58824942501622,249.6575705337314,2.842170943040401e-14,0.0,
Fra_217,11,0.0,21.952976586844073,0.0,0.0,-228.4653821765839,250.41835876342796,0.0,0.0,
Fra_217,12,0.0,22.799078464652194,0.0,0.0,-224.52227643874573,247.32135490339792,0.0,0.0,
Fra_217,13,0.0,22.662978238115404,0.0,0.0,-216.65120013354573,239.31417837166111,2.842170943040401e-14,0.0,
Fra_217,14,0.0,21.19340067019383,0.0,0.0,-210.3224098139985,231.51581048419234,-2.842170943040401e-14,0.0,
Fra_217,15,0.0,18.678810048362703,0.0,0.0,-205.67663922616873,224.35544927453142,0.0,0.0,
Fra_217,16,0.0,15.371092714888448,0.0,0.0,-204.98299525406048,220.35408796894893,0.0,0.0,
Fra_217,17,0.0,11.635624765450451,0.0,0.0,-210.8454206068221,222.48104537227255,0.0,0.0,
Fra_217,18,0.0,8.843770785748024,0.0,0.0,-216.52744070538557,225.37121149113358,2.842170943040401e-14,0.0,
Fra_217,19,0.0,7.901850554864314,0.0,0.0,-216.86068390474145,224.76253445960575,2.842170943040401e-14,0.0,
Fra_217,20,0.0,7.436606576847853,0.0,0.0,-217.7320031666626,225.16860974351044,0.0,0.0,
Fra_217,21,0.0,7.129296233852122,0.0,0.0,-220.83987029235098,227.96916652620308,2.842170943040401e-14,0.0,
Fra_217,22,0.0,6.973041990986049,0.0,0.0,-226.4955114579941,233.46855344898012,2.842170943040401e-14,0.0,
Fra_217,23,0.0,6.864833981902787,0.0,0.0,-216.42875865010012,223.2935926320029,0.0,0.0,
Fra_217,24,0.0,6.767053631889972,0.0,0.0,-201.20567761185202,207.97273124374198,2.842170943040401e-14,0.0,
Fra_218,1,0.0,7.825701830096516,0.0,0.0,-118.50852631155703,126.33422814165357,-1.4210854715202004e-14,0.0,
Fra_218,2,0.0,7.627609556211056,0.0,0.0,-112.9895043318917,120.61711388810275,0.0,0.0,
Fra_218,3,0.0,7.524720172052479,0.0,0.0,-110.19743882334632,117.7221589953988,0.0,0.0,
Fra_218,4,0.0,7.54662030750341,0.0,0.0,-113.2914006648648,120.83802097236821,0.0,0.0,
Fra_218,5,0.0,7.8961900244599645,0.0,0.0,-122.69690295245283,130.59309297691277,2.842170943040401e-14,0.0,
Fra_218,6,0.0,9.31557331566329,0.0,0.0,-133.57246674680465,142.88804006246795,0.0,0.0,
Fra_218,7,0.0,12.499098222311321,0.0,0.0,-139.1388517448798,151.6379499671911,0.0,0.0,
Fra_218,8,0.0,17.073090245309068,0.0,0.0,-139.3583423174071,156.43143256271617,0.0,0.0,
Fra_218,9,0.0,21.88344927416333,0.0,0.0,-136.6410254682524,158.52447474241572,0.0,0.0,
Fra_218,10,0.0,25.922022204904913,0.0,0.0,-133.3182308250052,159.2402530299101,2.842170943040401e-14,0.0,
Fra_218,11,0.0,28.387766602727208,0.0,0.0,-131.33774353330656,159.72551013603376,0.0,0.0,
Fra_218,12,0.0,29.473601925911993,0.0,0.0,-128.2765317885237,157.7501337144357,0.0,0.0,
Fra_218,13,0.0,29.251385834369515,0.0,0.0,-123.39149311409602,152.64287894846555,-2.842170943040401e-14,0.0,
Fra_218,14,0.0,27.257499213495297,0.0,0.0,-120.41131036080291,147.6688095742982,2.842170943040401e-14,0.0,
Fra_218,15,0.0,23.87658750915296,0.0,0.0,-119.22509546700388,143.10168297615684,0.0,0.0,
Fra_218,16,0.0,19.4416652803192,0.0,0.0,-121.10781074532198,140.54947602564118,0.0,0.0,
Fra_218,17,0.0,14.460972809369304,0.0,0.0,-127.44515038048564,141.90612318985495,0.0,0.0,
Fra_218,18,0.0,10.771466515591765,0.0,0.0,-132.97810481437767,143.74957132996946,-2.842170943040401e-14,0.0,
Fra_218,19,0.0,9.570268997352184,0.0,0.0,-133.79106702172012,143.36133601907233,-2.842170943040401e-14,0.0,
Fra_218,20,0.0,9.00592565921174,0.0,0.0,-134.61441925280113,143.62034491201288,-2.842170943040401e-14,0.0,
Fra_218,21,0.0,8.6337647717523,0.0,0.0,-136.77287233940044,145.40663711115272,2.842170943040401e-14,0.0,
Fra_218,22,0.0,8.444536784410694,0.0,0.0,-140.46979994594534,148.914336730356,2.842170943040401e-14,0.0,
Fra_218,23,0.0,8.313494046642491,0.0,0.0,-134.11089995295242,142.42439399959494,-2.842170943040401e-14,0.0,
Fra_218,24,0.0,8.19507947757161,0.0,0.0,-124.45713802087762,132.65221749844923,0.0,0.0,
Fra_219,1,0.0,102.96880434117611,0.0,0.0,55.997637866243366,46.97116647493274,7.105427357601002e-15,0.0,
Fra_219,2,0.0,102.90330595494905,0.0,0.0,58.0577671053234,44.84553884962565,0.0,0.0,
Fra_219,3,0.0,102.64487491243884,0.0,0.0,58.87568259377985,43.76919231865901,-2.1316282072803006e-14,0.0,
Fra_219,4,0.0,102.78533709215186,0.0,0.0,57.85766481294696,44.92767227920493,-2.1316282072803006e-14,0.0,
Fra_219,5,0.0,103.19851868746761,0.0,0.0,54.64390288044334,48.55461580702425,2.1316282072803006e-14,0.0,
Fra_219,6,0.0,104.68344555285698,0.0,0.0,51.557558643368225,53.125886909488756,0.0,0.0,
Fra_219,7,0.0,107.91332707007952,0.0,0.0,51.53421670071743,56.379110369362074,1.4210854715202004e-14,0.0,
Fra_219,8,0.0,113.90739672476295,0.0,0.0,55.74606571495304,58.1613310098099,7.105427357601002e-15,0.0,
Fra_219,9,0.0,120.23070573910945,0.0,0.0,61.291179982651066,58.93952575645837,1.4210854715202004e-14,0.0,
Fra_219,10,0.0,125.18746011979874,0.0,0.0,65.98180742691468,59.20565269288405,7.105427357601002e-15,0.0,
Fra_219,11,0.0,127.98624153139961,0.0,0.0,68.60016986061734,59.38607167078227,0.0,0.0,
Fra_219,12,0.0,128.9065082743706,0.0,0.0,70.25488312781536,58.65162514655526,-2.842170943040401e-14,0.0,
Fra_219,13,0.0,128.26847871171321,0.0,0.0,71.51573494806627,56.75274376364695,0.0,0.0,
Fra_219,14,0.0,126.70217729334031,0.0,0.0,71.79879647802997,54.90338081531034,0.0,0.0,
Fra_219,15,0.0,123.49820173877728,0.0,0.0,70.29288222410557,53.205319514671736,-2.1316282072803006e-14,0.0,
Fra_219,16,0.0,119.00613329194053,0.0,0.0,66.74972635080138,52.256406941139126,2.1316282072803006e-14,0.0,
Fra_219,17,0.0,114.58847959627043,0.0,0.0,61.82767016076869,52.760809435501784,-4.263256414560601e-14,0.0,
Fra_219,18,0.0,110.43009327102583,0.0,0.0,56.98388835125247,53.446204919773336,2.1316282072803006e-14,0.0,
Fra_219,19,0.0,108.83822308262265,0.0,0.0,55.536364360137554,53.30185872248507,2.1316282072803006e-14,0.0,
Fra_219,20,0.0,108.75490110008853,0.0,0.0,55.35674266526296,53.39815843482556,7.105427357601002e-15,0.0,
Fra_219,21,0.0,108.63396951461556,0.0,0.0,54.57166621981906,54.06230329479648,2.1316282072803006e-14,0.0,
Fra_219,22,0.0,109.06785724791943,0.0,0.0,53.701388445633455,55.36646880228599,-1.4210854715202004e-14,0.0,
Fra_219,23,0.0,109.48951969418914,0.0,0.0,56.53601675953449,52.953502934654665,-1.4210854715202004e-14,0.0,
Fra_219,24,0.0,109.95186187693271,0.0,0.0,60.63166193553391,49.3201999413988,0.0,0.0,
Fra_220,1,0.0,14.954768543170461,0.0,0.0,-104.70105057179778,119.65581911496825,-1.4210854715202004e-14,0.0,
Fra_220,2,0.0,14.576217945350042,0.0,0.0,-99.66471085014402,114.24092879549406,0.0,0.0,
Fra_220,3,0.0,14.379598273524147,0.0,0.0,-97.11941169218949,111.49900996571364,0.0,0.0,
Fra_220,4,0.0,14.393596333375221,0.0,0.0,-100.05656173042486,114.45015806380007,0.0,0.0,
Fra_220,5,0.0,14.723838134556145,0.0,0.0,-108.96570935204142,123.68954748659755,1.4210854715202004e-14,0.0,
Fra_220,6,637.0,16.03050157358694,0.0,0.0,517.6959550543619,135.33454651922503,-2.842170943040401e-14,0.0,
Fra_220,7,773.5,18.929967627326157,0.0,0.0,648.8080578793656,143.6219097479605,5.684341886080802e-14,0.0,
Fra_220,8,500.5,23.06715221623992,0.0,0.0,375.40515784657435,148.16199436966556,2.842170943040401e-14,0.0,
Fra_220,9,415.20040664956935,27.55484376120102,0.0,0.0,292.6108583952877,150.1443920154826,5.684341886080802e-14,0.0,
Fra_220,10,844.5329494917521,31.58050819560475,0.0,0.0,725.2911255874277,150.82233209992924,-2.842170943040401e-14,0.0,
Fra_220,11,0.0,34.24343258406832,0.0,0.0,-117.03850446511883,151.28193704918718,-2.842170943040401e-14,0.0,
Fra_220,12,0.0,35.63925812665845,0.0,0.0,-113.77172686730512,149.41098499396355,0.0,0.0,
Fra_220,13,0.0,35.85173629487455,0.0,0.0,-108.72197885195175,144.5737151468263,0.0,0.0,
Fra_220,14,0.0,34.41912122096813,0.0,0.0,-105.44346888828463,139.86259010925278,-2.842170943040401e-14,0.0,
Fra_220,15,0.0,31.68452211741566,0.0,0.0,-103.85237350554465,135.53689562296032,0.0,0.0,
Fra_220,16,0.0,27.97379581041125,0.0,0.0,-105.14581023309755,133.1196060435088,0.0,0.0,
Fra_220,17,0.0,23.52819213395486,0.0,0.0,-110.87634460546943,134.4045367394243,0.0,0.0,
Fra_220,18,0.0,19.902171746550998,0.0,0.0,-116.24836289420242,136.1505346407534,2.842170943040401e-14,0.0,
Fra_220,19,0.0,18.278383300303407,0.0,0.0,-117.50443932116525,135.78282262146865,0.0,0.0,
Fra_220,20,0.0,17.210154012327145,0.0,0.0,-118.81798550938895,136.0281395217161,0.0,0.0,
Fra_220,21,398.13924699721605,16.4989615782668,0.0,0.0,276.91820565767193,137.72000291781092,0.0,0.0,
Fra_220,22,910.0,16.137350464781683,0.0,0.0,785.0950755283819,141.04227493639976,-2.842170943040401e-14,0.0,
Fra_220,23,458.4327209294275,15.886930265400961,0.0,0.0,339.42424100665613,134.89541018817232,0.0,0.0,
Fra_220,24,0.0,15.660642258134466,0.0,0.0,-109.97917820601195,125.63982046414641,1.4210854715202004e-14,0.0,
Fra_221,1,0.0,1.8362441651015098,0.0,0.0,-374.52236323191073,376.35860739701224,0.0,0.0,
Fra_221,2,0.0,1.7897632500384093,0.0,0.0,-357.537156136157,359.3269193861954,0.0,0.0,
Fra_221,3,0.0,1.7656210024274053,0.0,0.0,-348.93702285747463,350.7026438599021,-5.684341886080802e-14,0.0,
Fra_221,4,0.0,1.7747314089869328,0.0,0.0,-358.2102858167351,359.985017225722,5.684341886080802e-14,0.0,
Fra_221,5,0.0,1.904921595798501,0.0,0.0,-387.1411455820504,389.04606717784884,5.684341886080802e-14,0.0,
Fra_221,6,0.0,2.438424954899161,0.0,0.0,-423.23515981027424,425.6735847651735,-5.684341886080802e-14,0.0,
Fra_221,7,0.0,3.639470684714691,0.0,0.0,-448.10071499322567,451.74018567794036,0.0,0.0,
Fra_221,8,0.0,5.369186471366891,0.0,0.0,-460.6511231347523,466.0203096061192,0.0,0.0,
Fra_221,9,0.0,7.168792832487282,0.0,0.0,-465.0868375696055,472.2556304020928,0.0,0.0,
Fra_221,10,0.0,8.642877408719265,0.0,0.0,-465.7451071736228,474.387984582342,0.0,0.0,
Fra_221,11,0.0,9.51363640535175,0.0,0.0,-466.3199634419636,475.8335998473153,0.0,0.0,
Fra_221,12,0.0,9.865269306240224,0.0,0.0,-460.0835443667064,469.9488136729466,5.684341886080802e-14,0.0,
Fra_221,13,0.0,9.722275485685326,0.0,0.0,-445.0116647549636,454.733940240649,-1.1368683772161603e-13,0.0,
Fra_221,14,0.0,8.915377530937906,0.0,0.0,-431.000457986273,439.91583551721084,5.684341886080802e-14,0.0,
Fra_221,15,0.0,7.590719161236479,0.0,0.0,-418.719322965168,426.3100421264044,5.684341886080802e-14,0.0,
Fra_221,16,0.0,5.8707200270320605,0.0,0.0,-412.8361169520862,418.70683697911824,0.0,0.0,
Fra_221,17,0.0,3.9787288049547422,0.0,0.0,-418.769656097978,422.7483849029327,5.684341886080802e-14,0.0,
Fra_221,18,0.0,2.6246827572906213,0.0,0.0,-425.61546463176876,428.24014738905936,0.0,0.0,
Fra_221,19,0.0,2.2470515589448206,0.0,0.0,-424.83651536019033,427.0835669191351,5.684341886080802e-14,0.0,
Fra_221,20,0.0,2.1131751250049318,0.0,0.0,-425.74199761849354,427.8551727434985,0.0,0.0,
Fra_221,21,0.0,2.0258502724980003,0.0,0.0,-431.1508133635448,433.17666363604286,-5.684341886080802e-14,0.0,
Fra_221,22,0.0,1.9814492979689668,0.0,0.0,-441.64489977383835,443.6263490718073,5.684341886080802e-14,0.0,
Fra_221,23,0.0,1.95070107016397,0.0,0.0,-422.3416492574797,424.2923503276436,5.684341886080802e-14,0.0,
Fra_221,24,0.0,1.9229159505363376,0.0,0.0,-393.257428918973,395.18034486950944,-1.1368683772161603e-13,0.0,
Fra_222,1,0.0,2.637844514076816,0.0,0.0,-599.0968353560745,601.7346798701515,-1.1368683772161603e-13,0.0,
Fra_222,2,0.0,2.5710726603447758,0.0,0.0,-571.9327770084765,574.5038496688212,0.0,0.0,
Fra_222,3,0.0,2.5363912728536677,0.0,0.0,-558.178679367322,560.7150706401758,-1.1368683772161603e-13,0.0,
Fra_222,4,0.0,2.545437453363314,0.0,0.0,-573.0106009657819,575.5560384191451,1.1368683772161603e-13,0.0,
Fra_222,5,0.0,2.6834508704389566,0.0,0.0,-619.3363623792548,622.0198132496937,0.0,0.0,
Fra_222,6,0.0,3.2458826889507275,0.0,0.0,-677.3352259228483,680.581108611799,0.0,0.0,
Fra_222,7,0.0,4.509223713656346,0.0,0.0,-717.7480348446771,722.2572585583335,-1.1368683772161603e-13,0.0,
Fra_222,8,0.0,6.32606743109708,0.0,0.0,-738.7627290050573,745.0887964361543,0.0,0.0,
Fra_222,9,0.0,8.228630317316801,0.0,0.0,-746.8294047367682,755.0580350540849,1.1368683772161603e-13,0.0,
Fra_222,10,0.0,9.810526313378901,0.0,0.0,-748.6567876433364,758.4673139567154,-1.1368683772161603e-13,0.0,
Fra_222,11,0.0,10.764097994670212,0.0,0.0,-750.014513808268,760.7786118029383,0.0,0.0,
Fra_222,12,0.0,11.17068684201843,0.0,0.0,-740.1991327740504,751.3698196160689,0.0,0.0,
Fra_222,13,0.0,11.057714888244512,0.0,0.0,-715.9860582016963,727.0437730899407,1.1368683772161603e-13,0.0,
Fra_222,14,0.0,10.243560635872967,0.0,0.0,-693.1085329579894,703.3520935938624,0.0,0.0,
Fra_222,15,0.0,8.881296804417374,0.0,0.0,-672.7174010400555,681.598697844473,-1.1368683772161603e-13,0.0,
Fra_222,16,0.0,7.101728199863915,0.0,0.0,-662.3407119548169,669.4424401546808,1.1368683772161603e-13,0.0,
Fra_222,17,0.0,5.119786569464362,0.0,0.0,-670.784415049731,675.9042016191954,0.0,0.0,
Fra_222,18,0.0,3.6715301750357225,0.0,0.0,-681.0130842647077,684.6846144397434,0.0,0.0,
Fra_222,19,0.0,3.2265042737280782,0.0,0.0,-679.6089307792934,682.8354350530215,0.0,0.0,
Fra_222,20,0.0,3.0356678685319056,0.0,0.0,-681.0334362824823,684.069104151014,2.2737367544323206e-13,0.0,
Fra_222,21,0.0,2.9102219243019114,0.0,0.0,-689.6670591508532,692.577281075155,1.1368683772161603e-13,0.0,
Fra_222,22,0.0,2.8464379955047296,0.0,0.0,-706.4381482849768,709.2845862804816,0.0,0.0,
Fra_222,23,0.0,2.8022668304851193,0.0,0.0,-675.5704781468511,678.3727449773362,0.0,0.0,
Fra_222,24,0.0,2.7623522990869125,0.0,0.0,-629.0651484871167,631.8275007862037,0.0,0.0,
Fra_223,1,0.0,15.807649861933506,0.0,0.0,-202.55254802598222,218.36019788791572,0.0,0.0,
Fra_223,2,0.0,15.407510248398424,0.0,0.0,-193.07104100964744,208.47855125804588,-2.842170943040401e-14,0.0,
Fra_223,3,0.0,15.199677213790114,0.0,0.0,-188.2751396442749,203.47481685806503,0.0,0.0,
Fra_223,4,0.0,15.197516946236112,0.0,0.0,-193.66285731690198,208.86037426313808,0.0,0.0,
Fra_223,5,0.0,15.340953446636313,0.0,0.0,-210.3804052437372,225.72135869037348,2.842170943040401e-14,0.0,
Fra_223,6,0.0,15.866318931275506,0.0,0.0,-231.1060270656654,246.97234599694093,-2.842170943040401e-14,0.0,
Fra_223,7,0.0,16.992616577553484,0.0,0.0,-245.10335890920757,262.09597548676106,0.0,0.0,
Fra_223,8,0.0,18.56307043413709,0.0,0.0,-251.81811661823,270.38118705236707,0.0,0.0,
Fra_223,9,0.0,20.442419165235414,0.0,0.0,-253.55645021495252,273.99886938018795,0.0,0.0,
Fra_223,10,0.0,22.450006507056422,0.0,0.0,-252.78603739661776,275.23604390367416,0.0,0.0,
Fra_223,11,0.0,24.017332658414865,0.0,0.0,-252.05744544483716,276.074778103252,0.0,0.0,
Fra_223,12,0.0,25.07927681461804,0.0,0.0,-247.5811962925277,272.6604731071457,0.0,0.0,
Fra_223,13,0.0,25.691755298081787,0.0,0.0,-238.14117219639917,263.83292749448094,0.0,0.0,
Fra_223,14,0.0,25.624953557233077,0.0,0.0,-229.6106302970623,255.23558385429538,0.0,0.0,
Fra_223,15,0.0,25.002935864777797,0.0,0.0,-222.33867750804916,247.341613372827,-5.684341886080802e-14,0.0,
Fra_223,16,0.0,23.981094387098313,0.0,0.0,-218.94920130117654,242.93029568827487,0.0,0.0,
Fra_223,17,0.0,22.370022852378156,0.0,0.0,-222.9051460155519,245.27516886793006,0.0,0.0,
Fra_223,18,0.0,20.62206951825583,0.0,0.0,-227.8393752037536,248.46144472200945,0.0,0.0,
Fra_223,19,0.0,19.314590761628057,0.0,0.0,-228.4758153941781,247.79040615580618,0.0,0.0,
Fra_223,20,0.0,18.191661603553086,0.0,0.0,-230.04642396541902,248.23808556897214,-2.842170943040401e-14,0.0,
Fra_223,21,0.0,17.439909348101672,0.0,0.0,-233.8856618835245,251.32557123162616,2.842170943040401e-14,0.0,
Fra_223,22,0.0,17.057675290004724,0.0,0.0,-240.33071829980122,257.38839358980596,0.0,0.0,
Fra_223,23,0.0,16.79297344465428,0.0,0.0,-229.37799158429286,246.17096502894714,0.0,0.0,
Fra_223,24,0.0,16.553780067873,0.0,0.0,-212.72663656437828,229.28041663225127,0.0,0.0,
Fra_224,1,0.0,4.547959447411672,0.0,0.0,-73.00015056725275,77.54811001466442,0.0,0.0,
Fra_224,2,0.0,4.432836785184516,0.0,0.0,-69.6059202091436,74.03875699432814,-1.4210854715202004e-14,0.0,
Fra_224,3,0.0,4.373041925006895,0.0,0.0,-67.88869641167625,72.26173833668314,1.4210854715202004e-14,0.0,
Fra_224,4,0.0,4.382989601718377,0.0,0.0,-69.79136743644291,74.17435703816129,0.0,0.0,
Fra_224,5,0.0,4.552433578850394,0.0,0.0,-75.6099079361795,80.16234151502988,1.4210854715202004e-14,0.0,
Fra_224,6,0.0,5.2370219280258254,0.0,0.0,-82.47236303864918,87.709384966675,0.0,0.0,
Fra_224,7,0.0,6.769362551172092,0.0,0.0,-86.31100529077764,93.08036784194974,0.0,0.0,
Fra_224,8,0.0,8.968120748585939,0.0,0.0,-87.05464458246198,96.02276533104792,-1.4210854715202004e-14,0.0,
Fra_224,9,0.0,11.294146737328845,0.0,0.0,-86.01339681735837,97.3075435546872,1.4210854715202004e-14,0.0,
Fra_224,10,0.0,13.272726951247872,0.0,0.0,-84.47418489025458,97.74691184150244,1.4210854715202004e-14,0.0,
Fra_224,11,0.0,14.501211395900805,0.0,0.0,-83.54356723914297,98.04477863504377,1.4210854715202004e-14,0.0,
Fra_224,12,0.0,15.064468336401587,0.0,0.0,-81.76775919261334,96.83222752901493,0.0,0.0,
Fra_224,13,0.0,14.998912263463811,0.0,0.0,-78.69831408423795,93.69722634770177,-1.4210854715202004e-14,0.0,
Fra_224,14,0.0,14.077445666438468,0.0,0.0,-76.5665330798611,90.64397874629957,0.0,0.0,
Fra_224,15,0.0,12.48449161537141,0.0,0.0,-75.35603440799352,87.84052602336492,1.4210854715202004e-14,0.0,
Fra_224,16,0.0,10.382592693218255,0.0,0.0,-75.89130464772133,86.27389734093957,1.4210854715202004e-14,0.0,
Fra_224,17,0.0,7.9942624283582795,0.0,0.0,-79.11238962275827,87.10665205111654,1.4210854715202004e-14,0.0,
Fra_224,18,0.0,6.191856205712428,0.0,0.0,-82.04636502723847,88.2382212329509,-1.4210854715202004e-14,0.0,
Fra_224,19,0.0,5.560806445891231,0.0,0.0,-82.4391031668132,87.99990961270441,1.4210854715202004e-14,0.0,
Fra_224,20,0.0,5.233854493021755,0.0,0.0,-82.92504330855266,88.1588978015744,1.4210854715202004e-14,0.0,
Fra_224,21,0.0,5.017570680933632,0.0,0.0,-84.2378121034905,89.25538278442414,-1.4210854715202004e-14,0.0,
Fra_224,22,0.0,4.907599558671446,0.0,0.0,-86.50092477709359,91.40852433576504,0.0,0.0,
Fra_224,23,0.0,4.831443186989159,0.0,0.0,-82.59334055624521,87.42478374323437,0.0,0.0,
Fra_224,24,0.0,4.762625760794114,0.0,0.0,-76.66367420222625,81.42629996302037,-1.4210854715202004e-14,0.0,
Fra_225,1,0.0,4.068836089339116,0.0,0.0,-52.781219225517276,56.85005531485639,0.0,0.0,
Fra_225,2,0.0,3.965841494029513,0.0,0.0,-50.311528125614586,54.277369619644105,-7.105427357601002e-15,0.0,
Fra_225,3,0.0,3.9123459675497965,0.0,0.0,-49.06230190989395,52.97464787744374,0.0,0.0,
Fra_225,4,0.0,3.929891491022645,0.0,0.0,-50.44688570916925,54.376777200191896,0.0,0.0,
Fra_225,5,0.0,4.1863356706219585,0.0,0.0,-54.580197110590646,58.766532781212604,0.0,0.0,
Fra_225,6,0.0,5.235166204134154,0.0,0.0,-59.06405896130957,64.29922516544373,0.0,0.0,
Fra_225,7,0.0,7.594488925132842,0.0,0.0,-60.64217164004886,68.2366605651817,0.0,0.0,
Fra_225,8,0.0,10.990634184880866,0.0,0.0,-59.403080368875074,70.39371455375594,0.0,0.0,
Fra_225,9,0.0,14.532049081985415,0.0,0.0,-56.80352869793302,71.33557777991842,1.4210854715202004e-14,0.0,
Fra_225,10,0.0,17.448222487744328,0.0,0.0,-54.20945355355426,71.65767604129859,0.0,0.0,
Fra_225,11,0.0,19.183343380104624,0.0,0.0,-52.69269702476236,71.87604040486698,0.0,0.0,
Fra_225,12,0.0,19.898089403483123,0.0,0.0,-51.0890370428516,70.98712644633471,1.4210854715202004e-14,0.0,
Fra_225,13,0.0,19.641666738519664,0.0,0.0,-49.04720910523956,68.68887584375922,0.0,0.0,
Fra_225,14,0.0,18.0792186746148,0.0,0.0,-48.37133962669441,66.4505583013092,0.0,0.0,
Fra_225,15,0.0,15.497402909070376,0.0,0.0,-48.897960980134116,64.3953638892045,-1.4210854715202004e-14,0.0,
Fra_225,16,0.0,12.138030036025109,0.0,0.0,-51.10884774259746,63.24687777862257,0.0,0.0,
Fra_225,17,0.0,8.426769405217767,0.0,0.0,-55.43059586727558,63.85736527249335,0.0,0.0,
Fra_225,18,0.0,5.751219435523446,0.0,0.0,-58.93569243156395,64.68691186708739,0.0,0.0,
Fra_225,19,0.0,4.978153059081723,0.0,0.0,-59.53405398553323,64.51220704461495,0.0,0.0,
Fra_225,20,0.0,4.682472720744328,0.0,0.0,-59.94628761356341,64.62876033430774,0.0,0.0,
Fra_225,21,0.0,4.488974209963887,0.0,0.0,-60.9436127026464,65.43258691261028,1.4210854715202004e-14,0.0,
Fra_225,22,0.0,4.3905884446070385,0.0,0.0,-62.62045365242099,67.01104209702802,0.0,0.0,
Fra_225,23,0.0,4.322455076858923,0.0,0.0,-59.76813063506083,64.09058571191974,1.4210854715202004e-14,0.0,
Fra_225,24,0.0,4.2608875034195455,0.0,0.0,-55.432245651036865,59.69313315445641,0.0,0.0,
Fra_226,1,0.0,7.387168815385217,0.0,0.0,-121.24786971116107,128.6350385265463,-2.842170943040401e-14,0.0,
Fra_226,2,0.0,7.200177143585556,0.0,0.0,-115.61362652773545,122.81380367132101,0.0,0.0,
Fra_226,3,0.0,7.1030534265577305,0.0,0.0,-112.76307217181828,119.866125598376,1.4210854715202004e-14,0.0,
Fra_226,4,0.0,7.125052573695454,0.0,0.0,-115.91368136168205,123.03873393537751,0.0,0.0,
Fra_226,5,0.0,7.471117061043705,0.0,0.0,-125.50034913218889,132.9714661932326,0.0,0.0,
Fra_226,6,0.0,8.877898257954948,0.0,0.0,-136.61243170875076,145.4903299667057,0.0,0.0,
Fra_226,7,0.0,12.034645560900994,0.0,0.0,-142.36494846079893,154.3995940216999,2.842170943040401e-14,0.0,
Fra_226,8,0.0,16.57152998378902,0.0,0.0,-142.7088459718482,159.28037595563723,0.0,0.0,
Fra_226,9,0.0,21.336354086401045,0.0,0.0,-140.075182722346,161.41153680874706,-2.842170943040401e-14,0.0,
Fra_226,10,0.0,25.324413333795505,0.0,0.0,-136.81593758133187,162.14035091512736,2.842170943040401e-14,0.0,
Fra_226,11,0.0,27.74955242753906,0.0,0.0,-134.88489314000117,162.6344455675402,2.842170943040401e-14,0.0,
Fra_226,12,0.0,28.8068804939137,0.0,0.0,-131.81621291804296,160.62309341195666,0.0,0.0,
Fra_226,13,0.0,28.566779135737512,0.0,0.0,-126.85604572470024,155.42282486043774,0.0,0.0,
Fra_226,14,0.0,26.57140945988132,0.0,0.0,-123.78675782523723,150.35816728511855,0.0,0.0,
Fra_226,15,0.0,23.2025251012522,0.0,0.0,-122.50533866320214,145.70786376445434,0.0,0.0,
Fra_226,16,0.0,18.7892654787238,0.0,0.0,-124.31991031148505,143.10917579020884,0.0,0.0,
Fra_226,17,0.0,13.846149643462958,0.0,0.0,-130.64438069176984,144.49053033523282,-2.842170943040401e-14,0.0,
Fra_226,18,0.0,10.20032954100808,0.0,0.0,-136.16722197853457,146.36755151954267,-2.842170943040401e-14,0.0,
Fra_226,19,0.0,9.03446139171387,0.0,0.0,-136.93778424034895,145.97224563206282,0.0,0.0,
Fra_226,20,0.0,8.501255814213156,0.0,0.0,-137.73471580416566,146.2359716183788,0.0,0.0,
Fra_226,21,0.0,8.149949904298035,0.0,0.0,-139.90484602825143,148.0547959325495,-2.842170943040401e-14,0.0,
Fra_226,22,0.0,7.971325786303653,0.0,0.0,-143.65505230804794,151.6263780943516,0.0,0.0,
Fra_226,23,0.0,7.847626360112757,0.0,0.0,-137.17061357970428,145.01823993981702,2.842170943040401e-14,0.0,
Fra_226,24,0.0,7.73584745121496,0.0,0.0,-127.33224422550737,135.0680916767223,2.842170943040401e-14,0.0,
Fra_227,1,0.0,10.755736101619343,0.0,0.0,-133.68066884620924,144.43640494782858,0.0,0.0,
Fra_227,2,0.0,10.483475764088002,0.0,0.0,-127.41662115696437,137.90009692105235,2.842170943040401e-14,0.0,
Fra_227,3,0.0,10.342063391409583,0.0,0.0,-124.24826638783983,134.5903297792494,2.842170943040401e-14,0.0,
Fra_227,4,0.0,10.393468237156704,0.0,0.0,-127.75918909882165,138.15265733597835,0.0,0.0,
Fra_227,5,0.0,11.13229471144553,0.0,0.0,-138.1732192261799,149.30551393762545,-2.842170943040401e-14,0.0,
Fra_227,6,0.0,14.15839728883807,0.0,0.0,-149.20378191032037,163.36217919915845,0.0,0.0,
Fra_227,7,0.0,20.969517980384197,0.0,0.0,-152.39632807015641,173.36584605054057,2.842170943040401e-14,0.0,
Fra_227,8,0.0,30.777467688445785,0.0,0.0,-148.06870941300622,178.84617710145199,2.842170943040401e-14,0.0,
Fra_227,9,0.0,40.98768199707269,0.0,0.0,-140.25144507753305,181.23912707460573,0.0,0.0,
Fra_227,10,0.0,49.3624028977734,0.0,0.0,-132.69506489182436,182.05746778959775,0.0,0.0,
Fra_227,11,0.0,54.318720457730606,0.0,0.0,-128.2935359502398,182.61225640797042,-2.842170943040401e-14,0.0,
Fra_227,12,0.0,56.33062681892372,0.0,0.0,-124.0232054632079,180.35383228213163,0.0,0.0,
Fra_227,13,0.0,55.537858518709456,0.0,0.0,-118.97691076046254,174.51476927917201,0.0,0.0,
Fra_227,14,0.0,50.978717006533216,0.0,0.0,-117.84925852771424,168.82797553424746,0.0,0.0,
Fra_227,15,0.0,43.48166651001595,0.0,0.0,-120.12476806513772,163.60643457515366,0.0,0.0,
Fra_227,16,0.0,33.74193462410875,0.0,0.0,-126.9465924129388,160.68852703704755,0.0,0.0,
Fra_227,17,0.0,23.01643410778211,0.0,0.0,-139.22313133005414,162.23956543783626,0.0,0.0,
Fra_227,18,0.0,15.326025783594284,0.0,0.0,-149.02113176116765,164.34715754476196,-2.842170943040401e-14,0.0,
Fra_227,19,0.0,13.16130722611813,0.0,0.0,-150.74198555289794,163.90329277901606,2.842170943040401e-14,0.0,
Fra_227,20,0.0,12.377849532773348,0.0,0.0,-151.82156500117918,164.19941453395253,0.0,0.0,
Fra_227,21,0.0,11.866347257352661,0.0,0.0,-154.37531368301967,166.24166094037236,-2.842170943040401e-14,0.0,
Fra_227,22,0.0,11.60627009889775,0.0,0.0,-158.6457016660796,170.25197176497736,-2.842170943040401e-14,0.0,
Fra_227,23,0.0,11.42616342781965,0.0,0.0,-151.40593479902694,162.8320982268466,0.0,0.0,
Fra_227,24,0.0,11.263413059460975,0.0,0.0,-140.3962732003095,151.6596862597705,0.0,0.0,
Fra_228,1,0.0,3.625021580901114,0.0,0.0,-159.85720325445038,163.4822248353515,0.0,0.0,
Fra_228,2,0.0,3.5332612783193182,0.0,0.0,-152.55075824437216,156.08401952269145,2.842170943040401e-14,0.0,
Fra_228,3,0.0,3.4856008580633286,0.0,0.0,-148.85221564729096,152.33781650535428,0.0,0.0,
Fra_228,4,0.0,3.4923312353259717,0.0,0.0,-152.87755208017006,156.369883315496,2.842170943040401e-14,0.0,
Fra_228,5,0.0,3.6128536710454755,0.0,0.0,-165.3805355477267,168.99338921877217,2.842170943040401e-14,0.0,
Fra_228,6,0.0,4.098022337298222,0.0,0.0,-180.8055864106244,184.90360874792256,5.684341886080802e-14,0.0,
Fra_228,7,0.0,5.182374305243508,0.0,0.0,-191.04401496997292,196.22638927521643,0.0,0.0,
Fra_228,8,0.0,6.736822670340848,0.0,0.0,-195.6925506334581,202.42937330379894,0.0,0.0,
Fra_228,9,0.0,8.388357510653988,0.0,0.0,-196.74950736541982,205.1378648760738,0.0,0.0,
Fra_228,10,0.0,9.80654048607998,0.0,0.0,-196.2575739792755,206.06411446535543,2.842170943040401e-14,0.0,
Fra_228,11,0.0,10.697546452108417,0.0,0.0,-195.9945127317386,206.692059183847,2.842170943040401e-14,0.0,
Fra_228,12,0.0,11.11727203997113,0.0,0.0,-193.01856040278992,204.13583244276106,0.0,0.0,
Fra_228,13,0.0,11.092436851360565,0.0,0.0,-186.4343761338584,197.52681298521892,2.842170943040401e-14,0.0,
Fra_228,14,0.0,10.460284637156146,0.0,0.0,-180.62985683207043,191.09014146922658,0.0,0.0,
Fra_228,15,0.0,9.350946436480829,0.0,0.0,-175.8291259378392,185.18007237432008,-5.684341886080802e-14,0.0,
Fra_228,16,0.0,7.880616529084857,0.0,0.0,-173.9967842205452,181.87740074963006,0.0,0.0,
Fra_228,17,0.0,6.195239522462011,0.0,0.0,-177.43772422845979,183.63296375092182,-2.842170943040401e-14,0.0,
Fra_228,18,0.0,4.905971172405225,0.0,0.0,-181.11249813585923,186.01846930826446,0.0,0.0,
Fra_228,19,0.0,4.431887181628882,0.0,0.0,-181.0841880144561,185.51607519608496,2.842170943040401e-14,0.0,
Fra_228,20,0.0,4.171724859881484,0.0,0.0,-181.67951959866645,185.8512444585479,2.842170943040401e-14,0.0,
Fra_228,21,0.0,3.9993324945834114,0.0,0.0,-184.16345513969026,188.16278763427366,0.0,0.0,
Fra_228,22,0.0,3.9116783067908583,0.0,0.0,-188.79023183004392,192.70191013683478,0.0,0.0,
Fra_228,23,0.0,3.850976690150777,0.0,0.0,-180.45265301005364,184.30362970020443,0.0,0.0,
Fra_228,24,0.0,3.7961246937810467,0.0,0.0,-167.86186510826582,171.65798980204687,0.0,0.0,
Fra_229,1,0.0,3.230650500997789,0.0,0.0,-160.25157433435373,163.4822248353515,2.842170943040401e-14,0.0,
Fra_229,2,0.0,3.148872927846377,0.0,0.0,-152.93514659484507,156.08401952269145,0.0,0.0,
Fra_229,3,0.0,3.106397550213038,0.0,0.0,-149.23141895514124,152.33781650535428,0.0,0.0,
Fra_229,4,0.0,3.1062559310811713,0.0,0.0,-153.26362738441486,156.369883315496,2.842170943040401e-14,0.0,
Fra_229,5,0.0,3.1392071764144664,0.0,0.0,-165.8541820423577,168.99338921877217,0.0,0.0,
Fra_229,6,0.0,3.2617127304924396,0.0,0.0,-181.64189601743013,184.90360874792256,0.0,0.0,
Fra_229,7,0.0,3.5261801958014427,0.0,0.0,-192.700209079415,196.22638927521643,0.0,0.0,
Fra_229,8,0.0,3.896703624030292,0.0,0.0,-198.53266967976865,202.42937330379894,0.0,0.0,
Fra_229,9,0.0,4.331446135277546,0.0,0.0,-200.80641874079623,205.1378648760738,0.0,0.0,
Fra_229,10,0.0,4.781492185298106,0.0,0.0,-201.28262228005735,206.06411446535543,2.842170943040401e-14,0.0,
Fra_229,11,0.0,5.123872307083802,0.0,0.0,-201.5681868767632,206.692059183847,2.842170943040401e-14,0.0,
Fra_229,12,0.0,5.348217151358945,0.0,0.0,-198.78761529140212,204.13583244276106,0.0,0.0,
Fra_229,13,0.0,5.466531221657328,0.0,0.0,-192.06028176356162,197.52681298521892,2.842170943040401e-14,0.0,
Fra_229,14,0.0,5.427279272287443,0.0,0.0,-185.66286219693916,191.09014146922658,2.842170943040401e-14,0.0,
Fra_229,15,0.0,5.260036535992695,0.0,0.0,-179.92003583832735,185.18007237432008,-2.842170943040401e-14,0.0,
Fra_229,16,0.0,4.999904259757383,0.0,0.0,-176.87749648987267,181.87740074963006,0.0,0.0,
Fra_229,17,0.0,4.616032520471337,0.0,0.0,-179.0169312304505,183.63296375092182,2.842170943040401e-14,0.0,
Fra_229,18,0.0,4.221927721343099,0.0,0.0,-181.79654158692136,186.01846930826446,0.0,0.0,
Fra_229,19,0.0,3.94748316768014,0.0,0.0,-181.56859202840485,185.51607519608496,2.842170943040401e-14,0.0,
Fra_229,20,0.0,3.717877178885873,0.0,0.0,-182.13336727966202,185.8512444585479,0.0,0.0,
Fra_229,21,0.0,3.5642396159392926,0.0,0.0,-184.59854801833436,188.16278763427366,0.0,0.0,
Fra_229,22,0.0,3.486121447705885,0.0,0.0,-189.21578868912889,192.70191013683478,0.0,0.0,
Fra_229,23,0.0,3.4320236433664957,0.0,0.0,-180.87160605683792,184.30362970020443,0.0,0.0,
Fra_229,24,0.0,3.383139071068708,0.0,0.0,-168.27485073097813,171.65798980204687,-2.842170943040401e-14,0.0,
Fra_230,1,0.0,6.046825058970734,0.0,0.0,-646.6165784379162,652.663403496887,0.0,0.0,
Fra_230,2,0.0,5.893761557226723,0.0,0.0,-617.234089288646,623.1278508458729,-1.1368683772161603e-13,0.0,
Fra_230,3,0.0,5.814260175760918,0.0,0.0,-602.357777498692,608.1720376744529,0.0,0.0,
Fra_230,4,0.0,5.839531144626909,0.0,0.0,-618.4295620359172,624.269093180544,1.1368683772161603e-13,0.0,
Fra_230,5,0.0,6.210890688906795,0.0,0.0,-668.4545090943456,674.6653997832524,0.0,0.0,
Fra_230,6,0.0,7.729012823683458,0.0,0.0,-730.4541060188492,738.1831188425326,0.0,0.0,
Fra_230,7,0.0,11.143362845518542,0.0,0.0,-772.2432298513403,783.3865926968589,0.0,0.0,
Fra_230,8,0.0,16.057594471077454,0.0,0.0,-792.0929178018015,808.150512272879,-1.1368683772161603e-13,0.0,
Fra_230,9,0.0,21.184795073195637,0.0,0.0,-797.7787173878314,818.9635124610271,0.0,0.0,
Fra_230,10,0.0,25.412040942107165,0.0,0.0,-797.2492998916192,822.6613408337264,0.0,0.0,
Fra_230,11,0.0,27.931511042926324,0.0,0.0,-797.2367478217441,825.1682588646704,0.0,0.0,
Fra_230,12,0.0,28.9741124596075,0.0,0.0,-785.9890268782937,814.9631393379011,0.0,0.0,
Fra_230,13,0.0,28.611425793962272,0.0,0.0,-759.9667953225188,788.578221116481,1.1368683772161603e-13,0.0,
Fra_230,14,0.0,26.358055382759783,0.0,0.0,-736.5233051542302,762.88136053699,0.0,0.0,
Fra_230,15,0.0,22.628698619262334,0.0,0.0,-716.658134657848,739.2868332771103,0.0,0.0,
Fra_230,16,0.0,17.773754251251738,0.0,0.0,-708.3279581029346,726.1017123541864,0.0,0.0,
Fra_230,17,0.0,12.40475133068995,0.0,0.0,-720.7056234308636,733.1103747615537,-1.1368683772161603e-13,0.0,
Fra_230,18,0.0,8.527384390412964,0.0,0.0,-734.1065466946739,742.6339310850867,1.1368683772161603e-13,0.0,
Fra_230,19,0.0,7.397894545237379,0.0,0.0,-733.2303490623142,740.6282436075516,0.0,0.0,
Fra_230,20,0.0,6.958769722852762,0.0,0.0,-735.0075564304125,741.9663261532652,0.0,0.0,
Fra_230,21,0.0,6.671205510834889,0.0,0.0,-744.5233999732175,751.1946054840523,0.0,0.0,
Fra_230,22,0.0,6.524991335984105,0.0,0.0,-762.7909673679335,769.3159587039177,-1.1368683772161603e-13,0.0,
Fra_230,23,0.0,6.423736199034539,0.0,0.0,-729.3641108168215,735.7878470158558,2.2737367544323206e-13,0.0,
Fra_230,24,0.0,6.332238695149166,0.0,0.0,-678.9709370750114,685.3031757701607,-1.1368683772161603e-13,0.0,
Fra_231,1,0.0,5.95202149914137,0.0,0.0,-171.0632740932234,177.0152955923648,0.0,0.0,
Fra_231,2,0.0,5.801357763341265,0.0,0.0,-163.20330852915646,169.00466629249772,0.0,0.0,
Fra_231,3,0.0,5.723102823421363,0.0,0.0,-159.22524948674086,164.94835231016225,-2.842170943040401e-14,0.0,
Fra_231,4,0.0,5.746187131455738,0.0,0.0,-163.56800677992175,169.3141939113775,0.0,0.0,
Fra_231,5,0.0,6.090010914923884,0.0,0.0,-176.89266365929564,182.98267457421952,0.0,0.0,
Fra_231,6,0.0,7.4939655426208045,0.0,0.0,-192.71597771923993,200.20994326186076,-2.842170943040401e-14,0.0,
Fra_231,7,0.0,10.650095017580503,0.0,0.0,-201.81992938756662,212.47002440514711,0.0,0.0,
Fra_231,8,0.0,15.191344749161306,0.0,0.0,-203.9951471647936,219.1864919139549,0.0,0.0,
Fra_231,9,0.0,19.93571993516089,0.0,0.0,-202.18347268529908,222.11919262046,-5.684341886080802e-14,0.0,
Fra_231,10,0.0,23.859358672590016,0.0,0.0,-199.26275854719034,223.12211721978036,0.0,0.0,
Fra_231,11,0.0,26.20760759736178,0.0,0.0,-197.5944356515107,223.8020432488725,-2.842170943040401e-14,0.0,
Fra_231,12,0.0,27.19020273648069,0.0,0.0,-193.84400913115044,221.03421186763114,0.0,0.0,
Fra_231,13,0.0,26.87415897170787,0.0,0.0,-187.00393831508276,213.87809728679065,0.0,0.0,
Fra_231,14,0.0,24.80896105605511,0.0,0.0,-182.09963656689223,206.90859762294735,0.0,0.0,
Fra_231,15,0.0,21.377609483241937,0.0,0.0,-179.13168308461564,200.50929256785759,0.0,0.0,
Fra_231,16,0.0,16.905047686771617,0.0,0.0,-180.0281778531396,196.93322553991123,-2.842170943040401e-14,0.0,
Fra_231,17,0.0,11.946291155599983,0.0,0.0,-186.8878230217008,198.83411417730076,2.842170943040401e-14,0.0,
Fra_231,18,0.0,8.34985555492083,0.0,0.0,-193.06723650756294,201.4170920624838,-2.842170943040401e-14,0.0,
Fra_231,19,0.0,7.281251612113034,0.0,0.0,-193.59185811613915,200.87310972825216,2.842170943040401e-14,0.0,
Fra_231,20,0.0,6.849668477930764,0.0,0.0,-194.38635584931288,201.23602432724363,2.842170943040401e-14,0.0,
Fra_231,21,0.0,6.56661276594604,0.0,0.0,-197.17230445340073,203.73891721934675,2.842170943040401e-14,0.0,
Fra_231,22,0.0,6.422690971664925,0.0,0.0,-202.23109764932832,208.65378862099325,0.0,0.0,
Fra_231,23,0.0,6.323023336807815,0.0,0.0,-193.23727456704523,199.56029790385307,-2.842170943040401e-14,0.0,
Fra_231,24,0.0,6.232960352525579,0.0,0.0,-179.634890639858,185.86785099238358,0.0,0.0,
Fra_232,1,0.0,9.158011230606771,0.0,0.0,-167.44111026144597,176.59912149205275,0.0,0.0,
Fra_232,2,0.0,8.926194160607684,0.0,0.0,-159.68113152520718,168.60732568581486,0.0,0.0,
Fra_232,3,0.0,8.80578807357653,0.0,0.0,-155.75476027935753,164.56054835293406,0.0,0.0,
Fra_232,4,0.0,8.822505955383072,0.0,0.0,-160.0936196303996,168.91612558578265,0.0,0.0,
Fra_232,5,0.0,9.123525916402212,0.0,0.0,-173.42894487396472,182.55247079036693,0.0,0.0,
Fra_232,6,0.0,10.334824537383788,0.0,0.0,-189.40441254774967,199.73923708513342,2.842170943040401e-14,0.0,
Fra_232,7,0.0,13.041643310711645,0.0,0.0,-198.92885069535788,211.97049400606954,-2.842170943040401e-14,0.0,
Fra_232,8,0.0,16.921542945384484,0.0,0.0,-201.74962773168193,218.6711706770664,0.0,0.0,
Fra_232,9,0.0,21.045678900186775,0.0,0.0,-200.55129751945557,221.59697641964235,0.0,0.0,
Fra_232,10,0.0,24.59066477524406,0.0,0.0,-198.0068783048671,222.5975430801111,2.842170943040401e-14,0.0,
Fra_232,11,0.0,26.820654113192962,0.0,0.0,-196.45521644712508,223.27587056031805,0.0,0.0,
Fra_232,12,0.0,27.87406385824729,0.0,0.0,-192.64048266659887,220.51454652484614,2.842170943040401e-14,0.0,
Fra_232,13,0.0,27.81784793707054,0.0,0.0,-185.55740848268135,213.3752564197519,0.0,0.0,
Fra_232,14,0.0,26.245175133494385,0.0,0.0,-180.1769673547461,206.42214248824047,0.0,0.0,
Fra_232,15,0.0,23.480785168293245,0.0,0.0,-176.55709743377926,200.0378826020725,0.0,0.0,
Fra_232,16,0.0,19.815042774684677,0.0,0.0,-176.65518035808225,196.47022313276696,-2.842170943040401e-14,0.0,
Fra_232,17,0.0,15.609175440047851,0.0,0.0,-182.7574672212906,198.36664266133843,2.842170943040401e-14,0.0,
Fra_232,18,0.0,12.387131716553728,0.0,0.0,-188.55641608640119,200.9435478029549,2.842170943040401e-14,0.0,
Fra_232,19,0.0,11.196317647863854,0.0,0.0,-189.20452675756252,200.40084440542634,2.842170943040401e-14,0.0,
Fra_232,20,0.0,10.539165702925027,0.0,0.0,-190.22374006643068,200.76290576935568,2.842170943040401e-14,0.0,
Fra_232,21,0.0,10.10364520125724,0.0,0.0,-193.15626900149385,203.2599142027511,0.0,0.0,
Fra_232,22,0.0,9.882201544082001,0.0,0.0,-198.28102888833524,208.1632304324172,2.842170943040401e-14,0.0,
Fra_232,23,0.0,9.728849053758989,0.0,0.0,-189.36227003048856,199.09111908424757,-2.842170943040401e-14,0.0,
Fra_232,24,0.0,9.590274651492857,0.0,0.0,-175.84058932570184,185.4308639771947,0.0,0.0,
Fra_233,1,0.0,6.912792247232915,0.0,0.0,-42.44219025400773,49.35498250124064,0.0,0.0,
Fra_233,2,0.0,6.737808486685618,0.0,0.0,-40.383669460071104,47.12147794675673,-7.105427357601002e-15,0.0,
Fra_233,3,0.0,6.646921694347249,0.0,0.0,-39.3435844629505,45.99050615729775,0.0,0.0,
Fra_233,4,0.0,6.664092954275807,0.0,0.0,-40.54368674489355,47.20777969916936,0.0,0.0,
Fra_233,5,0.0,6.946517329662467,0.0,0.0,-44.072275545942304,51.018792875604774,0.0,0.0,
Fra_233,6,0.0,8.090592729105685,0.0,0.0,-47.73146611160915,55.822058840714845,-7.105427357601002e-15,0.0,
Fra_233,7,0.0,10.654192945532051,0.0,0.0,-48.58619247688181,59.24038542241386,7.105427357601002e-15,0.0,
Fra_233,8,0.0,14.335257267857866,0.0,0.0,-46.77779760528372,61.113054873141586,7.105427357601002e-15,0.0,
Fra_233,9,0.0,18.217216819988415,0.0,0.0,-43.713526669080764,61.93074348906918,0.0,0.0,
Fra_233,10,0.0,21.496483006835607,0.0,0.0,-40.713893526846334,62.21037653368194,0.0,0.0,
Fra_233,11,0.0,23.51464040915591,0.0,0.0,-38.88531147820201,62.39995188735792,0.0,0.0,
Fra_233,12,0.0,24.420791841160327,0.0,0.0,-37.20743990229471,61.62823174345503,0.0,0.0,
Fra_233,13,0.0,24.27423107183377,0.0,0.0,-35.35874987291294,59.63298094474671,-7.105427357601002e-15,0.0,
Fra_233,14,0.0,22.698536247917556,0.0,0.0,-34.9912254241652,57.68976167208276,-7.105427357601002e-15,0.0,
Fra_233,15,0.0,20.00288798603113,0.0,0.0,-35.90263471417558,55.90552270020672,0.0,0.0,
Fra_233,16,0.0,16.45721394148416,0.0,0.0,-38.4512382796042,54.90845222108836,-7.105427357601002e-15,0.0,
Fra_233,17,0.0,12.453484516761732,0.0,0.0,-42.98496894021539,55.43845345697712,0.0,0.0,
Fra_233,18,0.0,9.46169071479226,0.0,0.0,-46.69694247522823,56.15863319002048,7.105427357601002e-15,0.0,
Fra_233,19,0.0,8.453048649762984,0.0,0.0,-47.55391268333044,56.00696133309342,0.0,0.0,
Fra_233,20,0.0,7.955336713280715,0.0,0.0,-48.15281160268178,56.108148315962495,0.0,0.0,
Fra_233,21,0.0,7.626590365233206,0.0,0.0,-49.17940857702035,56.80599894225356,-7.105427357601002e-15,0.0,
Fra_233,22,0.0,7.459436825237111,0.0,0.0,-50.7169148383017,58.17635166353881,0.0,0.0,
Fra_233,23,0.0,7.34368091715787,0.0,0.0,-48.29724535436749,55.64092627152536,0.0,0.0,
Fra_233,24,0.0,7.239080034987214,0.0,0.0,-44.58415084782457,51.82323088281178,7.105427357601002e-15,0.0,
Fra_234,1,0.0,7.385257680490007,0.0,0.0,-89.85817883256047,97.24343651305047,1.4210854715202004e-14,0.0,
Fra_234,2,0.0,7.198314385317172,0.0,0.0,-85.64447912598357,92.84279351130073,1.4210854715202004e-14,0.0,
Fra_234,3,0.0,7.1012157951721075,0.0,0.0,-83.5132397078325,90.61445550300459,1.4210854715202004e-14,0.0,
Fra_234,4,0.0,7.119746355525114,0.0,0.0,-85.89308629987806,93.01283265540319,-1.4210854715202004e-14,0.0,
Fra_234,5,0.0,7.423725560301682,0.0,0.0,-93.09789342409637,100.52161898439806,-1.4210854715202004e-14,0.0,
Fra_234,6,0.0,8.655367221553497,0.0,0.0,-101.3300599796084,109.9854272011619,-1.4210854715202004e-14,0.0,
Fra_234,7,0.0,11.415410822337337,0.0,0.0,-105.30509776437596,116.72050858671331,-1.4210854715202004e-14,0.0,
Fra_234,8,0.0,15.378757254900748,0.0,0.0,-105.03144594040032,120.41020319530105,1.4210854715202004e-14,0.0,
Fra_234,9,0.0,19.55740405542242,0.0,0.0,-102.46387966266883,122.02128371809124,1.4210854715202004e-14,0.0,
Fra_234,10,0.0,23.085412492873953,0.0,0.0,-99.48682832909367,122.57224082196763,0.0,0.0,
Fra_234,11,0.0,25.25516586072578,0.0,0.0,-97.69059264750919,122.94575850823496,1.4210854715202004e-14,0.0,
Fra_234,12,0.0,26.227777988879954,0.0,0.0,-95.19747103852244,121.42524902740237,1.4210854715202004e-14,0.0,
Fra_234,13,0.0,26.066952322475277,0.0,0.0,-91.4270817689897,117.49403409146498,-1.4210854715202004e-14,0.0,
Fra_234,14,0.0,24.367711434288804,0.0,0.0,-89.2976247143194,113.66533614860819,1.4210854715202004e-14,0.0,
Fra_234,15,0.0,21.462980582681386,0.0,0.0,-88.68689430157772,110.1498748842591,0.0,0.0,
Fra_234,16,0.0,17.64320644808625,0.0,0.0,-90.54215431983728,108.18536076792353,0.0,0.0,
Fra_234,17,0.0,13.332016353787914,0.0,0.0,-95.89759848782901,109.22961484161694,-1.4210854715202004e-14,0.0,
Fra_234,18,0.0,10.112911004143175,0.0,0.0,-100.53566396265315,110.64857496679633,-1.4210854715202004e-14,0.0,
Fra_234,19,0.0,9.030853420925977,0.0,0.0,-101.31888459279207,110.34973801371805,0.0,0.0,
Fra_234,20,0.0,8.499056453802464,0.0,0.0,-102.05004886684003,110.54910532064248,1.4210854715202004e-14,0.0,
Fra_234,21,0.0,8.147841430260744,0.0,0.0,-103.7762292866641,111.92407071692486,-1.4210854715202004e-14,0.0,
Fra_234,22,0.0,7.969263524122832,0.0,0.0,-106.65479412622742,114.62405765035024,1.4210854715202004e-14,0.0,
Fra_234,23,0.0,7.84559610021804,0.0,0.0,-101.78294811568537,109.62854421590342,0.0,0.0,
Fra_234,24,0.0,7.733846109648587,0.0,0.0,-94.37274590721995,102.10659201686855,-1.4210854715202004e-14,0.0,
Fra_235,1,0.0,4.784008754885096,0.0,0.0,-104.95303011181839,109.7370388667035,-1.4210854715202004e-14,0.0,
Fra_235,2,0.0,4.662910967987758,0.0,0.0,-100.10810089023283,104.77101185822059,0.0,0.0,
Fra_235,3,0.0,4.600012620301374,0.0,0.0,-97.65636973290655,102.25638235320793,0.0,0.0,
Fra_235,4,0.0,4.61197224669011,0.0,0.0,-100.3509249750504,104.96289722174052,0.0,0.0,
Fra_235,5,0.0,4.808348935265105,0.0,0.0,-108.62804538585137,113.43639432111647,0.0,0.0,
Fra_235,6,0.0,5.603955461879585,0.0,0.0,-118.51213434666101,124.1160898085406,0.0,0.0,
Fra_235,7,0.0,7.386813711867152,0.0,0.0,-124.32966450620359,131.71647821807073,0.0,0.0,
Fra_235,8,0.0,9.946899559317231,0.0,0.0,-125.9333163380006,135.8802158973178,2.842170943040401e-14,0.0,
Fra_235,9,0.0,12.646292198577184,0.0,0.0,-125.05199196418175,137.69828416275894,0.0,0.0,
Fra_235,10,0.0,14.925817939252015,0.0,0.0,-123.39420896820984,138.32002690746185,0.0,0.0,
Fra_235,11,0.0,16.32809495646351,0.0,0.0,-122.4134382893703,138.7415332458338,0.0,0.0,
Fra_235,12,0.0,16.95705731686494,0.0,0.0,-120.06861505466787,137.0256723715328,0.0,0.0,
Fra_235,13,0.0,16.853885972478302,0.0,0.0,-115.73549844289582,132.58938441537413,0.0,0.0,
Fra_235,14,0.0,15.756916551991743,0.0,0.0,-112.51186803649578,128.26878458848753,0.0,0.0,
Fra_235,15,0.0,13.881190675730105,0.0,0.0,-110.42047465789138,124.30166533362149,0.0,0.0,
Fra_235,16,0.0,11.41436207357601,0.0,0.0,-110.67039310478195,122.08475517835795,1.4210854715202004e-14,0.0,
Fra_235,17,0.0,8.629692354506899,0.0,0.0,-114.63348014414217,123.26317249864907,0.0,0.0,
Fra_235,18,0.0,6.549844209868393,0.0,0.0,-118.31459299096153,124.86443720082993,0.0,0.0,
Fra_235,19,0.0,5.849973593718441,0.0,0.0,-118.67723280253828,124.52720639625672,1.4210854715202004e-14,0.0,
Fra_235,20,0.0,5.505503293495904,0.0,0.0,-119.24668464077735,124.75218793427325,0.0,0.0,
Fra_235,21,0.0,5.277993865908907,0.0,0.0,-121.0258117049126,126.30380557082151,0.0,0.0,
Fra_235,22,0.0,5.162314995468175,0.0,0.0,-124.18836532265959,129.35068031812776,0.0,0.0,
Fra_235,23,0.0,5.082205937091303,0.0,0.0,-118.63114942038,123.71335535747131,-1.4210854715202004e-14,0.0,
Fra_235,24,0.0,5.009816731951597,0.0,0.0,-110.21518413685251,115.22500086880412,0.0,0.0,
Fra_236,1,0.0,7.208444355563095,0.0,0.0,-253.7694567418141,260.9779010973772,0.0,0.0,
Fra_236,2,0.0,7.025976742488615,0.0,0.0,-242.1416612126416,249.16763795513023,-2.842170943040401e-14,0.0,
Fra_236,3,0.0,6.931202827434388,0.0,0.0,-236.25611401612565,243.18731684356004,0.0,0.0,
Fra_236,4,0.0,6.982768938538981,0.0,0.0,-242.6412130180324,249.62398195657138,0.0,0.0,
Fra_236,5,0.0,7.6854844881945805,0.0,0.0,-262.0902667414298,269.77575122962435,0.0,0.0,
Fra_236,6,0.0,10.577365556120778,0.0,0.0,-284.5969615914543,295.17432714757507,0.0,0.0,
Fra_236,7,0.0,17.09875707443749,0.0,0.0,-296.1509021135199,313.2496591879574,5.684341886080802e-14,0.0,
Fra_236,8,0.0,26.500820775145545,0.0,0.0,-296.6510877487895,323.15190852393505,0.0,0.0,
Fra_236,9,0.0,36.2346567248625,0.0,0.0,-291.24100287588914,327.47565960075167,0.0,0.0,
Fra_236,10,0.0,44.1159861306756,0.0,0.0,-284.8383092908602,328.9542954215358,0.0,0.0,
Fra_236,11,0.0,48.696790529436186,0.0,0.0,-281.2599361643811,329.95672669381725,0.0,0.0,
Fra_236,12,0.0,50.46250424892821,0.0,0.0,-275.4135421734437,325.876046422372,-5.684341886080802e-14,0.0,
Fra_236,13,0.0,49.53969383147382,0.0,0.0,-265.78592101903655,315.3256148505104,-5.684341886080802e-14,0.0,
Fra_236,14,0.0,45.02315920446075,0.0,0.0,-260.02715492764577,305.0503141321065,0.0,0.0,
Fra_236,15,0.0,37.70897178412381,0.0,0.0,-257.90669323378944,295.6156650179133,0.0,0.0,
Fra_236,16,0.0,28.253881872536894,0.0,0.0,-262.0895016512046,290.34338352374147,5.684341886080802e-14,0.0,
Fra_236,17,0.0,17.94882692027596,0.0,0.0,-275.1970823690817,293.14590928935763,5.684341886080802e-14,0.0,
Fra_236,18,0.0,10.69044130712642,0.0,0.0,-286.2636143054075,296.9540556125339,0.0,0.0,
Fra_236,19,0.0,8.82692700798107,0.0,0.0,-287.32512238612554,296.1520493941066,0.0,0.0,
Fra_236,20,0.0,8.295577239487677,0.0,0.0,-288.39152586286167,296.6871031023494,-5.684341886080802e-14,0.0,
Fra_236,21,0.0,7.952770791348919,0.0,0.0,-292.4244074057359,300.3771781970848,5.684341886080802e-14,0.0,
Fra_236,22,0.0,7.778468288278681,0.0,0.0,-299.8448228408716,307.6232911291503,0.0,0.0,
Fra_236,23,0.0,7.65776163424161,0.0,0.0,-286.5587777615851,294.2165393958267,0.0,0.0,
Fra_236,24,0.0,7.54868709363585,0.0,0.0,-266.4807490132663,274.02943610690215,0.0,0.0,
Fra_237,1,0.0,6.882298031657509,0.0,0.0,-30.773544221378266,37.65584225303577,0.0,0.0,
Fra_237,2,0.0,6.708086172293625,0.0,0.0,-29.24368303861374,35.951769210907365,0.0,0.0,
Fra_237,3,0.0,6.617600306431765,0.0,0.0,-28.47128347451055,35.08888378094231,0.0,0.0,
Fra_237,4,0.0,6.63246952566165,0.0,0.0,-29.3851444087228,36.01761393438445,0.0,0.0,
Fra_237,5,0.0,6.886649003458493,0.0,0.0,-32.038612826302796,38.92526182976129,0.0,0.0,
Fra_237,6,0.0,7.913314442719376,0.0,0.0,-34.67664376246893,42.5899582051883,0.0,0.0,
Fra_237,7,0.0,10.211090366022916,0.0,0.0,-34.98691185025549,45.19800221627841,-7.105427357601002e-15,0.0,
Fra_237,8,0.0,13.50794383769458,0.0,0.0,-33.11882892726976,46.626772764964336,7.105427357601002e-15,0.0,
Fra_237,9,0.0,16.996718440650085,0.0,0.0,-30.253917447610853,47.25063588826093,7.105427357601002e-15,0.0,
Fra_237,10,0.0,19.966415782306107,0.0,0.0,-27.497568734260174,47.463984516566285,0.0,0.0,
Fra_237,11,0.0,21.811886555289266,0.0,0.0,-25.796736237927334,47.608622793216604,-7.105427357601002e-15,0.0,
Fra_237,12,0.0,22.659752734243682,0.0,0.0,-24.360079008311182,47.019831742554864,0.0,0.0,
Fra_237,13,0.0,22.564764849347473,0.0,0.0,-22.9327717666816,45.49753661602907,0.0,0.0,
Fra_237,14,0.0,21.18607000513036,0.0,0.0,-22.828869420378926,44.01493942550929,-7.105427357601002e-15,0.0,
Fra_237,15,0.0,18.80015669602464,0.0,0.0,-23.85348103588169,42.653637731906336,-7.105427357601002e-15,0.0,
Fra_237,16,0.0,15.650941055939096,0.0,0.0,-26.241972494251726,41.892913550190826,0.0,0.0,
Fra_237,17,0.0,12.070315733013459,0.0,0.0,-30.226967182155654,42.29728291516911,0.0,0.0,
Fra_237,18,0.0,9.365447846574254,0.0,0.0,-33.4813028841418,42.846750730716046,7.105427357601002e-15,0.0,
Fra_237,19,0.0,8.414943032638329,0.0,0.0,-34.31608824627715,42.73103127891548,-7.105427357601002e-15,0.0,
Fra_237,20,0.0,7.920243549182398,0.0,0.0,-34.88798927802423,42.80823282720663,-7.105427357601002e-15,0.0,
Fra_237,21,0.0,7.592947391108556,0.0,0.0,-35.74771705228065,43.34066444338921,-7.105427357601002e-15,0.0,
Fra_237,22,0.0,7.426531211053357,0.0,0.0,-36.95965656733934,44.386187778392696,0.0,0.0,
Fra_237,23,0.0,7.311285933915832,0.0,0.0,-35.14047549545324,42.451761429369064,7.105427357601002e-15,0.0,
Fra_237,24,0.0,7.207146474819414,0.0,0.0,-32.3318688032583,39.53901527807772,-7.105427357601002e-15,0.0,
Fra_238,1,0.0,101.30458212018277,0.0,0.0,25.793225717420864,75.51135640276192,-1.4210854715202004e-14,0.0,
Fra_238,2,0.0,101.22987783338203,0.0,0.0,29.135703443329525,72.0941743900525,0.0,0.0,
Fra_238,3,0.0,100.97119879165436,0.0,0.0,30.607370752614305,70.36382803904003,2.842170943040401e-14,0.0,
Fra_238,4,0.0,101.10754524962958,0.0,0.0,28.881332267841167,72.2262129817884,2.842170943040401e-14,0.0,
Fra_238,5,0.0,101.50134344673486,0.0,0.0,23.444416732767493,78.05692671396737,0.0,0.0,
Fra_238,6,0.0,102.90845800928857,0.0,0.0,17.502706317426295,85.40575169186226,0.0,0.0,
Fra_238,7,0.0,105.96310902332621,0.0,0.0,15.327440031721789,90.6356689916044,1.4210854715202004e-14,0.0,
Fra_238,8,0.0,111.67555518578376,0.0,0.0,18.174768972936054,93.50078621284771,0.0,0.0,
Fra_238,9,0.0,117.71428083069965,0.0,0.0,22.962460307339555,94.75182052336007,2.842170943040401e-14,0.0,
Fra_238,10,0.0,122.46184351769674,0.0,0.0,27.282194446464853,95.17964907123186,1.4210854715202004e-14,0.0,
Fra_238,11,0.0,125.15548034148028,0.0,0.0,29.68578776559829,95.46969257588201,-1.4210854715202004e-14,0.0,
Fra_238,12,0.0,126.05531911689317,0.0,0.0,31.76633073491857,94.2889883819746,0.0,0.0,
Fra_238,13,0.0,125.47423174595465,0.0,0.0,34.23790565943062,91.23632608652404,-1.4210854715202004e-14,0.0,
Fra_238,14,0.0,124.0420685256448,0.0,0.0,35.77879836236327,88.26327016328153,0.0,0.0,
Fra_238,15,0.0,121.04983765964728,0.0,0.0,35.516389250626176,85.53344840902112,-1.4210854715202004e-14,0.0,
Fra_238,16,0.0,116.83053134809418,0.0,0.0,32.82256507870278,84.00796626939142,-1.4210854715202004e-14,0.0,
Fra_238,17,0.0,112.6821400765507,0.0,0.0,27.863290889389123,84.81884918716156,1.4210854715202004e-14,0.0,
Fra_238,18,0.0,108.71192330895018,0.0,0.0,22.791224911437514,85.92069839751264,2.842170943040401e-14,0.0,
Fra_238,19,0.0,107.14725874321161,0.0,0.0,21.458612857203757,85.68864588600785,0.0,0.0,
Fra_238,20,0.0,107.03651988677471,0.0,0.0,21.193061539298483,85.84345834747623,0.0,0.0,
Fra_238,21,0.0,106.89825008073414,0.0,0.0,19.987105256893926,86.91114482384022,0.0,0.0,
Fra_238,22,0.0,107.31331446401114,0.0,0.0,18.30557903289306,89.00773543111809,-1.4210854715202004e-14,0.0,
Fra_238,23,0.0,107.71949322743544,0.0,0.0,22.590867882196278,85.12862534523917,-1.4210854715202004e-14,0.0,
Fra_238,24,0.0,108.16620113325736,0.0,0.0,28.87851306577093,79.28768806748641,1.4210854715202004e-14,0.0,
Fra_239,1,0.0,14.02630770379485,0.0,0.0,-143.97102753039127,157.99733523418612,0.0,0.0,
Fra_239,2,0.0,13.671259268831975,0.0,0.0,-137.17608319951722,150.84734246834918,2.842170943040401e-14,0.0,
Fra_239,3,0.0,13.486846650897569,0.0,0.0,-133.73997930820022,147.22682595909777,2.842170943040401e-14,0.0,
Fra_239,4,0.0,13.501379784565703,0.0,0.0,-137.62223563974885,151.12361542431458,-2.842170943040401e-14,0.0,
Fra_239,5,0.0,13.828147128742634,0.0,0.0,-149.49545086884166,163.3235979975843,0.0,0.0,
Fra_239,6,0.0,15.124555043830302,0.0,0.0,-163.5754686852265,178.7000237290568,0.0,0.0,
Fra_239,7,0.0,18.00453351130868,0.0,0.0,-171.63838723640382,189.64292074771248,0.0,0.0,
Fra_239,8,0.0,22.116945391580686,0.0,0.0,-173.52084695763645,195.63779234921714,0.0,0.0,
Fra_239,9,0.0,26.563204230965603,0.0,0.0,-171.69220878835597,198.2554130193216,-2.842170943040401e-14,0.0,
Fra_239,10,0.0,30.525060335017386,0.0,0.0,-168.62552625449294,199.1505865895103,2.842170943040401e-14,0.0,
Fra_239,11,0.0,33.12595774553984,0.0,0.0,-166.63150578301367,199.7574635285535,0.0,0.0,
Fra_239,12,0.0,34.469363791333855,0.0,0.0,-162.8176353564424,197.28699914777627,-2.842170943040401e-14,0.0,
Fra_239,13,0.0,34.63653074911242,0.0,0.0,-156.2631840082404,190.89971475735285,-5.684341886080802e-14,0.0,
Fra_239,14,0.0,33.17299377497611,0.0,0.0,-151.5060021958003,184.6789959707764,0.0,0.0,
Fra_239,15,0.0,30.42031920794389,0.0,0.0,-148.5468926897592,178.96721189770307,2.842170943040401e-14,0.0,
Fra_239,16,0.0,26.699787820408993,0.0,0.0,-149.07555831708612,175.77534613749512,0.0,0.0,
Fra_239,17,0.0,22.274472428076862,0.0,0.0,-155.19753691741647,177.47200934549335,0.0,0.0,
Fra_239,18,0.0,18.700929861154517,0.0,0.0,-161.07655044074443,179.77748030189895,0.0,0.0,
Fra_239,19,0.0,17.144092394779115,0.0,0.0,-162.14784930473263,179.29194169951174,0.0,0.0,
Fra_239,20,0.0,16.141668465797835,0.0,0.0,-163.474197442446,179.61586590824388,-2.842170943040401e-14,0.0,
Fra_239,21,0.0,15.47463013030338,0.0,0.0,-166.37522581821094,181.84985594851432,0.0,0.0,
Fra_239,22,0.0,15.135469498548204,0.0,0.0,-171.10121970005477,186.236689198603,-2.842170943040401e-14,0.0,
Fra_239,23,0.0,14.900596537350573,0.0,0.0,-163.21957766475438,178.12017420210495,0.0,0.0,
Fra_239,24,0.0,14.688357530746362,0.0,0.0,-151.21044270698889,165.89880023773523,2.842170943040401e-14,0.0,
Fra_240,1,0.0,20.351180175805442,0.0,0.0,-163.66029496175778,184.01147513756322,0.0,0.0,
Fra_240,2,0.0,18.388315692105238,0.0,0.0,-157.29592586196475,175.68424155406998,0.0,0.0,
Fra_240,3,0.0,15.128896360176713,0.0,0.0,-156.3387134219727,171.4676097821494,2.842170943040401e-14,0.0,
Fra_240,4,0.0,14.468204637121477,0.0,0.0,-161.5377980029342,176.0060026400557,0.0,0.0,
Fra_240,5,0.0,20.254327036707785,0.0,0.0,-169.96037593764436,190.21470297435218,-2.842170943040401e-14,0.0,
Fra_240,6,0.0,22.99458469784312,0.0,0.0,-185.12826069547833,208.12284539332143,2.842170943040401e-14,0.0,
Fra_240,7,0.0,35.38143638592819,0.0,0.0,-185.48604561595792,220.86748200188612,0.0,0.0,
Fra_240,8,0.0,45.7494298847395,0.0,0.0,-182.09997472374053,227.84940460848003,0.0,0.0,
Fra_240,9,0.0,64.497055109545,0.0,0.0,-166.40095940202326,230.89801451156828,-2.842170943040401e-14,0.0,
Fra_240,10,0.0,56.277790467692604,0.0,0.0,-175.66278725489715,231.94057772258975,0.0,0.0,
Fra_240,11,0.0,77.77882613925186,0.0,0.0,-154.86855034430928,232.64737648356115,0.0,0.0,
Fra_240,12,0.0,59.29236168913649,0.0,0.0,-170.47779035068442,229.77015203982086,5.684341886080802e-14,0.0,
Fra_240,13,0.0,68.97088585571066,0.0,0.0,-153.3603203242775,222.33120617998816,0.0,0.0,
Fra_240,14,0.0,43.51686915867267,0.0,0.0,-171.5693816640798,215.0862508227525,-2.842170943040401e-14,0.0,
Fra_240,15,0.0,42.92631483234035,0.0,0.0,-165.50771105639285,208.43402588873317,2.842170943040401e-14,0.0,
Fra_240,16,0.0,33.49108522885503,0.0,0.0,-171.2255366536246,204.71662188247964,-2.842170943040401e-14,0.0,
Fra_240,17,0.0,25.798229896265276,0.0,0.0,-180.89440948836162,206.6926393846269,0.0,0.0,
Fra_240,18,0.0,27.291825072120858,0.0,0.0,-182.08587929126787,209.37770436338872,0.0,0.0,
Fra_240,19,0.0,24.911300498239356,0.0,0.0,-183.90092170477578,208.81222220301515,0.0,0.0,
Fra_240,20,0.0,11.029993375806347,0.0,0.0,-198.15948690813283,209.1894802839392,0.0,0.0,
Fra_240,21,0.0,16.886484981832197,0.0,0.0,-194.90481008678984,211.79129506862202,2.842170943040401e-14,0.0,
Fra_240,22,0.0,14.198934410128581,0.0,0.0,-202.70148263409408,216.90041704422265,0.0,0.0,
Fra_240,23,0.0,12.946418532534812,0.0,0.0,-194.50110555455018,207.44752408708501,-2.842170943040401e-14,0.0,
Fra_240,24,0.0,10.174596744955675,0.0,0.0,-183.039313540617,193.2139102855727,-2.842170943040401e-14,0.0,
Fra_241,1,0.0,9.414694355504873,0.0,0.0,-82.4036538597291,91.81834821523397,1.4210854715202004e-14,0.0,
Fra_241,2,0.0,9.17637985626774,0.0,0.0,-78.48683166291408,87.66321151918184,-1.4210854715202004e-14,0.0,
Fra_241,3,0.0,9.05259899605738,0.0,0.0,-76.50659067318175,85.55918966923913,0.0,0.0,
Fra_241,4,0.0,9.078506895624296,0.0,0.0,-78.74525749893155,87.82376439455584,1.4210854715202004e-14,0.0,
Fra_241,5,0.0,9.49373195369736,0.0,0.0,-85.41991308012317,94.91364503382052,1.4210854715202004e-14,0.0,
Fra_241,6,0.0,11.179160681001562,0.0,0.0,-92.67031868208392,103.84947936308548,0.0,0.0,
Fra_241,7,0.0,14.958904636817477,0.0,0.0,-95.24991444204932,110.20881907886678,1.4210854715202004e-14,0.0,
Fra_241,8,0.0,20.389074047471276,0.0,0.0,-93.3035962457005,113.69267029317179,-1.4210854715202004e-14,0.0,
Fra_241,9,0.0,26.10200940549126,0.0,0.0,-89.11186126632488,115.21387067181615,-1.4210854715202004e-14,0.0,
Fra_241,10,0.0,30.90241346874516,0.0,0.0,-84.8316771071525,115.73409057589767,-1.4210854715202004e-14,0.0,
Fra_241,11,0.0,33.83652484274729,0.0,0.0,-82.25024534024797,116.08677018299527,-1.4210854715202004e-14,0.0,
Fra_241,12,0.0,35.13213148398354,0.0,0.0,-79.51895651847798,114.65108800246153,-1.4210854715202004e-14,0.0,
Fra_241,13,0.0,34.874837277637155,0.0,0.0,-76.06435329667882,110.93919057431597,0.0,0.0,
Fra_241,14,0.0,32.5135727726745,0.0,0.0,-74.8105180732295,107.324090845904,1.4210854715202004e-14,0.0,
Fra_241,15,0.0,28.504907116312634,0.0,0.0,-75.49984560167718,104.0047527179898,1.4210854715202004e-14,0.0,
Fra_241,16,0.0,23.244578257135387,0.0,0.0,-78.90525810171039,102.14983635884576,1.4210854715202004e-14,0.0,
Fra_241,17,0.0,17.3325175737194,0.0,0.0,-85.80331524516188,103.1358328188813,-1.4210854715202004e-14,0.0,
Fra_241,18,0.0,12.947842407909784,0.0,0.0,-91.52778854593119,104.47563095384098,0.0,0.0,
Fra_241,19,0.0,11.51333117754987,0.0,0.0,-92.6801345587585,104.19346573630837,0.0,0.0,
Fra_241,20,0.0,10.834560185234093,0.0,0.0,-93.54715040817028,104.38171059340438,0.0,0.0,
Fra_241,21,0.0,10.38683280147037,0.0,0.0,-95.2931356082629,105.67996840973325,2.842170943040401e-14,0.0,
Fra_241,22,0.0,10.15918246377451,0.0,0.0,-98.0701440241933,108.22932648796781,0.0,0.0,
Fra_241,23,0.0,10.00153176989662,0.0,0.0,-93.51097465817584,103.51250642807244,1.4210854715202004e-14,0.0,
Fra_241,24,0.0,9.859073368178109,0.0,0.0,-86.55112105782271,96.41019442600083,0.0,0.0,
Fra_242,1,0.0,15.683353236557828,0.0,0.0,-77.65373322875536,93.3370864653132,-2.842170943040401e-14,0.0,
Fra_242,2,0.0,14.338996013989304,0.0,0.0,-74.77422495370575,89.11322096769507,-1.4210854715202004e-14,0.0,
Fra_242,3,0.0,12.17497275166428,0.0,0.0,-74.79942440629873,86.97439715796301,0.0,0.0,
Fra_242,4,0.0,11.753253491198766,0.0,0.0,-77.52317600618919,89.27642949738797,-1.4210854715202004e-14,0.0,
Fra_242,5,0.0,15.693889984256849,0.0,0.0,-80.78969162508778,96.48358160934463,1.4210854715202004e-14,0.0,
Fra_242,6,0.0,18.118433760348655,0.0,0.0,-87.44878698695139,105.56722074730004,0.0,0.0,
Fra_242,7,0.0,27.64477806525573,0.0,0.0,-84.38697022421698,112.0317482894727,1.4210854715202004e-14,0.0,
Fra_242,8,0.0,36.47459494473357,0.0,0.0,-79.09862983982512,115.57322478455869,0.0,0.0,
Fra_242,9,0.0,50.8739409354902,0.0,0.0,-66.24564592192745,117.11958685741766,-1.4210854715202004e-14,0.0,
Fra_242,10,0.0,47.24748447132476,0.0,0.0,-70.40092708303052,117.64841155435528,0.0,0.0,
Fra_242,11,0.0,62.35770767070837,0.0,0.0,-55.64921705255142,118.0069247232598,0.0,0.0,
Fra_242,12,0.0,50.686408933890036,0.0,0.0,-65.86108644408174,116.54749537797179,-1.4210854715202004e-14,0.0,
Fra_242,13,0.0,56.861051151620266,0.0,0.0,-55.913149477146746,112.774200628767,0.0,0.0,
Fra_242,14,0.0,39.25942423965329,0.0,0.0,-69.83988043977084,109.09930467942412,1.4210854715202004e-14,0.0,
Fra_242,15,0.0,37.3147464614607,0.0,0.0,-68.4103159681847,105.72506242964539,1.4210854715202004e-14,0.0,
Fra_242,16,0.0,29.114239057033323,0.0,0.0,-74.72522542879473,103.83946448582805,0.0,0.0,
Fra_242,17,0.0,21.844596557921875,0.0,0.0,-82.99717344345628,104.84177000137815,0.0,0.0,
Fra_242,18,0.0,21.21387264791249,0.0,0.0,-84.98985666551575,106.20372931342824,-1.4210854715202004e-14,0.0,
Fra_242,19,0.0,19.196311148889755,0.0,0.0,-86.72058574140877,105.91689689029852,0.0,0.0,
Fra_242,20,0.0,9.940498711515717,0.0,0.0,-96.1677567345067,106.1082554460224,1.4210854715202004e-14,0.0,
Fra_242,21,0.0,13.660394826671945,0.0,0.0,-93.76759250750105,107.427987334173,0.0,0.0,
Fra_242,22,0.0,11.844493005379807,0.0,0.0,-98.17502053248222,110.01951353786204,-1.4210854715202004e-14,0.0,
Fra_242,23,0.0,10.985248017166889,0.0,0.0,-94.2394260324072,105.22467404957408,0.0,0.0,
Fra_242,24,0.0,9.135608249082464,0.0,0.0,-88.86927670248859,98.00488495157106,0.0,0.0,
Fra_243,1,0.0,129.22294647251007,0.0,0.0,89.2554794671492,39.967467005360874,0.0,0.0,
Fra_243,2,0.0,123.9842378543312,0.0,0.0,85.82545388488093,38.158783969450255,1.4210854715202004e-14,0.0,
Fra_243,3,0.0,114.5248186155985,0.0,0.0,77.2818910681024,37.242927547496116,-7.105427357601002e-15,0.0,
Fra_243,4,0.0,112.62466793933515,0.0,0.0,74.39599715669499,38.228670782640194,-2.842170943040401e-14,0.0,
Fra_243,5,0.0,128.48306380083045,0.0,0.0,87.16824982317749,41.31481397765296,0.0,0.0,
Fra_243,6,0.0,132.07329904788136,0.0,0.0,86.86881954408454,45.204479503796826,-7.105427357601002e-15,0.0,
Fra_243,7,0.0,158.21515416425777,0.0,0.0,110.24252749590332,47.972626668354515,-6.394884621840902e-14,0.0,
Fra_243,8,0.0,175.25389495613683,0.0,0.0,125.76478807259788,49.489106883538994,-4.263256414560601e-14,0.0,
Fra_243,9,0.0,216.26314043531832,0.0,0.0,166.11187258805245,50.15126784726589,-2.1316282072803006e-14,0.0,
Fra_243,10,0.0,180.76507335931888,0.0,0.0,130.38735979334794,50.37771356597095,-1.4210854715202004e-14,0.0,
Fra_243,11,0.0,236.56844081292067,0.0,0.0,186.03720988539698,50.53123092752373,-3.552713678800501e-14,0.0,
Fra_243,12,0.0,179.54067841513222,0.0,0.0,129.63438336694017,49.906295048192085,-3.552713678800501e-14,0.0,
Fra_243,13,0.0,208.65623131366064,0.0,0.0,160.3656823649184,48.29054894874224,0.0,0.0,
Fra_243,14,0.0,141.5176378074202,0.0,0.0,94.8007000368893,46.71693777053089,0.0,0.0,
Fra_243,15,0.0,151.07392855385896,0.0,0.0,105.80186035118459,45.27206820267435,2.842170943040401e-14,0.0,
Fra_243,16,0.0,137.91209372255042,0.0,0.0,93.44744919741827,44.46464452513216,0.0,0.0,
Fra_243,17,0.0,131.80982782072903,0.0,0.0,86.91599041911977,44.89383740160926,0.0,0.0,
Fra_243,18,0.0,147.07404914037198,0.0,0.0,101.5970130775614,45.47703606281062,-3.552713678800501e-14,0.0,
Fra_243,19,0.0,142.89842893418293,0.0,0.0,97.54421613318226,45.3542128010007,-2.842170943040401e-14,0.0,
Fra_243,20,0.0,103.87974017800825,0.0,0.0,58.443586563856805,45.43615361415143,1.4210854715202004e-14,0.0,
Fra_243,21,0.0,121.90182432997354,0.0,0.0,75.90055407576949,46.00127025420407,-2.842170943040401e-14,0.0,
Fra_243,22,0.0,114.96684157955518,0.0,0.0,67.85586518428828,47.1109763952669,0.0,0.0,
Fra_243,23,0.0,112.04882417451789,0.0,0.0,66.99102509923699,45.057799075280926,-2.842170943040401e-14,0.0,
Fra_243,24,0.0,104.6966167387553,0.0,0.0,62.730372087206426,41.96624465154888,-7.105427357601002e-15,0.0,
Fra_244,1,0.0,112.01294333969557,0.0,0.0,94.58576926892479,17.427174070770782,-7.105427357601002e-15,0.0,
Fra_244,2,0.0,112.15483588784963,0.0,0.0,95.51630909616301,16.638526791686605,1.0658141036401503e-14,0.0,
Fra_244,3,0.0,111.96558872717357,0.0,0.0,95.72640646455325,16.23918226262032,-3.552713678800501e-15,0.0,
Fra_244,4,0.0,112.1246187693233,0.0,0.0,95.45561895169915,16.668999817624155,0.0,0.0,
Fra_244,5,0.0,112.44873157017084,0.0,0.0,94.43406842443041,18.014663145740453,-2.4868995751603507e-14,0.0,
Fra_244,6,0.0,113.56179894622603,0.0,0.0,93.85110942503144,19.7106895211946,-3.552713678800501e-15,0.0,
Fra_244,7,0.0,115.96124027190717,0.0,0.0,95.04354450025923,20.91769577164792,2.1316282072803006e-14,0.0,
Fra_244,8,0.0,121.01374629151809,0.0,0.0,99.4348136023203,21.578932689197764,2.1316282072803006e-14,0.0,
Fra_244,9,0.0,126.25878843708837,0.0,0.0,104.39113106148028,21.867657375608086,3.552713678800501e-15,0.0,
Fra_244,10,0.0,130.07735930001806,0.0,0.0,108.1109638943786,21.966395405639478,-1.7763568394002505e-14,0.0,
Fra_244,11,0.0,132.00506442279556,0.0,0.0,109.97173022960905,22.033334193186533,-2.842170943040401e-14,0.0,
Fra_244,12,0.0,132.33893938278706,0.0,0.0,110.57809847396912,21.760840908817972,-3.197442310920451e-14,0.0,
Fra_244,13,0.0,131.41068885395035,0.0,0.0,110.35436816217552,21.056320691774836,-7.105427357601002e-15,0.0,
Fra_244,14,0.0,130.186633818837,0.0,0.0,109.81646108631917,20.37017273251783,1.4210854715202004e-14,0.0,
Fra_244,15,0.0,127.67302991198191,0.0,0.0,107.93286942080071,19.740160491181197,3.552713678800501e-15,0.0,
Fra_244,16,0.0,124.11952268124135,0.0,0.0,104.73142635703633,19.388096324205037,-1.4210854715202004e-14,0.0,
Fra_244,17,0.0,121.04963250172501,0.0,0.0,101.47439349551568,19.57523900620933,0.0,0.0,
Fra_244,18,0.0,117.96002079956101,0.0,0.0,98.13048735469651,19.82953344486448,1.4210854715202004e-14,0.0,
Fra_244,19,0.0,116.97156304485257,0.0,0.0,97.19558471678383,19.775978328068756,-1.0658141036401503e-14,0.0,
Fra_244,20,0.0,117.48997724830073,0.0,0.0,97.67826994060745,19.811707307693275,7.105427357601002e-15,0.0,
Fra_244,21,0.0,117.75904053572167,0.0,0.0,97.70092316518489,20.058117370536777,0.0,0.0,
Fra_244,22,0.0,118.47628869729782,0.0,0.0,97.93430173139463,20.54198696590321,-1.7763568394002505e-14,0.0,
Fra_244,23,0.0,119.1149921365135,0.0,0.0,99.46826026768099,19.646731868832514,-1.0658141036401503e-14,0.0,
Fra_244,24,0.0,119.78742277651457,0.0,0.0,101.4887137154425,18.298709061072064,1.0658141036401503e-14,0.0,
Fra_245,1,0.0,13.34132797985164,0.0,0.0,-118.02050674274884,131.36183472260046,0.0,0.0,
Fra_245,2,0.0,13.00361846145207,0.0,0.0,-112.41358329261443,125.4172017540665,0.0,0.0,
Fra_245,3,0.0,12.828211699284697,0.0,0.0,-109.57882731631668,122.40703901560136,1.4210854715202004e-14,0.0,
Fra_245,4,0.0,12.828682244072288,0.0,0.0,-112.81821782943773,125.64690007351001,0.0,0.0,
Fra_245,5,0.0,12.977556974409234,0.0,0.0,-122.81262869333595,135.79018566774516,2.842170943040401e-14,0.0,
Fra_245,6,0.0,13.536723038548862,0.0,0.0,-135.03770036692868,148.57442340547752,2.842170943040401e-14,0.0,
Fra_245,7,0.0,14.749523983979048,0.0,0.0,-142.9230214083056,157.67254539228466,0.0,0.0,
Fra_245,8,0.0,16.454079196074883,0.0,0.0,-146.20271059079295,162.65678978686782,0.0,0.0,
Fra_245,9,0.0,18.427668277075426,0.0,0.0,-146.40545855574987,164.8331268328253,2.842170943040401e-14,0.0,
Fra_245,10,0.0,20.42607704939394,0.0,0.0,-145.15131323826034,165.5773902876543,-2.842170943040401e-14,0.0,
Fra_245,11,0.0,21.917615525942075,0.0,0.0,-144.16434319665058,166.08195872259267,-2.842170943040401e-14,0.0,
Fra_245,12,0.0,22.86980759859217,0.0,0.0,-141.15816247163042,164.0279700702226,-2.842170943040401e-14,0.0,
Fra_245,13,0.0,23.33425692376154,0.0,0.0,-135.38320968020065,158.7174666039622,-2.842170943040401e-14,0.0,
Fra_245,14,0.0,23.08206867625618,0.0,0.0,-130.4633801092611,153.5454487855173,-2.842170943040401e-14,0.0,
Fra_245,15,0.0,22.25022822896468,0.0,0.0,-126.54634023989335,148.79656846885803,0.0,0.0,
Fra_245,16,0.0,20.995456380047045,0.0,0.0,-125.1473373157891,146.14279369583613,0.0,0.0,
Fra_245,17,0.0,19.21801520711426,0.0,0.0,-128.335414886979,147.55343009409327,0.0,0.0,
Fra_245,18,0.0,17.460754757130616,0.0,0.0,-132.00948547989464,149.47024023702522,2.842170943040401e-14,0.0,
Fra_245,19,0.0,16.30195488807725,0.0,0.0,-132.7645997960006,149.06655468407783,2.842170943040401e-14,0.0,
Fra_245,20,0.0,15.353384346899349,0.0,0.0,-133.98248676778186,149.3358711146812,2.842170943040401e-14,0.0,
Fra_245,21,0.0,14.718921065692552,0.0,0.0,-136.47432966875866,151.19325073445123,-2.842170943040401e-14,0.0,
Fra_245,22,0.0,14.396323463981927,0.0,0.0,-140.44421957131476,154.84054303529672,-2.842170943040401e-14,0.0,
Fra_245,23,0.0,14.172920607356387,0.0,0.0,-133.91940544115926,148.09232604851562,2.842170943040401e-14,0.0,
Fra_245,24,0.0,13.971046368103915,0.0,0.0,-123.96020889772386,137.93125526582776,2.842170943040401e-14,0.0,
Fra_246,1,0.0,58.982671977329105,0.0,0.0,-131.01258602981653,189.9952580071456,5.684341886080802e-14,0.0,
Fra_246,2,0.0,52.70456465095338,0.0,0.0,-128.6926703687737,181.39723501972708,0.0,0.0,
Fra_246,3,0.0,42.04023217781626,0.0,0.0,-135.00325239874817,177.04348457656442,0.0,0.0,
Fra_246,4,0.0,39.78121083431499,0.0,0.0,-141.9482484692662,181.72945930358117,0.0,0.0,
Fra_246,5,0.0,57.9042573400872,0.0,0.0,-138.49594836092768,196.4002057010149,0.0,0.0,
Fra_246,6,0.0,62.83059112798786,0.0,0.0,-152.06010347746718,214.89069460545505,0.0,0.0,
Fra_246,7,0.0,94.44872670222418,0.0,0.0,-133.6010413731944,228.04976807541857,0.0,0.0,
Fra_246,8,0.0,115.26808086991092,0.0,0.0,-119.99065167923978,235.25873254915066,2.842170943040401e-14,0.0,
Fra_246,9,0.0,163.34493060867158,0.0,0.0,-75.06154815938953,238.40647876806108,2.842170943040401e-14,0.0,
Fra_246,10,0.0,124.99989960104129,0.0,0.0,-114.48304500220048,239.48294460324175,2.842170943040401e-14,0.0,
Fra_246,11,0.0,189.62508414538067,0.0,0.0,-50.58764327629398,240.21272742167466,0.0,0.0,
Fra_246,12,0.0,126.10314253188507,0.0,0.0,-111.13879733361016,237.24193986549523,0.0,0.0,
Fra_246,13,0.0,159.51976225591235,0.0,0.0,-70.04132815775657,229.5610904136689,2.842170943040401e-14,0.0,
Fra_246,14,0.0,81.94391507131375,0.0,0.0,-140.13662467930985,222.08053975062361,-2.842170943040401e-14,0.0,
Fra_246,15,0.0,90.53816801943569,0.0,0.0,-124.67382621403628,215.21199423347196,0.0,0.0,
Fra_246,16,0.0,72.9551248063737,0.0,0.0,-138.4185809032063,211.37370570958,0.0,0.0,
Fra_246,17,0.0,62.28483687263876,0.0,0.0,-151.1291435256064,213.41398039824514,0.0,0.0,
Fra_246,18,0.0,77.53025205136015,0.0,0.0,-138.65610769455571,216.18635974591587,0.0,0.0,
Fra_246,19,0.0,72.18937324425508,0.0,0.0,-143.41311569209148,215.60248893634656,0.0,0.0,
Fra_246,20,0.0,26.924455572188517,0.0,0.0,-189.06755932370407,215.9920148958926,0.0,0.0,
Fra_246,21,0.0,46.67562566463671,0.0,0.0,-172.00281121082574,218.67843687546247,0.0,0.0,
Fra_246,22,0.0,37.992857457282824,0.0,0.0,-185.96084253543108,223.95369999271392,-2.842170943040401e-14,0.0,
Fra_246,23,0.0,33.99166874171055,0.0,0.0,-180.20174410063603,214.1934128423466,0.0,0.0,
Fra_246,24,0.0,24.955407536164657,0.0,0.0,-174.54153529217484,199.49694282833948,2.842170943040401e-14,0.0,
Fra_247,1,0.0,2.7920427427436234,0.0,0.0,-57.2380095437253,60.03005228646891,1.4210854715202004e-14,0.0,
Fra_247,2,0.0,2.7213676636640187,0.0,0.0,-54.5920917198621,57.31345938352611,7.105427357601002e-15,0.0,
Fra_247,3,0.0,2.6846589358614197,0.0,0.0,-53.25320892245168,55.9378678583131,0.0,0.0,
Fra_247,4,0.0,2.693166478327875,0.0,0.0,-54.72526100461179,57.41842748293966,0.0,0.0,
Fra_247,5,0.0,2.8263023719313214,0.0,0.0,-59.22742855256239,62.053730924493706,0.0,0.0,
Fra_247,6,0.0,3.3677369403469606,0.0,0.0,-64.52816619085608,67.89590313120304,0.0,0.0,
Fra_247,7,0.0,4.58289522280405,0.0,0.0,-67.47068993019812,72.05358515300217,0.0,0.0,
Fra_247,8,0.0,6.329512450693881,0.0,0.0,-68.00178488748904,74.3312973381829,1.4210854715202004e-14,0.0,
Fra_247,9,0.0,8.16298174986002,0.0,0.0,-67.16286341066181,75.32584516052184,0.0,0.0,
Fra_247,10,0.0,9.695855950571495,0.0,0.0,-65.97010454255545,75.66596049312693,1.4210854715202004e-14,0.0,
Fra_247,11,0.0,10.626640109756794,0.0,0.0,-65.26989929995892,75.89653940971573,-1.4210854715202004e-14,0.0,
Fra_247,12,0.0,11.030967074209654,0.0,0.0,-63.926935581094355,74.95790265530401,0.0,0.0,
Fra_247,13,0.0,10.935808923400737,0.0,0.0,-61.59528687875387,72.53109580215461,0.0,0.0,
Fra_247,14,0.0,10.165185384509272,0.0,0.0,-60.002389074300545,70.16757445880981,0.0,0.0,
Fra_247,15,0.0,8.866096239271776,0.0,0.0,-59.13132328592861,67.99741952520039,0.0,0.0,
Fra_247,16,0.0,7.165091789854831,0.0,0.0,-59.619599253610915,66.78469104346576,-1.4210854715202004e-14,0.0,
Fra_247,17,0.0,5.261691380235888,0.0,0.0,-62.16763573217174,67.42932711240763,0.0,0.0,
Fra_247,18,0.0,3.860020238620371,0.0,0.0,-64.44525545768477,68.30527569630513,0.0,0.0,
Fra_247,19,0.0,3.4147215998954383,0.0,0.0,-64.706076885796,68.12079848569144,0.0,0.0,
Fra_247,20,0.0,3.21312131798671,0.0,0.0,-65.03075004838476,68.24387136637147,0.0,0.0,
Fra_247,21,0.0,3.080342287105675,0.0,0.0,-66.01231895743756,69.09266124454322,1.4210854715202004e-14,0.0,
Fra_247,22,0.0,3.0128297955423973,0.0,0.0,-67.74657999880714,70.75940979434955,-1.4210854715202004e-14,0.0,
Fra_247,23,0.0,2.966076554373937,0.0,0.0,-64.70951654837447,67.6755931027484,1.4210854715202004e-14,0.0,
Fra_247,24,0.0,2.9238287732307873,0.0,0.0,-60.108333369076554,63.03216214230734,0.0,0.0,
Fra_248,1,2764.0,60.7318181698506,0.0,0.0,2374.9416505967247,449.79016757312615,-2.2737367544323206e-13,0.0,
Fra_248,2,2698.4965470478996,59.19451145670745,0.0,0.0,2328.2556421019713,429.4354164026357,1.1368683772161603e-13,0.0,
Fra_248,3,2764.0,58.3960323546421,0.0,0.0,2403.2675791991,419.1284531555422,-1.7053025658242404e-13,0.0,
Fra_248,4,2752.287510422101,58.374363518935986,0.0,0.0,2380.439957823229,430.2219161178075,6.821210263296962e-13,0.0,
Fra_248,5,2764.0,58.76330233320831,0.0,0.0,2357.810216870762,464.9530854624464,-5.684341886080802e-14,0.0,
Fra_248,6,2764.0,60.10695903183826,0.0,0.0,2315.379938419261,508.72702061257723,0.0,0.0,
Fra_248,7,2764.0,62.905704558487194,0.0,0.0,2287.0262124408614,539.8794921176259,0.0,0.0,
Fra_248,8,2764.0,66.72953720918679,0.0,0.0,2273.7837173701255,556.9458198390616,-4.547473508864641e-13,0.0,
Fra_248,9,2764.0,71.69155195618052,0.0,0.0,2271.2938340322303,564.3977179239504,-3.410605131648481e-13,0.0,
Fra_248,10,2764.0,77.6324123851893,0.0,0.0,2274.6862953408017,566.9461170443876,-2.2737367544323206e-13,0.0,
Fra_248,11,2722.144469871629,82.67041424061712,0.0,0.0,2236.141096916309,568.6737871959373,-1.1368683772161603e-13,0.0,
Fra_248,12,2764.0,86.42431698751369,0.0,0.0,2288.7835002284905,561.6408167590232,-2.2737367544323206e-13,0.0,
Fra_248,13,1666.77779519028,89.08323483076447,0.0,0.0,1212.4036700402476,543.4573599807968,0.0,0.0,
Fra_248,14,2764.0,89.96786300981233,0.0,0.0,2328.2197773107127,525.7480856990994,2.2737367544323206e-13,0.0,
Fra_248,15,1865.156082187253,89.36671616767386,0.0,0.0,1445.03514079255,509.4876575623767,1.7053025658242404e-13,0.0,
Fra_248,16,2581.038183040044,87.7277466375688,0.0,0.0,2168.3649433114742,500.40098636613857,0.0,0.0,
Fra_248,17,2764.0,83.97287652915576,0.0,0.0,2342.741793329362,505.23108319979417,-3.410605131648481e-13,0.0,
Fra_248,18,2747.9955704731838,78.90115155266813,0.0,0.0,2315.102375171771,511.7943468540808,-1.1368683772161603e-13,0.0,
Fra_248,19,2700.058993025134,74.20031929134996,0.0,0.0,2263.847207061651,510.41210525483314,-1.1368683772161603e-13,0.0,
Fra_248,20,2764.0,69.89101443693694,0.0,0.0,2322.556754869117,511.3342595678198,2.2737367544323206e-13,0.0,
Fra_248,21,2764.0,67.00283803591523,0.0,0.0,2313.3088082031063,517.6940298328093,-2.2737367544323206e-13,0.0,
Fra_248,22,2764.0,65.53432313854462,0.0,0.0,2299.351763295099,530.1825598434459,-2.2737367544323206e-13,0.0,
Fra_248,23,2764.0,64.51735828409403,0.0,0.0,2321.441065612645,507.0762926714491,-3.410605131648481e-13,0.0,
Fra_248,24,2764.0,63.59839507368696,0.0,0.0,2355.314169213111,472.2842258605761,-5.115907697472721e-13,0.0,
Fra_249,1,0.0,1.1929920362712372,0.0,0.0,-25.433627802721652,26.62661983899289,0.0,0.0,
Fra_249,2,0.0,1.1627937856449033,0.0,0.0,-24.25886814095469,25.42166192659959,3.552713678800501e-15,0.0,
Fra_249,3,0.0,1.1471087750755036,0.0,0.0,-23.664402881775892,24.811511656851394,0.0,0.0,
Fra_249,4,0.0,1.1511935688447812,0.0,0.0,-24.31702746559914,25.468221034443918,3.552713678800501e-15,0.0,
Fra_249,5,0.0,1.2135335209189548,0.0,0.0,-26.31069875915327,27.524232280072223,0.0,0.0,
Fra_249,6,0.0,1.4675743338658274,0.0,0.0,-28.647981665860108,30.115555999725935,0.0,0.0,
Fra_249,7,0.0,2.0381976841203153,0.0,0.0,-29.921518271981576,31.95971595610189,3.552713678800501e-15,0.0,
Fra_249,8,0.0,2.8588203979219045,0.0,0.0,-30.11118580693794,32.97000620485984,0.0,0.0,
Fra_249,9,0.0,3.7181871063726923,0.0,0.0,-29.69295559210112,33.41114269847381,0.0,0.0,
Fra_249,10,0.0,4.432762897071651,0.0,0.0,-29.1292396010817,33.562002498153355,-7.105427357601002e-15,0.0,
Fra_249,11,0.0,4.863552100890112,0.0,0.0,-28.800724790188937,33.66427689107905,0.0,0.0,
Fra_249,12,0.0,5.047279167023238,0.0,0.0,-28.20066085485971,33.24794002188295,0.0,0.0,
Fra_249,13,0.0,4.996333615950961,0.0,0.0,-27.17518449656715,32.171518112518115,0.0,0.0,
Fra_249,14,0.0,4.628673263847236,0.0,0.0,-26.494493533062027,31.12316679690926,3.552713678800501e-15,0.0,
Fra_249,15,0.0,4.013436275275758,0.0,0.0,-26.14714781167378,30.16058408694954,-3.552713678800501e-15,0.0,
Fra_249,16,0.0,3.2097087291838995,0.0,0.0,-26.412963778129285,29.622672507313187,-3.552713678800501e-15,0.0,
Fra_249,17,0.0,2.314527082560699,0.0,0.0,-27.594076868894966,29.90860395145566,3.552713678800501e-15,0.0,
Fra_249,18,0.0,1.6603293940854063,0.0,0.0,-28.636805785539785,30.297135179625194,-3.552713678800501e-15,0.0,
Fra_249,19,0.0,1.4592170447940984,0.0,0.0,-28.756092376417154,30.215309421211256,-3.552713678800501e-15,0.0,
Fra_249,20,0.0,1.3729116983949659,0.0,0.0,-28.89698729389843,30.2698989922934,-3.552713678800501e-15,0.0,
Fra_249,21,0.0,1.316177493004818,0.0,0.0,-29.330206352265442,30.646383845270257,3.552713678800501e-15,0.0,
Fra_249,22,0.0,1.2873305618490745,0.0,0.0,-30.098347658696763,31.385678220545838,0.0,0.0,
Fra_249,23,0.0,1.2673537027809956,0.0,0.0,-28.750482718984458,30.017836421765452,0.0,0.0,
Fra_249,24,0.0,1.249301949603184,0.0,0.0,-26.708918226248343,27.958220175851526,0.0,0.0,
Fra_250,1,0.0,6.413499631601933,0.0,0.0,-199.75088490783938,206.1643845394413,0.0,0.0,
Fra_250,2,0.0,6.251154483119331,0.0,0.0,-190.58349132468243,196.83464580780176,0.0,0.0,
Fra_250,3,0.0,6.166832202290923,0.0,0.0,-185.94354685292072,192.11037905521164,0.0,0.0,
Fra_250,4,0.0,6.187816614206046,0.0,0.0,-191.00732669089254,197.19514330509855,2.842170943040401e-14,0.0,
Fra_250,5,0.0,6.511126425231518,0.0,0.0,-206.60328472626455,213.11441115149609,-2.842170943040401e-14,0.0,
Fra_250,6,0.0,7.827617466608245,0.0,0.0,-225.3508747825008,233.17849224910904,0.0,0.0,
Fra_250,7,0.0,10.783771662270867,0.0,0.0,-236.67366792215688,247.45743958442773,2.842170943040401e-14,0.0,
Fra_250,8,0.0,15.03421087196324,0.0,0.0,-240.24569617550918,255.27990704747245,-2.842170943040401e-14,0.0,
Fra_250,9,0.0,19.48939361421817,0.0,0.0,-239.2061416374256,258.6955352516438,0.0,0.0,
Fra_250,10,0.0,23.2016514077095,0.0,0.0,-236.66195992496682,259.8636113326764,-5.684341886080802e-14,0.0,
Fra_250,11,0.0,25.44581024319929,0.0,0.0,-235.2096904618109,260.6555007050102,0.0,0.0,
Fra_250,12,0.0,26.409739145804036,0.0,0.0,-231.0221516936687,257.43189083947277,-5.684341886080802e-14,0.0,
Fra_250,13,0.0,26.158168084817564,0.0,0.0,-222.9392115853484,249.09737967016596,0.0,0.0,
Fra_250,14,0.0,24.2648955259241,0.0,0.0,-216.71531774946348,240.9802132753876,-2.842170943040401e-14,0.0,
Fra_250,15,0.0,21.087881679677302,0.0,0.0,-212.4392536922005,233.5271353718778,2.842170943040401e-14,0.0,
Fra_250,16,0.0,16.93389790848365,0.0,0.0,-212.42829987751384,229.36219778599752,-2.842170943040401e-14,0.0,
Fra_250,17,0.0,12.299047243919569,0.0,0.0,-219.27705829899796,231.57610554291753,0.0,0.0,
Fra_250,18,0.0,8.902016408516838,0.0,0.0,-225.68240569933778,234.58442210785464,-2.842170943040401e-14,0.0,
Fra_250,19,0.0,7.8443616817697945,0.0,0.0,-226.10650058165504,233.95086226342485,-2.842170943040401e-14,0.0,
Fra_250,20,0.0,7.38074388107329,0.0,0.0,-226.99279408781007,234.37353796888337,0.0,0.0,
Fra_250,21,0.0,7.075742008214004,0.0,0.0,-230.2128399456641,237.28858195387807,2.842170943040401e-14,0.0,
Fra_250,22,0.0,6.92066152425833,0.0,0.0,-236.09212315583125,243.01278468008957,0.0,0.0,
Fra_250,23,0.0,6.813266357837824,0.0,0.0,-225.60860350474604,232.42186986258386,0.0,0.0,
Fra_250,24,0.0,6.716220519445201,0.0,0.0,-209.75846872863002,216.4746892480752,0.0,0.0,
Fra_251,1,0.0,7.108670925085674,0.0,0.0,-59.22336445944346,66.33203538452914,0.0,0.0,
Fra_251,2,0.0,6.928728880470831,0.0,0.0,-56.4015244015966,63.33025328206744,-7.105427357601002e-15,0.0,
Fra_251,3,0.0,6.835266748952458,0.0,0.0,-54.97498476317389,61.81025151212636,-7.105427357601002e-15,0.0,
Fra_251,4,0.0,6.853058823941678,0.0,0.0,-56.59318215794184,63.446240981883506,1.4210854715202004e-14,0.0,
Fra_251,5,0.0,7.145114052730711,0.0,0.0,-61.42304670420016,68.56816075693088,-1.4210854715202004e-14,0.0,
Fra_251,6,0.0,8.328383620124374,0.0,0.0,-66.695263327101,75.02364694722537,0.0,0.0,
Fra_251,7,0.0,10.979973650156989,0.0,0.0,-68.63783073127345,79.61780438143045,0.0,0.0,
Fra_251,8,0.0,14.787533877342403,0.0,0.0,-67.34709798480036,82.13463186214277,-1.4210854715202004e-14,0.0,
Fra_251,9,0.0,18.802169574678445,0.0,0.0,-64.43141820754538,83.23358778222384,-1.4210854715202004e-14,0.0,
Fra_251,10,0.0,22.19215207359884,0.0,0.0,-61.4172565086723,83.60940858227116,-1.4210854715202004e-14,0.0,
Fra_251,11,0.0,24.277372266251948,0.0,0.0,-59.58682151562398,83.86419378187593,0.0,0.0,
Fra_251,12,0.0,25.21247393005718,0.0,0.0,-57.61454456984933,82.8270184999065,0.0,0.0,
Fra_251,13,0.0,25.058689168144838,0.0,0.0,-55.08675515477552,80.14544432292035,0.0,0.0,
Fra_251,14,0.0,23.426885122072903,0.0,0.0,-54.106914276224,77.5337993982969,0.0,0.0,
Fra_251,15,0.0,20.636892488528865,0.0,0.0,-54.49892809143977,75.13582057996864,0.0,0.0,
Fra_251,16,0.0,16.96778431469917,0.0,0.0,-56.827994977642916,73.79577929234209,0.0,0.0,
Fra_251,17,0.0,12.826156443587626,0.0,0.0,-61.68193311513808,74.50808955872571,-1.4210854715202004e-14,0.0,
Fra_251,18,0.0,9.73308105450808,0.0,0.0,-65.74291458207415,75.47599563658223,0.0,0.0,
Fra_251,19,0.0,8.692620805522289,0.0,0.0,-66.57953111618738,75.27215192170968,0.0,0.0,
Fra_251,20,0.0,8.180756598840663,0.0,0.0,-67.22738845239664,75.4081450512373,0.0,0.0,
Fra_251,21,0.0,7.842694999053851,0.0,0.0,-68.50334629062483,76.34604128967868,0.0,0.0,
Fra_251,22,0.0,7.670805049624079,0.0,0.0,-70.51696083584986,78.18776588547395,-1.4210854715202004e-14,0.0,
Fra_251,23,0.0,7.551769119027558,0.0,0.0,-67.22843954942898,74.78020866845654,0.0,0.0,
Fra_251,24,0.0,7.444204299598406,0.0,0.0,-62.20510384417175,69.64930814377016,0.0,0.0,
Fra_252,1,0.0,5.357180188054033,0.0,0.0,-213.71683756869757,219.07401775675163,-2.842170943040401e-14,0.0,
Fra_252,2,0.0,5.221573691907645,0.0,0.0,-203.93849431485677,209.16006800676442,0.0,0.0,
Fra_252,3,0.0,5.151139501806563,0.0,0.0,-198.98883688847127,204.13997639027787,-2.842170943040401e-14,0.0,
Fra_252,4,0.0,5.170811835934268,0.0,0.0,-204.37232735599386,209.5431391919281,2.842170943040401e-14,0.0,
Fra_252,5,0.0,5.466874057322565,0.0,0.0,-220.99236814942566,226.4592422067482,2.842170943040401e-14,0.0,
Fra_252,6,0.0,6.674750845109977,0.0,0.0,-241.10494818288157,247.77969902799154,0.0,0.0,
Fra_252,7,0.0,9.389138861732524,0.0,0.0,-253.56362882733458,262.9527676890671,0.0,0.0,
Fra_252,8,0.0,13.293908628328476,0.0,0.0,-257.9711549974445,271.265063625773,0.0,0.0,
Fra_252,9,0.0,17.37748947596133,0.0,0.0,-257.51708268748996,274.8945721634513,0.0,0.0,
Fra_252,10,0.0,20.762538152710846,0.0,0.0,-255.37325285990792,276.13579101261877,0.0,0.0,
Fra_252,11,0.0,22.794816121209415,0.0,0.0,-254.18245091455267,276.9772670357621,0.0,0.0,
Fra_252,12,0.0,23.652267389027834,0.0,0.0,-249.89953328162363,273.55180067065146,0.0,0.0,
Fra_252,13,0.0,23.393084352199683,0.0,0.0,-241.30231344373874,264.6953977959384,5.684341886080802e-14,0.0,
Fra_252,14,0.0,21.62860524769381,0.0,0.0,-234.4413441766614,256.0699494243552,5.684341886080802e-14,0.0,
Fra_252,15,0.0,18.68800506714706,0.0,0.0,-229.4621684724282,248.1501735395753,-2.842170943040401e-14,0.0,
Fra_252,16,0.0,14.8514336700756,0.0,0.0,-228.87300157972078,243.7244352497964,0.0,0.0,
Fra_252,17,0.0,10.589479334390811,0.0,0.0,-235.48749448958654,246.07697382397734,0.0,0.0,
Fra_252,18,0.0,7.488324681289642,0.0,0.0,-241.78534093810725,249.27366561939692,-2.842170943040401e-14,0.0,
Fra_252,19,0.0,6.553162429344334,0.0,0.0,-242.04727099760268,248.600433426947,0.0,0.0,
Fra_252,20,0.0,6.165116888439075,0.0,0.0,-242.8844594164586,249.04957630489767,2.842170943040401e-14,0.0,
Fra_252,21,0.0,5.910349587518059,0.0,0.0,-246.2368053760653,252.14715496358335,0.0,0.0,
Fra_252,22,0.0,5.780811247466163,0.0,0.0,-252.44898545119048,258.2297966986566,0.0,0.0,
Fra_252,23,0.0,5.691104333785871,0.0,0.0,-241.2845940104258,246.97569834421165,0.0,0.0,
Fra_252,24,0.0,5.610042187900912,0.0,0.0,-224.41989252736235,230.02993471526327,0.0,0.0,
Fra_253,1,0.0,4.693102208389037,0.0,0.0,-223.25585867529873,227.9489608836878,-2.842170943040401e-14,0.0,
Fra_253,2,0.0,4.574305542195944,0.0,0.0,-213.0590799624347,217.63338550463064,2.842170943040401e-14,0.0,
Fra_253,3,0.0,4.512602399589953,0.0,0.0,-207.89732174144973,212.4099241410397,-2.842170943040401e-14,0.0,
Fra_253,4,0.0,4.523530660737707,0.0,0.0,-213.5084446880775,218.0319753488152,2.842170943040401e-14,0.0,
Fra_253,5,0.0,4.7064240846819345,0.0,0.0,-230.92694527659512,235.63336936127706,0.0,0.0,
Fra_253,6,0.0,5.446328355170645,0.0,0.0,-252.37121431763174,257.8175426728024,0.0,0.0,
Fra_253,7,0.0,7.103380939559004,0.0,0.0,-266.5019090440603,273.6052899836194,-5.684341886080802e-14,0.0,
Fra_253,8,0.0,9.481912971858087,0.0,0.0,-272.77241371968194,282.25432669154,5.684341886080802e-14,0.0,
Fra_253,9,0.0,11.99418342914799,0.0,0.0,-274.036687410137,286.030870839285,0.0,0.0,
Fra_253,10,0.0,14.123806082216255,0.0,0.0,-273.19856682469924,287.3223729069155,0.0,0.0,
Fra_253,11,0.0,15.440280287532358,0.0,0.0,-272.7576578144171,288.1979381019495,-5.684341886080802e-14,0.0,
Fra_253,12,0.0,16.03768293538357,0.0,0.0,-268.5960191769928,284.63370211237634,0.0,0.0,
Fra_253,13,0.0,15.954865967666095,0.0,0.0,-259.46365009421424,275.41851606188027,5.684341886080802e-14,0.0,
Fra_253,14,0.0,14.947384469066685,0.0,0.0,-251.4962562808475,266.4436407499142,-5.684341886080802e-14,0.0,
Fra_253,15,0.0,13.214878475652414,0.0,0.0,-244.98814706186454,258.20302553751696,0.0,0.0,
Fra_253,16,0.0,10.93247096143888,0.0,0.0,-242.6655244833794,253.59799544481825,0.0,0.0,
Fra_253,17,0.0,8.347156242397958,0.0,0.0,-247.6986818490037,256.04583809140166,0.0,0.0,
Fra_253,18,0.0,6.405696592465438,0.0,0.0,-252.96633499505586,259.3720315875213,0.0,0.0,
Fra_253,19,0.0,5.738516345943241,0.0,0.0,-252.9330096303978,258.671525976341,5.684341886080802e-14,0.0,
Fra_253,20,0.0,5.400886785295887,0.0,0.0,-253.73797736909802,259.1388641543939,0.0,0.0,
Fra_253,21,0.0,5.177700530474013,0.0,0.0,-257.18422879492016,262.36192932539416,0.0,0.0,
Fra_253,22,0.0,5.064219809567099,0.0,0.0,-263.6267661384944,268.69098594806155,-5.684341886080802e-14,0.0,
Fra_253,23,0.0,4.98563299711686,0.0,0.0,-251.99533798957668,256.9809709866936,-5.684341886080802e-14,0.0,
Fra_253,24,0.0,4.914619343942045,0.0,0.0,-234.43409543020334,239.34871477414538,0.0,0.0,
Fra_254,1,0.0,3.3975677808535485,0.0,0.0,-233.6451302198671,237.04269800072063,0.0,0.0,
Fra_254,2,0.0,3.31156502455112,0.0,0.0,-223.0040306906311,226.3155957151822,2.842170943040401e-14,0.0,
Fra_254,3,0.0,3.26689508130531,0.0,0.0,-217.6168558484124,220.88375092971768,2.842170943040401e-14,0.0,
Fra_254,4,0.0,3.277238245470197,0.0,0.0,-223.45284855444837,226.73008679991852,2.842170943040401e-14,0.0,
Fra_254,5,0.0,3.439133371676217,0.0,0.0,-241.5945329186381,245.03366629031427,2.842170943040401e-14,0.0,
Fra_254,6,0.0,4.097514563120775,0.0,0.0,-264.00533473330853,268.10284929642927,5.684341886080802e-14,0.0,
Fra_254,7,0.0,5.575129836819146,0.0,0.0,-278.945299094111,284.52042893093017,0.0,0.0,
Fra_254,8,0.0,7.698982567403854,0.0,0.0,-285.81552551354673,293.5145080809506,0.0,0.0,
Fra_254,9,0.0,9.928489091024495,0.0,0.0,-287.51322361691746,297.441712707942,0.0,0.0,
Fra_254,10,0.0,11.792552655868016,0.0,0.0,-286.99218497044967,298.78473762631774,-5.684341886080802e-14,0.0,
Fra_254,11,0.0,12.924505379997719,0.0,0.0,-286.7707270136652,299.69523239366293,-5.684341886080802e-14,0.0,
Fra_254,12,0.0,13.41629033324548,0.0,0.0,-282.5725153585612,295.9888056918067,-5.684341886080802e-14,0.0,
Fra_254,13,0.0,13.300710990172536,0.0,0.0,-273.1052803930276,286.40599138320016,0.0,0.0,
Fra_254,14,0.0,12.363765299513627,0.0,0.0,-264.70930940829953,277.07307470781325,-1.1368683772161603e-13,0.0,
Fra_254,15,0.0,10.78420062631202,0.0,0.0,-257.7195098889215,268.5037105152335,5.684341886080802e-14,0.0,
Fra_254,16,0.0,8.715907503279565,0.0,0.0,-254.99906103517083,263.7149685384504,-5.684341886080802e-14,0.0,
Fra_254,17,0.0,6.40142831047758,0.0,0.0,-259.85903647844015,266.2604647889177,0.0,0.0,
Fra_254,18,0.0,4.696931736532585,0.0,0.0,-265.022420854883,269.71935259141554,5.684341886080802e-14,0.0,
Fra_254,19,0.0,4.155286817498716,0.0,0.0,-264.83561437236153,268.9909011898602,5.684341886080802e-14,0.0,
Fra_254,20,0.0,3.9099678879693136,0.0,0.0,-265.56691534881463,269.4768832367839,0.0,0.0,
Fra_254,21,0.0,3.7483923682295757,0.0,0.0,-269.08013617110043,272.82852853933,0.0,0.0,
Fra_254,22,0.0,3.666238086481318,0.0,0.0,-275.74383682981113,279.41007491629244,0.0,0.0,
Fra_254,23,0.0,3.609345223269509,0.0,0.0,-263.6235584117385,267.23290363500803,-5.684341886080802e-14,0.0,
Fra_254,24,0.0,3.557934942965753,0.0,0.0,-245.33929579290125,248.89723073586705,-5.684341886080802e-14,0.0,
Fra_255,1,1086.0,3.836674595993684,0.0,0.0,946.5776033316997,143.25907126429394,-5.684341886080802e-14,0.0,
Fra_255,2,443.49618344701,3.7395567129744185,0.0,0.0,310.45969800287116,136.77604215711324,5.684341886080802e-14,0.0,
Fra_255,3,217.2,3.689113558485643,0.0,0.0,87.39585988539093,133.4932536730947,0.0,0.0,
Fra_255,4,654.7590409253357,3.7032202663075138,0.0,0.0,521.4357172964573,137.02654389518605,-2.842170943040401e-14,0.0,
Fra_255,5,1086.0,3.9154693490092765,0.0,0.0,941.8269782994827,148.0884910495266,2.842170943040401e-14,0.0,
Fra_255,6,1086.0,4.7814224639328105,0.0,0.0,928.7508451989007,162.03057726503204,5.684341886080802e-14,0.0,
Fra_255,7,1086.0,6.727442353710373,0.0,0.0,920.7747403799938,171.95270197371656,0.0,0.0,
Fra_255,8,1086.0,9.526894652745236,0.0,0.0,918.1385330414323,177.3883616113129,1.4210854715202004e-13,0.0,
Fra_255,9,1086.0,12.454471833226773,0.0,0.0,918.6926657232104,179.76180611001632,0.0,0.0,
Fra_255,10,1086.0,14.881127752204948,0.0,0.0,920.3076514067666,180.57347634543834,5.684341886080802e-14,0.0,
Fra_255,11,1086.0,16.337908946939052,0.0,0.0,921.2141661901707,181.1237427567685,-1.4210854715202004e-13,0.0,
Fra_255,12,1086.0,16.95242968604601,0.0,0.0,924.068702131161,178.88372755488498,1.4210854715202004e-13,0.0,
Fra_255,13,1086.0,16.76640026953906,0.0,0.0,929.6741401993221,173.09226007021692,-5.684341886080802e-14,0.0,
Fra_255,14,1086.0,15.501198688478938,0.0,0.0,934.0493780259291,167.4518206625499,5.684341886080802e-14,0.0,
Fra_255,15,1086.0,13.392823324766212,0.0,0.0,937.1199816643483,162.27284166041784,0.0,0.0,
Fra_255,16,1086.0,10.642109734689804,0.0,0.0,937.2633910905237,159.37871864416616,-1.1368683772161603e-13,0.0,
Fra_255,17,1086.0,7.586549966824883,0.0,0.0,932.6694357853805,160.91711418144433,-5.684341886080802e-14,0.0,
Fra_255,18,1086.0,5.363383389526607,0.0,0.0,928.3558565593378,163.00752683018888,2.842170943040401e-14,0.0,
Fra_255,19,1086.0,4.693212865254,0.0,0.0,928.1259327590865,162.56728010616754,2.842170943040401e-14,0.0,
Fra_255,20,1086.0,4.4152980704197375,0.0,0.0,927.5543099644672,162.86098810595246,1.7053025658242404e-13,0.0,
Fra_255,21,1086.0,4.23284028534968,0.0,0.0,925.3462525836289,164.88658770172074,8.526512829121202e-14,0.0,
Fra_255,22,1086.0,4.140068259575271,0.0,0.0,921.2758586804506,168.8642095791247,-1.1368683772161603e-13,0.0,
Fra_255,23,1086.0,4.0758224763982085,0.0,0.0,928.571005374226,161.50481710217213,-5.684341886080802e-14,0.0,
Fra_255,24,1086.0,4.0177678534629795,0.0,0.0,939.5942938708702,150.42347398259272,1.7053025658242404e-13,0.0,
Fra_256,1,0.0,3.631940533166182,0.0,0.0,-312.9989871555069,316.63092768867307,0.0,0.0,
Fra_256,2,0.0,3.5400050908950846,0.0,0.0,-298.76214395693165,302.30214904782673,0.0,0.0,
Fra_256,3,0.0,3.492253702857159,0.0,0.0,-291.5542824617696,295.0465361646268,0.0,0.0,
Fra_256,4,0.0,3.503222420341254,0.0,0.0,-299.35258509402195,302.85580751436316,5.684341886080802e-14,0.0,
Fra_256,5,0.0,3.6752189495412884,0.0,0.0,-323.6296831918573,327.30490214139854,0.0,0.0,
Fra_256,6,0.0,4.3745783063030625,0.0,0.0,-353.7450963543645,358.11967466066744,1.1368683772161603e-13,0.0,
Fra_256,7,0.0,5.944069196092449,0.0,0.0,-374.1054666833285,380.04953587942094,0.0,0.0,
Fra_256,8,0.0,8.19989478760494,0.0,0.0,-383.86352571680294,392.06342050440793,-5.684341886080802e-14,0.0,
Fra_256,9,0.0,10.568342944105835,0.0,0.0,-386.7408600912778,397.30920303538363,0.0,0.0,
Fra_256,10,0.0,12.549336989254622,0.0,0.0,-386.55381806152934,399.1031550507839,5.684341886080802e-14,0.0,
Fra_256,11,0.0,13.752904780596397,0.0,0.0,-386.56644804920256,400.31935282979896,0.0,0.0,
Fra_256,12,0.0,14.276469784990919,0.0,0.0,-381.09200569268125,395.3684754776721,5.684341886080802e-14,0.0,
Fra_256,13,0.0,14.154929206137766,0.0,0.0,-368.41325581756246,382.56818502370015,5.684341886080802e-14,0.0,
Fra_256,14,0.0,13.160858062165024,0.0,0.0,-356.94083847700114,370.10169653916614,0.0,0.0,
Fra_256,15,0.0,11.48409661690834,0.0,0.0,-347.1710303511067,358.65512696801505,0.0,0.0,
Fra_256,16,0.0,9.28817067537789,0.0,0.0,-342.97037108938446,352.2585417647623,5.684341886080802e-14,0.0,
Fra_256,17,0.0,6.830048883096265,0.0,0.0,-348.8286517813554,355.6587006644516,5.684341886080802e-14,0.0,
Fra_256,18,0.0,5.018784802459671,0.0,0.0,-355.26014193481785,360.2789267372775,0.0,0.0,
Fra_256,19,0.0,4.441896660634769,0.0,0.0,-354.86399760192,359.3058942625548,0.0,0.0,
Fra_256,20,0.0,4.179687285628296,0.0,0.0,-355.7753598411798,359.95504712680815,-5.684341886080802e-14,0.0,
Fra_256,21,0.0,4.006965881034942,0.0,0.0,-360.42505763179673,364.4320235128316,5.684341886080802e-14,0.0,
Fra_256,22,0.0,3.9191443907511805,0.0,0.0,-369.30421145393456,373.2233558446857,0.0,0.0,
Fra_256,23,0.0,3.8583269150524506,0.0,0.0,-353.099313630505,356.9576405455575,-1.1368683772161603e-13,0.0,
Fra_256,24,0.0,3.80337022459027,0.0,0.0,-328.6623067683357,332.465676992926,0.0,0.0,
Fra_257,1,0.0,4.733106102414158,0.0,0.0,-47.82206973875562,52.55517584116978,7.105427357601002e-15,0.0,
Fra_257,2,0.0,4.613296816202597,0.0,0.0,-45.56355329868401,50.176850114886605,7.105427357601002e-15,0.0,
Fra_257,3,0.0,4.551067717444743,0.0,0.0,-44.42147802422232,48.97254574166706,0.0,0.0,
Fra_257,4,0.0,4.568357929090357,0.0,0.0,-45.70038977229288,50.268747701383234,0.0,0.0,
Fra_257,5,0.0,4.828834257081631,0.0,0.0,-49.49803397175887,54.3268682288405,0.0,0.0,
Fra_257,6,0.0,5.89143759863518,0.0,0.0,-53.550141944345086,59.44157954298026,7.105427357601002e-15,0.0,
Fra_257,7,0.0,8.279279842974322,0.0,0.0,-54.80227170443773,63.08155154741205,0.0,0.0,
Fra_257,8,0.0,11.714224002618002,0.0,0.0,-53.36142150020998,65.07564550282797,1.4210854715202004e-14,0.0,
Fra_257,9,0.0,15.306820467443988,0.0,0.0,-50.63953285079688,65.94635331824088,-1.4210854715202004e-14,0.0,
Fra_257,10,0.0,18.285547405521715,0.0,0.0,-47.95857045615216,66.24411786167389,-1.4210854715202004e-14,0.0,
Fra_257,11,0.0,20.074426211318347,0.0,0.0,-46.37155913247534,66.4459853437937,0.0,0.0,
Fra_257,12,0.0,20.829785194880483,0.0,0.0,-44.79444141640896,65.62422661128943,1.4210854715202004e-14,0.0,
Fra_257,13,0.0,20.602863821000273,0.0,0.0,-42.89673927186902,63.49960309286929,0.0,0.0,
Fra_257,14,0.0,19.051654083080603,0.0,0.0,-42.37873075871876,61.430384841799366,0.0,0.0,
Fra_257,15,0.0,16.465711819218207,0.0,0.0,-43.06474340742516,59.530455226643355,1.4210854715202004e-14,0.0,
Fra_257,16,0.0,13.091543155940897,0.0,0.0,-45.37719121293927,58.46873436888018,-7.105427357601002e-15,0.0,
Fra_257,17,0.0,9.342545976980404,0.0,0.0,-49.69055508268871,59.03310105966911,7.105427357601002e-15,0.0,
Fra_257,18,0.0,6.613773137899783,0.0,0.0,-53.186204346178734,59.79997748407852,0.0,0.0,
Fra_257,19,0.0,5.789731580295174,0.0,0.0,-53.848739593640126,59.6384711739353,0.0,0.0,
Fra_257,20,0.0,5.446923818585818,0.0,0.0,-54.299295335553666,59.74621915413949,-7.105427357601002e-15,0.0,
Fra_257,21,0.0,5.221835129320945,0.0,0.0,-55.267483515830925,60.489318645151876,-7.105427357601002e-15,0.0,
Fra_257,22,0.0,5.107387101389492,0.0,0.0,-56.84113838736245,61.948525488751955,-1.4210854715202004e-14,0.0,
Fra_257,23,0.0,5.0281304167784855,0.0,0.0,-54.22057186149853,59.248702278277015,0.0,0.0,
Fra_257,24,0.0,4.956511444876355,0.0,0.0,-50.226954816817695,55.18346626169405,0.0,0.0,
Fra_258,1,0.0,6.850882745654294,0.0,0.0,-108.55954515983608,115.41042790549037,0.0,0.0,
Fra_258,2,0.0,6.677466102562924,0.0,0.0,-103.51019191631323,110.18765801887616,0.0,0.0,
Fra_258,3,0.0,6.587393273065114,0.0,0.0,-100.95562925906526,107.54302253213038,0.0,0.0,
Fra_258,4,0.0,6.605456919895322,0.0,0.0,-103.7840069080435,110.38946382793881,0.0,0.0,
Fra_258,5,0.0,6.898039223244646,0.0,0.0,-112.40300027863586,119.30103950188051,0.0,0.0,
Fra_258,6,0.0,8.084669662709647,0.0,0.0,-122.44820403875337,130.53287370146302,0.0,0.0,
Fra_258,7,0.0,10.744911531111166,0.0,0.0,-127.78128956145527,138.5262010925664,2.842170943040401e-14,0.0,
Fra_258,8,0.0,14.565924951610496,0.0,0.0,-128.33927845604325,142.90520340765372,2.842170943040401e-14,0.0,
Fra_258,9,0.0,18.589835051056404,0.0,0.0,-126.22743048842524,144.81726553948164,0.0,0.0,
Fra_258,10,0.0,21.978406243380743,0.0,0.0,-123.49274605078597,145.4711522941667,0.0,0.0,
Fra_258,11,0.0,24.055454030861814,0.0,0.0,-121.8589964184107,145.91445044927252,0.0,0.0,
Fra_258,12,0.0,24.979000902635445,0.0,0.0,-119.13087891328956,144.109879815925,0.0,0.0,
Fra_258,13,0.0,24.809821630493033,0.0,0.0,-114.63441478353408,139.4442364140271,0.0,0.0,
Fra_258,14,0.0,23.15893141753872,0.0,0.0,-111.74133078341467,134.9002622009534,0.0,0.0,
Fra_258,15,0.0,20.34746353965496,0.0,0.0,-110.38057991469691,130.72804345435185,2.842170943040401e-14,0.0,
Fra_258,16,0.0,16.654591905551275,0.0,0.0,-111.74192745912862,128.3965193646799,0.0,0.0,
Fra_258,17,0.0,12.496195435506003,0.0,0.0,-117.13966525449646,129.6358606900025,-2.842170943040401e-14,0.0,
Fra_258,18,0.0,9.402566433420839,0.0,0.0,-121.91734411228377,131.3199105457046,0.0,0.0,
Fra_258,19,0.0,8.37772881666358,0.0,0.0,-122.58751614064309,130.96524495730668,0.0,0.0,
Fra_258,20,0.0,7.884090404525168,0.0,0.0,-123.31776760377574,131.2018580083009,2.842170943040401e-14,0.0,
Fra_258,21,0.0,7.558288239063437,0.0,0.0,-125.27540581319394,132.83369405225739,0.0,0.0,
Fra_258,22,0.0,7.392631690728333,0.0,0.0,-128.64546009261952,136.03809178334785,0.0,0.0,
Fra_258,23,0.0,7.27791246801698,0.0,0.0,-122.83140546950156,130.10931793751854,0.0,0.0,
Fra_258,24,0.0,7.174248369167487,0.0,0.0,-114.00786838024048,121.18211674940798,-1.4210854715202004e-14,0.0,
Fra_259,1,0.0,2.317193565420516,0.0,0.0,-159.78938643792466,162.1065800033452,0.0,0.0,
Fra_259,2,0.0,2.258538360766335,0.0,0.0,-152.5120895988276,154.77062795959392,0.0,0.0,
Fra_259,3,0.0,2.2280727713408055,0.0,0.0,-148.8278751381721,151.0559479095129,0.0,0.0,
Fra_259,4,0.0,2.2353194114363015,0.0,0.0,-152.81876689872144,155.05408631015774,0.0,0.0,
Fra_259,5,0.0,2.3480682031072546,0.0,0.0,-165.22330169364892,167.57136989675615,2.842170943040401e-14,0.0,
Fra_259,6,0.0,2.8068070870643123,0.0,0.0,-180.5409034948676,183.3477105819319,0.0,0.0,
Fra_259,7,0.0,3.8365640171973903,0.0,0.0,-190.73864991720404,194.57521393440143,0.0,0.0,
Fra_259,8,0.0,5.316872182461103,0.0,0.0,-195.4091298740227,200.72600205648382,0.0,0.0,
Fra_259,9,0.0,6.869936986981567,0.0,0.0,-196.5417656476021,203.4117026345837,-2.842170943040401e-14,0.0,
Fra_259,10,0.0,8.16676602916081,0.0,0.0,-196.1633921335341,204.33015816269491,0.0,0.0,
Fra_259,11,0.0,8.952932858174231,0.0,0.0,-195.9998860913331,204.95281894950736,-2.842170943040401e-14,0.0,
Fra_259,12,0.0,9.293030472766244,0.0,0.0,-193.12507147537974,202.418101948146,0.0,0.0,
Fra_259,13,0.0,9.209801459961923,0.0,0.0,-186.6548935810006,195.86469504096254,0.0,0.0,
Fra_259,14,0.0,8.554362046804462,0.0,0.0,-180.92782378183645,189.48218582864092,0.0,0.0,
Fra_259,15,0.0,7.451328730974158,0.0,0.0,-176.17051913417464,183.6218478651488,0.0,0.0,
Fra_259,16,0.0,6.007802758221212,0.0,0.0,-174.33916429042418,180.3469670486454,-2.842170943040401e-14,0.0,
Fra_259,17,0.0,4.394245478725701,0.0,0.0,-177.69351213235814,182.08775761108387,-2.842170943040401e-14,0.0,
Fra_259,18,0.0,3.2080912400954427,0.0,0.0,-181.2450987467054,184.45318998680082,2.842170943040401e-14,0.0,
Fra_259,19,0.0,2.8340402353284113,0.0,0.0,-181.12098310723172,183.9550233425601,2.842170943040401e-14,0.0,
Fra_259,20,0.0,2.6666583318985957,0.0,0.0,-181.62071394287622,184.28737227477484,-2.842170943040401e-14,0.0,
Fra_259,21,0.0,2.5564613383962795,0.0,0.0,-184.02300329763898,186.57946463603525,0.0,0.0,
Fra_259,22,0.0,2.500430852673054,0.0,0.0,-188.57996118294636,191.0803920356194,0.0,0.0,
Fra_259,23,0.0,2.4616290435389816,0.0,0.0,-180.29115110117135,182.75278014471036,-2.842170943040401e-14,0.0,
Fra_259,24,0.0,2.426566440406337,0.0,0.0,-167.78698237252624,170.21354881293257,0.0,0.0,
Fra_260,1,0.0,4.082082944930546,0.0,0.0,-82.59650438870409,86.67858733363465,-1.4210854715202004e-14,0.0,
Fra_260,2,0.0,3.978753031485533,0.0,0.0,-78.77729173856825,82.75604477005378,1.4210854715202004e-14,0.0,
Fra_260,3,0.0,3.925083340331078,0.0,0.0,-76.84471744671586,80.76980078704695,-1.4210854715202004e-14,0.0,
Fra_260,4,0.0,3.9390135052086404,0.0,0.0,-78.96859679287174,82.90761029808037,0.0,0.0,
Fra_260,5,0.0,4.151755111996383,0.0,0.0,-85.44886208634956,89.60061719834596,-1.4210854715202004e-14,0.0,
Fra_260,6,0.0,5.018646722458461,0.0,0.0,-93.01759920765741,98.03624593011588,-1.4210854715202004e-14,0.0,
Fra_260,7,0.0,6.965803240890512,0.0,0.0,-97.0738025149377,104.03960575582822,-1.4210854715202004e-14,0.0,
Fra_260,8,0.0,9.765999645911627,0.0,0.0,-97.56244006964603,107.32843971555766,0.0,0.0,
Fra_260,9,0.0,12.698596895158259,0.0,0.0,-96.06589021653852,108.76448711169678,0.0,0.0,
Fra_260,10,0.0,15.137464029864097,0.0,0.0,-94.11812238023134,109.25558641009545,-1.4210854715202004e-14,0.0,
Fra_260,11,0.0,16.608056794056637,0.0,0.0,-92.98046710314043,109.58852389719708,-1.4210854715202004e-14,0.0,
Fra_260,12,0.0,17.235576675222656,0.0,0.0,-90.99763092966838,108.23320760489104,0.0,0.0,
Fra_260,13,0.0,17.062327022394417,0.0,0.0,-87.66676586410934,104.72909288650375,0.0,0.0,
Fra_260,14,0.0,15.80829613759129,0.0,0.0,-85.50806123776584,101.31635737535713,0.0,0.0,
Fra_260,15,0.0,13.709396094578521,0.0,0.0,-84.47343137741079,98.18282747198931,0.0,0.0,
Fra_260,16,0.0,10.967280500793906,0.0,0.0,-85.46446417829043,96.43174467908433,0.0,0.0,
Fra_260,17,0.0,7.912752922245563,0.0,0.0,-89.44979460760999,97.36254752985556,-1.4210854715202004e-14,0.0,
Fra_260,18,0.0,5.680032851500348,0.0,0.0,-92.94731427351144,98.6273471250118,-1.4210854715202004e-14,0.0,
Fra_260,19,0.0,4.993012796266323,0.0,0.0,-93.36796401250888,98.3609768087752,0.0,0.0,
Fra_260,20,0.0,4.697717384962931,0.0,0.0,-93.84096680586683,98.53868419082977,-1.4210854715202004e-14,0.0,
Fra_260,21,0.0,4.503588903652052,0.0,0.0,-95.26067988657009,99.76426879022213,0.0,0.0,
Fra_260,22,0.0,4.404882825066231,0.0,0.0,-97.76603737115778,102.17092019622402,0.0,0.0,
Fra_260,23,0.0,4.336527636418061,0.0,0.0,-93.38160825856487,97.71813589498292,0.0,0.0,
Fra_260,24,0.0,4.2747596182479155,0.0,0.0,-86.73863389017848,91.01339350842639,0.0,0.0,
Fra_261,1,466.0,5.061733911941824,0.0,0.0,-50.09000932149945,521.1517432334413,0.0,0.0,
Fra_261,2,314.3269881802078,4.933606058084231,0.0,0.0,-178.3070095000158,497.56760373830787,0.0,0.0,
Fra_261,3,93.2,4.867056284494421,0.0,0.0,-387.5583302803078,485.6253865648022,0.0,0.0,
Fra_261,4,372.8,4.8875678432701575,0.0,0.0,-120.79131792644792,498.47888576971803,5.684341886080802e-14,0.0,
Fra_261,5,466.0,5.190637148750281,0.0,0.0,-67.52970064326385,538.7203377920141,0.0,0.0,
Fra_261,6,466.0,6.429013476361592,0.0,0.0,-117.01022449696737,589.4392379733289,1.1368683772161603e-13,0.0,
Fra_261,7,466.0,9.213677357563009,0.0,0.0,-150.32053556482757,625.5342129223906,0.0,0.0,
Fra_261,8,466.0,13.22113288612132,0.0,0.0,-166.08707040739813,645.3082032935195,0.0,0.0,
Fra_261,9,466.0,17.404528361315283,0.0,0.0,-170.53785583991888,653.9423842012342,0.0,0.0,
Fra_261,10,466.0,20.857945341585634,0.0,0.0,-170.0371549033013,656.895100244887,-1.1368683772161603e-13,0.0,
Fra_261,11,466.0,22.919699590777977,0.0,0.0,-169.97717476151237,658.8968743522904,-1.1368683772161603e-13,0.0,
Fra_261,12,466.0,23.776782898686626,0.0,0.0,-160.97130326847486,650.7480861671615,0.0,0.0,
Fra_261,13,466.0,23.487878952320973,0.0,0.0,-140.1918493867606,629.6797283390815,0.0,0.0,
Fra_261,14,466.0,21.656454050054094,0.0,0.0,-121.504330504412,609.1607845544661,0.0,0.0,
Fra_261,15,466.0,18.62060575831377,0.0,0.0,-105.69994821730714,590.3205539756209,0.0,0.0,
Fra_261,16,466.0,14.6664859585719,0.0,0.0,-99.12574864613097,579.7922346047029,0.0,0.0,
Fra_261,17,466.0,10.28915988857392,0.0,0.0,-109.09949181530158,585.3886517038754,0.0,0.0,
Fra_261,18,466.0,7.122454160392519,0.0,0.0,-119.87075749459842,592.9932116549909,1.1368683772161603e-13,0.0,
Fra_261,19,466.0,6.192464266715081,0.0,0.0,-119.1992058897047,591.3916701564198,0.0,0.0,
Fra_261,20,466.0,5.825113236788996,0.0,0.0,-120.63501586424545,592.4601291010343,1.1368683772161603e-13,0.0,
Fra_261,21,466.0,5.5843962473546345,0.0,0.0,-128.24451411905645,599.828910366411,0.0,0.0,
Fra_261,22,466.0,5.4620018932876455,0.0,0.0,-142.8368094506904,614.2988113439781,0.0,0.0,
Fra_261,23,466.0,5.3772422788689065,0.0,0.0,-116.1493710838227,587.5266133626916,0.0,0.0,
Fra_261,24,466.0,5.300650676869847,0.0,0.0,-75.9139514939965,547.2146021708663,0.0,0.0,
Fra_262,1,0.0,3.1461661496821134,0.0,0.0,-166.52015801688862,169.66632416657072,0.0,0.0,
Fra_262,2,0.0,3.066527131975722,0.0,0.0,-158.92173722049102,161.98826435246673,2.842170943040401e-14,0.0,
Fra_262,3,0.0,3.0251625228161414,0.0,0.0,-155.07518987975234,158.1003524025685,0.0,0.0,
Fra_262,4,0.0,3.0356646257727604,0.0,0.0,-159.24927698923005,162.28494161500282,0.0,0.0,
Fra_262,5,0.0,3.196789421108453,0.0,0.0,-172.18917187270617,175.3859612938146,2.842170943040401e-14,0.0,
Fra_262,6,0.0,3.8531030951020018,0.0,0.0,-188.04491916994556,191.89802226504753,2.842170943040401e-14,0.0,
Fra_262,7,0.0,5.327048531537975,0.0,0.0,-198.32206504233892,203.6491135738769,0.0,0.0,
Fra_262,8,0.0,7.446516662101598,0.0,0.0,-202.6402233880083,210.0867400501099,0.0,0.0,
Fra_262,9,0.0,9.667178579552518,0.0,0.0,-203.23050810140256,212.89768668095508,0.0,0.0,
Fra_262,10,0.0,11.515827716382281,0.0,0.0,-202.3431461212193,213.85897383760155,2.842170943040401e-14,0.0,
Fra_262,11,0.0,12.632019280431473,0.0,0.0,-201.87865276028407,214.51067204071555,0.0,0.0,
Fra_262,12,0.0,13.109953220226904,0.0,0.0,-198.7477967958884,211.85775001611532,0.0,0.0,
Fra_262,13,0.0,12.981783329240388,0.0,0.0,-192.01694553741459,204.99872886665497,0.0,0.0,
Fra_262,14,0.0,12.035264978525605,0.0,0.0,-186.28331014611877,198.31857512464438,0.0,0.0,
Fra_262,15,0.0,10.44892555394157,0.0,0.0,-181.73601822385064,192.1849437777922,0.0,0.0,
Fra_262,16,0.0,8.375573223034824,0.0,0.0,-180.3817676147146,188.7573408377494,0.0,0.0,
Fra_262,17,0.0,6.064027808292838,0.0,0.0,-184.51528432677645,190.5793121350693,0.0,0.0,
Fra_262,18,0.0,4.372012620497114,0.0,0.0,-188.68304242546589,193.055055045963,0.0,0.0,
Fra_262,19,0.0,3.848157229211945,0.0,0.0,-188.68549946667193,192.53365669588385,2.842170943040401e-14,0.0,
Fra_262,20,0.0,3.620651421524464,0.0,0.0,-189.26085310180963,192.88150452333412,-2.842170943040401e-14,0.0,
Fra_262,21,0.0,3.471031615942616,0.0,0.0,-191.80945563577492,195.28048725171755,0.0,0.0,
Fra_262,22,0.0,3.394956306497905,0.0,0.0,-196.59635642320012,199.99131272969802,0.0,0.0,
Fra_262,23,0.0,3.34227320731025,0.0,0.0,-187.93307439261199,191.2753475999222,2.842170943040401e-14,0.0,
Fra_262,24,0.0,3.294667009562309,0.0,0.0,-174.8566896462963,178.15135665585865,-2.842170943040401e-14,0.0,
Fra_263,1,0.0,8.655673678030793,0.0,0.0,-305.4018642718032,314.05753794983406,-5.684341886080802e-14,0.0,
Fra_263,2,0.0,8.43657229669558,0.0,0.0,-291.40864288788714,299.84521518458274,0.0,0.0,
Fra_263,3,0.0,8.322770754860041,0.0,0.0,-284.32580089572343,292.64857165058345,0.0,0.0,
Fra_263,4,0.0,8.342177206482214,0.0,0.0,-292.052196634631,300.39437384111324,0.0,0.0,
Fra_263,5,0.0,8.670411723209401,0.0,0.0,-315.9743489001421,324.64476062335154,-5.684341886080802e-14,0.0,
Fra_263,6,0.0,9.997245066076335,0.0,0.0,-345.21184375013354,355.2090888162098,5.684341886080802e-14,0.0,
Fra_263,7,0.0,12.967788196535853,0.0,0.0,-363.9929288393756,376.9607170359115,0.0,0.0,
Fra_263,8,0.0,17.23081500202581,0.0,0.0,-371.64614487876224,388.87695988078804,0.0,0.0,
Fra_263,9,0.0,21.7377799270904,0.0,0.0,-372.34232785312963,394.08010778022003,0.0,0.0,
Fra_263,10,0.0,25.566248187251933,0.0,0.0,-370.29323142271784,395.85947960996975,0.0,0.0,
Fra_263,11,0.0,27.939173169182613,0.0,0.0,-369.1266196803866,397.0657928495692,0.0,0.0,
Fra_263,12,0.0,29.02272284507807,0.0,0.0,-363.1324304682632,392.15515331334126,0.0,0.0,
Fra_263,13,0.0,28.887112938995493,0.0,0.0,-350.5717831440038,379.4588960829993,0.0,0.0,
Fra_263,14,0.0,27.092911559685586,0.0,0.0,-340.0008163165543,367.0937278762399,0.0,0.0,
Fra_263,15,0.0,23.997783229597488,0.0,0.0,-331.7424060528956,355.740189282493,5.684341886080802e-14,0.0,
Fra_263,16,0.0,19.916363926778093,0.0,0.0,-329.4792278305006,349.3955917572787,0.0,0.0,
Fra_263,17,0.0,15.284565304444035,0.0,0.0,-337.4835508630988,352.7681161675428,0.0,0.0,
Fra_263,18,0.0,11.795942564890458,0.0,0.0,-345.5548491984806,357.35079176337103,5.684341886080802e-14,0.0,
Fra_263,19,0.0,10.583497417419647,0.0,0.0,-345.8021701062337,356.38566752365335,0.0,0.0,
Fra_263,20,0.0,9.96106871526177,0.0,0.0,-347.06847574040415,357.0295444556659,0.0,0.0,
Fra_263,21,0.0,9.549437494508304,0.0,0.0,-351.9206971192882,361.4701346137965,0.0,0.0,
Fra_263,22,0.0,9.340140520928198,0.0,0.0,-360.84987565211895,370.1900161730471,0.0,0.0,
Fra_263,23,0.0,9.195199760262478,0.0,0.0,-344.8612992698858,354.0564990301483,0.0,0.0,
Fra_263,24,0.0,9.064226476222911,0.0,0.0,-320.69936525947577,329.7635917356987,0.0,0.0,
Fra_264,1,0.0,9.206794616163185,0.0,0.0,-141.11613551268857,150.32293012885174,2.842170943040401e-14,0.0,
Fra_264,2,0.0,8.97374269055849,0.0,0.0,-134.5464912955539,143.52023398611237,0.0,0.0,
Fra_264,3,0.0,8.852695217923074,0.0,0.0,-131.22288161973887,140.07557683766197,-2.842170943040401e-14,0.0,
Fra_264,4,0.0,8.874256887162957,0.0,0.0,-134.90883064767868,143.78308753484166,-2.842170943040401e-14,0.0,
Fra_264,5,0.0,9.234542668291553,0.0,0.0,-146.15593764451398,155.39048031280555,0.0,0.0,
Fra_264,6,0.0,10.692269583058906,0.0,0.0,-159.32775728151336,170.0200268645723,-2.842170943040401e-14,0.0,
Fra_264,7,0.0,13.957080452862964,0.0,0.0,-166.47431405600787,180.43139450887082,0.0,0.0,
Fra_264,8,0.0,18.643533344431248,0.0,0.0,-167.49154384711713,186.13507719154836,0.0,0.0,
Fra_264,9,0.0,23.59279702407917,0.0,0.0,-165.03275513980157,188.6255521638807,2.842170943040401e-14,0.0,
Fra_264,10,0.0,27.78692333037388,0.0,0.0,-161.69032113480563,189.4772444651795,2.842170943040401e-14,0.0,
Fra_264,11,0.0,30.378587787483923,0.0,0.0,-159.6760557811006,190.0546435685845,0.0,0.0,
Fra_264,12,0.0,31.553552652232714,0.0,0.0,-156.15062441040124,187.70417706263396,0.0,0.0,
Fra_264,13,0.0,31.388272958403554,0.0,0.0,-150.23886930037392,181.6271422587775,-2.842170943040401e-14,0.0,
Fra_264,14,0.0,29.401331478641623,0.0,0.0,-146.3072509884804,175.70858246712203,0.0,0.0,
Fra_264,15,0.0,25.986106043280387,0.0,0.0,-144.28813085810765,170.274236901388,2.842170943040401e-14,0.0,
Fra_264,16,0.0,21.48751832113847,0.0,0.0,-145.74989132654156,167.23740964768,2.842170943040401e-14,0.0,
Fra_264,17,0.0,16.393336260835586,0.0,0.0,-152.4583245670309,168.8516608278665,-2.842170943040401e-14,0.0,
Fra_264,18,0.0,12.569522924192025,0.0,0.0,-158.47562521142038,171.0451481356124,0.0,0.0,
Fra_264,19,0.0,11.257703481521434,0.0,0.0,-159.32549011990005,170.58319360142153,-2.842170943040401e-14,0.0,
Fra_264,20,0.0,10.595306296224415,0.0,0.0,-160.29607754222928,170.8913838384537,0.0,0.0,
Fra_264,21,0.0,10.157465840582388,0.0,0.0,-162.85939643226627,173.01686227284864,0.0,0.0,
Fra_264,22,0.0,9.934842585453511,0.0,0.0,-167.25577127100613,177.19061385645963,0.0,0.0,
Fra_264,23,0.0,9.780673208857587,0.0,0.0,-159.68766916182096,169.46834237067856,0.0,0.0,
Fra_264,24,0.0,9.64136064103086,0.0,0.0,-148.19923660469695,157.8405972457278,2.842170943040401e-14,0.0,
Fra_265,1,0.0,36.5911245575767,0.0,0.0,-523.2741203874102,559.8652449449869,0.0,0.0,
Fra_265,2,0.0,35.664892096258,0.0,0.0,-498.86427711512994,534.529169211388,0.0,0.0,
Fra_265,3,0.0,35.18380575369895,0.0,0.0,-486.51602453703595,521.6998302907348,1.1368683772161603e-13,0.0,
Fra_265,4,0.0,35.21070778245298,0.0,0.0,-500.2974375992226,535.5081453816756,0.0,0.0,
Fra_265,5,0.0,35.9296243143433,0.0,0.0,-542.8092896216513,578.7389139359946,0.0,0.0,
Fra_265,6,0.0,38.75587838986784,0.0,0.0,-594.4695643585858,633.2254427484536,0.0,0.0,
Fra_265,7,0.0,45.01018372749463,0.0,0.0,-626.991531485786,672.0017152132807,0.0,0.0,
Fra_265,8,0.0,53.91843880910099,0.0,0.0,-639.3261679543149,693.244606763416,-1.1368683772161603e-13,0.0,
Fra_265,9,0.0,63.65761417472123,0.0,0.0,-638.8625593915706,702.5201735662918,0.0,0.0,
Fra_265,10,0.0,72.53352077504731,0.0,0.0,-633.1587098984048,705.6922306734522,0.0,0.0,
Fra_265,11,0.0,78.5085330600441,0.0,0.0,-629.3341725288569,707.842705588901,0.0,0.0,
Fra_265,12,0.0,81.74463400609292,0.0,0.0,-617.3439546629143,699.0885886690072,0.0,0.0,
Fra_265,13,0.0,82.43261322161138,0.0,0.0,-594.0225649884328,676.4551782100443,-1.1368683772161603e-13,0.0,
Fra_265,14,0.0,79.55459741630321,0.0,0.0,-574.8573973310689,654.411994747372,1.1368683772161603e-13,0.0,
Fra_265,15,0.0,73.84669773497136,0.0,0.0,-560.3255291428717,634.1722268778432,-1.1368683772161603e-13,0.0,
Fra_265,16,0.0,66.02429126995338,0.0,0.0,-556.8375251948178,622.8618164647712,0.0,0.0,
Fra_265,17,0.0,56.485075841162285,0.0,0.0,-572.3888848229216,628.8739606640838,0.0,0.0,
Fra_265,18,0.0,48.51646192564035,0.0,0.0,-588.5269596968097,637.0434216224501,0.0,0.0,
Fra_265,19,0.0,44.72060366486165,0.0,0.0,-590.6023067340742,635.3229103989358,0.0,0.0,
Fra_265,20,0.0,42.10957109113734,0.0,0.0,-594.3611682012202,636.4707392923574,1.1368683772161603e-13,0.0,
Fra_265,21,0.0,40.36943510280788,0.0,0.0,-604.0174717581154,644.3869068609233,0.0,0.0,
Fra_265,22,0.0,39.48464994169078,0.0,0.0,-620.447047395941,659.9316973376317,1.1368683772161603e-13,0.0,
Fra_265,23,0.0,38.87192519902281,0.0,0.0,-592.2988145574029,631.1707397564257,0.0,0.0,
Fra_265,24,0.0,38.31824677625943,0.0,0.0,-549.5459238030068,587.8641705792662,0.0,0.0,
Fra_266,1,0.0,4.19170067494947,0.0,0.0,-701.1897387395326,705.3814394144821,0.0,0.0,
Fra_266,2,0.0,4.085596003933947,0.0,0.0,-669.374594982569,673.4601909865029,0.0,0.0,
Fra_266,3,0.0,4.0304851000960324,0.0,0.0,-653.2658563953106,657.2963414954066,0.0,0.0,
Fra_266,4,0.0,4.0452234570698105,0.0,0.0,-670.6483922265096,674.6936156835795,-1.1368683772161603e-13,0.0,
Fra_266,5,0.0,4.268942622328769,0.0,0.0,-724.8916756572703,729.1606182795991,-1.1368683772161603e-13,0.0,
Fra_266,6,0.0,5.181023651882072,0.0,0.0,-792.6278746726905,797.8088983245725,0.0,0.0,
Fra_266,7,0.0,7.23009761850366,0.0,0.0,-839.4335262553492,846.6636238738528,1.1368683772161603e-13,0.0,
Fra_266,8,0.0,10.177242249125262,0.0,0.0,-863.2505745340989,873.4278167832241,0.0,0.0,
Fra_266,9,0.0,13.261920247723442,0.0,0.0,-871.8523027231909,885.1142229709143,0.0,0.0,
Fra_266,10,0.0,15.82382336539984,0.0,0.0,-873.2869152462981,889.1107386116978,1.1368683772161603e-13,0.0,
Fra_266,11,0.0,17.365843866761676,0.0,0.0,-874.4543058130104,891.820149679772,0.0,0.0,
Fra_266,12,0.0,18.020800757919954,0.0,0.0,-862.7699241638211,880.7907249217411,-1.1368683772161603e-13,0.0,
Fra_266,13,0.0,17.832968289228287,0.0,0.0,-834.4416310245178,852.274599313746,1.1368683772161603e-13,0.0,
Fra_266,14,0.0,16.508203461841003,0.0,0.0,-807.9939048452432,824.5021083070842,0.0,0.0,
Fra_266,15,0.0,14.294862292539234,0.0,0.0,-784.7069015617898,799.001763854329,0.0,0.0,
Fra_266,16,0.0,11.40485344528381,0.0,0.0,-773.3467785253897,784.7516319706735,0.0,0.0,
Fra_266,17,0.0,8.189241482005496,0.0,0.0,-784.13716846885,792.3264099508556,-1.1368683772161603e-13,0.0,
Fra_266,18,0.0,5.843189193094523,0.0,0.0,-796.7760299329743,802.6192191260689,0.0,0.0,
Fra_266,19,0.0,5.127251367716173,0.0,0.0,-795.3242734884745,800.4515248561906,1.1368683772161603e-13,0.0,
Fra_266,20,0.0,4.823866981371691,0.0,0.0,-797.0738222944782,801.8976892758499,0.0,0.0,
Fra_266,21,0.0,4.624525493921448,0.0,0.0,-807.2468453500885,811.8713708440098,1.1368683772161603e-13,0.0,
Fra_266,22,0.0,4.523168823365886,0.0,0.0,-826.9332839325148,831.4564527558807,-1.1368683772161603e-13,0.0,
Fra_266,23,0.0,4.452978066769756,0.0,0.0,-790.767173470657,795.2201515374268,0.0,0.0,
Fra_266,24,0.0,4.3895513684525085,0.0,0.0,-736.2680953910804,740.6576467595329,0.0,0.0,
Fra_267,1,0.0,3.6330340886928623,0.0,0.0,-35.80574642406752,39.438780512760395,-1.4210854715202004e-14,0.0,
Fra_267,2,0.0,3.541070965211108,0.0,0.0,-34.11295162779259,37.6540225930037,-7.105427357601002e-15,0.0,
Fra_267,3,0.0,3.4933051995164397,0.0,0.0,-33.25697584784949,36.75028104736593,0.0,0.0,
Fra_267,4,0.0,3.504083632988824,0.0,0.0,-34.218901315967145,37.72298494895597,0.0,0.0,
Fra_267,5,0.0,3.6737842560943235,0.0,0.0,-37.094520629767636,40.76830488586196,0.0,0.0,
Fra_267,6,0.0,4.36358368662561,0.0,0.0,-40.24293453742619,44.6065182240518,0.0,0.0,
Fra_267,7,0.0,5.911415824497371,0.0,0.0,-41.42663273234653,47.3380485568439,0.0,0.0,
Fra_267,8,0.0,8.135923688932799,0.0,0.0,-40.698545202744484,48.83446889167728,0.0,0.0,
Fra_267,9,0.0,10.472384748103496,0.0,0.0,-39.01548609444148,49.48787084254497,0.0,0.0,
Fra_267,10,0.0,12.42831466505133,0.0,0.0,-37.28300649014081,49.71132115519214,0.0,0.0,
Fra_267,11,0.0,13.618003060781517,0.0,0.0,-36.24480474044616,49.86280780122768,0.0,0.0,
Fra_267,12,0.0,14.137005114735654,0.0,0.0,-35.109133409547255,49.24613852428291,0.0,0.0,
Fra_267,13,0.0,14.019856226066599,0.0,0.0,-33.631909160383884,47.65176538645048,7.105427357601002e-15,0.0,
Fra_267,14,0.0,13.042011435441278,0.0,0.0,-33.0569583770095,46.09896981245078,-7.105427357601002e-15,0.0,
Fra_267,15,0.0,11.390644029469318,0.0,0.0,-33.282568835496704,44.67321286496602,0.0,0.0,
Fra_267,16,0.0,9.227170765572795,0.0,0.0,-34.64929895840005,43.876469723972846,0.0,0.0,
Fra_267,17,0.0,6.803563971927442,0.0,0.0,-37.49642129909647,44.299985271023914,0.0,0.0,
Fra_267,18,0.0,5.015556484548802,0.0,0.0,-39.859912941910096,44.8754694264589,0.0,0.0,
Fra_267,19,0.0,4.44316305498492,0.0,0.0,-40.311107806057436,44.75427086104236,0.0,0.0,
Fra_267,20,0.0,4.180945764419249,0.0,0.0,-40.654182003178015,44.835127767597264,0.0,0.0,
Fra_267,21,0.0,4.00817235444617,0.0,0.0,-41.38459673498306,45.39276908942922,1.4210854715202004e-14,0.0,
Fra_267,22,0.0,3.9203244216380377,0.0,0.0,-42.56747170378446,46.48779612542249,7.105427357601002e-15,0.0,
Fra_267,23,0.0,3.8594886341618815,0.0,0.0,-40.60228943848176,44.46177807264364,7.105427357601002e-15,0.0,
Fra_267,24,0.0,3.804515396569583,0.0,0.0,-37.60660308975433,41.411118486323915,0.0,0.0,
Fra_268,1,0.0,19.296838277592364,0.0,0.0,-708.3769514221462,727.6737896997387,-1.1368683772161603e-13,0.0,
Fra_268,2,0.0,18.808376711307375,0.0,0.0,-675.9353491710226,694.74372588233,0.0,0.0,
Fra_268,3,0.0,18.554669139808365,0.0,0.0,-659.5143769762301,678.0690461160385,-1.1368683772161603e-13,0.0,
Fra_268,4,0.0,18.578096019886004,0.0,0.0,-677.4380347961151,696.0161308160011,0.0,0.0,
Fra_268,5,602.4615740170361,19.069280002084874,0.0,0.0,-130.67361402550114,752.2044680446222,-1.1368683772161603e-13,0.0,
Fra_268,6,1995.0,21.026081802408157,0.0,0.0,1193.0038245370208,823.0222572653873,-1.1368683772161603e-13,0.0,
Fra_268,7,1995.0,25.38068513667406,0.0,0.0,1146.9597339182749,873.4209512183991,0.0,0.0,
Fra_268,8,1711.6120204907893,31.605763528830884,0.0,0.0,842.1868042487498,901.0309797708704,0.0,0.0,
Fra_268,9,1307.2683289620281,38.30260623870707,0.0,0.0,432.48422075441607,913.0867144463191,0.0,0.0,
Fra_268,10,1995.0,44.20819678705355,0.0,0.0,1121.9986637926067,917.2095329944469,-1.1368683772161603e-13,0.0,
Fra_268,11,1117.0683667951557,48.03895047786386,0.0,0.0,245.10274699860594,920.0045702744135,2.2737367544323206e-13,0.0,
Fra_268,12,1675.3211388533068,49.97086308625241,0.0,0.0,816.665422158554,908.6265797810054,-1.1368683772161603e-13,0.0,
Fra_268,13,399.0,50.122320287057704,0.0,0.0,-430.0869314650902,879.2092517521479,0.0,0.0,
Fra_268,14,399.0,47.815803165796666,0.0,0.0,-403.7432564335852,850.5590595993818,0.0,0.0,
Fra_268,15,399.0,43.5695308564517,0.0,0.0,-381.6832903735342,824.2528212299859,0.0,0.0,
Fra_268,16,399.0,37.863780442312674,0.0,0.0,-372.6885583364932,809.5523387788058,0.0,0.0,
Fra_268,17,1108.5481964427638,31.150446160635973,0.0,0.0,322.33213819592567,817.3665044074742,0.0,0.0,
Fra_268,18,721.4219483028023,25.81204027515897,0.0,0.0,-80.75061128918466,827.984599867146,0.0,0.0,
Fra_268,19,465.60467075646807,23.587422508801755,0.0,0.0,-336.5563061348183,825.7483994000881,0.0,0.0,
Fra_268,20,1635.039078479033,22.207067782402977,0.0,0.0,830.0058789371564,827.2402673242793,1.1368683772161603e-13,0.0,
Fra_268,21,1759.6118380711614,21.2893828750978,0.0,0.0,943.3720712408588,837.5291497054003,1.1368683772161603e-13,0.0,
Fra_268,22,1995.0,20.82277911883378,0.0,0.0,1158.089595141961,857.7331839768729,0.0,0.0,
Fra_268,23,1893.5599326053998,20.499650206811996,0.0,0.0,1093.7078851616889,820.3516976505227,2.2737367544323206e-13,0.0,
Fra_268,24,1356.0388778873564,20.2076601925383,0.0,0.0,612.18169801978,764.0648400601144,2.2737367544323206e-13,0.0,
Fra_269,1,0.0,5.092048743014425,0.0,0.0,-78.98220973435912,84.07425847737353,1.4210854715202004e-14,0.0,
Fra_269,2,0.0,4.963153528739837,0.0,0.0,-75.30641837581703,80.26957190455686,1.4210854715202004e-14,0.0,
Fra_269,3,0.0,4.896205187153488,0.0,0.0,-73.44680105495578,78.34300624210928,-1.4210854715202004e-14,0.0,
Fra_269,4,0.0,4.913077771002083,0.0,0.0,-75.50350575166664,80.41658352266873,-1.4210854715202004e-14,0.0,
Fra_269,5,0.0,5.17234125970911,0.0,0.0,-81.73615231172226,86.90849357143136,1.4210854715202004e-14,0.0,
Fra_269,6,0.0,6.228271701684236,0.0,0.0,-88.86239525570836,95.09066695739261,-1.4210854715202004e-14,0.0,
Fra_269,7,0.0,8.599552254871476,0.0,0.0,-92.31409868559956,100.91365094047106,-2.842170943040401e-14,0.0,
Fra_269,8,0.0,12.00923669793041,0.0,0.0,-92.09443250339618,104.1036692013266,-1.4210854715202004e-14,0.0,
Fra_269,9,0.0,15.582248495246592,0.0,0.0,-89.9143208868829,105.49656938212951,-1.4210854715202004e-14,0.0,
Fra_269,10,0.0,18.557705607479686,0.0,0.0,-87.41520759406049,105.97291320154017,1.4210854715202004e-14,0.0,
Fra_269,11,0.0,20.35505820686033,0.0,0.0,-85.94078910341938,106.29584731027971,0.0,0.0,
Fra_269,12,0.0,21.125542980016156,0.0,0.0,-83.85570962143032,104.9812526014465,-2.842170943040401e-14,0.0,
Fra_269,13,0.0,20.92096022308673,0.0,0.0,-80.6614616448351,101.58242186792181,1.4210854715202004e-14,0.0,
Fra_269,14,0.0,19.39969728156157,0.0,0.0,-78.87252749726076,98.27222477882232,1.4210854715202004e-14,0.0,
Fra_269,15,0.0,16.848940549609818,0.0,0.0,-78.38390378767069,95.23284433728051,0.0,0.0,
Fra_269,16,0.0,13.514615411437928,0.0,0.0,-80.01975884372983,93.53437425516776,0.0,0.0,
Fra_269,17,0.0,9.796158988291204,0.0,0.0,-84.64105138678237,94.43721037507358,-1.4210854715202004e-14,0.0,
Fra_269,18,0.0,7.073012742745767,0.0,0.0,-88.59099529200748,95.66400803475324,0.0,0.0,
Fra_269,19,0.0,6.228170714791667,0.0,0.0,-89.17747031714259,95.40564103193425,1.4210854715202004e-14,0.0,
Fra_269,20,0.0,5.859999962726016,0.0,0.0,-89.71800908802106,95.57800905074708,0.0,0.0,
Fra_269,21,0.0,5.617841314168919,0.0,0.0,-91.1489286470276,96.76676996119652,0.0,0.0,
Fra_269,22,0.0,5.494713937736012,0.0,0.0,-93.60639762497182,99.10111156270784,-1.4210854715202004e-14,0.0,
Fra_269,23,0.0,5.409446696200244,0.0,0.0,-89.37266810153302,94.78211479773326,1.4210854715202004e-14,0.0,
Fra_269,24,0.0,5.332396385482676,0.0,0.0,-82.9464254794547,88.27882186493738,0.0,0.0,
Fra_270,1,0.0,3.8101314390825376,0.0,0.0,-34.33436266155715,38.14449410063969,0.0,0.0,
Fra_270,2,0.0,3.713685443955602,0.0,0.0,-32.70462222150255,36.41830766545815,0.0,0.0,
Fra_270,3,0.0,3.663591268910141,0.0,0.0,-31.880633486075432,35.54422475498557,0.0,0.0,
Fra_270,4,0.0,3.6761618251984904,0.0,0.0,-32.80884501669429,36.48500684189278,0.0,0.0,
Fra_270,5,0.0,3.8694966175626297,0.0,0.0,-35.56089004737734,39.430386664939974,0.0,0.0,
Fra_270,6,0.0,4.656853483649888,0.0,0.0,-38.48578554132969,43.14263902497958,0.0,0.0,
Fra_270,7,0.0,6.424950722352559,0.0,0.0,-39.35957634556981,45.78452706792237,0.0,0.0,
Fra_270,8,0.0,8.967263844770576,0.0,0.0,-38.264574623048176,47.23183846781875,7.105427357601002e-15,0.0,
Fra_270,9,0.0,11.63158931501146,0.0,0.0,-36.232208015028064,47.863797330039525,0.0,0.0,
Fra_270,10,0.0,13.850771073382948,0.0,0.0,-34.22914346468735,48.07991453807029,7.105427357601002e-15,0.0,
Fra_270,11,0.0,15.191642049550032,0.0,0.0,-33.03478770529169,48.22642975484173,-7.105427357601002e-15,0.0,
Fra_270,12,0.0,15.766832270291173,0.0,0.0,-31.86316581778402,47.6299980880752,-7.105427357601002e-15,0.0,
Fra_270,13,0.0,15.614996793438811,0.0,0.0,-30.47295166836586,46.087948461804665,7.105427357601002e-15,0.0,
Fra_270,14,0.0,14.481351720280845,0.0,0.0,-30.104760202922755,44.5861119232036,0.0,0.0,
Fra_270,15,0.0,12.580019454899801,0.0,0.0,-30.627125452458007,43.20714490735781,0.0,0.0,
Fra_270,16,0.0,10.094407738276766,0.0,0.0,-32.34214123162536,42.436548969902134,-7.105427357601002e-15,0.0,
Fra_270,17,0.0,7.32197077357824,0.0,0.0,-35.52419497645713,42.84616575003537,0.0,0.0,
Fra_270,18,0.0,5.291058864707816,0.0,0.0,-38.111705027729535,43.40276389243735,0.0,0.0,
Fra_270,19,0.0,4.660216083865621,0.0,0.0,-38.625326690083,43.28554277394861,7.105427357601002e-15,0.0,
Fra_270,20,0.0,4.384751839156078,0.0,0.0,-38.97899431113886,43.36374615029494,0.0,0.0,
Fra_270,21,0.0,4.203556346599394,0.0,0.0,-39.699530671601195,43.90308701820059,0.0,0.0,
Fra_270,22,0.0,4.111426142896543,0.0,0.0,-40.85075174402327,44.96217788691981,0.0,0.0,
Fra_270,23,0.0,4.047624829496909,0.0,0.0,-38.95502406952714,43.002648899024045,7.105427357601002e-15,0.0,
Fra_270,24,0.0,3.9899718442110124,0.0,0.0,-36.062132816869806,40.05210466108082,0.0,0.0,
Fra_271,1,0.0,4.070853015094966,0.0,0.0,-196.5584374756989,200.6292904907939,-2.842170943040401e-14,0.0,
Fra_271,2,0.0,3.967807365270648,0.0,0.0,-187.58222888684932,191.55003625211998,0.0,0.0,
Fra_271,3,0.0,3.914285321009726,0.0,0.0,-183.0383211239261,186.9526064449358,0.0,0.0,
Fra_271,4,0.0,3.9276059564726227,0.0,0.0,-187.97324916898444,191.9008551254571,-2.842170943040401e-14,0.0,
Fra_271,5,0.0,4.132835074865492,0.0,0.0,-203.25988796119387,207.39272303605935,0.0,0.0,
Fra_271,6,0.0,4.968512480336828,0.0,0.0,-221.94961191908814,226.91812439942498,0.0,0.0,
Fra_271,7,0.0,6.845010461041809,0.0,0.0,-233.9687006045289,240.81371106557071,0.0,0.0,
Fra_271,8,0.0,9.543091542159997,0.0,0.0,-238.88306965879156,248.42616120095155,0.0,0.0,
Fra_271,9,0.0,12.371134092385402,0.0,0.0,-239.37895264844104,251.75008674082642,2.842170943040401e-14,0.0,
Fra_271,10,0.0,14.727576303100607,0.0,0.0,-238.15922605376377,252.88680235686437,2.842170943040401e-14,0.0,
Fra_271,11,0.0,16.15210085287109,0.0,0.0,-237.50533025868071,253.65743111155183,-2.842170943040401e-14,0.0,
Fra_271,12,0.0,16.763965573422386,0.0,0.0,-233.7564030353761,250.5203686087985,0.0,0.0,
Fra_271,13,0.0,16.604258872540516,0.0,0.0,-225.80536322579212,242.40962209833265,0.0,0.0,
Fra_271,14,0.0,15.40243937203676,0.0,0.0,-219.1079457255978,234.51038509763458,-2.842170943040401e-14,0.0,
Fra_271,15,0.0,13.385732159385109,0.0,0.0,-213.87167500467376,227.25740716405886,0.0,0.0,
Fra_271,16,0.0,10.748867737404568,0.0,0.0,-212.45542193664602,223.20428967405059,0.0,0.0,
Fra_271,17,0.0,7.8067689216972065,0.0,0.0,-217.55198959271684,225.35875851441403,0.0,0.0,
Fra_271,18,0.0,5.650422456210385,0.0,0.0,-222.63588544721833,228.2863079034287,0.0,0.0,
Fra_271,19,0.0,4.97906727463332,0.0,0.0,-222.6906905764895,227.6697578511228,0.0,0.0,
Fra_271,20,0.0,4.684793826737336,0.0,0.0,-223.39629174756757,228.0810855743049,2.842170943040401e-14,0.0,
Fra_271,21,0.0,4.49119939856884,0.0,0.0,-226.42666716371048,230.91786656227936,-2.842170943040401e-14,0.0,
Fra_271,22,0.0,4.392764863298483,0.0,0.0,-232.0956212344032,236.48838609770172,-2.842170943040401e-14,0.0,
Fra_271,23,0.0,4.324597721777913,0.0,0.0,-221.85721806199012,226.18181578376806,-2.842170943040401e-14,0.0,
Fra_271,24,0.0,4.262999629236298,0.0,0.0,-206.3997848768218,210.66278450605807,2.842170943040401e-14,0.0,
Fra_272,1,0.0,3.8586618464939813,0.0,0.0,-241.15336553164585,245.0120273781398,2.842170943040401e-14,0.0,
Fra_272,2,0.0,3.760987399406386,0.0,0.0,-230.16329460188805,233.92428200129444,0.0,0.0,
Fra_272,3,0.0,3.71025516481816,0.0,0.0,-224.59956448638104,228.3098196511992,0.0,0.0,
Fra_272,4,0.0,3.73190926237585,0.0,0.0,-230.6207989332623,234.35270819563814,0.0,0.0,
Fra_272,5,0.0,4.0359241484145665,0.0,0.0,-249.23572631814375,253.27165046655833,0.0,0.0,
Fra_272,6,0.0,5.283683519700785,0.0,0.0,-271.8327313962918,277.1164149159926,0.0,0.0,
Fra_272,7,0.0,8.09445033446699,0.0,0.0,-285.9915000484182,294.08595038288513,5.684341886080802e-14,0.0,
Fra_272,8,0.0,12.14405307650889,0.0,0.0,-291.23835564714,303.3824087236489,0.0,0.0,
Fra_272,9,0.0,16.3496401533635,0.0,0.0,-291.09200505258804,307.44164520595154,0.0,0.0,
Fra_272,10,0.0,19.779920032481698,0.0,0.0,-289.0499023282439,308.8298223607256,0.0,0.0,
Fra_272,11,0.0,21.794348749101694,0.0,0.0,-287.9765790358617,309.77092778496336,0.0,0.0,
Fra_272,12,0.0,22.59446227291616,0.0,0.0,-283.3454294657586,305.93989173867476,0.0,0.0,
Fra_272,13,0.0,22.236569835373324,0.0,0.0,-273.7983352424898,296.0349050778632,-5.684341886080802e-14,0.0,
Fra_272,14,0.0,20.32673045806635,0.0,0.0,-266.0614871020026,286.388217560069,-5.684341886080802e-14,0.0,
Fra_272,15,0.0,17.20736369158912,0.0,0.0,-260.3233893193749,277.53075301096396,5.684341886080802e-14,0.0,
Fra_272,16,0.0,13.163700069436725,0.0,0.0,-259.4173143913912,272.58101446082793,0.0,0.0,
Fra_272,17,0.0,8.730855589248502,0.0,0.0,-266.4812342106247,275.2120897998732,0.0,0.0,
Fra_272,18,0.0,5.576918082995834,0.0,0.0,-273.2103466541831,278.787264737179,0.0,0.0,
Fra_272,19,0.0,4.72284852617425,0.0,0.0,-273.31147441508836,278.0343229412626,0.0,0.0,
Fra_272,20,0.0,4.440601301715186,0.0,0.0,-274.09604230831485,278.53664361003,0.0,0.0,
Fra_272,21,0.0,4.257097885871476,0.0,0.0,-277.74387268953393,282.0009705754054,0.0,0.0,
Fra_272,22,0.0,4.163794201307902,0.0,0.0,-284.6399930594608,288.8037872607686,5.684341886080802e-14,0.0,
Fra_272,23,0.0,4.099180237798378,0.0,0.0,-272.11804161293054,276.2172218507289,0.0,0.0,
Fra_272,24,0.0,4.040792914889449,0.0,0.0,-253.2243142820175,257.26510719690697,0.0,0.0,
Fra_273,1,0.0,2.0379976854209465,0.0,0.0,-128.40855481346875,130.44655249888967,2.842170943040401e-14,0.0,
Fra_273,2,0.0,1.9864097761901447,0.0,0.0,-122.5569298279189,124.54333960410905,0.0,0.0,
Fra_273,3,0.0,1.9596149491801074,0.0,0.0,-119.594535652487,121.5541506016671,0.0,0.0,
Fra_273,4,0.0,1.96658645298429,0.0,0.0,-122.80485101493329,124.77143746791758,0.0,0.0,
Fra_273,5,0.0,2.073002467094478,0.0,0.0,-132.77104581334535,134.84404828043986,-2.842170943040401e-14,0.0,
Fra_273,6,0.0,2.5066502107193394,0.0,0.0,-145.0325598169283,147.53921002764764,0.0,0.0,
Fra_273,7,0.0,3.4806981525287863,0.0,0.0,-153.09324140595686,156.57393955848565,0.0,0.0,
Fra_273,8,0.0,4.8814865640140574,0.0,0.0,-156.6419689589698,161.52345552298385,2.842170943040401e-14,0.0,
Fra_273,9,0.0,6.348437736441508,0.0,0.0,-157.3361908953093,163.6846286317508,0.0,0.0,
Fra_273,10,0.0,7.5682807771984635,0.0,0.0,-156.85542554814862,164.4237063253471,-2.842170943040401e-14,0.0,
Fra_273,11,0.0,8.303717173769257,0.0,0.0,-156.62104193434737,164.92475910811663,0.0,0.0,
Fra_273,12,0.0,8.617419076598095,0.0,0.0,-154.2676628365454,162.88508191314352,-2.842170943040401e-14,0.0,
Fra_273,13,0.0,8.530538943207144,0.0,0.0,-149.08104119013908,157.61158013334622,0.0,0.0,
Fra_273,14,0.0,7.9030237080526415,0.0,0.0,-144.57257537490946,152.4755990829621,0.0,0.0,
Fra_273,15,0.0,6.852890026843019,0.0,0.0,-140.90691723693357,147.7598072637766,0.0,0.0,
Fra_273,16,0.0,5.481001736126937,0.0,0.0,-139.64352130693018,145.12452304305714,-2.842170943040401e-14,0.0,
Fra_273,17,0.0,3.9529544842626243,0.0,0.0,-142.57237614777708,146.5253306320397,0.0,0.0,
Fra_273,18,0.0,2.8361926408800366,0.0,0.0,-145.59259248742487,148.42878512830487,2.842170943040401e-14,0.0,
Fra_273,19,0.0,2.4927895478850197,0.0,0.0,-145.53512276384572,148.02791231173074,0.0,0.0,
Fra_273,20,0.0,2.3453558603471962,0.0,0.0,-145.94999638154061,148.29535224188783,-2.842170943040401e-14,0.0,
Fra_273,21,0.0,2.248436370732909,0.0,0.0,-147.89135393486148,150.13979030559437,2.842170943040401e-14,0.0,
Fra_273,22,0.0,2.1991569311897465,0.0,0.0,-151.5625126485922,153.76166957978194,0.0,0.0,
Fra_273,23,0.0,2.165030305608929,0.0,0.0,-144.89544144682122,147.06047175243015,0.0,0.0,
Fra_273,24,0.0,2.1341923535726712,0.0,0.0,-134.83600731870678,136.97019967227942,2.842170943040401e-14,0.0,
Fra_274,1,0.0,2.9936870225004695,0.0,0.0,-166.73938542517325,169.73307244767372,0.0,0.0,
Fra_274,2,0.0,2.917907714463481,0.0,0.0,-159.13408430026917,162.05199201473266,-2.842170943040401e-14,0.0,
Fra_274,3,0.0,2.8785478435156766,0.0,0.0,-155.2840026812582,158.16255052477388,0.0,0.0,
Fra_274,4,0.0,2.887682819525782,0.0,0.0,-159.46110317328692,162.34878599281268,2.842170943040401e-14,0.0,
Fra_274,5,0.0,3.0305917029509866,0.0,0.0,-172.42436802943692,175.4549597323879,2.842170943040401e-14,0.0,
Fra_274,6,0.0,3.6117858668332516,0.0,0.0,-188.36173083234067,191.97351669917396,-2.842170943040401e-14,0.0,
Fra_274,7,0.0,4.916191482404264,0.0,0.0,-198.81303951221582,203.72923099462008,0.0,0.0,
Fra_274,8,0.0,6.791101581782945,0.0,0.0,-203.37828851010607,210.169390091889,2.842170943040401e-14,0.0,
Fra_274,9,0.0,8.759183564246857,0.0,0.0,-204.2222590105579,212.98144257480476,0.0,0.0,
Fra_274,10,0.0,10.404488059875499,0.0,0.0,-203.5386198507204,213.94310791059593,-2.842170943040401e-14,0.0,
Fra_274,11,0.0,11.403451542660585,0.0,0.0,-203.1916109550729,214.59506249773347,0.0,0.0,
Fra_274,12,0.0,11.837296671633123,0.0,0.0,-200.10380011775254,211.94109678938565,0.0,0.0,
Fra_274,13,0.0,11.7349684992812,0.0,0.0,-193.3444087390961,205.07937723837728,2.842170943040401e-14,0.0,
Fra_274,14,0.0,10.9075791199382,0.0,0.0,-187.4890163429518,198.39659546289,0.0,0.0,
Fra_274,15,0.0,9.512927868418227,0.0,0.0,-182.74762322104328,192.26055108946153,-2.842170943040401e-14,0.0,
Fra_274,16,0.0,7.68684968925657,0.0,0.0,-181.14475000986903,188.8315996991256,0.0,0.0,
Fra_274,17,0.0,5.643614397541714,0.0,0.0,-185.01067337904806,190.65428777658977,0.0,0.0,
Fra_274,18,0.0,4.13911349303582,0.0,0.0,-188.9918911743141,193.13100466734994,-2.842170943040401e-14,0.0,
Fra_274,19,0.0,3.6613411790522514,0.0,0.0,-188.94806001534687,192.6094011943991,0.0,0.0,
Fra_274,20,0.0,3.445176337782047,0.0,0.0,-189.51220953057873,192.95738586836077,0.0,0.0,
Fra_274,21,0.0,3.302807864863133,0.0,0.0,-192.05450451359087,195.35731237845403,-2.842170943040401e-14,0.0,
Fra_274,22,0.0,3.2304195497576673,0.0,0.0,-196.8395715884331,200.0699911381908,-2.842170943040401e-14,0.0,
Fra_274,23,0.0,3.1802897400656,0.0,0.0,-188.17030732808428,191.35059706814985,2.842170943040401e-14,0.0,
Fra_274,24,0.0,3.1349907794868646,0.0,0.0,-175.0864522467305,178.22144302621737,-2.842170943040401e-14,0.0,
Fra_275,1,0.0,4.7048829406402355,0.0,0.0,-290.9561268775522,295.66100981819244,0.0,0.0,
Fra_275,2,0.0,4.585788068344949,0.0,0.0,-277.6954132979724,282.2812013663173,0.0,0.0,
Fra_275,3,0.0,4.52393003710244,0.0,0.0,-270.9821851190451,275.50611515614753,0.0,0.0,
Fra_275,4,0.0,4.536475937050331,0.0,0.0,-278.2617160546158,282.7981919916661,5.684341886080802e-14,0.0,
Fra_275,5,0.0,4.739113457799902,0.0,0.0,-300.88895197464825,305.6280654324481,0.0,0.0,
Fra_275,6,0.0,5.561134267114254,0.0,0.0,-328.84089467821934,334.40202894533354,5.684341886080802e-14,0.0,
Fra_275,7,0.0,7.404142871809874,0.0,0.0,-347.47537057082036,354.87951344263024,0.0,0.0,
Fra_275,8,0.0,10.051482630536958,0.0,0.0,-356.0462566689036,366.09773929944055,0.0,0.0,
Fra_275,9,0.0,12.838673583312838,0.0,0.0,-358.1574291568587,370.9961027401715,0.0,0.0,
Fra_275,10,0.0,15.184429563186567,0.0,0.0,-357.48681485790166,372.67124442108826,-5.684341886080802e-14,0.0,
Fra_275,11,0.0,16.621196732666963,0.0,0.0,-357.1856987952385,373.80689552790545,5.684341886080802e-14,0.0,
Fra_275,12,0.0,17.258876037026322,0.0,0.0,-351.9250301698388,369.1839062068651,0.0,0.0,
Fra_275,13,0.0,17.139475280181788,0.0,0.0,-340.091881536724,357.2313568169058,-5.684341886080802e-14,0.0,
Fra_275,14,0.0,15.993715658176782,0.0,0.0,-329.59678661198586,345.59050227016263,0.0,0.0,
Fra_275,15,0.0,14.044115617757818,0.0,0.0,-320.857903556122,334.9020191738798,0.0,0.0,
Fra_275,16,0.0,11.483966834711428,0.0,0.0,-317.4451018937168,328.9290687284282,5.684341886080802e-14,0.0,
Fra_275,17,0.0,8.602561168506762,0.0,0.0,-323.5014798254637,332.10404099397044,5.684341886080802e-14,0.0,
Fra_275,18,0.0,6.460708213167576,0.0,0.0,-329.9575692840139,336.41827749718146,0.0,0.0,
Fra_275,19,0.0,5.753504806324984,0.0,0.0,-329.7561824714409,335.5096872777659,0.0,0.0,
Fra_275,20,0.0,5.414444214542341,0.0,0.0,-330.7014036577446,336.11584787228696,0.0,0.0,
Fra_275,21,0.0,5.190697712490925,0.0,0.0,-335.1056241548235,340.2963218673144,0.0,0.0,
Fra_275,22,0.0,5.076932129688975,0.0,0.0,-343.4284873575491,348.505419487238,1.1368683772161603e-13,0.0,
Fra_275,23,0.0,4.998148046828922,0.0,0.0,-328.3188062899547,333.31695433678357,5.684341886080802e-14,0.0,
Fra_275,24,0.0,4.92695613356151,0.0,0.0,-305.5200949715283,310.4470511050898,0.0,0.0,
Fra_276,1,0.0,4.24946018504987,0.0,0.0,-151.52562996936186,155.7750901544117,0.0,0.0,
Fra_276,2,0.0,4.141893445463028,0.0,0.0,-144.58376915973872,148.72566260520173,2.842170943040401e-14,0.0,
Fra_276,3,0.0,4.086023141311563,0.0,0.0,-141.07004580714764,145.1560689484592,0.0,0.0,
Fra_276,4,0.0,4.098216733223406,0.0,0.0,-144.89983302685624,148.99804976007965,0.0,0.0,
Fra_276,5,0.0,4.291694464152294,0.0,0.0,-156.734744144489,161.0264386086413,0.0,0.0,
Fra_276,6,0.0,5.077656825309931,0.0,0.0,-171.10893686457024,176.18659368988014,2.842170943040401e-14,0.0,
Fra_276,7,0.0,6.840824536226991,0.0,0.0,-180.13475345585613,186.97557799208312,0.0,0.0,
Fra_276,8,0.0,9.374400909289358,0.0,0.0,-183.51173033867204,192.88613124796143,-2.842170943040401e-14,0.0,
Fra_276,9,0.0,12.037423127196709,0.0,0.0,-183.4295117480612,195.46693487525792,0.0,0.0,
Fra_276,10,0.0,14.270390427682278,0.0,0.0,-182.07912733033953,196.3495177580218,2.842170943040401e-14,0.0,
Fra_276,11,0.0,15.631505178752402,0.0,0.0,-181.31635374592236,196.94785892467476,0.0,0.0,
Fra_276,12,0.0,16.22848091287098,0.0,0.0,-178.28366090892717,194.51214182179817,0.0,0.0,
Fra_276,13,0.0,16.100917201489782,0.0,0.0,-172.11377789258157,188.21469509407137,-2.842170943040401e-14,0.0,
Fra_276,14,0.0,14.992470169687214,0.0,0.0,-167.08900104204545,182.08147121173266,0.0,0.0,
Fra_276,15,0.0,13.116250477818896,0.0,0.0,-163.3337733578759,176.45002383569482,0.0,0.0,
Fra_276,16,0.0,10.65645116577447,0.0,0.0,-162.64660075536113,173.30305192113565,-5.684341886080802e-14,0.0,
Fra_276,17,0.0,7.896956154337646,0.0,0.0,-167.0788952719026,174.97585142624024,2.842170943040401e-14,0.0,
Fra_276,18,0.0,5.856431664521876,0.0,0.0,-171.39246408585296,177.24889575037486,-2.842170943040401e-14,0.0,
Fra_276,19,0.0,5.196894003185926,0.0,0.0,-171.57329228384134,176.77018628702726,0.0,0.0,
Fra_276,20,0.0,4.890337422665041,0.0,0.0,-172.19921705334875,177.08955447601377,2.842170943040401e-14,0.0,
Fra_276,21,0.0,4.688249110584255,0.0,0.0,-174.60387415819667,179.29212326878095,-2.842170943040401e-14,0.0,
Fra_276,22,0.0,4.585495796496469,0.0,0.0,-179.03175956398744,183.6172553604839,0.0,0.0,
Fra_276,23,0.0,4.5143378468612925,0.0,0.0,-171.10056194575768,175.61489979261896,0.0,0.0,
Fra_276,24,0.0,4.450037160798695,0.0,0.0,-159.1153832637749,163.5654204245736,0.0,0.0,
Fra_277,1,150.54636547693894,7.187518463371042,0.0,0.0,-0.9550694812297706,158.68895342153974,2.842170943040401e-14,0.0,
Fra_277,2,75.27318273846944,7.005580548163591,0.0,0.0,-69.22889896122658,151.50766224785963,0.0,0.0,
Fra_277,3,75.27318273846944,6.91108175886899,0.0,0.0,-65.68703277735929,147.87129727469772,0.0,0.0,
Fra_277,4,300.0,6.93760023103073,0.0,0.0,155.15245566882803,151.78514456220267,2.842170943040401e-14,0.0,
Fra_277,5,515.170815680104,7.336329679980992,0.0,0.0,358.46861397054363,164.0385313895414,0.0,0.0,
Fra_277,6,750.0,8.963193048110284,0.0,0.0,579.4809270976366,179.4822659504737,-2.842170943040401e-14,0.0,
Fra_277,7,750.0,12.619256784930437,0.0,0.0,572.1461923332272,190.47306445170324,5.684341886080802e-14,0.0,
Fra_277,8,750.0,17.87877284607141,0.0,0.0,571.3845948171725,196.4941780288989,1.1368683772161603e-13,0.0,
Fra_277,9,750.0,23.378646370700167,0.0,0.0,574.255389288172,199.12325708252826,-5.684341886080802e-14,0.0,
Fra_277,10,750.0,27.936785766504055,0.0,0.0,577.9144365773063,200.0223491891978,-8.526512829121202e-14,0.0,
Fra_277,11,750.0,30.672600060277897,0.0,0.0,580.0407173864191,200.6318826738587,2.842170943040401e-14,0.0,
Fra_277,12,750.0,31.82605380829493,0.0,0.0,583.6754497361901,198.15060407210478,0.0,0.0,
Fra_277,13,661.1169794294035,31.47546162538045,0.0,0.0,500.8570810981554,191.7353599566285,8.526512829121202e-14,0.0,
Fra_277,14,750.0,29.09746934029029,0.0,0.0,593.6100587703293,185.48741056996113,-5.684341886080802e-14,0.0,
Fra_277,15,647.685149348736,25.135475332191184,0.0,0.0,493.070000971215,179.75062370971216,0.0,0.0,
Fra_277,16,750.0,19.966737879910333,0.0,0.0,593.4219520167585,176.54478586315176,2.842170943040401e-14,0.0,
Fra_277,17,750.0,14.225899602203533,0.0,0.0,585.9770235505242,178.24887605167925,5.684341886080802e-14,0.0,
Fra_277,18,750.0,10.049848597155375,0.0,0.0,579.4854096109906,180.56443898616476,0.0,0.0,
Fra_277,19,600.0,8.79216673146767,0.0,0.0,428.7153917463721,180.07677498509554,0.0,0.0,
Fra_277,20,750.0,8.271495433979892,0.0,0.0,577.869378292984,180.40211714099587,0.0,0.0,
Fra_277,21,750.0,7.929684142413432,0.0,0.0,575.2837978839245,182.64588625848893,-5.684341886080802e-14,0.0,
Fra_277,22,750.0,7.7558876341470855,0.0,0.0,570.7039651835948,187.05192245055224,-5.684341886080802e-14,0.0,
Fra_277,23,750.0,7.635531387813071,0.0,0.0,578.7356532000038,178.89987818780938,-2.842170943040401e-14,0.0,
Fra_277,24,750.0,7.526773487242946,0.0,0.0,590.901767156636,166.62500633060696,2.842170943040401e-14,0.0,
Fra_278,1,0.0,4.158040782859899,0.0,0.0,-60.556423059827885,64.71446384268779,0.0,0.0,
Fra_278,2,0.0,4.052788145912059,0.0,0.0,-57.73309498600362,61.78588313191569,-7.105427357601002e-15,0.0,
Fra_278,3,0.0,3.998119789674747,0.0,0.0,-56.30482830170672,60.302948091381474,-7.105427357601002e-15,0.0,
Fra_278,4,0.0,4.01032760676687,0.0,0.0,-57.888714751492934,61.899042358259805,0.0,0.0,
Fra_278,5,0.0,4.20299681288736,0.0,0.0,-62.69306229852877,66.89605911141612,1.4210854715202004e-14,0.0,
Fra_278,6,0.0,4.986008267914342,0.0,0.0,-68.20811369091774,73.19412195883208,0.0,0.0,
Fra_278,7,0.0,6.742860319643705,0.0,0.0,-70.9333860522261,77.6762463718698,1.4210854715202004e-14,0.0,
Fra_278,8,0.0,9.267640630968163,0.0,0.0,-70.86405792256087,80.13169855352905,-1.4210854715202004e-14,0.0,
Fra_278,9,0.0,11.920086666136775,0.0,0.0,-69.28376869281092,81.2038553589477,-1.4210854715202004e-14,0.0,
Fra_278,10,0.0,14.141673172481854,0.0,0.0,-67.42883822882912,81.57051140131098,0.0,0.0,
Fra_278,11,0.0,15.493851111243073,0.0,0.0,-66.32523230345318,81.81908341469625,0.0,0.0,
Fra_278,12,0.0,16.084727600243248,0.0,0.0,-64.72247306587698,80.80720066612022,0.0,0.0,
Fra_278,13,0.0,15.953582164257387,0.0,0.0,-62.237437133206534,78.19101929746392,0.0,0.0,
Fra_278,14,0.0,14.845373623157883,0.0,0.0,-60.79768826481726,75.64306188797514,0.0,0.0,
Fra_278,15,0.0,12.97251951438718,0.0,0.0,-60.331040613471146,73.30356012785833,0.0,0.0,
Fra_278,16,0.0,10.518333516098737,0.0,0.0,-61.4778635412146,71.99619705731334,0.0,0.0,
Fra_278,17,0.0,7.767840320192437,0.0,0.0,-64.92329662116688,72.69113694135932,0.0,0.0,
Fra_278,18,0.0,5.737211726757197,0.0,0.0,-67.89822795633846,73.63543968309565,0.0,0.0,
Fra_278,19,0.0,5.085193762415534,0.0,0.0,-68.35137313411167,73.4365668965272,0.0,0.0,
Fra_278,20,0.0,4.785130713055164,0.0,0.0,-68.78411298756302,73.56924370061819,0.0,0.0,
Fra_278,21,0.0,4.587389963223579,0.0,0.0,-69.89687845899338,74.48426842221696,0.0,0.0,
Fra_278,22,0.0,4.486847199685245,0.0,0.0,-71.79423356323336,76.2810807629186,0.0,0.0,
Fra_278,23,0.0,4.417220083834464,0.0,0.0,-68.53940007668878,72.95662016052324,0.0,0.0,
Fra_278,24,0.0,4.354302710010188,0.0,0.0,-63.59653895207897,67.95084166208916,0.0,0.0,
Fra_279,1,0.0,1.5823058530763792,0.0,0.0,-236.29531860805332,237.8776244611297,0.0,0.0,
Fra_279,2,0.0,1.542252887703648,0.0,0.0,-225.57048562436523,227.11273851206886,2.842170943040401e-14,0.0,
Fra_279,3,0.0,1.5214493255046098,0.0,0.0,-220.1403120212438,221.6617613467484,2.842170943040401e-14,0.0,
Fra_279,4,0.0,1.5287584738763167,0.0,0.0,-225.9999310690785,227.52868954295482,0.0,0.0,
Fra_279,5,0.0,1.6343791089284978,0.0,0.0,-244.2623599248297,245.8967390337582,0.0,0.0,
Fra_279,6,0.0,2.0667801626143683,0.0,0.0,-266.9803975812914,269.04717774390576,0.0,0.0,
Fra_279,7,0.0,3.039840973887567,0.0,0.0,-282.4827434195182,285.5225843934058,0.0,0.0,
Fra_279,8,0.0,4.4408719239233525,0.0,0.0,-290.10747112168826,294.54834304561166,-5.684341886080802e-14,0.0,
Fra_279,9,0.0,5.900161420710396,0.0,0.0,-292.58921889506695,298.48938031577734,0.0,0.0,
Fra_279,10,0.0,7.0986323982535104,0.0,0.0,-292.73850332138085,299.8371357196344,0.0,0.0,
Fra_279,11,0.0,7.809145431451931,0.0,0.0,-292.9416920565436,300.75083748799557,0.0,0.0,
Fra_279,12,0.0,8.098949224063219,0.0,0.0,-288.9324065565727,297.0313557806359,0.0,0.0,
Fra_279,13,0.0,7.988113917153583,0.0,0.0,-279.42667437328055,287.41478829043416,-5.684341886080802e-14,0.0,
Fra_279,14,0.0,7.33901724605108,0.0,0.0,-270.7099813923096,278.04899863836073,-5.684341886080802e-14,0.0,
Fra_279,15,0.0,6.269974413874524,0.0,0.0,-263.1794764870278,269.4494509009024,-5.684341886080802e-14,0.0,
Fra_279,16,0.0,4.880439801212492,0.0,0.0,-259.76340191956234,264.64384172077484,0.0,0.0,
Fra_279,17,0.0,3.348686264445783,0.0,0.0,-263.8496176112191,267.1983038756649,0.0,0.0,
Fra_279,18,0.0,2.2484557842091037,0.0,0.0,-268.4209190026267,270.6693747868358,0.0,0.0,
Fra_279,19,0.0,1.9361031287818447,0.0,0.0,-268.0022544598915,269.9383575886733,5.684341886080802e-14,0.0,
Fra_279,20,0.0,1.820939411227956,0.0,0.0,-268.60511198041,270.42605139163794,5.684341886080802e-14,0.0,
Fra_279,21,0.0,1.745690907860698,0.0,0.0,-272.0438111588262,273.7895020666869,0.0,0.0,
Fra_279,22,0.0,1.707430243394161,0.0,0.0,-278.6868001302066,280.39423037360075,5.684341886080802e-14,0.0,
Fra_279,23,0.0,1.6809342567752559,0.0,0.0,-266.4932336492635,268.1741679060388,-5.684341886080802e-14,0.0,
Fra_279,24,0.0,1.6569916034774033,0.0,0.0,-248.1169203616224,249.77391196509978,0.0,0.0,
Fra_280,1,0.0,6.241308907324104,0.0,0.0,-132.99868506196188,139.239993969286,0.0,0.0,
Fra_280,2,0.0,6.083322428882187,0.0,0.0,-126.85552128290152,132.9388437117837,0.0,0.0,
Fra_280,3,0.0,6.001264046929997,0.0,0.0,-123.74688852967314,129.74815257660313,0.0,0.0,
Fra_280,4,0.0,6.026684120568368,0.0,0.0,-127.15563360085906,133.18231772142744,0.0,0.0,
Fra_280,5,0.0,6.401938953239413,0.0,0.0,-137.53198731531697,143.93392626855638,0.0,0.0,
Fra_280,6,0.0,7.935391616412603,0.0,0.0,-149.54948108390454,157.48487270031714,0.0,0.0,
Fra_280,7,0.0,11.383683156670903,0.0,0.0,-155.74495291867848,167.12863607534936,2.842170943040401e-14,0.0,
Fra_280,8,0.0,16.346274028849983,0.0,0.0,-156.06552637584022,172.4118004046902,0.0,0.0,
Fra_280,9,0.0,21.526272494506664,0.0,0.0,-153.19238635041597,174.71865884492266,-2.842170943040401e-14,0.0,
Fra_280,10,0.0,25.80150539291266,0.0,0.0,-149.7060525959721,175.50755798888474,0.0,0.0,
Fra_280,11,0.0,28.353183176992307,0.0,0.0,-147.68920371395728,176.04238689094962,-2.842170943040401e-14,0.0,
Fra_280,12,0.0,29.41313386032377,0.0,0.0,-144.45208058040132,173.8652144407251,-2.842170943040401e-14,0.0,
Fra_280,13,0.0,29.053963870286587,0.0,0.0,-139.18226044421615,168.23622431450275,0.0,0.0,
Fra_280,14,0.0,26.784774292944896,0.0,0.0,-135.96925093861972,162.75402523156464,-2.842170943040401e-14,0.0,
Fra_280,15,0.0,23.02426109913263,0.0,0.0,-134.69607936357323,157.72034046270585,0.0,0.0,
Fra_280,16,0.0,18.126693525751804,0.0,0.0,-136.78071741163404,154.90741093738583,2.842170943040401e-14,0.0,
Fra_280,17,0.0,12.705874782886267,0.0,0.0,-143.69677260579425,156.40264738868052,0.0,0.0,
Fra_280,18,0.0,8.785401872862106,0.0,0.0,-149.6490124541055,158.43441432696758,2.842170943040401e-14,0.0,
Fra_280,19,0.0,7.635589269415698,0.0,0.0,-150.37092928343623,158.0065185528519,2.842170943040401e-14,0.0,
Fra_280,20,0.0,7.182584419376442,0.0,0.0,-151.10940227003303,158.2919866894095,-2.842170943040401e-14,0.0,
Fra_280,21,0.0,6.885771288453767,0.0,0.0,-153.3749875911553,160.26075887960909,-2.842170943040401e-14,0.0,
Fra_280,22,0.0,6.734854431595241,0.0,0.0,-157.39193569709306,164.1267901286883,0.0,0.0,
Fra_280,23,0.0,6.630342628790874,0.0,0.0,-150.34351990470165,156.9738625334925,2.842170943040401e-14,0.0,
Fra_280,24,0.0,6.535902293502772,0.0,0.0,-139.66749987385168,146.20340216735448,-2.842170943040401e-14,0.0,
Fra_281,1,0.0,1.5814146800656732,0.0,0.0,-20.978430057894755,22.55984473796043,0.0,0.0,
Fra_281,2,0.0,1.541384272987642,0.0,0.0,-19.997539913143633,21.538924186131272,3.552713678800501e-15,0.0,
Fra_281,3,0.0,1.5205924275961489,0.0,0.0,-19.501371835135977,21.021964262732126,0.0,0.0,
Fra_281,4,0.0,1.5262900690889913,0.0,0.0,-20.052082092431473,21.578372161520463,0.0,0.0,
Fra_281,5,0.0,1.6123578291875278,0.0,0.0,-21.708003918744872,23.320361747932402,-3.552713678800501e-15,0.0,
Fra_281,6,0.0,1.9633888501642744,0.0,0.0,-23.552514845438537,25.51590369560281,3.552713678800501e-15,0.0,
Fra_281,7,0.0,2.7521406714676773,0.0,0.0,-24.326258096336492,27.078398767804167,3.552713678800501e-15,0.0,
Fra_281,8,0.0,3.886705232622352,0.0,0.0,-24.047678684257235,27.93438391687959,-3.552713678800501e-15,0.0,
Fra_281,9,0.0,5.073656045666257,0.0,0.0,-23.234488073009786,28.308144118676044,0.0,0.0,
Fra_281,10,0.0,6.058386750516785,0.0,0.0,-22.377575832483675,28.43596258300046,0.0,0.0,
Fra_281,11,0.0,6.65024711217812,0.0,0.0,-21.87236914444013,28.522616256618246,3.552713678800501e-15,0.0,
Fra_281,12,0.0,6.900691614473037,0.0,0.0,-21.269176332951343,28.16986794742438,0.0,0.0,
Fra_281,13,0.0,6.826687711217158,0.0,0.0,-20.431163942188277,27.25785165340543,3.552713678800501e-15,0.0,
Fra_281,14,0.0,6.315172651191302,0.0,0.0,-20.05444598375426,26.369618634945564,-3.552713678800501e-15,0.0,
Fra_281,15,0.0,5.461775921392106,0.0,0.0,-20.09227856701709,25.554054488409196,0.0,0.0,
Fra_281,16,0.0,4.34797520285553,0.0,0.0,-20.750324789011223,25.098299991866757,-3.552713678800501e-15,0.0,
Fra_281,17,0.0,3.1098150443403494,0.0,0.0,-22.230745100131607,25.340560144471954,3.552713678800501e-15,0.0,
Fra_281,18,0.0,2.207836832830551,0.0,0.0,-23.46191283086523,25.669749663695782,0.0,0.0,
Fra_281,19,0.0,1.9344228819408884,0.0,0.0,-23.66599855246606,25.600421434406947,3.552713678800501e-15,0.0,
Fra_281,20,0.0,1.8199138370292243,0.0,0.0,-23.826759515772622,25.646673352801848,0.0,0.0,
Fra_281,21,0.0,1.744707714491922,0.0,0.0,-24.220948666599295,25.965656381091218,0.0,0.0,
Fra_281,22,0.0,1.706468598875424,0.0,0.0,-24.885567188340794,26.59203578721622,0.0,0.0,
Fra_281,23,0.0,1.6799875351035278,0.0,0.0,-23.753121629312894,25.433109164416422,0.0,0.0,
Fra_281,24,0.0,1.65605836658574,0.0,0.0,-22.03200681520865,23.688065181794386,3.552713678800501e-15,0.0,
Fra_282,1,0.0,16.494336038454655,0.0,0.0,-232.8748787581789,249.36921479663357,0.0,0.0,
Fra_282,2,0.0,16.076814312860353,0.0,0.0,-222.00747546161642,238.0842897744768,0.0,0.0,
Fra_282,3,0.0,15.859952986688373,0.0,0.0,-216.51002927917085,232.36998226585925,-2.842170943040401e-14,0.0,
Fra_282,4,0.0,15.912105166935273,0.0,0.0,-222.60822974714156,238.52033491407684,0.0,0.0,
Fra_282,5,0.0,16.721576811506445,0.0,0.0,-241.05414662111434,257.7757234326208,0.0,0.0,
Fra_282,6,0.0,20.015700869325837,0.0,0.0,-262.0288319413305,282.04453281065634,0.0,0.0,
Fra_282,7,0.0,27.410790666334144,0.0,0.0,-271.9050564554015,299.31584712173566,0.0,0.0,
Fra_282,8,0.0,38.04200242426136,0.0,0.0,-270.73562721335054,308.7776296376119,0.0,0.0,
Fra_282,9,0.0,49.193179922362624,0.0,0.0,-263.7158738951056,312.90905381746813,5.684341886080802e-14,0.0,
Fra_282,10,0.0,58.499723712045686,0.0,0.0,-255.82219399944827,314.32191771149394,0.0,0.0,
Fra_282,11,0.0,64.1376971225588,0.0,0.0,-251.14206222305555,315.27975934561437,0.0,0.0,
Fra_282,12,0.0,66.57246481651858,0.0,0.0,-244.8081290026371,311.3805938191557,-5.684341886080802e-14,0.0,
Fra_282,13,0.0,65.9670080152019,0.0,0.0,-235.33245316483791,301.29946118003977,5.684341886080802e-14,0.0,
Fra_282,14,0.0,61.252872152507656,0.0,0.0,-230.22834901114246,291.4812211636501,0.0,0.0,
Fra_282,15,0.0,53.32511224134829,0.0,0.0,-229.1411270728989,282.4662393142472,0.0,0.0,
Fra_282,16,0.0,42.95244275578526,0.0,0.0,-234.47603400898893,277.4284767647742,0.0,0.0,
Fra_282,17,0.0,31.363157631943782,0.0,0.0,-248.7431843723025,280.10634200424624,5.684341886080802e-14,0.0,
Fra_282,18,0.0,22.84988522394566,0.0,0.0,-260.8952110750054,283.74509629895107,0.0,0.0,
Fra_282,19,0.0,20.173582550279356,0.0,0.0,-262.8051819630674,282.97876451334673,5.684341886080802e-14,0.0,
Fra_282,20,0.0,18.981909531626975,0.0,0.0,-264.5081087029639,283.49001823459093,-5.684341886080802e-14,0.0,
Fra_282,21,0.0,18.197501069434153,0.0,0.0,-268.81845221577026,287.01595328520443,0.0,0.0,
Fra_282,22,0.0,17.79866271872045,0.0,0.0,-276.14108558743743,293.93974830615787,0.0,0.0,
Fra_282,23,0.0,17.5224621939528,0.0,0.0,-263.60688669273515,281.1293488866879,0.0,0.0,
Fra_282,24,0.0,17.272878228640927,0.0,0.0,-244.5673198333597,261.84019806200064,0.0,0.0,
Fra_283,1,0.0,3.523258822283651,0.0,0.0,-25.29695876553865,28.820217587822302,0.0,0.0,
Fra_283,2,0.0,3.4340744440967597,0.0,0.0,-24.08191641763967,27.515990861736427,0.0,0.0,
Fra_283,3,0.0,3.3877519623147556,0.0,0.0,-23.46782223212619,26.85557419444094,3.552713678800501e-15,0.0,
Fra_283,4,0.0,3.4001147469268735,0.0,0.0,-24.166270931233203,27.566385678160078,0.0,0.0,
Fra_283,5,0.0,3.587851335659981,0.0,0.0,-26.2039272695904,29.791778605250382,0.0,0.0,
Fra_283,6,0.0,4.353208932343801,0.0,0.0,-28.243376061869917,32.596584994213714,0.0,0.0,
Fra_283,7,0.0,6.07263157254834,0.0,0.0,-28.520041980066267,34.592673552614606,0.0,0.0,
Fra_283,8,0.0,8.54562322698853,0.0,0.0,-27.140571958192435,35.686195185180964,0.0,0.0,
Fra_283,9,0.0,11.134124258415266,0.0,0.0,-25.029549848565058,36.163674106980324,0.0,0.0,
Fra_283,10,0.0,13.28413541872202,0.0,0.0,-23.04282686671693,36.32696228543895,0.0,0.0,
Fra_283,11,0.0,14.578393515521391,0.0,0.0,-21.859268899171838,36.43766241469323,0.0,0.0,
Fra_283,12,0.0,15.12828940595799,0.0,0.0,-20.85873679457738,35.98702620053537,0.0,0.0,
Fra_283,13,0.0,14.97098840356097,0.0,0.0,-19.85093633716525,34.821924740726224,-7.105427357601002e-15,0.0,
Fra_283,14,0.0,13.859638877781734,0.0,0.0,-19.827567554461307,33.687206432243045,0.0,0.0,
Fra_283,15,0.0,12.002636327991386,0.0,0.0,-20.642686330980183,32.64532265897157,-7.105427357601002e-15,0.0,
Fra_283,16,0.0,9.577814969404152,0.0,0.0,-22.485280998313648,32.0630959677178,0.0,0.0,
Fra_283,17,0.0,6.879593341056891,0.0,0.0,-25.492990142733778,32.37258348379067,0.0,0.0,
Fra_283,18,0.0,4.91076903709794,0.0,0.0,-27.882354290023184,32.79312332712112,0.0,0.0,
Fra_283,19,0.0,4.309609902494637,0.0,0.0,-28.394946562740216,32.70455646523485,0.0,0.0,
Fra_283,20,0.0,4.054614872958575,0.0,0.0,-28.709028450695662,32.763643323654236,0.0,0.0,
Fra_283,21,0.0,3.887061960961898,0.0,0.0,-29.284082406644707,33.1711443676066,7.105427357601002e-15,0.0,
Fra_283,22,0.0,3.8018684294040943,0.0,0.0,-30.16947607196839,33.971344501372485,0.0,0.0,
Fra_283,23,0.0,3.742870847850143,0.0,0.0,-28.747944074291297,32.49081492214144,0.0,0.0,
Fra_283,24,0.0,3.6895586741660678,0.0,0.0,-26.571961327569205,30.26152000173527,3.552713678800501e-15,0.0,
Fra_284,1,0.0,4.7179044157025025,0.0,0.0,-1474.0421359090028,1478.7600403247052,2.2737367544323206e-13,0.0,
Fra_284,2,0.0,4.598479930337304,0.0,0.0,-1407.2419280153872,1411.840407945724,4.547473508864641e-13,0.0,
Fra_284,3,0.0,4.5364506976384815,0.0,0.0,-1373.418100051309,1377.9545507489474,0.0,0.0,
Fra_284,4,0.0,4.548314844442909,0.0,0.0,-1409.8778418222862,1414.4261566667292,0.0,0.0,
Fra_284,5,0.0,4.7428242405252625,0.0,0.0,-1523.8678324069701,1528.6106566474955,0.0,0.0,
Fra_284,6,0.0,5.530958908251762,0.0,0.0,-1666.9937954106977,1672.5247543189494,0.0,0.0,
Fra_284,7,0.0,7.297158977587626,0.0,0.0,-1767.6465305252448,1774.9436895028323,0.0,0.0,
Fra_284,8,0.0,9.833403028739346,0.0,0.0,-1821.218679429219,1831.0520824579585,0.0,0.0,
Fra_284,9,0.0,12.507282450576449,0.0,0.0,-1843.0441552777793,1855.5514377283557,0.0,0.0,
Fra_284,10,0.0,14.764559255220162,0.0,0.0,-1849.165164744786,1863.929724000006,0.0,0.0,
Fra_284,11,0.0,16.152593195791905,0.0,0.0,-1853.4571339860495,1869.6097271818412,2.2737367544323206e-13,0.0,
Fra_284,12,0.0,16.77456617476403,0.0,0.0,-1829.7131001069738,1846.4876662817378,0.0,0.0,
Fra_284,13,0.0,16.67122431018826,0.0,0.0,-1770.0353013039046,1786.706525614093,0.0,0.0,
Fra_284,14,0.0,15.583456100894598,0.0,0.0,-1712.9008827272532,1728.4843388281479,0.0,0.0,
Fra_284,15,0.0,13.724313651250595,0.0,0.0,-1661.3011612428656,1675.0254748941163,0.0,0.0,
Fra_284,16,0.0,11.279635660471282,0.0,0.0,-1633.8718952631334,1645.1515309236047,0.0,0.0,
Fra_284,17,0.0,8.520736616776722,0.0,0.0,-1652.5105415833125,1661.0312782000892,0.0,0.0,
Fra_284,18,0.0,6.461048231439714,0.0,0.0,-1676.1480516414554,1682.6090998728953,-2.2737367544323206e-13,0.0,
Fra_284,19,0.0,5.769165599437875,0.0,0.0,-1672.2955849514826,1678.0647505509205,0.0,0.0,
Fra_284,20,0.0,5.429429507737777,0.0,0.0,-1675.6670568332634,1681.096486341001,0.0,0.0,
Fra_284,21,0.0,5.205063753404531,0.0,0.0,-1696.8002258730367,1702.005289626441,2.2737367544323206e-13,0.0,
Fra_284,22,0.0,5.090983307147297,0.0,0.0,-1737.9724273577508,1743.0634106648981,0.0,0.0,
Fra_284,23,0.0,5.011981177423334,0.0,0.0,-1662.0857302829447,1667.097711460368,2.2737367544323206e-13,0.0,
Fra_284,24,0.0,4.940592229769532,0.0,0.0,-1547.7724086936305,1552.7130009234,0.0,0.0,
Fra_285,1,0.0,26.397213819323962,0.0,0.0,-260.93959780935995,287.33681162868396,-5.684341886080802e-14,0.0,
Fra_285,2,0.0,25.729020189763443,0.0,0.0,-248.60468526970197,274.3337054594654,0.0,0.0,
Fra_285,3,0.0,25.381959551326236,0.0,0.0,-242.36740909843695,267.7493686497632,0.0,0.0,
Fra_285,4,0.0,25.40181078878725,0.0,0.0,-249.4343296654751,274.83614045426236,0.0,0.0,
Fra_285,5,0.0,25.92582714179696,0.0,0.0,-271.09742228701185,297.0232494288088,0.0,0.0,
Fra_285,6,0.0,27.98711679137775,0.0,0.0,-296.99997859329994,324.9870953846777,0.0,0.0,
Fra_285,7,0.0,32.54977760950172,0.0,0.0,-312.3382682226062,344.8880458321079,0.0,0.0,
Fra_285,8,0.0,39.04964405804345,0.0,0.0,-316.7407837006109,355.79042775865435,0.0,0.0,
Fra_285,9,0.0,46.15055736481558,0.0,0.0,-314.4003226906216,360.5508800554372,0.0,0.0,
Fra_285,10,0.0,52.61255990573948,0.0,0.0,-309.56629899586653,362.17885890160596,5.684341886080802e-14,0.0,
Fra_285,11,0.0,56.955647466843345,0.0,0.0,-306.326888812974,363.28253627981735,0.0,0.0,
Fra_285,12,0.0,59.301026919901005,0.0,0.0,-299.4886781525887,358.7897050724897,0.0,0.0,
Fra_285,13,0.0,59.787189453259074,0.0,0.0,-287.3864846970026,347.17367415026166,0.0,0.0,
Fra_285,14,0.0,57.67307076162781,0.0,0.0,-278.1874916863121,335.8605624479399,0.0,0.0,
Fra_285,15,0.0,53.49595464331988,0.0,0.0,-271.9770539776155,325.4730086209354,0.0,0.0,
Fra_285,16,0.0,47.77686980424879,0.0,0.0,-271.8913540124016,319.6682238166504,0.0,0.0,
Fra_285,17,0.0,40.81435201775995,0.0,0.0,-281.939454197298,322.7538062150579,5.684341886080802e-14,0.0,
Fra_285,18,0.0,35.01114106942528,0.0,0.0,-291.93543632708474,326.94657739651007,-5.684341886080802e-14,0.0,
Fra_285,19,0.0,32.262066569005725,0.0,0.0,-293.80150154303885,326.0635681120446,-5.684341886080802e-14,0.0,
Fra_285,20,0.0,30.378277939605123,0.0,0.0,-296.2743845974086,326.65266253701367,5.684341886080802e-14,0.0,
Fra_285,21,0.0,29.122925929683852,0.0,0.0,-301.5925113017897,330.71543723147363,-5.684341886080802e-14,0.0,
Fra_285,22,0.0,28.48463280902772,0.0,0.0,-310.20877871776446,338.69341152679226,-5.684341886080802e-14,0.0,
Fra_285,23,0.0,28.042606874045966,0.0,0.0,-295.88996367290724,323.9325705469531,1.1368683772161603e-13,0.0,
Fra_285,24,0.0,27.643177561895875,0.0,0.0,-274.0633812397403,301.70655880163616,0.0,0.0,
Fra_286,1,0.0,4.931098297678112,0.0,0.0,-124.13687301778376,129.06797131546188,0.0,0.0,
Fra_286,2,0.0,4.806277227856221,0.0,0.0,-118.42086734303456,123.22714457089079,-1.4210854715202004e-14,0.0,
Fra_286,3,0.0,4.741445002186405,0.0,0.0,-115.52810082015213,120.26954582233854,0.0,0.0,
Fra_286,4,0.0,4.755549102816116,0.0,0.0,-118.69728275516037,123.45283185797649,0.0,0.0,
Fra_286,5,0.0,4.979511031149259,0.0,0.0,-128.43948258823906,133.41899361938835,-2.842170943040401e-14,0.0,
Fra_286,6,0.0,5.8892542209613605,0.0,0.0,-140.0907365336154,145.97999075457676,0.0,0.0,
Fra_286,7,0.0,7.93005240258561,0.0,0.0,-146.989187336276,154.9192397388616,0.0,0.0,
Fra_286,8,0.0,10.862522854978414,0.0,0.0,-148.95392552829495,159.81644838327335,0.0,0.0,
Fra_286,9,0.0,13.94503803264822,0.0,0.0,-148.00974381721832,161.95478184986652,2.842170943040401e-14,0.0,
Fra_286,10,0.0,16.530166440641384,0.0,0.0,-146.15588240501484,162.68604884565622,0.0,0.0,
Fra_286,11,0.0,18.106270869524643,0.0,0.0,-145.07553554852572,163.18180641805037,0.0,0.0,
Fra_286,12,0.0,18.79789755756514,0.0,0.0,-142.36578731836292,161.16368487592808,-2.842170943040401e-14,0.0,
Fra_286,13,0.0,18.650910735434728,0.0,0.0,-137.29500361756055,155.94591435299526,2.842170943040401e-14,0.0,
Fra_286,14,0.0,17.368539181422005,0.0,0.0,-133.49567203577456,150.86421121719656,0.0,0.0,
Fra_286,15,0.0,15.197438677758127,0.0,0.0,-131.00081800412406,146.19825668188219,0.0,0.0,
Fra_286,16,0.0,12.35084157757723,0.0,0.0,-131.23998101201028,143.59082258958753,-2.842170943040401e-14,0.0,
Fra_286,17,0.0,9.156978174608094,0.0,0.0,-135.8198480329349,144.976826207543,0.0,0.0,
Fra_286,18,0.0,6.794725496595344,0.0,0.0,-140.06543917883346,146.86016467542882,-2.842170943040401e-14,0.0,
Fra_286,19,0.0,6.030489342780475,0.0,0.0,-140.4330390076586,146.46352835043908,0.0,0.0,
Fra_286,20,0.0,5.674775969148691,0.0,0.0,-141.05336596112733,146.72814193027602,0.0,0.0,
Fra_286,21,0.0,5.440271517221344,0.0,0.0,-143.11281614400187,148.5530876612232,0.0,0.0,
Fra_286,22,0.0,5.321035974325411,0.0,0.0,-146.81565432961912,152.13669030394453,0.0,0.0,
Fra_286,23,0.0,5.238463875980605,0.0,0.0,-140.26784799027206,145.50631186625267,0.0,0.0,
Fra_286,24,0.0,5.16384898614158,0.0,0.0,-130.35882649832797,135.52267548446954,0.0,0.0,
Fra_287,1,0.0,3.004639826277219,0.0,0.0,-233.75108353669683,236.75572336297404,0.0,0.0,
Fra_287,2,0.0,2.9285832695215,0.0,0.0,-223.11302452430922,226.04160779383074,0.0,0.0,
Fra_287,3,0.0,2.8890793952293485,0.0,0.0,-217.7272596507147,220.61633904594402,2.842170943040401e-14,0.0,
Fra_287,4,0.0,2.9094258377723685,0.0,0.0,-223.5461712390944,226.45559707686675,2.842170943040401e-14,0.0,
Fra_287,5,0.0,3.1884176619119438,0.0,0.0,-241.54859976213282,244.73701742404478,0.0,0.0,
Fra_287,6,0.0,4.33590464757512,0.0,0.0,-263.4423671836777,267.7782718312528,0.0,0.0,
Fra_287,7,0.0,6.922985179182476,0.0,0.0,-277.25299042029053,284.17597559947296,5.684341886080802e-14,0.0,
Fra_287,8,0.0,10.652316729644966,0.0,0.0,-282.50684937983664,293.1591661094816,0.0,0.0,
Fra_287,9,0.0,14.515769728627568,0.0,0.0,-282.565846555864,297.0816162844916,0.0,0.0,
Fra_287,10,0.0,17.64878328110402,0.0,0.0,-280.7742319949042,298.4230152760082,5.684341886080802e-14,0.0,
Fra_287,11,0.0,19.473748118118706,0.0,0.0,-279.85865963898743,299.3324077571061,0.0,0.0,
Fra_287,12,0.0,20.181756163447332,0.0,0.0,-275.4487120600177,295.6304682234651,0.0,0.0,
Fra_287,13,0.0,19.82335633642385,0.0,0.0,-266.2358989679227,286.0592553043466,-5.684341886080802e-14,0.0,
Fra_287,14,0.0,18.038717957735685,0.0,0.0,-258.6989195233068,276.7376374810425,0.0,0.0,
Fra_287,15,0.0,15.143514331840619,0.0,0.0,-253.0351334174498,268.1786477492904,0.0,0.0,
Fra_287,16,0.0,11.398700642363298,0.0,0.0,-251.99700259830328,263.3957032406666,0.0,0.0,
Fra_287,17,0.0,7.312294702022817,0.0,0.0,-258.62582309593716,265.93811779796,0.0,0.0,
Fra_287,18,0.0,4.427921131783719,0.0,0.0,-264.964896982274,269.3928181140577,0.0,0.0,
Fra_287,19,0.0,3.6788383239486,0.0,0.0,-264.98641028484855,268.6652486087972,-5.684341886080802e-14,0.0,
Fra_287,20,0.0,3.4577809755148547,0.0,0.0,-265.6928613283055,269.1506423038204,0.0,0.0,
Fra_287,21,0.0,3.3148916285245518,0.0,0.0,-269.1833383240746,272.4982299525991,5.684341886080802e-14,0.0,
Fra_287,22,0.0,3.24223847110086,0.0,0.0,-275.82956994000864,279.0718084111095,0.0,0.0,
Fra_287,23,0.0,3.1919252548052315,0.0,0.0,-263.71745411068747,266.9093793654927,0.0,0.0,
Fra_287,24,0.0,3.1464605619295725,0.0,0.0,-245.44944390137564,248.5959044633052,0.0,0.0,
Fra_288,1,0.0,4.452261264869644,0.0,0.0,-195.19320826292628,199.6454695277959,0.0,0.0,
Fra_288,2,0.0,4.339561014203525,0.0,0.0,-186.2711759926923,190.61073700689582,0.0,0.0,
Fra_288,3,0.0,4.281024357734736,0.0,0.0,-181.75482714649573,186.03585150423046,0.0,0.0,
Fra_288,4,0.0,4.298048738500448,0.0,0.0,-186.66178683977182,190.95983557827225,2.842170943040401e-14,0.0,
Fra_288,5,0.0,4.5522874436635625,0.0,0.0,-201.82344895003177,206.37573639369532,2.842170943040401e-14,0.0,
Fra_288,6,0.0,5.59020312141005,0.0,0.0,-220.2151884007655,225.80539152217554,0.0,0.0,
Fra_288,7,0.0,7.923256945142041,0.0,0.0,-231.7095817934415,239.63283873858356,-2.842170943040401e-14,0.0,
Fra_288,8,0.0,11.28001832839329,0.0,0.0,-235.92794155933666,247.20795988772994,0.0,0.0,
Fra_288,9,0.0,14.787838903425067,0.0,0.0,-235.72774707150472,250.5155859749298,0.0,0.0,
Fra_288,10,0.0,17.69057401569149,0.0,0.0,-233.95615349060853,251.6467275063,0.0,0.0,
Fra_288,11,0.0,19.429226897485552,0.0,0.0,-232.98435045005562,252.4135773475412,-2.842170943040401e-14,0.0,
Fra_288,12,0.0,20.158300810343697,0.0,0.0,-229.13359717139735,249.29189798174104,0.0,0.0,
Fra_288,13,0.0,19.92745671977309,0.0,0.0,-221.293467221529,241.22092394130206,2.842170943040401e-14,0.0,
Fra_288,14,0.0,18.40340300185819,0.0,0.0,-214.95701923474357,233.36042223660175,0.0,0.0,
Fra_288,15,0.0,15.8692104851201,0.0,0.0,-210.27380006906378,226.1430105541839,0.0,0.0,
Fra_288,16,0.0,12.565232910359647,0.0,0.0,-209.5445353272884,222.10976823764804,0.0,0.0,
Fra_288,17,0.0,8.900260195558058,0.0,0.0,-215.3534120660994,224.25367226165747,-2.842170943040401e-14,0.0,
Fra_288,18,0.0,6.239945671064037,0.0,0.0,-220.92692022700552,227.16686589806955,2.842170943040401e-14,0.0,
Fra_288,19,0.0,5.446469444451011,0.0,0.0,-221.1068697627805,226.55333920723152,-2.842170943040401e-14,0.0,
Fra_288,20,0.0,5.123723703936408,0.0,0.0,-221.8389262087439,226.96264991268032,0.0,0.0,
Fra_288,21,0.0,4.911990936766214,0.0,0.0,-224.87352931008235,229.78552024684856,0.0,0.0,
Fra_288,22,0.0,4.804333827338638,0.0,0.0,-230.5243899340246,235.32872376136328,-2.842170943040401e-14,0.0,
Fra_288,23,0.0,4.729779938361675,0.0,0.0,-220.3429135867737,225.07269352513538,0.0,0.0,
Fra_288,24,0.0,4.66241056874898,0.0,0.0,-204.96735197419704,209.62976254294603,0.0,0.0,
Fra_289,1,0.0,23.713520466172668,0.0,0.0,-498.09933154716435,521.8128520133371,0.0,0.0,
Fra_289,2,0.0,23.113259263668407,0.0,0.0,-475.0855355158172,498.1987947794856,0.0,0.0,
Fra_289,3,0.0,22.801482816013202,0.0,0.0,-463.4399454505904,486.2414282666036,5.684341886080802e-14,0.0,
Fra_289,4,0.0,22.791496893319692,0.0,0.0,-476.31973592743265,499.1112328207523,0.0,0.0,
Fra_289,5,0.0,22.924868282590648,0.0,0.0,-516.4788649884696,539.4037332710602,0.0,0.0,
Fra_289,6,0.0,23.372545799014496,0.0,0.0,-566.8144272831361,590.1869730821506,-1.1368683772161603e-13,0.0,
Fra_289,7,0.0,24.291004800922742,0.0,0.0,-602.0367316309977,626.3277364319205,0.0,0.0,
Fra_289,8,0.0,25.532002327904443,0.0,0.0,-620.5948088364996,646.1268111644041,0.0,0.0,
Fra_289,9,0.0,27.2118773736513,0.0,0.0,-627.5600676174193,654.7719449910707,0.0,0.0,
Fra_289,10,0.0,29.329412476692717,0.0,0.0,-628.3989942358038,657.7284067124966,-1.1368683772161603e-13,0.0,
Fra_289,11,0.0,31.18437052386701,0.0,0.0,-628.5483496532449,659.732720177112,-1.1368683772161603e-13,0.0,
Fra_289,12,0.0,32.612942061632204,0.0,0.0,-618.9606527579541,651.5735948195863,0.0,0.0,
Fra_289,13,0.0,33.68603614870853,0.0,0.0,-596.792474507294,630.4785106560025,0.0,0.0,
Fra_289,14,0.0,34.16163733059653,0.0,0.0,-575.7719001663015,609.9335374968981,-1.1368683772161603e-13,0.0,
Fra_289,15,0.0,34.13093951745405,0.0,0.0,-556.9384675633389,591.0694070807931,-1.1368683772161603e-13,0.0,
Fra_289,16,0.0,33.75184882291796,0.0,0.0,-546.775883152348,580.527731975266,0.0,0.0,
Fra_289,17,0.0,32.563446081444475,0.0,0.0,-553.5678023465476,586.1312484279921,0.0,0.0,
Fra_289,18,0.0,30.770634020500246,0.0,0.0,-562.974821148465,593.7454551689652,0.0,0.0,
Fra_289,19,0.0,28.97191057076462,0.0,0.0,-563.1699714588265,592.1418820295911,0.0,0.0,
Fra_289,20,0.0,27.289846594361403,0.0,0.0,-565.9218497769976,593.211696371359,0.0,0.0,
Fra_289,21,0.0,26.16212092667268,0.0,0.0,-574.4277044020836,600.5898253287562,0.0,0.0,
Fra_289,22,0.0,25.588720374489554,0.0,0.0,-589.4893617729196,615.0780821474092,-1.1368683772161603e-13,0.0,
Fra_289,23,0.0,25.191633351309264,0.0,0.0,-563.080288853883,588.2719222051923,0.0,0.0,
Fra_289,24,0.0,24.832812332042202,0.0,0.0,-523.0759607452435,547.9087730772857,0.0,0.0,
Fra_290,1,0.0,5.856983359577622,0.0,0.0,-246.0044776109924,251.86146097057005,-2.842170943040401e-14,0.0,
Fra_290,2,0.0,5.708725327646738,0.0,0.0,-234.75502680648307,240.4637521341298,0.0,0.0,
Fra_290,3,0.0,5.631719913438854,0.0,0.0,-229.06061477155146,234.69233468499027,2.842170943040401e-14,0.0,
Fra_290,4,0.0,5.6495236804350935,0.0,0.0,-235.25463151627144,240.90415519670654,0.0,0.0,
Fra_290,5,0.0,5.928288610617457,0.0,0.0,-254.42369733693556,260.35198594755303,0.0,0.0,
Fra_290,6,0.0,7.06191527291889,0.0,0.0,-277.8014274231129,284.8633426960318,0.0,0.0,
Fra_290,7,0.0,9.60610355730842,0.0,37.24217387044719,-329.94334031518486,302.3072700020461,0.0,0.0,
Fra_290,8,0.0,13.262971168469127,0.0,123.58626846902436,-422.1869127792386,311.8636154786833,5.684341886080802e-14,0.0,
Fra_290,9,0.0,17.101876264130915,0.0,0.0,-298.9344536800342,316.0363299441651,0.0,0.0,
Fra_290,10,0.0,20.31176903989199,0.0,300.16736344770794,-597.3189086924182,317.46331428460223,0.0,0.0,
Fra_290,11,0.0,22.261160565466827,0.0,0.0,-296.1695682155268,318.4307287809936,0.0,0.0,
Fra_290,12,0.0,23.108288892003088,0.0,84.53566447822455,-375.91996979490693,314.49259420868555,-5.684341886080802e-14,0.0,
Fra_290,13,0.0,22.909652042117497,0.0,0.0,-281.4010566567769,304.3107086988944,0.0,0.0,
Fra_290,14,0.0,21.296741668264648,0.0,0.0,-273.0976015454022,294.39434321366684,0.0,0.0,
Fra_290,15,0.0,18.577322214252483,0.0,0.0,-266.71194160512965,285.28926381938214,0.0,0.0,
Fra_290,16,0.0,15.01638567446537,0.0,0.0,-265.1847671815492,280.20115285601463,-5.684341886080802e-14,0.0,
Fra_290,17,0.0,11.031348804009335,0.0,0.0,-271.8744324161993,282.9057812202086,0.0,0.0,
Fra_290,18,0.0,8.096274638225532,0.0,0.0,-278.4846273202213,286.5809019584468,0.0,0.0,
Fra_290,19,0.0,7.163186786395649,0.0,0.0,-278.64372451218605,285.80691129858167,5.684341886080802e-14,0.0,
Fra_290,20,0.0,6.740297275413284,0.0,0.0,-279.5829773171067,286.32327459251997,5.684341886080802e-14,0.0,
Fra_290,21,0.0,6.461761219189851,0.0,0.0,-283.42268732922156,289.88444854841134,5.684341886080802e-14,0.0,
Fra_290,22,0.0,6.320137477691833,0.0,53.93073483726489,-344.48803873133767,296.87744137176463,-5.684341886080802e-14,0.0,
Fra_290,23,0.0,6.2220612730056155,0.0,0.0,-277.7169509665364,283.939012239542,0.0,0.0,
Fra_290,24,0.0,6.133436357868624,0.0,0.0,-258.3236453973937,264.4570817552624,-5.684341886080802e-14,0.0,
Fra_291,1,0.0,5.123469778520968,0.0,0.0,-64.0893412058943,69.21281098441528,-1.4210854715202004e-14,0.0,
Fra_291,2,0.0,4.993779202436479,0.0,0.0,-61.08688340043614,66.08066260287262,0.0,0.0,
Fra_291,3,0.0,4.926417748893774,0.0,0.0,-59.56822997309906,64.49464772199283,0.0,0.0,
Fra_291,4,0.0,4.9446290257149546,0.0,0.0,-61.257058579592,66.20168760530696,0.0,0.0,
Fra_291,5,0.0,5.220464500652787,0.0,0.0,-66.32558594852938,71.54605044918216,0.0,0.0,
Fra_291,6,0.0,6.345221032304974,0.0,0.0,-71.93667496889782,78.2818960012028,0.0,0.0,
Fra_291,7,0.0,8.872274029075568,0.0,0.0,-74.20330195319477,83.07557598227034,0.0,0.0,
Fra_291,8,0.0,12.507055520418534,0.0,0.0,-73.19465282298168,85.70170834340021,0.0,0.0,
Fra_291,9,0.0,16.310657292676566,0.0,0.0,-70.53773421724857,86.84839150992514,0.0,0.0,
Fra_291,10,0.0,19.468122590142627,0.0,0.0,-67.77241147724959,87.24053406739222,0.0,0.0,
Fra_291,11,0.0,21.36739145699143,0.0,0.0,-66.13899303636234,87.50638449335375,1.4210854715202004e-14,0.0,
Fra_291,12,0.0,22.17273568585819,0.0,0.0,-64.25142938919319,86.4241650750514,-2.842170943040401e-14,0.0,
Fra_291,13,0.0,21.938649593091803,0.0,0.0,-61.68748153687551,83.6261311299673,1.4210854715202004e-14,0.0,
Fra_291,14,0.0,20.30260881727698,0.0,0.0,-60.59845462136286,80.90106343863984,0.0,0.0,
Fra_291,15,0.0,17.570944771699452,0.0,0.0,-60.82799652135195,78.39894129305141,-1.4210854715202004e-14,0.0,
Fra_291,16,0.0,14.004864586155565,0.0,0.0,-62.995837925074284,77.00070251122985,0.0,0.0,
Fra_291,17,0.0,10.038627083810923,0.0,0.0,-67.70532106346293,77.74394814727385,0.0,0.0,
Fra_291,18,0.0,7.1468828481353635,0.0,0.0,-71.60700717758377,78.75389002571912,1.4210854715202004e-14,0.0,
Fra_291,19,0.0,6.26705532612865,0.0,0.0,-72.27413812807647,78.54119345420511,1.4210854715202004e-14,0.0,
Fra_291,20,0.0,5.896159723991018,0.0,0.0,-72.7869329907239,78.68309271471492,0.0,0.0,
Fra_291,21,0.0,5.652506809397098,0.0,0.0,-74.0092146281955,79.66172143759259,0.0,0.0,
Fra_291,22,0.0,5.528619662219257,0.0,0.0,-76.05481178464973,81.58343144686899,0.0,0.0,
Fra_291,23,0.0,5.442826269980882,0.0,0.0,-72.58505901864353,78.02788528862442,0.0,0.0,
Fra_291,24,0.0,5.365300512017809,0.0,0.0,-67.30885115247932,72.67415166449712,1.4210854715202004e-14,0.0,
Fra_292,1,0.0,2.585229659524704,0.0,0.0,-767.860887218454,770.4461168779787,-1.1368683772161603e-13,0.0,
Fra_292,2,0.0,2.519789647511741,0.0,0.0,-733.0606495658429,735.5804392133547,0.0,0.0,
Fra_292,3,0.0,2.4858000203381097,0.0,0.0,-715.4398294994805,717.9256295198186,1.1368683772161603e-13,0.0,
Fra_292,4,0.0,2.493836629159677,0.0,0.0,-734.4337988885277,736.9276355176873,0.0,0.0,
Fra_292,5,0.0,2.619041994954612,0.0,0.0,-793.7996551005923,796.418697095547,-1.1368683772161603e-13,0.0,
Fra_292,6,59.04816140730182,3.1284082293942173,0.0,0.0,-809.222553418037,871.3991230547332,-1.1368683772161603e-13,0.0,
Fra_292,7,314.99999999999983,4.271761614008414,0.0,0.0,-605.488467201923,924.7602288159312,0.0,0.0,
Fra_292,8,404.9999999999998,5.915322777060521,0.0,0.0,-543.0778392381264,953.9931620151867,0.0,0.0,
Fra_292,9,103.49999999999991,7.6398811786002385,0.0,0.0,-855.6176459934563,966.7575271720563,2.2737367544323206e-13,0.0,
Fra_292,10,31.42639288091135,9.080319626130471,0.0,0.0,-930.615970571356,971.1226830783978,0.0,0.0,
Fra_292,11,0.0,9.953873395545326,0.0,0.0,-964.1281379551652,974.0820113507107,-1.1368683772161603e-13,0.0,
Fra_292,12,0.0,10.332133971222103,0.0,0.0,-951.7030938927039,962.0352278639259,1.1368683772161603e-13,0.0,
Fra_292,13,0.0,10.240381803048615,0.0,0.0,-920.648381161941,930.8887629649895,1.1368683772161603e-13,0.0,
Fra_292,14,0.0,9.513246520140457,0.0,0.0,-891.0412793122807,900.5545258324212,0.0,0.0,
Fra_292,15,0.0,8.289080099777365,0.0,0.0,-864.4129388974991,872.7020189972765,0.0,0.0,
Fra_292,16,0.0,6.686834323015023,0.0,0.0,-850.4506146965273,857.1374490195423,0.0,0.0,
Fra_292,17,0.0,4.89542316930204,0.0,0.0,-860.5155045029936,865.4109276722957,0.0,0.0,
Fra_292,18,0.0,3.5779981387165405,0.0,0.0,-873.0751517096994,876.653149848416,0.0,0.0,
Fra_292,19,0.0,3.1618436801475287,0.0,0.0,-871.1236628770123,874.2855065571597,1.1368683772161603e-13,0.0,
Fra_292,20,29.69999999999999,2.975117967838754,0.0,0.0,-843.1899478167632,875.8650657846019,0.0,0.0,
Fra_292,21,238.5,2.852174187809338,0.0,0.0,-645.4065497026038,886.7587238904131,1.1368683772161603e-13,0.0,
Fra_292,22,315.0,2.7896625031184774,0.0,0.0,-590.3606794035882,908.1503419067067,0.0,0.0,
Fra_292,23,49.50000000000006,2.7463723829862747,0.0,0.0,-816.3252168038408,868.5715891868269,2.2737367544323206e-13,0.0,
Fra_292,24,0.0,2.707253993003085,0.0,0.0,-806.2689622730979,808.9762162661011,-1.1368683772161603e-13,0.0,
Fra_293,1,0.0,1.200967747241899,0.0,0.0,-531.7183112370368,532.9192789842788,-1.1368683772161603e-13,0.0,
Fra_293,2,0.0,1.1705676071548707,0.0,0.0,-507.6320452076292,508.802612814784,0.0,0.0,
Fra_293,3,0.0,1.1547777349375556,0.0,0.0,-495.43596426062606,496.59074199556363,0.0,0.0,
Fra_293,4,0.0,1.1591575138173351,0.0,0.0,-508.5753139571756,509.73447147099296,-5.684341886080802e-14,0.0,
Fra_293,5,0.0,1.225160443077353,0.0,0.0,-549.6594095845203,550.8845700275976,0.0,0.0,
Fra_293,6,0.0,1.4944095150694836,0.0,0.0,-601.2542865879824,602.7486961030518,1.1368683772161603e-13,0.0,
Fra_293,7,0.0,2.0994491919028837,0.0,0.0,-637.5592415040159,639.6586906959187,0.0,0.0,
Fra_293,8,0.0,2.969801006864542,0.0,0.0,-656.9093740835654,659.87917509043,-1.1368683772161603e-13,0.0,
Fra_293,9,0.0,3.880128278787594,0.0,0.0,-664.8281863543993,668.708314633187,-1.1368683772161603e-13,0.0,
Fra_293,10,0.0,4.634962792613029,0.0,0.0,-667.092739812426,671.727702605039,0.0,0.0,
Fra_293,11,0.0,5.0883244402135555,0.0,0.0,-668.6863520603515,673.7746765005651,0.0,0.0,
Fra_293,12,0.0,5.279807071945189,0.0,0.0,-660.1620827103584,665.4418897823036,0.0,0.0,
Fra_293,13,0.0,5.222397841608791,0.0,0.0,-638.67541344743,643.8978112890386,1.1368683772161603e-13,0.0,
Fra_293,14,0.0,4.829429122819897,0.0,0.0,-618.0861234110789,622.9155525338988,0.0,0.0,
Fra_293,15,0.0,4.174268023382872,0.0,0.0,-599.4756440778822,603.6499121012652,-1.1368683772161603e-13,0.0,
Fra_293,16,0.0,3.3193799459207334,0.0,0.0,-589.5644847595236,592.8838647054442,1.1368683772161603e-13,0.0,
Fra_293,17,0.0,2.3694655794891695,0.0,0.0,-596.2371825649628,598.606648144452,0.0,0.0,
Fra_293,18,0.0,1.6779828043642206,0.0,0.0,-604.7049352245499,606.3829180289142,-1.1368683772161603e-13,0.0,
Fra_293,19,0.0,1.4690708151169358,0.0,0.0,-603.2761431251829,604.7452139402999,-1.1368683772161603e-13,0.0,
Fra_293,20,0.0,1.3820902566432363,0.0,0.0,-604.4557082864741,605.8377985431173,0.0,0.0,
Fra_293,21,0.0,1.3249767564962214,0.0,0.0,-612.0479891345664,613.3729658910624,1.1368683772161603e-13,0.0,
Fra_293,22,0.0,1.2959369700838677,0.0,0.0,-626.8736583020777,628.1695952721616,0.0,0.0,
Fra_293,23,0.0,1.2758265563488804,0.0,0.0,-599.5170581315008,600.7928846878497,0.0,0.0,
Fra_293,24,0.0,1.257654118739419,0.0,0.0,-558.3129796264886,559.570633745228,1.1368683772161603e-13,0.0,
Fra_294,1,0.0,1.4833615009740657,551.61616805483,0.0,-3300.0,3853.099529555804,0.0,0.14316167122691012,
Fra_294,2,0.0,1.4458131175700335,377.2860049731066,0.0,-3300.0,3678.731818090677,0.0,0.10255871415191237,
Fra_294,3,0.0,1.426310438496215,289.01154726437744,0.0,-3300.0,3590.4378577028738,0.0,0.08049479164340255,
Fra_294,4,0.0,1.4321166260420037,384.0372024173015,0.0,-3300.0,3685.4693190433436,0.0,0.10420306592512565,
Fra_294,5,0.0,1.518448535489901,681.4732751989136,0.0,-3300.0,3982.9917237344034,0.0,0.17109583008622795,
Fra_294,6,0.0,1.8710228852451107,1056.1073970764699,0.0,-3300.0,4357.978419961715,0.0,0.2423388312890608,
Fra_294,7,0.0,2.6636657507226538,1322.180466167865,0.0,-3300.0,4624.844131918588,0.0,0.2858864922696036,
Fra_294,8,0.0,3.804215171595561,1467.2375530126144,0.0,-3300.0,4771.04176818421,0.0,0.30752980675979785,
Fra_294,9,0.0,4.995580458255294,1529.882409758341,0.0,-3300.0,4834.877990216596,0.0,0.31642627029142556,
Fra_294,10,0.0,5.9804702696986,1550.7282227056032,0.0,-3300.0,4856.708692975302,0.0,0.3192961161019523,
Fra_294,11,0.0,6.569608385326453,1564.9390636203786,0.0,-3300.0,4871.508672005705,0.0,0.3212432059524713,
Fra_294,12,0.0,6.815785890643884,1504.4453817552696,0.0,-3300.0,4811.261167645914,0.0,0.3126925205956705,
Fra_294,13,0.0,6.735806384487348,1348.7579083268488,0.0,-3300.0,4655.493714711336,0.0,0.2897131842461264,
Fra_294,14,0.0,6.216583469465968,1197.571733207598,0.0,-3300.0,4503.788316677063,9.094947017729282e-13,0.26590320170535403,
Fra_294,15,0.0,5.354315964641447,1059.1400531767729,0.0,-3300.0,4364.494369141415,0.0,0.242671879855152,
Fra_294,16,0.0,4.230578447798177,982.4233863549391,0.0,-3300.0,4286.653964802737,0.0,0.22918187341957472,
Fra_294,17,0.0,2.98508400876363,1025.0456052739319,0.0,-3300.0,4328.030689282696,0.0,0.2368388024170451,
Fra_294,18,0.0,2.082249713582832,1082.172229953705,0.0,-3300.0,4384.254479667288,0.0,0.24683152745180723,
Fra_294,19,0.0,1.814651432253168,1070.5989414399107,0.0,-3300.0,4372.413592872164,0.0,0.2448530814159903,
Fra_294,20,0.0,1.7070728854161341,1078.606097624734,0.0,-3300.0,4380.3131705101505,0.0,0.24623949376183868,
Fra_294,21,0.0,1.636529802557728,1133.1572176137784,0.0,-3300.0,4434.7937474163355,9.094947017729282e-13,0.2555152014169642,
Fra_294,22,0.0,1.6006616443498802,1240.1753023207816,0.0,-3300.0,4541.775963965131,0.0,0.27305955030817164,
Fra_294,23,0.0,1.575822498109984,1042.2617390991295,0.0,-3300.0,4343.837561597239,9.094947017729282e-13,0.23994031183704934,
Fra_294,24,0.0,1.553377020793349,744.2401055238416,0.0,-3300.0,4045.7934825446355,-4.547473508864641e-13,0.18395405221122302,
Fra_295,1,0.0,14.509144091095239,0.0,0.0,-492.80794360880327,507.3170876998985,5.684341886080802e-14,0.0,
Fra_295,2,0.0,14.141873601171476,0.0,0.0,-470.2171464726923,484.3590200738638,0.0,0.0,
Fra_295,3,0.0,13.95111283202747,0.0,0.0,-458.7827118629372,472.7338246949647,0.0,0.0,
Fra_295,4,0.0,13.985898895238272,0.0,0.0,-471.26021203508105,485.24611093031933,0.0,0.0,
Fra_295,5,0.0,14.563462057473501,0.0,0.0,-509.8558388503027,524.4193009077762,0.0,0.0,
Fra_295,6,0.0,16.901431676700593,0.0,4.577075520223701,-561.467445304945,573.791801461422,0.0,0.0,
Fra_295,7,0.0,22.13872228957107,0.0,615.0104165988126,-1201.8002823390937,608.9285880298521,0.0,0.0,
Fra_295,8,0.0,29.65751211446775,0.0,252.08870709283707,-850.608846908586,628.1776519302167,-1.1368683772161603e-13,0.0,
Fra_295,9,0.0,37.593400447048936,0.0,721.7124030273524,-1320.7016297785658,636.5826271982622,1.1368683772161603e-13,0.0,
Fra_295,10,0.0,44.309921306461995,0.0,1457.2725553851978,-2052.419593606344,639.4569595276078,2.2737367544323206e-13,0.0,
Fra_295,11,0.0,48.45351390115272,0.0,1195.862303974648,-1788.8143839932673,641.405593919772,0.0,0.0,
Fra_295,12,0.0,50.324831385623305,0.0,1394.948974525854,-1978.0972691290433,633.4731259888124,2.2737367544323206e-13,0.0,
Fra_295,13,0.0,50.04591194504061,0.0,289.7638234398054,-852.6819668055326,612.9640553107677,2.2737367544323206e-13,0.0,
Fra_295,14,0.0,46.84579579664902,0.0,503.3471206448329,-1049.4911386090653,592.9898137608814,0.0,0.0,
Fra_295,15,0.0,41.355765040858095,0.0,87.37777656217156,-620.6717332975596,574.6497217762462,-1.1368683772161603e-13,0.0,
Fra_295,16,0.0,34.12838101990025,0.0,266.9974310781231,-797.2699404893227,564.4008904310999,0.0,0.0,
Fra_295,17,0.0,25.95346724857863,0.0,315.0901594753542,-858.9854355359851,569.8487433092095,1.1368683772161603e-13,0.0,
Fra_295,18,0.0,19.828273715249345,0.0,56.05895112246179,-613.4821076645707,577.2514302573583,0.0,0.0,
Fra_295,19,0.0,17.741502218384774,0.0,0.0,-557.9509015568885,575.6924037752733,0.0,0.0,
Fra_295,20,0.0,16.69732324334972,0.0,29.08348270251787,-589.1186585370989,576.7324990779307,0.0,0.0,
Fra_295,21,0.0,16.00732302887026,0.0,74.34589194522061,-642.2442353106838,583.9056663943335,0.0,0.0,
Fra_295,22,0.0,15.656487257968745,0.0,421.9735432397765,-1004.3085008822242,597.9914449004164,0.0,0.0,
Fra_295,23,0.0,15.413529117516951,0.0,0.0,-556.5164208583635,571.9299499758805,0.0,0.0,
Fra_295,24,0.0,15.193984074473423,0.0,0.0,-517.4940898399817,532.6880739144551,0.0,0.0,
Fra_296,1,0.0,9.894584697316954,0.0,0.0,-715.6807163923318,725.5753010896486,1.1368683772161603e-13,0.0,
Fra_296,2,0.0,9.644122716475087,0.0,0.0,-683.0960793117154,692.7402020281903,1.1368683772161603e-13,0.0,
Fra_296,3,0.0,9.514032438553105,0.0,0.0,-666.5995767904205,676.1136092289737,0.0,0.0,
Fra_296,4,0.0,9.53802136189806,0.0,0.0,-684.4709161985111,694.0089375604092,-1.1368683772161603e-13,0.0,
Fra_296,5,251.2,9.935124111693714,0.0,0.0,-488.9001129794516,750.0352370911454,-1.1368683772161603e-13,0.0,
Fra_296,6,503.0,11.54295937306351,0.0,0.0,-306.10584036620537,820.6487997392688,0.0,0.0,
Fra_296,7,503.0,15.145010805001645,0.0,0.0,-352.75714154515447,870.902152350156,1.1368683772161603e-13,0.0,
Fra_296,8,452.4,20.31651811916784,0.0,0.0,-425.7160401128868,898.4325582320547,-1.1368683772161603e-13,0.0,
Fra_296,9,486.1826568102465,25.773435653445325,0.0,0.0,-398.4974337361729,910.4535261998649,-1.1368683772161603e-13,0.0,
Fra_296,10,503.0,30.389112247482274,0.0,0.0,-381.17534298643545,914.5644552339177,0.0,0.0,
Fra_296,11,402.4,33.23445412887704,0.0,0.0,-481.71697796840317,917.3514320972802,0.0,0.0,
Fra_296,12,503.0,34.517104522896446,0.0,0.0,-368.4891492885804,906.0062538114769,0.0,0.0,
Fra_296,13,183.61992523586486,34.32080032175349,0.0,0.0,-658.7330348427674,876.6737604003858,0.0,0.0,
Fra_296,14,312.41504115055085,32.11572420975586,0.0,0.0,-503.5754252144609,848.1061905747677,0.0,0.0,
Fra_296,15,150.6,28.336130856327546,0.0,0.0,-642.939684108393,821.8758149647205,0.0,0.0,
Fra_296,16,150.6,23.361812251154156,0.0,0.0,-633.2559139770195,807.2177262281737,0.0,0.0,
Fra_296,17,467.8775377948208,17.73837435667656,0.0,0.0,-329.3934449682121,815.0093571197094,0.0,0.0,
Fra_296,18,351.8,13.5285140779086,0.0,0.0,-460.2683177031172,825.5968317810258,0.0,0.0,
Fra_296,19,128.72695811220274,12.099005530759198,0.0,0.0,-682.541116496395,823.367080139357,0.0,0.0,
Fra_296,20,420.3623139156871,11.386824612983187,0.0,0.0,-393.1055072391365,824.8546457678067,0.0,0.0,
Fra_296,21,370.11746999933786,10.916275453055551,0.0,0.0,-454.0801112932311,835.1138567456245,0.0,0.0,
Fra_296,22,503.0,10.677021212540838,0.0,0.0,-341.5826047737186,855.2596259862594,0.0,0.0,
Fra_296,23,452.4,10.511334671452705,0.0,0.0,-355.0746068969416,817.9859415683943,0.0,0.0,
Fra_296,24,279.54851070062773,10.361614811367815,0.0,0.0,-471.95128027999993,761.8614057919955,0.0,0.0,
Fra_297,1,0.0,18.309182852093915,0.0,0.0,-109.92701320936291,128.23619606145684,0.0,0.0,
Fra_297,2,0.0,17.845721843369127,0.0,0.0,-104.58728853271626,122.43301037608539,-1.4210854715202004e-14,0.0,
Fra_297,3,0.0,17.604999593914922,0.0,0.0,-101.88947220342837,119.49447179734328,1.4210854715202004e-14,0.0,
Fra_297,4,0.0,17.648914505990554,0.0,0.0,-105.0083287212068,122.65724322719734,0.0,0.0,
Fra_297,5,0.0,18.377965355841205,0.0,0.0,-114.18121295711742,132.55917831295864,0.0,0.0,
Fra_297,6,0.0,21.3291805885759,0.0,0.0,-123.71004583344028,145.03922642201618,0.0,0.0,
Fra_297,7,0.0,27.940226896209793,0.0,0.0,-125.98063974767913,153.92086664388893,0.0,0.0,
Fra_297,8,0.0,37.43123698480553,0.0,0.0,-121.35527836710968,158.78651535191523,-2.842170943040401e-14,0.0,
Fra_297,9,0.0,47.448652330906825,0.0,0.0,-113.46241605203573,160.91106838294255,2.842170943040401e-14,0.0,
Fra_297,10,0.0,55.926679822844854,0.0,0.0,-105.71094292435714,161.637622747202,0.0,0.0,
Fra_297,11,0.0,61.15684167468328,0.0,0.0,-100.97334374786362,162.1301854225469,0.0,0.0,
Fra_297,12,0.0,63.51871199912078,0.0,0.0,-96.60635761418398,160.1250696133048,-2.842170943040401e-14,0.0,
Fra_297,13,0.0,63.16632648583773,0.0,0.0,-91.7745983937817,154.94092487961944,0.0,0.0,
Fra_297,14,0.0,59.12652949663371,0.0,0.0,-90.76544115362353,149.89197065025724,0.0,0.0,
Fra_297,15,0.0,52.19619545847253,0.0,0.0,-93.05989028163938,145.2560857401119,2.842170943040401e-14,0.0,
Fra_297,16,0.0,43.07280750073157,0.0,0.0,-99.59264768968663,142.66545519041821,-2.842170943040401e-14,0.0,
Fra_297,17,0.0,32.7535248184427,0.0,0.0,-111.28900192491422,144.0425267433569,2.842170943040401e-14,0.0,
Fra_297,18,0.0,25.02187140246226,0.0,0.0,-120.89185668198952,145.91372808445178,0.0,0.0,
Fra_297,19,0.0,22.388123158553405,0.0,0.0,-123.1315247136034,145.51964787215678,2.842170943040401e-14,0.0,
Fra_297,20,0.0,21.070460289289933,0.0,0.0,-124.71209586722782,145.78255615651776,0.0,0.0,
Fra_297,21,0.0,20.19974455198865,0.0,0.0,-127.39599651919139,147.59574107118004,0.0,0.0,
Fra_297,22,0.0,19.7570226215866,0.0,0.0,-131.39922665635189,151.15624927793849,0.0,0.0,
Fra_297,23,0.0,19.450432171384463,0.0,0.0,-125.1181679738396,144.56860014522408,0.0,0.0,
Fra_297,24,0.0,19.173386860364236,0.0,0.0,-115.47591619347321,134.64930305383746,0.0,0.0,
Fra_298,1,0.0,5.675360000194191,0.0,0.0,-7106.197004168798,7111.872364168992,0.0,0.0,
Fra_298,2,0.0,5.5316994069380865,0.0,0.0,-6784.500831957322,6790.03253136426,0.0,0.0,
Fra_298,3,0.0,5.457081908344863,0.0,0.0,-6621.606553379297,6627.063635287641,9.094947017729282e-13,0.0,
Fra_298,4,0.0,5.477295111634485,0.0,0.0,-6796.991002954545,6802.468298066179,9.094947017729282e-13,0.0,
Fra_298,5,0.0,5.783331090530731,0.0,0.0,-7345.838019320337,7351.621350410867,0.0,0.0,
Fra_298,6,0.0,7.031275318658081,0.0,0.0,-8036.723123141837,8043.754398460495,0.0,0.0,
Fra_298,7,0.0,9.83513825048318,0.0,0.0,-8526.487611287403,8536.322749537885,0.0,0.0,
Fra_298,8,0.0,13.868102921445809,0.0,0.0,-8792.299461443783,8806.167564365229,0.0,0.0,
Fra_298,9,0.0,18.08821906528527,0.0,0.0,-8905.905282528567,8923.993501593854,-1.8189894035458565e-12,0.0,
Fra_298,10,0.0,21.591134758775485,0.0,0.0,-8942.696465248342,8964.287600007117,0.0,0.0,
Fra_298,11,0.0,23.697949784743265,0.0,0.0,-8967.906764937223,8991.604714721967,-1.8189894035458565e-12,0.0,
Fra_298,12,0.0,24.59102545476836,0.0,0.0,-8855.81164063599,8880.402666090758,0.0,0.0,
Fra_298,13,0.0,24.33080350394138,0.0,0.0,-8568.56352410117,8592.894327605112,-1.8189894035458565e-12,0.0,
Fra_298,14,0.0,22.515096211919698,0.0,0.0,-8290.368445401484,8312.883541613404,0.0,0.0,
Fra_298,15,0.0,19.4837987149262,0.0,0.0,-8036.29743646286,8055.781235177787,-9.094947017729282e-13,0.0,
Fra_298,16,0.0,15.526703535147618,0.0,0.0,-7896.580324375068,7912.107027910217,-9.094947017729282e-13,0.0,
Fra_298,17,0.0,11.125901739336715,0.0,0.0,-7977.352364726134,7988.478266465471,-9.094947017729282e-13,0.0,
Fra_298,18,0.0,7.917716441462245,0.0,0.0,-8084.335814062182,8092.2535305036445,0.0,0.0,
Fra_298,19,0.0,6.942145130364293,0.0,0.0,-8063.456025832334,8070.398170962698,0.0,0.0,
Fra_298,20,0.0,6.531282607068412,0.0,0.0,-8078.447562293912,8084.97884490098,0.0,0.0,
Fra_298,21,0.0,6.261383873359816,0.0,0.0,-8179.275182496017,8185.536566369377,-9.094947017729282e-13,0.0,
Fra_298,22,0.0,6.12415184310975,0.0,0.0,-8376.875226865983,8382.999378709093,-1.8189894035458565e-12,0.0,
Fra_298,23,0.0,6.029116953154529,0.0,0.0,-8011.624741140678,8017.653858093832,9.094947017729282e-13,0.0,
Fra_298,24,0.0,5.943240270994148,0.0,0.0,-7461.594683142384,7467.537923413378,9.094947017729282e-13,0.0,
Fra_299,1,0.0,7.316605161447119,0.0,0.0,-189.7656444299949,197.082249591442,0.0,0.0,
Fra_299,2,0.0,7.1313996699755275,0.0,0.0,-181.03211305311976,188.1635127230953,0.0,0.0,
Fra_299,3,0.0,7.035203697328371,0.0,0.0,-176.6121598307909,183.64736352811929,-2.842170943040401e-14,0.0,
Fra_299,4,0.0,7.055136102835613,0.0,0.0,-181.45299316447057,188.50812926730615,2.842170943040401e-14,0.0,
Fra_299,5,0.0,7.37537925469988,0.0,0.0,-196.3507282585846,203.7261075132845,0.0,0.0,
Fra_299,6,0.0,8.67501818085565,0.0,0.0,-214.23128986772647,222.9063080485821,2.842170943040401e-14,0.0,
Fra_299,7,0.0,11.589360209449838,0.0,0.0,-224.9668664171103,236.55622662656015,0.0,0.0,
Fra_299,8,0.0,15.776039273926585,0.0,0.0,-228.25805259311488,244.03409186704147,0.0,0.0,
Fra_299,9,0.0,20.181735852763232,0.0,0.0,-227.11751595812527,247.29925181088853,-2.842170943040401e-14,0.0,
Fra_299,10,0.0,23.885601275245996,0.0,0.0,-224.53026950093144,248.41587077617743,0.0,0.0,
Fra_299,11,0.0,26.15098849547814,0.0,0.0,-223.0218866453268,249.17287514080493,0.0,0.0,
Fra_299,12,0.0,27.152943697010134,0.0,0.0,-218.93833087770022,246.09127457471035,0.0,0.0,
Fra_299,13,0.0,26.957605509615178,0.0,0.0,-211.1663171184366,238.12392262805182,-2.842170943040401e-14,0.0,
Fra_299,14,0.0,25.139786120477694,0.0,0.0,-205.22455467211444,230.36434079259212,2.842170943040401e-14,0.0,
Fra_299,15,0.0,22.051466617906346,0.0,0.0,-201.18812581970028,223.23959243760663,0.0,0.0,
Fra_299,16,0.0,17.997943292535087,0.0,0.0,-201.26018905599292,219.25813234852802,0.0,0.0,
Fra_299,17,0.0,13.4401609596609,0.0,0.0,-207.93435013244334,221.37451109210423,0.0,0.0,
Fra_299,18,0.0,10.057440178360475,0.0,0.0,-214.19286246923224,224.25030264759272,0.0,0.0,
Fra_299,19,0.0,8.947481227053743,0.0,0.0,-214.69717171207955,223.64465293913332,-2.842170943040401e-14,0.0,
Fra_299,20,0.0,8.420050187496729,0.0,0.0,-215.62865837484964,224.04870856234632,5.684341886080802e-14,0.0,
Fra_299,21,0.0,8.072100019039967,0.0,0.0,-218.7632364446491,226.83533646368906,0.0,0.0,
Fra_299,22,0.0,7.89518215289418,0.0,0.0,-224.41218941966892,232.3073715725631,0.0,0.0,
Fra_299,23,0.0,7.772664327357098,0.0,0.0,-214.41035273010283,222.1830170574599,2.842170943040401e-14,0.0,
Fra_299,24,0.0,7.661953152044678,0.0,0.0,-199.27640252915737,206.93835568120204,0.0,0.0,
Fra_300,1,0.0,6.324289188577859,0.0,0.0,-339.4611704400528,345.7854596286307,-5.684341886080802e-14,0.0,
Fra_300,2,0.0,6.164202227270879,0.0,0.0,-323.9731230121834,330.1373252394543,0.0,0.0,
Fra_300,3,0.0,6.081052851792374,0.0,0.0,-316.1325820077645,322.21363485955686,0.0,0.0,
Fra_300,4,0.0,6.1015945287186755,0.0,0.0,-324.6403685732657,330.7419631019843,5.684341886080802e-14,0.0,
Fra_300,5,0.0,6.4185778027412645,0.0,0.0,-351.02368739805075,357.442265200792,0.0,0.0,
Fra_300,6,0.0,7.709143378893323,0.0,0.0,-383.3852364675151,391.0943798464084,0.0,0.0,
Fra_300,7,0.0,10.606932964898006,0.0,0.0,-404.4365512740375,415.0434842389355,5.684341886080802e-14,0.0,
Fra_300,8,0.0,14.773316856023555,0.0,0.0,-413.3902584848814,428.1635753409049,0.0,0.0,
Fra_300,9,0.0,19.14104833120236,0.0,0.0,-414.75132721512284,433.8923755463252,0.0,0.0,
Fra_300,10,0.0,22.781674194940685,0.0,0.0,-413.06983568713974,435.8515098820804,5.684341886080802e-14,0.0,
Fra_300,11,0.0,24.98351979474758,0.0,0.0,-412.19617211644123,437.1796919111888,0.0,0.0,
Fra_300,12,0.0,25.93036227620058,0.0,0.0,-405.8425886913069,431.77295096750754,-5.684341886080802e-14,0.0,
Fra_300,13,0.0,25.68574111607303,0.0,0.0,-392.10830276766825,417.79404388374127,0.0,0.0,
Fra_300,14,0.0,23.831680678056752,0.0,0.0,-380.3479936870564,404.1796743651131,0.0,0.0,
Fra_300,15,0.0,20.719039324086317,0.0,0.0,-370.96009585104804,391.6791351751343,5.684341886080802e-14,0.0,
Fra_300,16,0.0,16.64863951684202,0.0,0.0,-368.04492993763967,384.6935694544817,0.0,0.0,
Fra_300,17,0.0,12.105730088058582,0.0,0.0,-376.3010758355259,388.4068059235845,0.0,0.0,
Fra_300,18,0.0,8.77449815559673,0.0,0.0,-384.6779519438187,393.45245009941544,0.0,0.0,
Fra_300,19,0.0,7.73519289481956,0.0,0.0,-384.65463049291725,392.3898233877368,0.0,0.0,
Fra_300,20,0.0,7.2780792721547245,0.0,0.0,-385.82066924546,393.09874851761475,0.0,0.0,
Fra_300,21,0.0,6.977319911771291,0.0,0.0,-391.0106330454989,397.9879529572702,0.0,0.0,
Fra_300,22,0.0,6.824396565021942,0.0,0.0,-400.76437117464747,407.58876773966944,-5.684341886080802e-14,0.0,
Fra_300,23,0.0,6.718495242980534,0.0,0.0,-383.10685348404036,389.8253487270209,-5.684341886080802e-14,0.0,
Fra_300,24,0.0,6.622799291971392,0.0,0.0,-356.4554311542307,363.07823044620204,5.684341886080802e-14,0.0,
Fra_301,1,0.0,4.708075064869583,0.0,0.0,-170.43146491550678,175.13953998037638,-2.842170943040401e-14,0.0,
Fra_301,2,0.0,4.588899390218055,0.0,0.0,-162.6248965134269,167.21379590364495,0.0,0.0,
Fra_301,3,0.0,4.526999390126841,0.0,0.0,-158.67346556093094,163.20046495105777,0.0,0.0,
Fra_301,4,0.0,4.523957173160231,0.0,0.0,-162.99608641716296,167.52004359032318,0.0,0.0,
Fra_301,5,0.0,4.53758636409059,0.0,0.0,-176.50609882742805,181.04368519151868,-2.842170943040401e-14,0.0,
Fra_301,6,0.0,4.572988357700399,0.0,0.0,-193.5154155005026,198.08840385820298,2.842170943040401e-14,0.0,
Fra_301,7,0.0,4.634201046506281,0.0,0.0,-205.58436910253494,210.2185701490412,2.842170943040401e-14,0.0,
Fra_301,8,0.0,4.705449983744206,0.0,0.0,-212.15841613166702,216.86386611541127,-2.842170943040401e-14,0.0,
Fra_301,9,0.0,4.85998405695112,0.0,0.0,-214.90550618601702,219.76549024296816,0.0,0.0,
Fra_301,10,0.0,5.139943108343273,0.0,0.0,-215.6178441695911,220.75778727793437,0.0,0.0,
Fra_301,11,0.0,5.430272147376103,0.0,0.0,-216.00023627342554,221.43050842080166,0.0,0.0,
Fra_301,12,0.0,5.688061684966703,0.0,0.0,-213.00394488359856,218.6920065685653,-2.842170943040401e-14,0.0,
Fra_301,13,0.0,5.925352099071761,0.0,0.0,-205.68637018365732,211.6117222827291,0.0,0.0,
Fra_301,14,0.0,6.110232606546972,0.0,0.0,-198.60584282863613,204.71607543518311,-2.842170943040401e-14,0.0,
Fra_301,15,0.0,6.245897993534102,0.0,0.0,-192.13868309370605,198.38458108724012,2.842170943040401e-14,0.0,
Fra_301,16,0.0,6.351885315851305,0.0,0.0,-188.4945228009818,194.84640811683312,0.0,0.0,
Fra_301,17,0.0,6.308912500958326,0.0,0.0,-190.41824134687073,196.72715384782904,0.0,0.0,
Fra_301,18,0.0,6.0832504205617965,0.0,0.0,-193.1995105971256,199.2827610176874,0.0,0.0,
Fra_301,19,0.0,5.751685408023025,0.0,0.0,-192.99285762428656,198.7445430323096,0.0,0.0,
Fra_301,20,0.0,5.418117755156156,0.0,0.0,-193.68549422487814,199.10361198003432,-2.842170943040401e-14,0.0,
Fra_301,21,0.0,5.194219447706086,0.0,0.0,-196.38576333563185,201.57998278333793,0.0,0.0,
Fra_301,22,0.0,5.080376678313543,0.0,0.0,-201.36239671002002,206.44277338833356,0.0,0.0,
Fra_301,23,0.0,5.001539142778266,0.0,0.0,-192.44410337228146,197.44564251505975,-2.842170943040401e-14,0.0,
Fra_301,24,0.0,4.930298927898648,0.0,0.0,-178.96798969745618,183.8982886253548,2.842170943040401e-14,0.0,
Fra_302,1,0.0,17.758658712403534,0.0,0.0,-112.73308495105297,130.4917436634565,0.0,0.0,
Fra_302,2,0.0,17.30913314116765,0.0,0.0,-107.27735255187926,124.5864856930469,1.4210854715202004e-14,0.0,
Fra_302,3,0.0,17.07564897603188,0.0,0.0,-104.52061215687115,121.59626113290302,1.4210854715202004e-14,0.0,
Fra_302,4,0.0,17.078311557801683,0.0,0.0,-107.73635101998536,124.81466257778703,1.4210854715202004e-14,0.0,
Fra_302,5,0.0,17.301173089174256,0.0,0.0,-117.58958979935576,134.89076288853005,-2.842170943040401e-14,0.0,
Fra_302,6,0.0,18.148250648980582,0.0,0.0,-129.442072026665,147.59032267564558,0.0,0.0,
Fra_302,7,0.0,19.99539956510342,0.0,0.0,-136.63278258189007,156.62818214699348,0.0,0.0,
Fra_302,8,0.0,22.600894706703173,0.0,0.0,-138.97851808705641,161.57941279375962,-2.842170943040401e-14,0.0,
Fra_302,9,0.0,25.571898620895958,0.0,0.0,-138.16943598619764,163.74133460709362,-2.842170943040401e-14,0.0,
Fra_302,10,0.0,28.50189378799252,0.0,0.0,-135.97877455458612,164.48066834257864,0.0,0.0,
Fra_302,11,0.0,30.637084607773854,0.0,0.0,-134.34481009946154,164.9818947072354,0.0,0.0,
Fra_302,12,0.0,31.95420219920835,0.0,0.0,-130.9873086988428,162.9415108980512,-5.684341886080802e-14,0.0,
Fra_302,13,0.0,32.52585241411015,0.0,0.0,-125.14032978206563,157.66618219617578,0.0,0.0,
Fra_302,14,0.0,32.01633930273777,0.0,0.0,-120.51208256287809,152.52842186561588,-2.842170943040401e-14,0.0,
Fra_302,15,0.0,30.636658077650154,0.0,0.0,-117.17433825658102,147.81099633423116,0.0,0.0,
Fra_302,16,0.0,28.61812188454074,0.0,0.0,-116.55667727603644,145.17479916057718,0.0,0.0,
Fra_302,17,0.0,25.881336995346313,0.0,0.0,-120.6947550420579,146.57609203740424,-2.842170943040401e-14,0.0,
Fra_302,18,0.0,23.291884750357788,0.0,0.0,-125.18832120530277,148.48020595566055,0.0,0.0,
Fra_302,19,0.0,21.700300142605535,0.0,0.0,-126.37889412037357,148.07919426297912,0.0,0.0,
Fra_302,20,0.0,20.436909512210054,0.0,0.0,-127.90981733130026,148.3467268435103,0.0,0.0,
Fra_302,21,0.0,19.592374628312502,0.0,0.0,-130.599429255577,150.19180388388952,0.0,0.0,
Fra_302,22,0.0,19.16296454868094,0.0,0.0,-134.65197335273112,153.81493790141207,0.0,0.0,
Fra_302,23,0.0,18.865592720915327,0.0,0.0,-128.2458258281371,147.11141854905244,-2.842170943040401e-14,0.0,
Fra_302,24,0.0,18.59687766322955,0.0,0.0,-118.42077318898194,137.0176508522115,0.0,0.0,
Fra_303,1,0.0,4.459522887531095,0.0,0.0,-60.04423983605205,64.50376272358314,1.4210854715202004e-14,0.0,
Fra_303,2,0.0,4.346638823147518,0.0,0.0,-57.23807823324586,61.58471705639338,-7.105427357601002e-15,0.0,
Fra_303,3,0.0,4.288006693595311,0.0,0.0,-55.81860354850644,60.106610242101745,7.105427357601002e-15,0.0,
Fra_303,4,0.0,4.3084823647525505,0.0,0.0,-57.3890254875876,61.69750785234015,0.0,0.0,
Fra_303,5,0.0,4.60465401011184,0.0,0.0,-62.07360101730957,66.67825502742141,0.0,0.0,
Fra_303,6,0.0,5.817050985283437,0.0,0.0,-67.13876128985727,72.9558122751407,1.4210854715202004e-14,0.0,
Fra_303,7,0.0,8.5452959587387,0.0,0.0,-68.87804756782303,77.42334352656174,0.0,0.0,
Fra_303,8,0.0,12.473388914329018,0.0,0.0,-67.39741218972061,79.87080110404963,0.0,0.0,
Fra_303,9,0.0,16.56522474687816,0.0,0.0,-64.37424237204124,80.93946711891941,-1.4210854715202004e-14,0.0,
Fra_303,10,0.0,19.92649441073092,0.0,0.0,-61.37843497046204,81.30492938119296,0.0,0.0,
Fra_303,11,0.0,21.919844849892627,0.0,0.0,-59.63284722945238,81.55269207934501,0.0,0.0,
Fra_303,12,0.0,22.733590201209072,0.0,0.0,-57.810513676325314,80.54410387753438,0.0,0.0,
Fra_303,13,0.0,22.424056655412326,0.0,0.0,-55.51238376908191,77.93644042449424,0.0,0.0,
Fra_303,14,0.0,20.60526563918629,0.0,0.0,-54.79151316389701,75.3967788030833,0.0,0.0,
Fra_303,15,0.0,17.60892524594201,0.0,0.0,-55.45596888306265,73.06489412900466,1.4210854715202004e-14,0.0,
Fra_303,16,0.0,13.713949866951786,0.0,0.0,-58.04783778030864,71.76178764726043,0.0,0.0,
Fra_303,17,0.0,9.419522883561687,0.0,0.0,-63.03494202201031,72.454464905572,0.0,0.0,
Fra_303,18,0.0,6.333938700432966,0.0,0.0,-67.0617544310308,73.39569313146377,0.0,0.0,
Fra_303,19,0.0,5.456608834994276,0.0,0.0,-67.74085901149806,73.19746784649233,0.0,0.0,
Fra_303,20,0.0,5.132080479504161,0.0,0.0,-68.19763219421586,73.32971267372001,1.4210854715202004e-14,0.0,
Fra_303,21,0.0,4.920002376926005,0.0,0.0,-69.32175582763077,74.24175820455676,1.4210854715202004e-14,0.0,
Fra_303,22,0.0,4.81216967912682,0.0,0.0,-71.22055069990095,76.03272037902778,0.0,0.0,
Fra_303,23,0.0,4.737494193015841,0.0,0.0,-67.98158955599851,72.71908374901435,0.0,0.0,
Fra_303,24,0.0,4.670014944195264,0.0,0.0,-63.05958841146045,67.72960335565571,0.0,0.0,
Fra_304,1,0.0,4.678925083164504,0.0,0.0,-19.595032701923838,24.273957785088342,0.0,0.0,
Fra_304,2,0.0,4.560487283055738,0.0,0.0,-18.61497968062501,23.175466963680748,0.0,0.0,
Fra_304,3,0.0,4.498970535959717,0.0,0.0,-18.120257521694413,22.61922805765413,0.0,0.0,
Fra_304,4,0.0,4.514014964976319,0.0,0.0,-18.703897259318,23.217912224294317,3.552713678800501e-15,0.0,
Fra_304,5,0.0,4.746674469318066,0.0,0.0,-20.34558494901859,25.092259418336653,3.552713678800501e-15,0.0,
Fra_304,6,0.0,5.693756644157997,0.0,0.0,-21.760863560441777,27.45462020459977,3.552713678800501e-15,0.0,
Fra_304,7,0.0,7.820148407042864,0.0,0.0,-21.315686356547413,29.135834763590275,3.552713678800501e-15,0.0,
Fra_304,8,0.0,10.877292062551662,0.0,0.0,-19.179566210493746,30.056858273045414,-7.105427357601002e-15,0.0,
Fra_304,9,0.0,14.082843684469504,0.0,0.0,-16.37617335631278,30.459017040782282,3.552713678800501e-15,0.0,
Fra_304,10,0.0,16.756021656391734,0.0,0.0,-13.84052558653529,30.596547242927024,0.0,0.0,
Fra_304,11,0.0,18.373765942088937,0.0,0.0,-12.316018982203047,30.689784924291985,0.0,0.0,
Fra_304,12,0.0,19.07054132710592,0.0,0.0,-11.239693220594802,30.310234547700723,0.0,0.0,
Fra_304,13,0.0,18.893062221943918,0.0,0.0,-10.435860385117536,29.32892260706145,3.552713678800501e-15,0.0,
Fra_304,14,0.0,17.53442638271436,0.0,0.0,-10.838774629457886,28.373201012172245,0.0,0.0,
Fra_304,15,0.0,15.25205773077882,0.0,0.0,-12.243611990996556,27.495669721775375,0.0,0.0,
Fra_304,16,0.0,12.266809153529058,0.0,0.0,-14.738477520936591,27.005286674465648,3.552713678800501e-15,0.0,
Fra_304,17,0.0,8.933674216330969,0.0,0.0,-18.332279709423545,27.265953925754513,3.552713678800501e-15,0.0,
Fra_304,18,0.0,6.487927426897853,0.0,0.0,-21.132228071861597,27.620155498759452,0.0,0.0,
Fra_304,19,0.0,5.722703676841594,0.0,0.0,-21.82285598446333,27.545559661304925,0.0,0.0,
Fra_304,20,0.0,5.384571553945972,0.0,0.0,-22.210754279406583,27.595325833352554,0.0,0.0,
Fra_304,21,0.0,5.162059509772515,0.0,0.0,-22.77648590921075,27.938545418983264,0.0,0.0,
Fra_304,22,0.0,5.048921596313518,0.0,0.0,-23.563595981535833,28.612517577849353,0.0,0.0,
Fra_304,23,0.0,4.970572182290082,0.0,0.0,-22.39496270376258,27.365534886052664,0.0,0.0,
Fra_304,24,0.0,4.89977305021645,0.0,0.0,-20.58812817038753,25.487901220603984,-3.552713678800501e-15,0.0,
Fra_305,1,0.0,74.78855319793924,0.0,0.0,-256.1164084626542,330.9049616605935,-5.684341886080802e-14,0.0,
Fra_305,2,0.0,66.79978858816305,0.0,0.0,-249.13043898247938,315.93022757064244,0.0,0.0,
Fra_305,3,0.0,53.219235053887424,0.0,0.0,-255.12828946097486,308.34752451486224,5.684341886080802e-14,0.0,
Fra_305,4,0.0,50.28951985992199,0.0,0.0,-266.21932564605504,316.5088455059771,-5.684341886080802e-14,0.0,
Fra_305,5,0.0,72.74207044423216,0.0,0.0,-269.3180589469065,342.0601293911386,0.0,0.0,
Fra_305,6,0.0,76.38013456568913,0.0,0.0,-297.8839276298107,374.26406219549983,0.0,0.0,
Fra_305,7,0.0,110.6851293243379,0.0,0.0,-286.4974138255837,397.18254314992157,0.0,0.0,
Fra_305,8,0.0,128.57241869211643,0.0,0.0,-281.1656068304399,409.7380255225563,0.0,0.0,
Fra_305,9,0.0,180.98680557223088,0.0,0.0,-234.23348752274381,415.2202930949747,0.0,0.0,
Fra_305,10,0.0,125.19877812284439,0.0,0.0,-291.8963401106924,417.0951182335368,-5.684341886080802e-14,0.0,
Fra_305,11,0.0,203.6616461077311,0.0,0.0,-214.70449729815513,418.36614340588625,-5.684341886080802e-14,0.0,
Fra_305,12,0.0,121.44984229224922,0.0,0.0,-291.74223333589094,413.1920756281401,5.684341886080802e-14,0.0,
Fra_305,13,0.0,165.1954302975688,0.0,0.0,-234.6193051798935,399.81473547746236,-5.684341886080802e-14,0.0,
Fra_305,14,0.0,70.81563057633129,0.0,0.0,-315.97061484133155,386.7862454176628,0.0,0.0,
Fra_305,15,0.0,88.73806966330129,0.0,0.0,-286.0855835567625,374.8236532200638,0.0,0.0,
Fra_305,16,0.0,75.26155460180979,0.0,0.0,-292.87714905602337,368.13870365783316,0.0,0.0,
Fra_305,17,0.0,71.1795817033945,0.0,0.0,-300.51256336508914,371.6921450684836,0.0,0.0,
Fra_305,18,0.0,97.03609036294672,0.0,0.0,-279.48456511875526,376.52065548170197,0.0,0.0,
Fra_305,19,0.0,91.51594611871894,0.0,0.0,-283.98781162626153,375.5037577449805,0.0,0.0,
Fra_305,20,0.0,33.89748598102395,0.0,0.0,-342.28468907847997,376.18217505950395,0.0,0.0,
Fra_305,21,0.0,59.0747907226447,0.0,0.0,-321.78618722635184,380.86097794899655,0.0,0.0,
Fra_305,22,0.0,48.02236897011252,0.0,0.0,-342.02626322811795,390.0486321982305,-5.684341886080802e-14,0.0,
Fra_305,23,0.0,42.931150792377196,0.0,0.0,-330.11849164597606,373.04964243835326,0.0,0.0,
Fra_305,24,0.0,31.42526498965525,0.0,0.0,-316.02829206456613,347.4535570542214,0.0,0.0,
Fra_306,1,2726.0,5.911464502899268,0.0,0.0,2672.9182307416777,58.993233761221546,1.9895196601282805e-13,0.0,
Fra_306,2,2726.0,5.761827387814082,0.0,0.0,2675.4382664663326,56.32356092148119,4.689582056016661e-13,0.0,
Fra_306,3,2726.0,5.684105676025953,0.0,0.0,2676.71237753356,54.97172814246596,0.0,0.0,
Fra_306,4,2726.0,5.702840903898478,0.0,0.0,2675.276124856104,56.42671604779399,3.552713678800501e-13,0.0,
Fra_306,5,2726.0,5.993486635521933,0.0,0.0,2671.0115265213585,60.981960114163556,-7.105427357601002e-14,0.0,
Fra_306,6,2726.0,7.176311454081544,0.0,0.0,2666.453083132804,66.7232283212779,2.842170943040401e-14,0.0,
Fra_306,7,2726.0,9.83171968254654,0.0,0.0,2665.0226194008983,70.80910028164783,3.410605131648481e-13,0.0,
Fra_306,8,2639.469867927542,13.649186878659144,0.0,0.0,2580.0715822049706,73.04747260123081,-4.263256414560601e-14,0.0,
Fra_306,9,2618.373228607653,17.65316711646898,0.0,0.0,2562.0015527902788,74.02484293384299,5.684341886080802e-14,0.0,
Fra_306,10,2726.0,20.99443440359626,0.0,0.0,2672.63535049281,74.35908391078564,3.694822225952521e-13,0.0,
Fra_306,11,2656.1455194123073,23.018301189666627,0.0,0.0,2604.57814025476,74.58568034721418,-3.410605131648481e-13,0.0,
Fra_306,12,2630.7710404223685,23.891984657593405,0.0,0.0,2580.9997696742694,73.66325540569258,-2.5579538487363607e-13,0.0,
Fra_306,13,2726.0,23.673981279885258,0.0,0.0,2678.3956177496484,71.27836353023693,-2.5579538487363607e-13,0.0,
Fra_306,14,2726.0,21.980690263444977,0.0,0.0,2679.0250261445326,68.95566411891218,2.2737367544323206e-13,0.0,
Fra_306,15,2726.0,19.133515860944865,0.0,0.0,2678.310524502095,66.82299135884952,2.5579538487363607e-13,0.0,
Fra_306,16,2726.0,15.408453428997861,0.0,0.0,2675.7772447204525,65.63120870854539,-1.1368683772161603e-13,0.0,
Fra_306,17,2726.0,11.246874616184895,0.0,0.0,2670.982163772334,66.2647108438513,-3.694822225952521e-13,0.0,
Fra_306,18,2726.0,8.190335277731347,0.0,0.0,2667.064804934239,67.12553034349256,-2.5579538487363607e-13,0.0,
Fra_306,19,2726.0,7.23009913836845,0.0,0.0,2666.2858597782224,66.94423936014613,5.684341886080802e-14,0.0,
Fra_306,20,2726.0,6.8029949269768295,0.0,0.0,2665.737808358839,67.06518656813749,1.4210854715202004e-14,0.0,
Fra_306,21,2726.0,6.5218679528921495,0.0,0.0,2664.6225515149654,67.89931643792659,1.1368683772161603e-13,0.0,
Fra_306,22,2726.0,6.378926839825083,0.0,0.0,2662.841649362806,69.53727747701875,2.1316282072803006e-13,0.0,
Fra_306,23,2726.0,6.279938338921529,0.0,0.0,2665.7732149266603,66.50672341226092,2.5579538487363607e-13,0.0,
Fra_306,24,2726.0,6.190489042630106,0.0,0.0,2670.2469968399005,61.94349220272992,-4.902744876744691e-13,0.0,
Fra_307,1,0.0,4.591638423942903,0.0,0.0,-684.075730605331,688.6673690292739,0.0,0.0,
Fra_307,2,0.0,4.475410114200685,0.0,0.0,-653.0270870561343,657.502497170335,0.0,0.0,
Fra_307,3,0.0,4.4150409792687295,0.0,0.0,-637.3066104239047,641.7216514031733,1.1368683772161603e-13,0.0,
Fra_307,4,0.0,4.426546450346529,0.0,0.0,-654.2801493188863,658.7066957692329,0.0,0.0,
Fra_307,5,93.6,4.615351075736015,0.0,0.0,-613.6677472479038,711.8830983236397,1.1368683772161603e-13,0.0,
Fra_307,6,234.0,5.380315706508619,0.0,0.0,-539.5244361018032,778.9047518083119,0.0,0.0,
Fra_307,7,234.0,7.094541892108591,0.0,0.0,-585.5073187834249,826.6018606755334,1.1368683772161603e-13,0.0,
Fra_307,8,93.60000000000001,9.556105963634153,0.0,0.0,-749.5757679007753,852.7318738644094,0.0,0.0,
Fra_307,9,93.60000000000001,12.151472342153127,0.0,0.0,-758.3898973680281,864.1413697101812,0.0,0.0,
Fra_307,10,234.0,14.34288222766098,0.0,0.0,-619.7003053612375,868.0431875888985,0.0,0.0,
Fra_307,11,46.8,15.690740404685554,0.0,0.0,-808.197658537404,870.6883989420894,1.1368683772161603e-13,0.0,
Fra_307,12,140.39999999999998,16.295063895523995,0.0,0.0,-703.2252534022223,859.9203172977462,0.0,0.0,
Fra_307,13,46.8,16.195429175472597,0.0,0.0,-769.0844544220798,832.0798835975523,1.1368683772161603e-13,0.0,
Fra_307,14,46.8,15.140286192730782,0.0,0.0,-743.0251778238031,804.9654640165339,0.0,0.0,
Fra_307,15,46.8,13.336405993061938,0.0,0.0,-719.9329462995851,780.069352292647,0.0,0.0,
Fra_307,16,46.8,10.964194825823554,0.0,0.0,-708.392683613268,766.1568784390915,0.0,0.0,
Fra_307,17,187.2,8.286627354234431,0.0,0.0,-578.0655440867866,773.5521714410211,0.0,0.0,
Fra_307,18,108.22225327157548,6.2871226788193555,0.0,0.0,-669.0917157180968,783.6010916684916,1.1368683772161603e-13,0.0,
Fra_307,19,46.8,5.614749444259775,0.0,0.0,-729.070011645792,781.4847610900517,0.0,0.0,
Fra_307,20,187.2,5.284120861975129,0.0,0.0,-590.4125376645857,782.8966585265607,1.1368683772161603e-13,0.0,
Fra_307,21,187.2,5.065759842369762,0.0,0.0,-600.368253059126,792.6340129014958,0.0,0.0,
Fra_307,22,234.0,4.954732548405971,0.0,0.0,-572.8002921614903,811.7550247098964,0.0,0.0,
Fra_307,23,187.2,4.8778447646673815,0.0,0.0,-584.2995008214641,776.3773455861316,-1.1368683772161603e-13,0.0,
Fra_307,24,0.0,4.808366410252006,0.0,0.0,-718.2993373715393,723.1077037817912,1.1368683772161603e-13,0.0,
Fra_308,1,0.0,20.184958302049722,0.0,0.0,-148.5442400509645,168.72919835301423,0.0,0.0,
Fra_308,2,0.0,19.674015721416428,0.0,0.0,-141.4195313984846,161.09354711990102,0.0,0.0,
Fra_308,3,0.0,19.408631481886967,0.0,0.0,-137.8184779710472,157.22710945293417,0.0,0.0,
Fra_308,4,0.0,19.45481136064153,0.0,0.0,-141.93377437062315,161.3885857312647,0.0,0.0,
Fra_308,5,0.0,20.23145955396548,0.0,0.0,-154.18578439142297,174.41724394538846,0.0,0.0,
Fra_308,6,0.0,23.37226883481294,0.0,0.0,-167.4658342558293,190.83810309064225,-2.842170943040401e-14,0.0,
Fra_308,7,0.0,30.40520696934405,0.0,0.0,-172.11908208690716,202.52428905625123,-2.842170943040401e-14,0.0,
Fra_308,8,0.0,40.4993053924478,0.0,0.0,-168.4270529015653,208.9263582940131,0.0,0.0,
Fra_308,9,0.0,51.165622971967316,0.0,0.0,-160.55615612205074,211.72177909401805,0.0,0.0,
Fra_308,10,0.0,60.21608432811853,0.0,0.0,-152.46167240097088,212.6777567290894,2.842170943040401e-14,0.0,
Fra_308,11,0.0,65.81771675513623,0.0,0.0,-147.50813862240133,213.32585537753755,0.0,0.0,
Fra_308,12,0.0,68.36708194875911,0.0,0.0,-142.32050441044106,210.6875863592002,-2.842170943040401e-14,0.0,
Fra_308,13,0.0,68.02969983157188,0.0,0.0,-135.83675012522346,203.86644995679535,0.0,0.0,
Fra_308,14,0.0,63.766742577399675,0.0,0.0,-133.45645043786044,197.22319301526014,-2.842170943040401e-14,0.0,
Fra_308,15,0.0,56.42528607555901,0.0,0.0,-134.69815376103708,191.1234398365961,-2.842170943040401e-14,0.0,
Fra_308,16,0.0,46.74936258914603,0.0,0.0,-140.96540614440858,187.7147687335546,0.0,0.0,
Fra_308,17,0.0,35.77973659116427,0.0,0.0,-153.74694006182625,189.52667665299052,0.0,0.0,
Fra_308,18,0.0,27.530665414470757,0.0,0.0,-164.45807976470024,191.98874517917096,2.842170943040401e-14,0.0,
Fra_308,19,0.0,24.680966188928913,0.0,0.0,-166.78926050365624,191.47022669258513,2.842170943040401e-14,0.0,
Fra_308,20,0.0,23.229128562429104,0.0,0.0,-168.5870246736986,191.81615323612772,0.0,0.0,
Fra_308,21,0.0,22.269208013689003,0.0,0.0,-171.93267753915626,194.20188555284525,0.0,0.0,
Fra_308,22,0.0,21.781129229575143,0.0,0.0,-177.10556228217246,198.88669151174759,0.0,0.0,
Fra_308,23,0.0,21.443128593329973,0.0,0.0,-168.77573907981022,190.21886767314015,5.684341886080802e-14,0.0,
Fra_308,24,0.0,21.13769999523816,0.0,0.0,-156.02966507677255,177.1673650720107,0.0,0.0,
Fra_309,1,0.0,11.01003203274942,0.0,0.0,-554.0137377956055,565.023769828355,0.0,0.0,
Fra_309,2,0.0,10.731334693102351,0.0,0.0,-528.7229161252603,539.4542508183627,0.0,0.0,
Fra_309,3,0.0,10.586578933170488,0.0,0.0,-515.9201251196034,526.5067040527739,0.0,0.0,
Fra_309,4,0.0,10.584722265103629,0.0,0.0,-529.857524881487,540.4422471465907,0.0,0.0,
Fra_309,5,0.0,10.6803564956273,0.0,0.0,-573.3909818326074,584.0713383282348,-1.1368683772161603e-13,0.0,
Fra_309,6,0.0,11.028505835841724,0.0,0.0,-628.0313930298523,639.0598988656941,0.0,0.0,
Fra_309,7,0.0,11.772726180097512,0.0,0.0,-666.4207246354429,678.1934508155404,0.0,0.0,
Fra_309,8,0.0,12.808360594056841,0.0,0.0,-686.8237109861849,699.6320715802417,0.0,0.0,
Fra_309,9,0.0,14.057861435126256,0.0,0.0,-694.9352408030745,708.9931022382007,1.1368683772161603e-13,0.0,
Fra_309,10,0.0,15.409482207869397,0.0,0.0,-696.7849040553375,712.194386263207,-1.1368683772161603e-13,0.0,
Fra_309,11,0.0,16.475226290596044,0.0,0.0,-697.8894490816759,714.364675372272,0.0,0.0,
Fra_309,12,0.0,17.206286164653044,0.0,0.0,-688.3236130034227,705.5298991680756,1.1368683772161603e-13,0.0,
Fra_309,13,0.0,17.640930505745523,0.0,0.0,-665.0470169300836,682.6879474358292,-1.1368683772161603e-13,0.0,
Fra_309,14,0.0,17.62445532650164,0.0,0.0,-642.8172056474469,660.4416609739486,0.0,0.0,
Fra_309,15,0.0,17.238317525484387,0.0,0.0,-622.7770890142999,640.0154065397843,0.0,0.0,
Fra_309,16,0.0,16.58682290159323,0.0,0.0,-612.0139605880895,628.6007834896827,0.0,0.0,
Fra_309,17,0.0,15.528823333920517,0.0,0.0,-619.1394994626202,634.6683227965406,1.1368683772161603e-13,0.0,
Fra_309,18,0.0,14.354657738059013,0.0,0.0,-628.5583983578583,642.9130560959173,0.0,0.0,
Fra_309,19,0.0,13.45248805850883,0.0,0.0,-627.7242042493018,641.1766923078106,0.0,0.0,
Fra_309,20,0.0,12.67049679955137,0.0,0.0,-629.6646003464496,642.3350971460011,-1.1368683772161603e-13,0.0,
Fra_309,21,0.0,12.146901167974084,0.0,0.0,-638.1773020755551,650.3242032435292,0.0,0.0,
Fra_309,22,0.0,11.880675052111696,0.0,0.0,-654.1315463272902,666.0122213794018,0.0,0.0,
Fra_309,23,0.0,11.696310151453412,0.0,0.0,-625.2899539585285,636.9862641099819,0.0,0.0,
Fra_309,24,0.0,11.529711905453215,0.0,0.0,-581.7509619830541,593.2806738885074,0.0,0.0,
Fra_310,1,0.0,5.633597908061498,0.0,0.0,-132.1158754321268,137.74947334018833,-2.842170943040401e-14,0.0,
Fra_310,2,0.0,5.490994440156242,0.0,0.0,-126.02478048720539,131.51577492736163,0.0,0.0,
Fra_310,3,0.0,5.416926013842286,0.0,0.0,-122.94231312999096,128.35923914383324,0.0,0.0,
Fra_310,4,0.0,5.4210278101973515,0.0,0.0,-126.33561481360965,131.756642623807,0.0,0.0,
Fra_310,5,0.0,5.531226924816717,0.0,0.0,-136.86193163602465,142.39315856084136,0.0,0.0,
Fra_310,6,0.0,5.964337284830244,0.0,0.0,-149.8347090602917,155.79904634512192,0.0,0.0,
Fra_310,7,0.0,6.922675125461519,0.0,0.0,-158.4169011210127,165.33957624647422,0.0,0.0,
Fra_310,8,0.0,8.287575531967585,0.0,0.0,-162.2786104204572,170.56618595242477,0.0,0.0,
Fra_310,9,0.0,9.780259532725202,0.0,0.0,-163.06809066112066,172.84835019384585,2.842170943040401e-14,0.0,
Fra_310,10,0.0,11.14149078714902,0.0,0.0,-162.48731363181895,173.62880441896795,2.842170943040401e-14,0.0,
Fra_310,11,0.0,12.058461114306722,0.0,0.0,-162.09944703043988,174.1579081447466,-2.842170943040401e-14,0.0,
Fra_310,12,0.0,12.55571684480501,0.0,0.0,-159.44832480052656,172.00404164533157,0.0,0.0,
Fra_310,13,0.0,12.662555048398827,0.0,0.0,-153.77275305120102,166.43530809959987,-2.842170943040401e-14,0.0,
Fra_310,14,0.0,12.222873326966925,0.0,0.0,-148.78892091793276,161.01179424489968,0.0,0.0,
Fra_310,15,0.0,11.349440189724087,0.0,0.0,-144.6825533089635,156.03199349868754,2.842170943040401e-14,0.0,
Fra_310,16,0.0,10.151949012761639,0.0,0.0,-143.0972264922583,153.24917550501996,-2.842170943040401e-14,0.0,
Fra_310,17,0.0,8.690579710684057,0.0,0.0,-146.03782620661474,154.7284059172988,0.0,0.0,
Fra_310,18,0.0,7.468651314279003,0.0,0.0,-149.26977211106987,156.7384234253489,-2.842170943040401e-14,0.0,
Fra_310,19,0.0,6.885204114854301,0.0,0.0,-149.42990402694232,156.3151081417966,2.842170943040401e-14,0.0,
Fra_310,20,0.0,6.483222215133503,0.0,0.0,-150.114298216015,156.5975204311485,0.0,0.0,
Fra_310,21,0.0,6.215309529144038,0.0,0.0,-152.32990800106222,158.5452175302063,-2.842170943040401e-14,0.0,
Fra_310,22,0.0,6.079087319714266,0.0,0.0,-156.2907768030137,162.369864122728,-2.842170943040401e-14,0.0,
Fra_310,23,0.0,5.984751743252813,0.0,0.0,-149.30875463921228,155.29350638246507,2.842170943040401e-14,0.0,
Fra_310,24,0.0,5.8995069839858365,0.0,0.0,-138.73883344526791,144.63834042925373,2.842170943040401e-14,0.0,
Fra_311,1,0.0,2.914185190740149,0.0,0.0,-49.09418472100623,52.00836991174637,7.105427357601002e-15,0.0,
Fra_311,2,0.0,2.8404183154502003,0.0,0.0,-46.814370961022924,49.654789276473124,0.0,0.0,
Fra_311,3,0.0,2.8021037046831294,0.0,0.0,-45.66091128265002,48.463014987333146,0.0,0.0,
Fra_311,4,0.0,2.812980885934067,0.0,0.0,-46.93274983628661,49.74573072222068,0.0,0.0,
Fra_311,5,0.0,2.9761649571274247,0.0,0.0,-50.785463917090595,53.76162887421801,7.105427357601002e-15,0.0,
Fra_311,6,0.0,3.642099272525189,0.0,0.0,-55.1810253299441,58.82312460246928,7.105427357601002e-15,0.0,
Fra_311,7,0.0,5.138771630735499,0.0,0.0,-57.286453192024396,62.42522482275989,7.105427357601002e-15,0.0,
Fra_311,8,0.0,7.291947822369361,0.0,0.0,-57.10662357210548,64.39857139447484,0.0,0.0,
Fra_311,9,0.0,9.543032145424917,0.0,0.0,-55.71718785785487,65.26022000327978,0.0,0.0,
Fra_311,10,0.0,11.407735156309611,0.0,0.0,-54.147151324126824,65.55488648043642,1.4210854715202004e-14,0.0,
Fra_311,11,0.0,12.52618732099051,0.0,0.0,-53.228466328239506,65.75465364923002,0.0,0.0,
Fra_311,12,0.0,12.996910171875466,0.0,0.0,-51.94453466482102,64.94144483669649,0.0,0.0,
Fra_311,13,0.0,12.851897308579053,0.0,0.0,-49.98702947731433,62.83892678589338,7.105427357601002e-15,0.0,
Fra_311,14,0.0,11.877046760519766,0.0,0.0,-48.91419078245268,60.79123754297244,7.105427357601002e-15,0.0,
Fra_311,15,0.0,10.253897201608137,0.0,0.0,-48.65717838491035,58.911075586518486,7.105427357601002e-15,0.0,
Fra_311,16,0.0,8.136804657307236,0.0,0.0,-49.723596657271926,57.860401314579164,0.0,0.0,
Fra_311,17,0.0,5.786368028923328,0.0,0.0,-52.6325280704345,58.41889609935783,0.0,0.0,
Fra_311,18,0.0,4.077785554509385,0.0,0.0,-55.10000806766937,59.177793622178754,0.0,0.0,
Fra_311,19,0.0,3.5648370896732167,0.0,0.0,-55.45313060125198,59.01796769092519,7.105427357601002e-15,0.0,
Fra_311,20,0.0,3.353684532682723,0.0,0.0,-55.77091008360256,59.12459461628528,0.0,0.0,
Fra_311,21,0.0,3.215096867275384,0.0,0.0,-56.64486572354777,59.85996259082315,0.0,0.0,
Fra_311,22,0.0,3.144630932033168,0.0,0.0,-58.159356306886664,61.30398723891983,0.0,0.0,
Fra_311,23,0.0,3.0958323943365906,0.0,0.0,-55.53642171879082,58.6322541131274,7.105427357601002e-15,0.0,
Fra_311,24,0.0,3.0517364153373525,0.0,0.0,-51.557578089178236,54.60931450451559,0.0,0.0,
Fra_312,1,0.0,23.192092262856207,0.0,0.0,-129.41438823399346,152.60648049684968,-2.842170943040401e-14,0.0,
Fra_312,2,0.0,22.60502999134951,0.0,0.0,-123.09541484385429,145.7004448352038,0.0,0.0,
Fra_312,3,0.0,22.300109085585234,0.0,0.0,-119.90335093504146,142.2034600206267,0.0,0.0,
Fra_312,4,0.0,22.33061692536591,0.0,0.0,-123.63667445762202,145.96729138298792,0.0,0.0,
Fra_312,5,0.0,22.949474894151106,0.0,0.0,-134.80153676405547,157.75101165820655,2.842170943040401e-14,0.0,
Fra_312,6,0.0,25.419984614913144,0.0,0.0,-147.18281052447134,172.60279513938445,2.842170943040401e-14,0.0,
Fra_312,7,0.0,30.922495413392728,0.0,0.0,-152.24982609161856,183.17232150501133,-2.842170943040401e-14,0.0,
Fra_312,8,0.0,38.79291906649242,0.0,0.0,-150.16972956511333,188.96264863160576,0.0,0.0,
Fra_312,9,0.0,47.23888187490393,0.0,0.0,-144.25207444713436,191.49095632203827,2.842170943040401e-14,0.0,
Fra_312,10,0.0,54.64834131340578,0.0,0.0,-137.70724533785815,192.3555866512639,2.842170943040401e-14,0.0,
Fra_312,11,0.0,59.42540298157543,0.0,0.0,-133.51635402265555,192.94175700423096,0.0,0.0,
Fra_312,12,0.0,61.80464460857255,0.0,0.0,-128.75094003531808,190.55558464389065,-2.842170943040401e-14,0.0,
Fra_312,13,0.0,61.93287263852473,0.0,0.0,-122.45336117859271,184.38623381711744,0.0,0.0,
Fra_312,14,0.0,58.95998105724773,0.0,0.0,-119.41778433365886,178.37776539090657,0.0,0.0,
Fra_312,15,0.0,53.541893966557254,0.0,0.0,-119.31897290541104,172.8608668719683,0.0,0.0,
Fra_312,16,0.0,46.28205951323514,0.0,0.0,-123.4958477685492,169.77790728178434,0.0,0.0,
Fra_312,17,0.0,37.78523489843373,0.0,0.0,-133.631445596692,171.41668049512572,0.0,0.0,
Fra_312,18,0.0,31.080033736328062,0.0,0.0,-142.56345525543009,173.64348899175815,0.0,0.0,
Fra_312,19,0.0,28.349635581866664,0.0,0.0,-144.82488134054717,173.1745169224138,2.842170943040401e-14,0.0,
Fra_312,20,0.0,26.689779822378796,0.0,0.0,-146.7976090441666,173.4873888665454,0.0,0.0,
Fra_312,21,0.0,25.58685131500946,0.0,0.0,-150.05830405440372,175.64515536941315,2.842170943040401e-14,0.0,
Fra_312,22,0.0,25.02605906449677,0.0,0.0,-154.8562512026892,179.88231026718597,0.0,0.0,
Fra_312,23,0.0,24.637703447239637,0.0,0.0,-147.40502657842174,172.04273002566137,0.0,0.0,
Fra_312,24,0.0,24.2867724162877,0.0,0.0,-135.95157581537777,160.23834823166547,0.0,0.0,
Fra_313,1,0.0,12.132896227432301,0.0,0.0,-22.233874341415692,34.366770568848,0.0,0.0,
Fra_313,2,0.0,11.825775785753176,0.0,0.0,-20.98576500286956,32.811540788622736,0.0,0.0,
Fra_313,3,0.0,11.666257029735732,0.0,0.0,-20.357767564200905,32.02402459393664,0.0,0.0,
Fra_313,4,0.0,11.690842138031336,0.0,0.0,-21.180792127978,32.87163426600934,0.0,0.0,
Fra_313,5,0.0,12.11919476941098,0.0,0.0,-23.40611717678233,35.52531194619331,0.0,0.0,
Fra_313,6,0.0,13.846948476315132,0.0,0.0,-25.022964785458512,38.86991326177365,0.0,0.0,
Fra_313,7,0.0,17.71160711449946,0.0,0.0,-23.538549020619172,41.25015613511863,0.0,0.0,
Fra_313,8,0.0,23.25458438529833,0.0,0.0,-19.299545494777718,42.55412988007605,0.0,0.0,
Fra_313,9,0.0,29.129987514000472,0.0,0.0,-13.993513798020386,43.12350131202086,-7.105427357601002e-15,0.0,
Fra_313,10,0.0,34.14950472212124,0.0,0.0,-9.16871015681119,43.31821487893244,0.0,0.0,
Fra_313,11,0.0,37.28313848552327,0.0,0.0,-6.16708115473447,43.450219640257735,0.0,0.0,
Fra_313,12,0.0,38.73815363971165,0.0,0.0,-4.174703250428573,42.91285689014021,7.105427357601002e-15,0.0,
Fra_313,13,0.0,38.60793953809652,0.0,0.0,-2.9155879884926907,41.52352752658921,-7.105427357601002e-15,0.0,
Fra_313,14,0.0,36.316398509687914,0.0,0.0,-3.8540301497924485,40.170428659480365,0.0,0.0,
Fra_313,15,0.0,32.328046207886615,0.0,0.0,-6.599984454898687,38.9280306627853,7.105427357601002e-15,0.0,
Fra_313,16,0.0,27.05473478227816,0.0,0.0,-11.179017599768807,38.23375238204697,-7.105427357601002e-15,0.0,
Fra_313,17,0.0,21.0388931792343,0.0,0.0,-17.563908687827425,38.60280186706172,7.105427357601002e-15,0.0,
Fra_313,18,0.0,16.47061647113318,0.0,0.0,-22.633659622025426,39.10427609315861,-7.105427357601002e-15,0.0,
Fra_313,19,0.0,14.834219428310012,0.0,0.0,-24.16444479661154,38.99866422492155,7.105427357601002e-15,0.0,
Fra_313,20,0.0,13.962704410096121,0.0,0.0,-25.106418148484615,39.06912255858073,7.105427357601002e-15,0.0,
Fra_313,21,0.0,13.385709588994072,0.0,0.0,-26.169339033170388,39.55504862216446,0.0,0.0,
Fra_313,22,0.0,13.092332255741741,0.0,0.0,-27.41691785093592,40.50925010667766,0.0,0.0,
Fra_313,23,0.0,12.889164798915623,0.0,0.0,-25.85462256568595,38.74378736460157,0.0,0.0,
Fra_313,24,0.0,12.705575938830547,0.0,0.0,-23.379880799833302,36.08545673866385,0.0,0.0,
Fra_314,1,0.0,5.534151049371214,0.0,0.0,-54.3548847505181,59.889035799889314,0.0,0.0,
Fra_314,2,0.0,5.39406488340212,0.0,0.0,-51.78475955698886,57.17882444039099,-7.105427357601002e-15,0.0,
Fra_314,3,0.0,5.321303946980993,0.0,0.0,-50.485160367745465,55.80646431472647,-1.4210854715202004e-14,0.0,
Fra_314,4,0.0,5.340579214389614,0.0,0.0,-51.94296674504362,57.28354595943323,0.0,0.0,
Fra_314,5,0.0,5.6337251749745985,0.0,0.0,-56.27423544313375,61.90796061810835,0.0,0.0,
Fra_314,6,0.0,6.828663867057056,0.0,0.0,-60.90774512166181,67.73640898871886,0.0,0.0,
Fra_314,7,0.0,9.51303227272295,0.0,0.0,-62.37129193452405,71.884324207247,0.0,0.0,
Fra_314,8,0.0,13.373751941239687,0.0,0.0,-60.78293388163898,74.15668582287867,0.0,0.0,
Fra_314,9,0.0,17.41538620977457,0.0,0.0,-57.73351114496349,75.14889735473807,-1.4210854715202004e-14,0.0,
Fra_314,10,0.0,20.773483538989147,0.0,0.0,-54.71473018404515,75.4882137230343,0.0,0.0,
Fra_314,11,0.0,22.795875959927628,0.0,0.0,-52.92237502718213,75.71825098710977,-1.4210854715202004e-14,0.0,
Fra_314,12,0.0,23.656123282940005,0.0,0.0,-51.12569589964964,74.78181918258964,0.0,0.0,
Fra_314,13,0.0,23.412326763939557,0.0,0.0,-48.94838637306296,72.3607131370025,1.4210854715202004e-14,0.0,
Fra_314,14,0.0,21.67893113281528,0.0,0.0,-48.3238128045288,70.00274393734408,0.0,0.0,
Fra_314,15,0.0,18.78125314611453,0.0,0.0,-49.056433764625275,67.83768691073982,-1.4210854715202004e-14,0.0,
Fra_314,16,0.0,14.997025084507293,0.0,0.0,-51.63078216276732,66.6278072472746,0.0,0.0,
Fra_314,17,0.0,10.784941953153062,0.0,0.0,-56.485987049647036,67.2709290028001,0.0,0.0,
Fra_314,18,0.0,7.710065252296151,0.0,0.0,-60.43475464517712,68.14481989747328,-1.4210854715202004e-14,0.0,
Fra_314,19,0.0,6.769257606277369,0.0,0.0,-61.19151843566193,67.9607760419393,0.0,0.0,
Fra_314,20,0.0,6.3687773978057525,0.0,0.0,-61.71478241453356,68.0835598123393,1.4210854715202004e-14,0.0,
Fra_314,21,0.0,6.105594029644741,0.0,0.0,-62.824761770108196,68.93035579975293,0.0,0.0,
Fra_314,22,0.0,5.971776477244583,0.0,0.0,-64.62141251632957,70.59318899357416,0.0,0.0,
Fra_314,23,0.0,5.879106155722324,0.0,0.0,-61.637510334428804,67.51661649015112,0.0,0.0,
Fra_314,24,0.0,5.79536617611255,0.0,0.0,-57.08872722881627,62.88409340492883,-7.105427357601002e-15,0.0,
Fra_315,1,0.0,2.0358910674137034,0.0,0.0,-88.11503925013311,90.15093031754681,0.0,0.0,
Fra_315,2,0.0,1.9843564830808238,0.0,0.0,-84.08689427120929,86.0712507542901,1.4210854715202004e-14,0.0,
Fra_315,3,0.0,1.957589353091978,0.0,0.0,-82.0478485122955,84.00543786538748,0.0,0.0,
Fra_315,4,0.0,1.9701059837543833,0.0,0.0,-84.25878201147361,86.228887995228,-1.4210854715202004e-14,0.0,
Fra_315,5,0.0,2.1437470981644813,0.0,0.0,-91.04626955918891,93.1900166573534,0.0,0.0,
Fra_315,6,0.0,2.8571780667612443,0.0,0.0,-99.10639849017059,101.96357655693184,0.0,0.0,
Fra_315,7,0.0,4.464976024612147,0.0,0.0,-103.74245486782917,108.20743089244132,-1.4210854715202004e-14,0.0,
Fra_315,8,0.0,6.7820331994507415,0.0,0.0,-104.84598229467919,111.62801549412993,0.0,0.0,
Fra_315,9,0.0,9.185355797744522,0.0,0.0,-103.93623513092409,113.12159092866862,-1.4210854715202004e-14,0.0,
Fra_315,10,0.0,11.139919357289237,0.0,0.0,-102.4924443007332,113.63236365802244,-1.4210854715202004e-14,0.0,
Fra_315,11,0.0,12.283069644909117,0.0,0.0,-101.69556897124419,113.97863861615332,-1.4210854715202004e-14,0.0,
Fra_315,12,0.0,12.731840433446244,0.0,0.0,-99.83718793888036,112.5690283723266,1.4210854715202004e-14,0.0,
Fra_315,13,0.0,12.518040737286608,0.0,0.0,-96.40649813054343,108.92453886783004,0.0,0.0,
Fra_315,14,0.0,11.417195221319695,0.0,0.0,-93.95789399900538,105.37508922032507,0.0,0.0,
Fra_315,15,0.0,9.625330580113062,0.0,0.0,-92.49069957318864,102.1160301533017,0.0,0.0,
Fra_315,16,0.0,7.305108976941293,0.0,0.0,-92.98969003151251,100.29479900845381,0.0,0.0,
Fra_315,17,0.0,4.767475331971242,0.0,0.0,-96.49541447630446,101.2628898082757,0.0,0.0,
Fra_315,18,0.0,2.9691947812809936,0.0,0.0,-99.60916247606268,102.57835725734367,0.0,0.0,
Fra_315,19,0.0,2.492250181871592,0.0,0.0,-99.80906596813058,102.30131615000217,1.4210854715202004e-14,0.0,
Fra_315,20,0.0,2.342931535273549,0.0,0.0,-100.14321095199747,102.48614248727102,0.0,0.0,
Fra_315,21,0.0,2.2461122284727826,0.0,0.0,-101.51471175992612,103.7608239883989,0.0,0.0,
Fra_315,22,0.0,2.196883727630616,0.0,0.0,-104.06700208809124,106.26388581572185,1.4210854715202004e-14,0.0,
Fra_315,23,0.0,2.162792377734599,0.0,0.0,-99.4699306605514,101.632723038286,0.0,0.0,
Fra_315,24,0.0,2.1319863019784426,0.0,0.0,-92.52740246447622,94.65938876645467,0.0,0.0,
Fra_316,1,0.0,5.26838715896917,0.0,0.0,-109.34714893110902,114.6155360900782,0.0,0.0,
Fra_316,2,0.0,5.1350282839842425,0.0,0.0,-104.29370985990136,109.4287381438856,0.0,0.0,
Fra_316,3,0.0,5.065761511231592,0.0,0.0,-101.73655612995529,106.80231764118687,0.0,0.0,
Fra_316,4,0.0,5.082546901676496,0.0,0.0,-104.54660710940222,109.62915401107871,0.0,0.0,
Fra_316,5,0.0,5.34264528554743,0.0,0.0,-113.13670572950181,118.47935101504925,0.0,0.0,
Fra_316,6,0.0,6.401251848068628,0.0,0.0,-123.23257386587201,129.63382571394064,0.0,0.0,
Fra_316,7,0.0,8.777883354220085,0.0,0.0,-128.79421553573775,137.57209888995786,-2.842170943040401e-14,0.0,
Fra_316,8,0.0,12.194657955837908,0.0,0.0,-129.72628277616246,141.92094073200036,0.0,0.0,
Fra_316,9,0.0,15.777976495954094,0.0,0.0,-128.0418569986349,143.819833494589,0.0,0.0,
Fra_316,10,0.0,18.767465289325642,0.0,0.0,-125.7017513007996,144.46921659012526,0.0,0.0,
Fra_316,11,0.0,20.577660038604407,0.0,0.0,-124.33180148100678,144.90946151961117,0.0,0.0,
Fra_316,12,0.0,21.358452505556542,0.0,0.0,-121.75886739992848,143.11731990548503,0.0,0.0,
Fra_316,13,0.0,21.162145400931315,0.0,0.0,-117.32166582237836,138.4838112233097,0.0,0.0,
Fra_316,14,0.0,19.64552342421612,0.0,0.0,-114.32561030657592,133.97113373079202,2.842170943040401e-14,0.0,
Fra_316,15,0.0,17.096269069444087,0.0,0.0,-112.73138216149614,129.82765123094023,0.0,0.0,
Fra_316,16,0.0,13.761337717984645,0.0,0.0,-113.75084784581917,127.51218556380381,0.0,0.0,
Fra_316,17,0.0,10.036399964194633,0.0,0.0,-118.70659093478011,128.74299089897474,0.0,0.0,
Fra_316,18,0.0,7.3015125415259305,0.0,0.0,-123.11392928338923,130.41544182491515,0.0,0.0,
Fra_316,19,0.0,6.443606810103436,0.0,0.0,-123.61961219331573,130.06321900341916,0.0,0.0,
Fra_316,20,0.0,6.062932645241983,0.0,0.0,-124.23526973167114,130.2982023769131,0.0,0.0,
Fra_316,21,0.0,5.81238800616292,0.0,0.0,-126.10641110870134,131.91879911486427,0.0,0.0,
Fra_316,22,0.0,5.684996710114038,0.0,0.0,-129.41612977724316,135.1011264873572,0.0,0.0,
Fra_316,23,0.0,5.596776651143859,0.0,0.0,-123.61641054832656,129.21318719947044,-2.842170943040401e-14,0.0,
Fra_316,24,0.0,5.517058076545393,0.0,0.0,-114.83041422585204,120.34747230239743,0.0,0.0,
Fra_317,1,0.0,8.95528029472718,0.0,0.0,-843.2369264746811,852.1922067694082,1.1368683772161603e-13,0.0,
Fra_317,2,0.0,8.72859496025127,0.0,0.0,-804.898606238193,813.6272011984443,0.0,0.0,
Fra_317,3,0.0,8.610854303311296,0.0,0.0,-785.4883216338786,794.09917593719,-1.1368683772161603e-13,0.0,
Fra_317,4,0.0,8.633729666213611,0.0,0.0,-806.4836084365389,815.1173381027526,0.0,0.0,
Fra_317,5,0.0,9.00724802627785,0.0,0.0,-871.9132889484864,880.9205369747643,-1.1368683772161603e-13,0.0,
Fra_317,6,0.0,10.52118446556254,0.0,0.0,-953.3353726446487,963.8565571102113,0.0,0.0,
Fra_317,7,0.0,13.914330226152092,0.0,0.0,-1008.9650676487863,1022.8793978749384,0.0,0.0,
Fra_317,8,0.0,18.787248298550864,0.0,0.0,-1036.4267636495504,1055.2140119481012,0.0,0.0,
Fra_317,9,0.0,23.922710000117192,0.0,0.0,-1045.4099953552818,1069.332705355399,0.0,0.0,
Fra_317,10,0.0,28.25447237691218,0.0,0.0,-1045.9065418805963,1074.1610142575084,0.0,0.0,
Fra_317,11,0.0,30.915316384220034,0.0,0.0,-1046.5190176236126,1077.4343340078326,0.0,0.0,
Fra_317,12,0.0,32.10458088465565,0.0,0.0,-1032.004778437501,1064.1093593221567,0.0,0.0,
Fra_317,13,0.0,31.90029166354033,0.0,0.0,-997.7578918089051,1029.6581834724454,0.0,0.0,
Fra_317,14,0.0,29.805202831057223,0.0,0.0,-966.3002117762242,996.1054146072814,0.0,0.0,
Fra_317,15,0.0,26.228720764116236,0.0,0.0,-939.0689725192077,965.297693283324,0.0,0.0,
Fra_317,16,0.0,21.527557770972567,0.0,0.0,-926.5541291672342,948.0816869382068,0.0,0.0,
Fra_317,17,0.0,16.226025023485704,0.0,0.0,-941.0069755190002,957.2330005424858,1.1368683772161603e-13,0.0,
Fra_317,18,0.0,12.272727463223074,0.0,0.0,-957.3953206645272,969.6680481277502,0.0,0.0,
Fra_317,19,0.0,10.950859919269185,0.0,0.0,-956.0983325649554,967.0491924842247,-1.1368683772161603e-13,0.0,
Fra_317,20,0.0,10.305860144267994,0.0,0.0,-958.4904864033862,968.7963465476541,0.0,0.0,
Fra_317,21,0.0,9.879980761908161,0.0,0.0,-970.9658658579917,980.8458466198999,0.0,0.0,
Fra_317,22,0.0,9.663439203969673,0.0,0.0,-994.8437248842364,1004.5071640882062,-1.1368683772161603e-13,0.0,
Fra_317,23,0.0,9.513481478415976,0.0,0.0,-951.2155339727235,960.7290154511395,0.0,0.0,
Fra_317,24,0.0,9.377974698317253,0.0,0.0,-885.4324628665988,894.8104375649161,0.0,0.0,
Fra_318,1,0.0,10.768621888403837,0.0,0.0,10.768621888403837,0.0,0.0,0.0,
Fra_318,2,0.0,10.496035372484876,0.0,0.0,10.496035372484876,0.0,0.0,0.0,
Fra_318,3,0.0,10.354453582328581,0.0,0.0,10.354453582328581,0.0,0.0,0.0,
Fra_318,4,0.0,10.346725863621161,0.0,0.0,10.346725863621161,0.0,0.0,0.0,
Fra_318,5,0.0,10.368569177726258,0.0,0.0,10.368569177726258,0.0,0.0,0.0,
Fra_318,6,0.0,10.410712742704671,0.0,0.0,10.410712742704671,0.0,0.0,0.0,
Fra_318,7,0.0,10.462767494987824,0.0,0.0,10.462767494987824,0.0,0.0,0.0,
Fra_318,8,0.0,10.49856953783501,0.0,0.0,10.49856953783501,0.0,0.0,0.0,
Fra_318,9,0.0,10.722071875070483,0.0,0.0,10.722071875070482,0.0,1.7763568394002505e-15,0.0,
Fra_318,10,0.0,11.260431666415084,0.0,0.0,11.260431666415082,0.0,1.7763568394002505e-15,0.0,
Fra_318,11,0.0,11.867891380197548,0.0,0.0,11.867891380197548,0.0,0.0,0.0,
Fra_318,12,0.0,12.438763998647538,0.0,0.0,12.438763998647538,0.0,0.0,0.0,
Fra_318,13,0.0,12.999109420046853,0.0,0.0,12.999109420046853,0.0,0.0,0.0,
Fra_318,14,0.0,13.487657199355901,0.0,0.0,13.487657199355901,0.0,0.0,0.0,
Fra_318,15,0.0,13.900888312540928,0.0,0.0,13.900888312540927,0.0,1.7763568394002505e-15,0.0,
Fra_318,16,0.0,14.274911689716127,0.0,0.0,14.274911689716127,0.0,0.0,0.0,
Fra_318,17,0.0,14.31673343978209,0.0,0.0,14.31673343978209,0.0,0.0,0.0,
Fra_318,18,0.0,13.8951786215295,0.0,0.0,13.895178621529501,0.0,-1.7763568394002505e-15,0.0,
Fra_318,19,0.0,13.155354451406058,0.0,0.0,13.155354451406058,0.0,0.0,0.0,
Fra_318,20,0.0,12.392678674026255,0.0,0.0,12.392678674026255,0.0,0.0,0.0,
Fra_318,21,0.0,11.880563599146878,0.0,0.0,11.880563599146878,0.0,0.0,0.0,
Fra_318,22,0.0,11.620174858222885,0.0,0.0,11.620174858222885,0.0,0.0,0.0,
Fra_318,23,0.0,11.43985241240468,0.0,0.0,11.43985241240468,0.0,0.0,0.0,
Fra_318,24,0.0,11.276907062826126,0.0,0.0,11.276907062826126,0.0,0.0,0.0,
Bel_1,1,0.0,6.9321269682493725,0.0,0.0,-189.79000505020215,196.72213201845153,0.0,0.0,
Bel_1,2,0.0,6.7450768273694575,0.0,0.0,-183.93092127882102,190.67599810619046,0.0,0.0,
Bel_1,3,0.0,6.7943293306427135,0.0,0.0,-182.72181244597016,189.51614177661287,0.0,0.0,
Bel_1,4,0.0,7.115138789880223,0.0,0.0,-187.59479344785782,194.70993223773803,2.842170943040401e-14,0.0,
Bel_1,5,0.0,9.20754242317841,0.0,0.0,-198.702612529431,207.91015495260942,0.0,0.0,
Bel_1,6,0.0,16.173974495349672,0.0,0.0,-210.02959287413807,226.20356736948776,0.0,0.0,
Bel_1,7,0.0,30.033264922040065,0.0,0.0,-210.21702546292025,240.2502903849603,2.842170943040401e-14,0.0,
Bel_1,8,0.0,48.54092487410647,0.0,0.0,-202.33701565950224,250.87794053360875,-2.842170943040401e-14,0.0,
Bel_1,9,0.0,66.68889660677522,0.0,0.0,-191.03245954472075,257.72135615149597,0.0,0.0,
Bel_1,10,0.0,80.1712364652687,0.0,0.0,-181.39099309587095,261.56222956113965,0.0,0.0,
Bel_1,11,0.0,86.51713961973779,0.0,0.0,-174.87405446880342,261.39119408854117,5.684341886080802e-14,0.0,
Bel_1,12,0.0,87.53417976180573,0.0,0.0,-169.62528604774946,257.15946580955523,-5.684341886080802e-14,0.0,
Bel_1,13,0.0,84.42566488576031,0.0,0.0,-170.88801078539638,255.31367567115666,2.842170943040401e-14,0.0,
Bel_1,14,0.0,74.66904859296746,0.0,0.0,-177.46159447157743,252.13064306454487,0.0,0.0,
Bel_1,15,0.0,59.66470279221488,0.0,0.0,-189.39224066479923,249.0569434570141,0.0,0.0,
Bel_1,16,0.0,40.605245686083364,0.0,0.0,-206.1261030918032,246.73134877788655,2.842170943040401e-14,0.0,
Bel_1,17,0.0,21.58292873822237,0.0,0.0,-223.80123158292253,245.38416032114492,-2.842170943040401e-14,0.0,
Bel_1,18,0.0,10.245434146784772,0.0,0.0,-232.01915218889565,242.2645863356804,0.0,0.0,
Bel_1,19,0.0,7.544645428164852,0.0,0.0,-232.482088929687,240.0267343578518,2.842170943040401e-14,0.0,
Bel_1,20,0.0,7.05937101443571,0.0,0.0,-232.05996848649602,239.1193395009317,2.842170943040401e-14,0.0,
Bel_1,21,0.0,6.868302840117315,0.0,0.0,-229.72316050326762,236.59146334338493,0.0,0.0,
Bel_1,22,0.0,6.855979635751738,0.0,0.0,-230.0053522814745,236.86133191722627,-2.842170943040401e-14,0.0,
Bel_1,23,0.0,6.9662972790968825,0.0,0.0,-220.96644283667072,227.93274011576761,0.0,0.0,
Bel_1,24,0.0,6.924474150928901,0.0,0.0,-206.4202922093737,213.34476636030263,0.0,0.0,
Bel_2,1,0.0,19.923655313730585,0.0,0.0,-166.8597033855781,186.78335869930868,0.0,0.0,
Bel_2,2,0.0,19.76713973935096,0.0,0.0,-161.27554714184222,181.04268688119322,-2.842170943040401e-14,0.0,
Bel_2,3,0.0,19.799724503716625,0.0,0.0,-160.1417041782881,179.94142868200473,0.0,0.0,
Bel_2,4,0.0,20.126357540361063,0.0,0.0,-164.74646150812464,184.87281904848572,-2.842170943040401e-14,0.0,
Bel_2,5,0.0,22.146662118933516,0.0,0.0,-175.25947948438974,197.40614160332325,0.0,0.0,
Bel_2,6,0.0,28.852275609621984,0.0,0.0,-185.9230606960832,214.7753363057052,0.0,0.0,
Bel_2,7,0.0,42.17157465562359,0.0,0.0,-185.94081771300978,228.11239236863338,0.0,0.0,
Bel_2,8,0.0,60.13869065593243,0.0,0.0,-178.06442292173892,238.2031135776714,-2.842170943040401e-14,0.0,
Bel_2,9,0.0,77.75767953040737,0.0,0.0,-166.94310739478746,244.70078692519482,2.842170943040401e-14,0.0,
Bel_2,10,0.0,90.7956811430067,0.0,0.0,-157.5519310195479,248.34761216255458,2.842170943040401e-14,0.0,
Bel_2,11,0.0,96.90146554644919,0.0,0.0,-151.28375217832217,248.18521772477135,0.0,0.0,
Bel_2,12,0.0,97.83084663943927,0.0,0.0,-146.33643770416217,244.16728434360144,0.0,0.0,
Bel_2,13,0.0,94.77468363396221,0.0,0.0,-147.6400633719908,242.414747005953,2.842170943040401e-14,0.0,
Bel_2,14,0.0,85.46181340199553,0.0,0.0,-153.93071381093182,239.39252721292735,0.0,0.0,
Bel_2,15,0.0,71.07485357764804,0.0,0.0,-165.39926313191262,236.47411670956063,2.842170943040401e-14,0.0,
Bel_2,16,0.0,52.759716696163984,0.0,0.0,-181.50629876579558,234.26601546195957,0.0,0.0,
Bel_2,17,0.0,34.58302253115889,0.0,0.0,-198.4038669770034,232.98688950816228,0.0,0.0,
Bel_2,18,0.0,23.655697153999263,0.0,0.0,-206.36922513299953,230.0249222869988,0.0,0.0,
Bel_2,19,0.0,21.02114286002836,0.0,0.0,-206.87898795383052,227.90013081385882,5.684341886080802e-14,0.0,
Bel_2,20,0.0,20.63737082329248,0.0,0.0,-206.40120843404847,227.03857925734093,2.842170943040401e-14,0.0,
Bel_2,21,0.0,20.503100765380292,0.0,0.0,-204.13531540793002,224.6384161733103,0.0,0.0,
Bel_2,22,0.0,20.58925101702808,0.0,0.0,-204.30539946053807,224.89465047756613,2.842170943040401e-14,0.0,
Bel_2,23,0.0,20.784257335716152,0.0,0.0,-195.63289064622262,216.4171479819388,-2.842170943040401e-14,0.0,
Bel_2,24,0.0,20.831226678124292,0.0,0.0,-181.73495950960444,202.56618618772876,-2.842170943040401e-14,0.0,
Bel_3,1,0.0,9.28608759227465,0.0,0.0,-39.430496010258366,48.716583602533014,7.105427357601002e-15,0.0,
Bel_3,2,0.0,9.035520342090994,0.0,0.0,-38.18378898231886,47.219309324409856,-7.105427357601002e-15,0.0,
Bel_3,3,0.0,9.101497647704274,0.0,0.0,-37.83058299904212,46.9320806467464,0.0,0.0,
Bel_3,4,0.0,9.531214668533142,0.0,0.0,-38.68706456002667,48.218279228559815,-7.105427357601002e-15,0.0,
Bel_3,5,0.0,12.333931304450138,0.0,0.0,-39.1532722025471,51.48720350699723,7.105427357601002e-15,0.0,
Bel_3,6,0.0,21.665292757811265,0.0,0.0,-34.35212067644966,56.017413434260924,0.0,0.0,
Bel_3,7,0.0,40.22946153557978,0.0,0.0,-19.266504866278655,59.49596640185844,0.0,0.0,
Bel_3,8,0.0,65.01998853061751,0.0,0.0,2.8921738377058706,62.127814692911635,7.105427357601002e-15,0.0,
Bel_3,9,0.0,89.32870891760356,0.0,0.0,25.50617982903655,63.822529088566995,1.4210854715202004e-14,0.0,
Bel_3,10,0.0,107.38793113324132,0.0,0.0,42.614242006666494,64.77368912657482,0.0,0.0,
Bel_3,11,0.0,115.88810895411193,0.0,0.0,51.156775325692536,64.73133362841938,1.4210854715202004e-14,0.0,
Bel_3,12,0.0,117.25043957265792,0.0,0.0,53.56705790760528,63.683381665052664,-2.1316282072803006e-14,0.0,
Bel_3,13,0.0,113.08670758420547,0.0,0.0,49.86042034298504,63.22628724122043,0.0,0.0,
Bel_3,14,0.0,100.01802227230561,0.0,0.0,37.579986319837204,62.4380359524684,1.4210854715202004e-14,0.0,
Bel_3,15,0.0,79.9201239998746,0.0,0.0,18.24326393729185,61.67686006258276,-7.105427357601002e-15,0.0,
Bel_3,16,0.0,54.390495054175965,0.0,0.0,-6.710451020240498,61.100946074416456,7.105427357601002e-15,0.0,
Bel_3,17,0.0,28.910594743307595,0.0,0.0,-31.85673142567257,60.76732616898016,0.0,0.0,
Bel_3,18,0.0,13.724289228786757,0.0,0.0,-46.270500645939975,59.994789874726735,0.0,0.0,
Bel_3,19,0.0,10.106598940070308,0.0,0.0,-49.334005689461165,59.44060462953147,0.0,0.0,
Bel_3,20,0.0,9.456540234572424,0.0,0.0,-49.75935568041791,59.21589591499034,-7.105427357601002e-15,0.0,
Bel_3,21,0.0,9.200590536746175,0.0,0.0,-49.389298081035605,58.58988861778178,0.0,0.0,
Bel_3,22,0.0,9.184082709396737,0.0,0.0,-49.472636593902436,58.65671930329917,0.0,0.0,
Bel_3,23,0.0,9.331861205631498,0.0,0.0,-47.113767334845654,56.44562854047716,-7.105427357601002e-15,0.0,
Bel_3,24,0.0,9.275836087607892,0.0,0.0,-43.55720328581505,52.83303937342295,-7.105427357601002e-15,0.0,
Bel_4,1,0.0,8.078406322397278,0.0,0.0,-391.4838666517315,399.5622729741288,-5.684341886080802e-14,0.0,
Bel_4,2,0.0,7.86042603328679,0.0,0.0,-379.4215458689606,387.28197190224734,5.684341886080802e-14,0.0,
Bel_4,3,0.0,7.917822808570762,0.0,0.0,-377.0083651937441,384.92618800231486,0.0,0.0,
Bel_4,4,0.0,8.2472097944949,0.0,0.0,-387.2280847099998,395.4752945044947,0.0,0.0,
Bel_4,5,0.0,10.379917185673843,0.0,0.0,-411.9063463623245,422.2862635479983,0.0,0.0,
Bel_4,6,0.0,17.508047048092912,0.0,0.0,-441.9339618689901,459.44200891708306,-5.684341886080802e-14,0.0,
Bel_4,7,0.0,31.683239347498347,0.0,0.0,-456.2890651612053,487.97230450870364,0.0,0.0,
Bel_4,8,0.0,50.59074295606691,0.0,0.0,-458.9673791024867,509.55812205855364,-5.684341886080802e-14,0.0,
Bel_4,9,0.0,69.11094078964312,0.0,0.0,-454.34684101300684,523.45778180265,0.0,0.0,
Bel_4,10,0.0,82.85573567718286,0.0,0.0,-448.4032431439052,531.258978821088,0.0,0.0,
Bel_4,11,0.0,89.3479531975233,0.0,0.0,-441.5636355180924,530.9115887156156,1.1368683772161603e-13,0.0,
Bel_4,12,0.0,90.43342526497908,0.0,0.0,-431.8831012051646,522.3165264701437,0.0,0.0,
Bel_4,13,0.0,87.31958386364607,0.0,0.0,-431.247958719608,518.5675425832542,-1.1368683772161603e-13,0.0,
Bel_4,14,0.0,77.42106376616508,0.0,0.0,-434.6814220886001,512.1024858547652,0.0,0.0,
Bel_4,15,0.0,62.13759719086288,0.0,0.0,-443.7218981624091,505.85949535327194,5.684341886080802e-14,0.0,
Bel_4,16,0.0,42.68955033680807,0.0,0.0,-458.4464302473093,501.13598058411736,0.0,0.0,
Bel_4,17,0.0,23.25086302447151,0.0,0.0,-475.14884342324257,498.39970644771404,5.684341886080802e-14,0.0,
Bel_4,18,0.0,11.628110882922742,0.0,0.0,-480.4354296257893,492.0635405087121,-5.684341886080802e-14,0.0,
Bel_4,19,0.0,8.7898515349101,0.0,0.0,-478.72838838323617,487.51823991814626,0.0,0.0,
Bel_4,20,0.0,8.226691129052906,0.0,0.0,-477.44853932291886,485.67523045197174,0.0,0.0,
Bel_4,21,0.0,8.00402839444168,0.0,0.0,-472.53683342832187,480.54086182276353,0.0,0.0,
Bel_4,22,0.0,7.9896674555097995,0.0,0.0,-473.09932435985775,481.08899181536754,0.0,0.0,
Bel_4,23,0.0,8.11822695125378,0.0,0.0,-454.83590429685245,462.95413124810625,0.0,0.0,
Bel_4,24,0.0,8.069488054150174,0.0,0.0,-425.2550133601669,433.32450141431707,0.0,0.0,
Bel_5,1,0.0,6.579474371888015,0.0,0.0,-513.0263388423034,519.6058132141914,1.1368683772161603e-13,0.0,
Bel_5,2,0.0,6.42371622863512,0.0,0.0,-497.21233142817783,503.63604765681305,-1.1368683772161603e-13,0.0,
Bel_5,3,0.0,6.464236173366435,0.0,0.0,-494.1082614641469,500.5724976375133,0.0,0.0,
Bel_5,4,0.0,6.746047751875262,0.0,0.0,-507.5449048887789,514.2909526406543,-1.1368683772161603e-13,0.0,
Bel_5,5,0.0,8.581797018237408,0.0,0.0,-540.5751485231335,549.1569455413709,0.0,0.0,
Bel_5,6,581.9843421093782,14.68552035142497,0.0,0.0,-0.8058123349003523,597.4756747957035,0.0,0.0,
Bel_5,7,642.5,26.828774461331843,0.0,0.0,34.75122983247428,634.5775446288576,0.0,0.0,
Bel_5,8,456.5,43.060777247626596,0.0,0.0,-163.0877766844772,662.6485539321037,1.1368683772161603e-13,0.0,
Bel_5,9,0.0,58.982441975310095,0.0,0.0,-621.7417524595179,680.7241944348281,-1.1368683772161603e-13,0.0,
Bel_5,10,0.0,70.81148924578955,0.0,0.0,-620.0576753100592,690.8691645558487,0.0,0.0,
Bel_5,11,0.0,76.37163409930398,0.0,0.0,-614.0457712929156,690.4174053922196,-1.1368683772161603e-13,0.0,
Bel_5,12,0.0,77.24845668366176,0.0,0.0,-601.9916063773057,679.2400630609675,0.0,0.0,
Bel_5,13,0.0,74.50418630182325,0.0,0.0,-599.8605570579764,674.3647433597996,0.0,0.0,
Bel_5,14,0.0,65.93872048824453,0.0,0.0,-600.0186198555554,665.9573403438,-1.1368683772161603e-13,0.0,
Bel_5,15,0.0,52.77802062078686,0.0,0.0,-605.0606999837894,657.8387206045763,-1.1368683772161603e-13,0.0,
Bel_5,16,0.0,36.06687920144911,0.0,0.0,-615.6292050761615,651.6960842776107,-1.1368683772161603e-13,0.0,
Bel_5,17,0.0,19.401454251277592,0.0,0.0,-628.7362761876691,648.1377304389467,0.0,0.0,
Bel_5,18,0.0,9.472793849947909,0.0,0.0,-630.4251480051344,639.8979418550822,1.1368683772161603e-13,0.0,
Bel_5,19,0.0,7.123551093371316,0.0,0.0,-626.8635108578496,633.987061951221,0.0,0.0,
Bel_5,20,0.0,6.720131110393698,0.0,0.0,-624.8702119882066,631.5903430986002,1.1368683772161603e-13,0.0,
Bel_5,21,433.4047378272975,6.562490412118412,0.0,0.0,-184.94618871432309,624.913416953739,0.0,0.0,
Bel_5,22,830.0,6.557740883508222,0.0,0.0,210.93151506412207,625.6262258193861,0.0,0.0,
Bel_5,23,320.11235632361024,6.655471677198577,0.0,0.0,-275.2751428169523,602.0429708177611,1.1368683772161603e-13,0.0,
Bel_5,24,0.0,6.625328947923018,0.0,0.0,-556.8861564259701,563.511485373893,0.0,0.0,
Bel_6,1,0.0,3.8147107782659857,0.0,0.0,-134.57933721012088,138.3940479883869,-2.842170943040401e-14,0.0,
Bel_6,2,0.0,3.7117781297788826,0.0,0.0,-130.42881378728404,134.14059191706292,0.0,0.0,
Bel_6,3,0.0,3.738881507422371,0.0,0.0,-129.58575131602856,133.32463282345094,0.0,0.0,
Bel_6,4,0.0,3.891142190007944,0.0,0.0,-133.0873229650851,136.97846515509303,0.0,0.0,
Bel_6,5,0.0,4.875687055951116,0.0,0.0,-141.38913666548746,146.26482372143857,0.0,0.0,
Bel_6,6,0.0,8.168642547576935,0.0,0.0,-150.96559942343282,159.13424197100977,-2.842170943040401e-14,0.0,
Bel_6,7,0.0,14.716617163565909,0.0,0.0,-154.299496456235,169.0161136198009,0.0,0.0,
Bel_6,8,0.0,23.44874830531105,0.0,0.0,-153.04391871285324,176.49266701816424,5.684341886080802e-14,0.0,
Bel_6,9,0.0,32.000338901453425,0.0,0.0,-149.3066719818817,181.30701088333512,0.0,0.0,
Bel_6,10,0.0,38.34573039869567,0.0,0.0,-145.66333547722002,184.00906587591567,2.842170943040401e-14,0.0,
Bel_6,11,0.0,41.344833508159,0.0,0.0,-142.54390888834115,183.8887423965001,5.684341886080802e-14,0.0,
Bel_6,12,0.0,41.85004976319783,0.0,0.0,-139.06167118428263,180.9117209474805,-2.842170943040401e-14,0.0,
Bel_6,13,0.0,40.41717259164472,0.0,0.0,-139.19603472969197,179.6132073213367,0.0,0.0,
Bel_6,14,0.0,35.8514920274422,0.0,0.0,-141.5224514002584,177.3739434277006,0.0,0.0,
Bel_6,15,0.0,28.796853463926873,0.0,0.0,-146.4147418506158,175.21159531454268,0.0,0.0,
Bel_6,16,0.0,19.817030465108274,0.0,0.0,-153.75850866031925,173.57553912542755,-2.842170943040401e-14,0.0,
Bel_6,17,0.0,10.839125626023067,0.0,0.0,-161.78866622756107,172.62779185358414,0.0,0.0,
Bel_6,18,0.0,5.467949905028628,0.0,0.0,-164.96522120396534,170.43317110899397,0.0,0.0,
Bel_6,19,0.0,4.150489026628562,0.0,0.0,-164.70835289615331,168.8588419227819,-2.842170943040401e-14,0.0,
Bel_6,20,0.0,3.8847324666569274,0.0,0.0,-164.33575704460657,168.2204895112635,-2.842170943040401e-14,0.0,
Bel_6,21,0.0,3.7795887167956845,0.0,0.0,-162.66253955637686,166.44212827317253,0.0,0.0,
Bel_6,22,0.0,3.772807326216508,0.0,0.0,-162.8591735272201,166.6319808534366,0.0,0.0,
Bel_6,23,0.0,3.833514509600355,0.0,0.0,-156.517200735532,160.35071524513236,-2.842170943040401e-14,0.0,
Bel_6,24,0.0,3.810499475609498,0.0,0.0,-146.27757414779734,150.0880736234068,2.842170943040401e-14,0.0,
Bel_7,1,0.0,7.6770168348879215,0.0,0.0,-228.47270096430003,236.14971779918795,0.0,0.0,
Bel_7,2,0.0,7.469867270680515,0.0,0.0,-221.42193398141228,228.8918012520928,0.0,0.0,
Bel_7,3,0.0,7.524412188643067,0.0,0.0,-219.9750711676084,227.49948335625143,2.842170943040401e-14,0.0,
Bel_7,4,0.0,7.800744173947523,0.0,0.0,-225.9334832810909,233.7342274550384,2.842170943040401e-14,0.0,
Bel_7,5,0.0,9.575285958008516,0.0,0.0,-240.0047888199479,249.58007477795644,-2.842170943040401e-14,0.0,
Bel_7,6,0.0,15.532271861467436,0.0,0.0,-256.00763090078914,271.53990276225653,5.684341886080802e-14,0.0,
Bel_7,7,0.0,27.373058883108502,0.0,0.0,-261.0288493996864,288.4019082827949,0.0,0.0,
Bel_7,8,0.0,43.146138264698315,0.0,0.0,-258.0134427706287,301.15958103532705,0.0,0.0,
Bel_7,9,0.0,58.57744034256567,0.0,0.0,-250.7971323175728,309.3745726601384,5.684341886080802e-14,0.0,
Bel_7,10,0.0,70.01654501896171,0.0,0.0,-243.96869936623045,313.9852443851922,0.0,0.0,
Bel_7,11,0.0,75.44117714028519,0.0,0.0,-238.33875237680667,313.7799295170919,0.0,0.0,
Bel_7,12,0.0,76.3904263321741,0.0,0.0,-232.30964039250125,308.70006672467537,0.0,0.0,
Bel_7,13,0.0,73.85097616927811,0.0,0.0,-232.63336212755337,306.4843382968315,0.0,0.0,
Bel_7,14,0.0,65.65822377243904,0.0,0.0,-237.00512984877656,302.6633536212156,0.0,0.0,
Bel_7,15,0.0,52.950784285129586,0.0,0.0,-246.02283047716708,298.9736147622966,5.684341886080802e-14,0.0,
Bel_7,16,0.0,36.748581224174,0.0,0.0,-259.4333368359959,296.1819180601699,0.0,0.0,
Bel_7,17,0.0,20.527286619251196,0.0,0.0,-274.03743580249386,294.56472242174505,0.0,0.0,
Bel_7,18,0.0,10.793371417429533,0.0,0.0,-280.0265434996264,290.819914917056,-5.684341886080802e-14,0.0,
Bel_7,19,0.0,8.35116747318186,0.0,0.0,-279.78237907434567,288.13354654752754,0.0,0.0,
Bel_7,20,0.0,7.817933856342661,0.0,0.0,-279.22635528432625,287.04428914066887,5.684341886080802e-14,0.0,
Bel_7,21,0.0,7.6063345019782584,0.0,0.0,-276.4034346530086,284.0097691549869,0.0,0.0,
Bel_7,22,0.0,7.592687110952731,0.0,0.0,-276.74103841285546,284.3337255238082,0.0,0.0,
Bel_7,23,0.0,7.7148589074337925,0.0,0.0,-265.90078211502896,273.6156410224628,-5.684341886080802e-14,0.0,
Bel_7,24,0.0,7.668541686109968,0.0,0.0,-248.43536412756652,256.10390581367653,-5.684341886080802e-14,0.0,
Bel_8,1,0.0,11.826329501517655,0.0,0.0,-1251.045155081911,1262.8714845834286,0.0,0.0,
Bel_8,2,0.0,11.50721869909249,0.0,0.0,-1212.5506863880992,1224.0579050871916,0.0,0.0,
Bel_8,3,0.0,11.591244328621777,0.0,0.0,-1205.0208819343563,1216.612126262978,0.0,0.0,
Bel_8,4,0.0,12.033040039148512,0.0,0.0,-1237.920987325436,1249.9540273645846,0.0,0.0,
Bel_8,5,0.0,14.877437827523039,0.0,0.0,-1319.8163424348086,1334.6937802623315,0.0,0.0,
Bel_8,6,0.0,24.4128250823232,0.0,0.0,-1427.71679557052,1452.1296206528432,0.0,0.0,
Bel_8,7,0.0,43.36916690492015,0.0,0.0,-1498.934374526792,1542.3035414317121,0.0,0.0,
Bel_8,8,0.0,68.63119309223399,0.0,0.0,-1541.8972917311962,1610.5284848234303,0.0,0.0,
Bel_8,9,0.0,93.35517467455873,0.0,0.0,-1561.1050953136037,1654.4602699881625,0.0,0.0,
Bel_8,10,0.0,111.68951217013132,0.0,0.0,-1567.4275132891378,1679.1170254592691,0.0,0.0,
Bel_8,11,0.0,120.37321711448581,0.0,0.0,-1557.645834166786,1678.019051281272,0.0,0.0,
Bel_8,12,0.0,121.87165532159952,0.0,0.0,-1528.9815203197345,1650.853175641334,0.0,0.0,
Bel_8,13,0.0,117.77538716946705,0.0,0.0,-1521.2286095900001,1639.003996759467,0.0,0.0,
Bel_8,14,0.0,104.6215208111051,0.0,0.0,-1513.9487755195141,1618.5702963306194,-2.2737367544323206e-13,0.0,
Bel_8,15,0.0,84.24819561109896,0.0,0.0,-1514.590271124659,1598.8384667357582,-2.2737367544323206e-13,0.0,
Bel_8,16,0.0,58.2879789427666,0.0,0.0,-1525.6211701059829,1583.9091490487494,0.0,0.0,
Bel_8,17,0.0,32.31064097677257,0.0,0.0,-1542.9501375560483,1575.260778532821,0.0,0.0,
Bel_8,18,0.0,16.739868073940144,0.0,0.0,-1538.4945870865727,1555.2344551605129,0.0,0.0,
Bel_8,19,0.0,12.865702622006136,0.0,0.0,-1528.002705258919,1540.8684078809251,0.0,0.0,
Bel_8,20,0.0,12.0434100633998,0.0,0.0,-1522.9999130733513,1535.043323136751,0.0,0.0,
Bel_8,21,0.0,11.7174444258556,0.0,0.0,-1507.0980009262812,1518.815445352137,-2.2737367544323206e-13,0.0,
Bel_8,22,0.0,11.696420824295881,0.0,0.0,-1508.851464711325,1520.5478855356207,2.2737367544323206e-13,0.0,
Bel_8,23,0.0,11.88462464774086,0.0,0.0,-1451.3455413824308,1463.2301660301719,-2.2737367544323206e-13,0.0,
Bel_8,24,0.0,11.813273661706678,0.0,0.0,-1357.76837461094,1369.5816482726468,0.0,0.0,
Bel_9,1,232.56884648241623,30.95839438861443,0.0,0.0,-320.27559382663145,583.8028346976622,-1.1368683772161603e-13,0.0,
Bel_9,2,52.2520404785227,30.667450141516284,0.0,0.0,-482.9405224910382,565.8600131110773,0.0,0.0,
Bel_9,3,52.2520404785227,30.7317340023942,0.0,0.0,-479.4341886376057,562.4179631185226,0.0,0.0,
Bel_9,4,104.5040809570454,31.20699519194069,0.0,0.0,-442.12024978194324,577.8313259309293,0.0,0.0,
Bel_9,5,311.31902176080166,34.11192553739825,0.0,0.0,-271.57404638689735,617.0049936850972,0.0,0.0,
Bel_9,6,444.6576628737021,43.82001533790561,0.0,0.0,-182.81579799291072,671.2934762045184,1.1368683772161603e-13,0.0,
Bel_9,7,499.63429085559386,63.08960604586446,0.0,0.0,-150.2553653938524,712.9792622953107,0.0,0.0,
Bel_9,8,509.40603378973424,89.0272126836376,0.0,0.0,-146.08518337413904,744.5184298475109,-1.1368683772161603e-13,0.0,
Bel_9,9,491.351421953047,114.41454675531463,0.0,0.0,-159.06133739900034,764.827306107362,0.0,0.0,
Bel_9,10,468.58083801389205,133.16790808153792,0.0,0.0,-174.47693578825056,776.2256818836805,0.0,0.0,
Bel_9,11,442.592104856392,142.0052846161651,0.0,0.0,-191.12071864343227,775.7181081159895,-1.1368683772161603e-13,0.0,
Bel_9,12,405.9233104754315,143.45947520401916,0.0,0.0,-213.77702541325039,763.1598110927011,-1.1368683772161603e-13,0.0,
Bel_9,13,403.7565279579233,139.196717949577,0.0,0.0,-214.72890233152154,757.6821482390219,0.0,0.0,
Bel_9,14,416.42006712255494,125.91565606517729,0.0,0.0,-205.90029187039883,748.236015058131,1.1368683772161603e-13,0.0,
Bel_9,15,450.489779898087,105.25195288726891,0.0,0.0,-183.37261138870164,739.1143441740576,0.0,0.0,
Bel_9,16,506.2822096751553,78.86480814113169,0.0,0.0,-147.06577058414206,732.2127884004291,-1.1368683772161603e-13,0.0,
Bel_9,17,555.0573893467919,52.60729158132169,0.0,0.0,-120.5501209120439,728.2148018401575,-1.1368683772161603e-13,0.0,
Bel_9,18,556.0,36.7343516480472,0.0,0.0,-126.22264011717454,718.9569917652217,1.1368683772161603e-13,0.0,
Bel_9,19,556.0,32.74111524739638,0.0,0.0,-123.57471054994355,712.3158257973399,0.0,0.0,
Bel_9,20,556.0,32.02380434638638,0.0,0.0,-121.59918926057063,709.6229936069569,0.0,0.0,
Bel_9,21,549.3732704000215,31.763192647574837,0.0,0.0,-120.98467374539517,702.1211367929915,0.0,0.0,
Bel_9,22,549.0265103693537,31.881827257316957,0.0,0.0,-122.01367518768075,702.9220128143513,0.0,0.0,
Bel_9,23,490.3587819428519,32.20012944741375,0.0,0.0,-153.86614782731937,676.4250592175849,0.0,0.0,
Bel_9,24,377.2163326808914,32.25216938276176,0.0,0.0,-223.66452720512694,633.1330292687802,-1.1368683772161603e-13,0.0,
Bel_10,1,0.0,15.714497088107677,0.0,0.0,-653.8919388575999,669.6064359457076,0.0,0.0,
Bel_10,2,0.0,15.290471546214022,0.0,0.0,-633.7360218241463,649.0264933703603,0.0,0.0,
Bel_10,3,0.0,15.402122461267162,0.0,0.0,-629.6764304557806,645.0785529170478,0.0,0.0,
Bel_10,4,0.0,15.954658483239633,0.0,0.0,-646.8026145861328,662.7572730693724,0.0,0.0,
Bel_10,5,533.4,19.496995271344204,0.0,0.0,-154.7914403220575,707.6884355934017,0.0,0.0,
Bel_10,6,889.0,31.39890333523045,0.0,0.0,150.44301179232778,769.9558915429027,0.0,0.0,
Bel_10,7,889.0,55.05429022567566,0.0,0.0,126.28590275971686,817.7683874659588,0.0,0.0,
Bel_10,8,889.0,86.5571587370372,0.0,0.0,121.61417888791499,853.9429798491221,0.0,0.0,
Bel_10,9,889.0,117.36981199070081,0.0,0.0,129.13308733223067,877.2367246584702,0.0,0.0,
Bel_10,10,889.0,140.2055915488504,0.0,0.0,138.89523085176253,890.3103606970878,0.0,0.0,
Bel_10,11,889.0,151.04349605495466,0.0,0.0,150.31530906680254,889.7281869881521,0.0,0.0,
Bel_10,12,889.0,152.95717701139554,0.0,0.0,166.6330251041396,875.3241519072559,0.0,0.0,
Bel_10,13,711.2,147.90891926522647,0.0,0.0,-9.932497987848024,869.0414172530744,1.1368683772161603e-13,0.0,
Bel_10,14,889.0,131.57227204927872,0.0,0.0,162.36532012729566,858.2069519219831,0.0,0.0,
Bel_10,15,557.4018937389342,106.20951247985192,0.0,0.0,-184.13323005905102,847.7446362778371,0.0,0.0,
Bel_10,16,889.0,73.85844734135772,0.0,0.0,123.0297132986532,839.8287340427045,1.1368683772161603e-13,0.0,
Bel_10,17,889.0,41.45830801486882,0.0,0.0,95.21515898901109,835.2431490258577,0.0,0.0,
Bel_10,18,830.4890112695794,22.001755859748645,0.0,0.0,27.866081804747694,824.6246853245802,0.0,0.0,
Bel_10,19,560.6461147512825,17.093757459754492,0.0,0.0,-239.26757110994762,817.0074433209845,1.1368683772161603e-13,0.0,
Bel_10,20,889.0,16.002947689551178,0.0,0.0,91.08411178606227,813.918835903489,-1.1368683772161603e-13,0.0,
Bel_10,21,889.0,15.569813633768767,0.0,0.0,99.25540940758734,805.3144042261814,0.0,0.0,
Bel_10,22,889.0,15.54187805786169,0.0,0.0,98.30889018250198,806.2329878753596,1.1368683772161603e-13,0.0,
Bel_10,23,889.0,15.791958053951545,0.0,0.0,128.95027629572985,775.8416817582217,0.0,0.0,
Bel_10,24,889.0,15.697148851981998,0.0,0.0,178.51028230870628,726.1868665432756,1.1368683772161603e-13,0.0,
Bel_11,1,0.0,15.716493424910281,0.0,0.0,-674.8551925400662,690.5716859649765,0.0,0.0,
Bel_11,2,0.0,15.292414015699729,0.0,0.0,-654.0549752902282,669.3473893059279,0.0,0.0,
Bel_11,3,0.0,15.404079114651312,0.0,0.0,-649.8717604740417,665.2758395886931,-1.1368683772161603e-13,0.0,
Bel_11,4,0.0,15.983604571149678,0.0,0.0,-667.5244725318848,683.5080771030345,1.1368683772161603e-13,0.0,
Bel_11,5,0.0,19.711433703753652,0.0,0.0,-710.1345920672371,729.8460257709908,0.0,0.0,
Bel_11,6,105.98747549439591,32.21427928005301,0.0,0.0,-655.8613091363652,794.0630639108142,-1.1368683772161603e-13,0.0,
Bel_11,7,241.34262487964043,57.06869410379344,0.0,0.0,-544.9612409944933,843.3725599779273,0.0,0.0,
Bel_11,8,295.90000000000003,90.18605410517591,0.0,0.0,-494.5937178559444,880.6797719611203,1.1368683772161603e-13,0.0,
Bel_11,9,0.0,122.59382575705504,0.0,0.0,-782.109013728365,904.7028394854201,-1.1368683772161603e-13,0.0,
Bel_11,10,0.0,146.62315095522587,0.0,0.0,-771.5626576240168,918.1858085792426,0.0,0.0,
Bel_11,11,0.0,158.00905791501617,0.0,0.0,-759.5763492073072,917.5854071223234,0.0,0.0,
Bel_11,12,0.0,159.98335909467497,0.0,0.0,-742.7470253508359,902.7303844455108,0.0,0.0,
Bel_11,13,0.0,154.62653742050983,0.0,0.0,-741.6244011450028,896.2509385655127,0.0,0.0,
Bel_11,14,0.0,137.39712394940577,0.0,0.0,-747.6801242383348,885.0772481877405,1.1368683772161603e-13,0.0,
Bel_11,15,0.0,110.69824067986296,0.0,0.0,-763.5891187528932,874.2873594327563,-1.1368683772161603e-13,0.0,
Bel_11,16,0.0,76.6705318749206,0.0,0.0,-789.453079930875,866.1236118057956,0.0,0.0,
Bel_11,17,0.0,42.614276492187955,0.0,0.0,-818.780176502959,861.3944529951469,0.0,0.0,
Bel_11,18,0.0,22.193099270069983,0.0,0.0,-828.2504279470224,850.4435272170923,1.1368683772161603e-13,0.0,
Bel_11,19,0.0,17.097356240038845,0.0,0.0,-825.4904345766154,842.5877908166543,-1.1368683772161603e-13,0.0,
Bel_11,20,0.0,16.00498067051415,0.0,0.0,-823.3974990184603,839.4024796889745,-1.1368683772161603e-13,0.0,
Bel_11,21,295.9,15.57179159028831,0.0,0.0,-519.0568533038091,830.5286448940974,0.0,0.0,
Bel_11,22,537.3347415225701,15.54385246550417,0.0,0.0,-278.5973952343627,831.475989222437,0.0,0.0,
Bel_11,23,214.02013674527598,15.79396423123304,0.0,0.0,-570.3190361206366,800.1331370971457,0.0,0.0,
Bel_11,24,0.0,15.699142984901016,0.0,0.0,-733.2244960869824,748.9236390718834,0.0,0.0,
Bel_12,1,3129.0,44.60488787958878,0.0,0.0,2690.2787409768616,483.3261469027273,-2.8421709430404007e-13,0.0,
Bel_12,2,3129.0,44.47923963097423,0.0,0.0,2705.0078250224096,468.4714146085644,0.0,0.0,
Bel_12,3,3129.0,44.48792043076126,0.0,0.0,2707.8661541306183,465.6217663001428,2.2737367544323206e-13,0.0,
Bel_12,4,3129.0,44.87325372962694,0.0,0.0,2695.490875770597,478.38237795902984,-5.684341886080802e-14,0.0,
Bel_12,5,3129.0,47.07696362133536,0.0,0.0,2665.262989290433,510.81397433090234,1.7053025658242404e-13,0.0,
Bel_12,6,3129.0,54.35198576024684,0.0,0.0,2627.592969168807,555.7590165914397,1.1368683772161603e-13,0.0,
Bel_12,7,3129.0,68.76617005418413,0.0,0.0,2607.495792478504,590.2703775756802,-2.2737367544323206e-13,0.0,
Bel_12,8,3129.0,88.5281467887787,0.0,0.0,2601.1467203734355,616.3814264153434,-4.547473508864641e-13,0.0,
Bel_12,9,3129.0,107.9113788879886,0.0,0.0,2603.716380617206,633.1949982707824,0.0,0.0,
Bel_12,10,3129.0,122.16781435976031,0.0,0.0,2608.5361831754526,642.6316311843078,-3.410605131648481e-13,0.0,
Bel_12,11,3129.0,128.78777252140765,0.0,0.0,2615.5763579904396,642.2114145309679,0.0,0.0,
Bel_12,12,3129.0,129.70434695489524,0.0,0.0,2626.889855753478,631.8144912014171,1.1368683772161603e-13,0.0,
Bel_12,13,3129.0,126.26916582299614,0.0,0.0,2627.989592103561,627.2795737194353,-2.2737367544323206e-13,0.0,
Bel_12,14,3129.0,116.29236244725502,0.0,0.0,2625.8331741081247,619.4591883391308,-4.547473508864641e-13,0.0,
Bel_12,15,3129.0,100.77260414960352,0.0,0.0,2617.865181200576,611.9074229490275,0.0,0.0,
Bel_12,16,3129.0,80.94951817521888,0.0,0.0,2603.755843364173,606.1936748110459,2.2737367544323206e-13,0.0,
Bel_12,17,3129.0,61.45906076039461,0.0,0.0,2587.575290123668,602.883770636727,-3.410605131648481e-13,0.0,
Bel_12,18,3129.0,49.58150598774043,0.0,0.0,2583.362209393167,595.2192965945734,-1.1368683772161603e-13,0.0,
Bel_12,19,3129.0,46.671211827712014,0.0,0.0,2585.9500885331363,589.7211232945754,2.2737367544323206e-13,0.0,
Bel_12,20,3131.250817575224,46.40799278897379,0.0,0.0,2590.167063375251,587.4917469889474,-4.547473508864641e-13,0.0,
Bel_12,21,3138.255736077277,46.35207850975913,0.0,0.0,2603.326800628167,581.2810139588695,-3.410605131648481e-13,0.0,
Bel_12,22,3140.3289523042763,46.61664961762715,0.0,0.0,2605.001548493979,581.9440534279242,0.0,0.0,
Bel_12,23,3129.0,46.981240343253326,0.0,0.0,2615.973823268281,560.0074170749717,4.547473508864641e-13,0.0,
Bel_12,24,3129.0,47.18499054118442,0.0,0.0,2652.0187321299754,524.1662584112091,0.0,0.0,
Bel_13,1,0.0,17.234094697574292,0.0,0.0,-180.22367796398007,197.45777266155432,5.684341886080802e-14,0.0,
Bel_13,2,0.0,17.019493689020592,0.0,0.0,-174.36953559689474,191.3890292859153,2.842170943040401e-14,0.0,
Bel_13,3,0.0,17.07033107570715,0.0,0.0,-173.15450460831943,190.22483568402654,2.842170943040401e-14,0.0,
Bel_13,4,0.0,17.410247797925194,0.0,0.0,-178.02780047993608,195.4380482778613,-2.842170943040401e-14,0.0,
Bel_13,5,0.0,19.53158515066186,0.0,0.0,-189.1560479561727,208.68763310683457,0.0,0.0,
Bel_13,6,0.0,26.621766869669298,0.0,0.0,-200.42768670522125,227.04945357489055,0.0,0.0,
Bel_13,7,0.0,40.70474076311559,0.0,0.0,-200.443963421609,241.14870418472458,0.0,0.0,
Bel_13,8,0.0,59.59690201034286,0.0,0.0,-192.21919432516185,251.81609633550468,2.842170943040401e-14,0.0,
Bel_13,9,0.0,78.09296872814684,0.0,0.0,-180.5921341163894,258.68510284453623,0.0,0.0,
Bel_13,10,0.0,91.77915467696587,0.0,0.0,-170.76118448877946,262.54033916574537,-5.684341886080802e-14,0.0,
Bel_13,11,0.0,98.23465700755074,0.0,0.0,-164.13400709998493,262.36866410753566,0.0,0.0,
Bel_13,12,0.0,99.30409729653252,0.0,0.0,-158.81701402218368,258.1211113187162,0.0,0.0,
Bel_13,13,0.0,96.1980451798338,0.0,0.0,-160.07037368486482,256.26841886469856,5.684341886080802e-14,0.0,
Bel_13,14,0.0,86.44590564752394,0.0,0.0,-166.62757768876287,253.0734833362868,0.0,0.0,
Bel_13,15,0.0,71.31480666154951,0.0,0.0,-178.6734829951731,249.9882896567226,0.0,0.0,
Bel_13,16,0.0,52.0173001668516,0.0,0.0,-195.63669827036037,247.65399843721195,0.0,0.0,
Bel_13,17,0.0,32.78231938446492,0.0,0.0,-213.51945279688977,246.30177218135472,-2.842170943040401e-14,0.0,
Bel_13,18,0.0,21.20103658570247,0.0,0.0,-221.96949599133072,243.1705325770332,-2.842170943040401e-14,0.0,
Bel_13,19,0.0,18.317713224870737,0.0,0.0,-222.60659894699296,240.9243121718637,0.0,0.0,
Bel_13,20,0.0,17.77912617162495,0.0,0.0,-222.23439794841352,240.01352412003845,0.0,0.0,
Bel_13,21,0.0,17.576743182726894,0.0,0.0,-219.89945180961269,237.4761949923396,-2.842170943040401e-14,0.0,
Bel_13,22,0.0,17.62599404870688,0.0,0.0,-220.12107868857836,237.74707273728524,0.0,0.0,
Bel_13,23,0.0,17.820047273299064,0.0,0.0,-210.9650452738016,228.78509254710067,-2.842170943040401e-14,0.0,
Bel_13,24,0.0,17.825926773658207,0.0,0.0,-196.31664042134256,214.14256719500074,2.842170943040401e-14,0.0,
Bel_14,1,0.0,9.282183267859244,0.0,0.0,-211.50377315081744,220.7859564186767,-2.842170943040401e-14,0.0,
Bel_14,2,0.0,9.080718142797153,0.0,0.0,-204.91951749928307,214.00023564208024,-2.842170943040401e-14,0.0,
Bel_14,3,0.0,9.132657014553434,0.0,0.0,-203.56584411292715,212.6985011274806,0.0,0.0,
Bel_14,4,0.0,9.424157411393447,0.0,0.0,-209.10345904048881,218.52761645188224,2.842170943040401e-14,0.0,
Bel_14,5,0.0,11.289610634657052,0.0,0.0,-222.05293165774557,233.34254229240264,0.0,0.0,
Bel_14,6,0.0,17.535819367394982,0.0,0.0,-236.33785745054718,253.87367681794217,0.0,0.0,
Bel_14,7,0.0,29.951552060761497,0.0,0.0,-239.68709814222134,269.63865020298283,0.0,0.0,
Bel_14,8,0.0,46.52425699512416,0.0,0.0,-235.04205929441957,281.5663162895437,5.684341886080802e-14,0.0,
Bel_14,9,0.0,62.74756139494563,0.0,0.0,-226.49928400874995,289.2468454036956,0.0,0.0,
Bel_14,10,0.0,74.77397045345029,0.0,0.0,-218.7835790918195,293.55754954526975,5.684341886080802e-14,0.0,
Bel_14,11,0.0,80.46212190380538,0.0,0.0,-212.90347043760676,293.3655923414122,-5.684341886080802e-14,0.0,
Bel_14,12,0.0,81.42964554314176,0.0,0.0,-207.18657688349006,288.6162224266318,0.0,0.0,
Bel_14,13,0.0,78.72670765359632,0.0,0.0,-207.81794033007318,286.5446479836695,0.0,0.0,
Bel_14,14,0.0,70.10582919720508,0.0,0.0,-212.86642512057685,282.9722543177819,0.0,0.0,
Bel_14,15,0.0,56.75550270096308,0.0,0.0,-222.76706499219063,279.52256769315375,-5.684341886080802e-14,0.0,
Bel_14,16,0.0,39.744875050940934,0.0,0.0,-237.167622081239,276.9124971321799,0.0,0.0,
Bel_14,17,0.0,22.74113120999133,0.0,0.0,-252.65938407832567,275.400515288317,0.0,0.0,
Bel_14,18,0.0,12.543348936542088,0.0,0.0,-259.35599381499594,271.89934275153803,0.0,0.0,
Bel_14,19,0.0,10.01385285859918,0.0,0.0,-259.37389506535754,269.38774792395674,0.0,0.0,
Bel_14,20,0.0,9.497307468473629,0.0,0.0,-258.87204949317027,268.3693569616439,0.0,0.0,
Bel_14,21,0.0,9.294807071236221,0.0,0.0,-256.2374539855119,265.53226105674804,5.684341886080802e-14,0.0,
Bel_14,22,0.0,9.293936410681903,0.0,0.0,-256.5412046045719,265.8351410152537,5.684341886080802e-14,0.0,
Bel_14,23,0.0,9.425959591313001,0.0,0.0,-246.3884091797069,255.81436877101993,-2.842170943040401e-14,0.0,
Bel_14,24,0.0,9.391451748139001,0.0,0.0,-230.0504849799586,239.4419367280976,0.0,0.0,
Bel_15,1,0.0,19.979224978130816,0.0,0.0,-489.60445221621035,509.5836771943412,-5.684341886080802e-14,0.0,
Bel_15,2,0.0,19.660609424636213,0.0,0.0,-474.2613264078818,493.9219358325181,-5.684341886080802e-14,0.0,
Bel_15,3,0.0,19.739512950108708,0.0,0.0,-471.1779624926254,490.9174754427341,0.0,0.0,
Bel_15,4,0.0,20.255003638450177,0.0,0.0,-484.1163257992621,504.3713294377123,-5.684341886080802e-14,0.0,
Bel_15,5,0.0,23.530745741128314,0.0,0.0,-515.0340827290034,538.5648284701317,0.0,0.0,
Bel_15,6,0.0,43.22206617928928,0.0,0.0,-542.7295218393367,585.9515880186259,1.1368683772161603e-13,0.0,
Bel_15,7,0.0,193.98631628872465,0.0,0.0,-428.35152219044176,622.3378384791663,1.1368683772161603e-13,0.0,
Bel_15,8,0.0,727.1958832157934,0.0,0.0,77.32846793143418,649.8674152843591,1.1368683772161603e-13,0.0,
Bel_15,9,0.0,1100.5561321943085,0.0,0.0,432.96171863399996,667.5944135603086,0.0,0.0,
Bel_15,10,0.0,678.5530269123084,0.0,0.0,1.009319006508349,677.5437079057999,1.1368683772161603e-13,0.0,
Bel_15,11,0.0,347.75751654600975,0.0,0.0,-329.34314570873346,677.1006622547433,-1.1368683772161603e-13,0.0,
Bel_15,12,0.0,174.6352877966864,0.0,0.0,-491.50362025598923,666.1389080526757,0.0,0.0,
Bel_15,13,0.0,141.68509289080737,0.0,0.0,-519.6725304309466,661.357623321754,0.0,0.0,
Bel_15,14,0.0,126.53984516162129,0.0,0.0,-526.5725367952485,653.1123819568699,0.0,0.0,
Bel_15,15,0.0,103.12238856622095,0.0,0.0,-542.027965262317,645.1503538285381,-1.1368683772161603e-13,0.0,
Bel_15,16,0.0,103.52721168038791,0.0,0.0,-535.5989847435208,639.1261964239088,-1.1368683772161603e-13,0.0,
Bel_15,17,0.0,476.37961787370614,0.0,0.0,-159.25685809721466,635.6364759709207,1.1368683772161603e-13,0.0,
Bel_15,18,0.0,1082.237609888747,0.0,0.0,454.6819937909987,627.5556160977485,-1.1368683772161603e-13,0.0,
Bel_15,19,0.0,962.167170849628,0.0,0.0,340.408425841969,621.7587450076591,-1.1368683772161603e-13,0.0,
Bel_15,20,0.0,478.5526283911292,0.0,0.0,-140.85562558071086,619.4082539718399,1.1368683772161603e-13,0.0,
Bel_15,21,0.0,110.36528675080085,0.0,0.0,-502.4948253590255,612.8601121098263,0.0,0.0,
Bel_15,22,0.0,20.271477313450664,0.0,0.0,-593.2876950333009,613.5591723467516,0.0,0.0,
Bel_15,23,0.0,20.51880673021666,0.0,0.0,-569.9119834885505,590.4307902187671,0.0,0.0,
Bel_15,24,0.0,20.49498917295342,0.0,0.0,-532.1475093429406,552.642498515894,0.0,0.0,
Bel_16,1,2963.0,8.978220776820622,0.0,0.0,2842.776200864568,129.2020199122525,8.526512829121202e-14,0.0,
Bel_16,2,2963.0,8.73596072173981,0.0,0.0,2846.504885543102,125.23107517863791,1.8474111129762605e-13,0.0,
Bel_16,3,2963.0,8.799750645124615,0.0,0.0,2847.330439173762,124.4693114713628,-5.684341886080802e-14,0.0,
Bel_16,4,2963.0,9.126979770689003,0.0,0.0,2844.2465207497694,127.88045902091979,-7.105427357601002e-14,0.0,
Bel_16,5,2963.0,11.230207791175895,0.0,0.0,2837.680183121725,136.55002466945095,2.842170943040401e-14,0.0,
Bel_16,6,2963.0,18.287285151190225,0.0,0.0,2832.7226192662465,148.56466588494405,-3.694822225952521e-13,0.0,
Bel_16,7,3067.4,32.31542411495586,0.0,0.0,2941.9252330279123,157.79019108704358,1.1368683772161603e-13,0.0,
Bel_16,8,3106.55,51.004874165416524,0.0,0.0,2992.7847167063264,164.7701574590903,-1.9895196601282805e-13,0.0,
Bel_16,9,2963.0,69.2917087600116,0.0,0.0,2863.0269725168364,169.26473624317526,5.684341886080802e-14,0.0,
Bel_16,10,2963.0,82.84927157826462,0.0,0.0,2874.061948793039,171.7873227852257,-1.4210854715202004e-13,0.0,
Bel_16,11,2963.0,89.27579998771482,0.0,0.0,2880.6008088873364,171.67499110037852,0.0,0.0,
Bel_16,12,2963.0,90.39504838282207,0.0,0.0,2884.499347216702,168.89570116611984,1.9895196601282805e-13,0.0,
Bel_16,13,2963.0,87.37872893142286,0.0,0.0,2882.6952950977497,167.6834338336733,-2.8421709430404007e-13,0.0,
Bel_16,14,2963.0,77.6630008706287,0.0,0.0,2875.070100715099,165.59290015552955,5.684341886080802e-14,0.0,
Bel_16,15,2963.0,62.600669790834644,0.0,0.0,2862.026496220981,163.57417356985377,1.1368683772161603e-13,0.0,
Bel_16,16,2963.0,43.4000032082183,0.0,0.0,2844.353220211847,162.04678299637078,1.1368683772161603e-13,0.0,
Bel_16,17,2963.0,24.1801066564503,0.0,0.0,2826.0181222743868,161.1619843820635,5.684341886080802e-14,0.0,
Bel_16,18,2963.0,12.651218926160094,0.0,0.0,2816.538090237415,159.11312868874515,1.4210854715202004e-13,0.0,
Bel_16,19,2963.0,9.766850813898511,0.0,0.0,2815.123485556616,157.64336525728254,2.2737367544323206e-13,0.0,
Bel_16,20,2963.0,9.143022308072062,0.0,0.0,2815.0956105775695,157.04741173050257,-5.684341886080802e-14,0.0,
Bel_16,21,3106.55,8.89555825262245,0.0,0.0,2960.0583903507727,155.38716790184972,8.526512829121202e-14,0.0,
Bel_16,22,3146.60585340776,8.87959771843449,0.0,0.0,2999.921040508981,155.56441061721367,-1.4210854715202004e-13,0.0,
Bel_16,23,2963.0,9.022476832170831,0.0,0.0,2822.322134908622,149.70034192354868,1.9895196601282805e-13,0.0,
Bel_16,24,2963.0,8.968309145977367,0.0,0.0,2831.848971943627,140.11933720235027,1.1368683772161603e-13,0.0,
Bel_17,1,0.0,14.535507627329281,0.0,0.0,-80.16092311063625,94.69643073796553,0.0,0.0,
Bel_17,2,0.0,14.143294853110628,0.0,0.0,-77.64269924318005,91.78599409629066,1.4210854715202004e-14,0.0,
Bel_17,3,0.0,14.246569092066796,0.0,0.0,-76.98110320558898,91.22767229765577,0.0,0.0,
Bel_17,4,0.0,14.917870471993076,0.0,0.0,-78.80994460890234,93.72781508089541,1.4210854715202004e-14,0.0,
Bel_17,5,0.0,19.295788393890266,0.0,0.0,-80.78623789455393,100.08202628844421,-1.4210854715202004e-14,0.0,
Bel_17,6,0.0,33.872448720882154,0.0,0.0,-75.01550521851631,108.88795393939847,0.0,0.0,
Bel_17,7,0.0,62.87164285286009,0.0,0.0,-52.778003426296664,115.64964627915676,0.0,0.0,
Bel_17,8,0.0,101.59640621015608,0.0,0.0,-19.169088122713408,120.76549433286948,0.0,0.0,
Bel_17,9,0.0,139.56795396535898,0.0,0.0,15.508234288238047,124.05971967712098,-4.263256414560601e-14,0.0,
Bel_17,10,0.0,167.7770221350906,0.0,0.0,41.86841540556873,125.90860672952188,-1.4210854715202004e-14,0.0,
Bel_17,11,0.0,181.05524856697022,0.0,0.0,55.228973442024156,125.82627512494606,0.0,0.0,
Bel_17,12,0.0,183.18471092263303,0.0,0.0,59.39546925071659,123.7892416719165,-5.684341886080802e-14,0.0,
Bel_17,13,0.0,176.6824878085096,0.0,0.0,53.78175693201946,122.90073087649016,-2.842170943040401e-14,0.0,
Bel_17,14,0.0,156.27023504527227,0.0,0.0,34.90172539715119,121.36850964812106,2.842170943040401e-14,0.0,
Bel_17,15,0.0,124.8770803044223,0.0,0.0,4.98816209325528,119.888918211167,1.4210854715202004e-14,0.0,
Bel_17,16,0.0,84.99847672202196,0.0,0.0,-33.77096645500943,118.76944317703139,0.0,0.0,
Bel_17,17,0.0,45.19669544903657,0.0,0.0,-72.92424957948526,118.12094502852183,0.0,0.0,
Bel_17,18,0.0,21.473275491758574,0.0,0.0,-95.14599548100023,116.61927097275881,-1.4210854715202004e-14,0.0,
Bel_17,19,0.0,15.819782823665872,0.0,0.0,-99.72224995201815,115.54203277568402,0.0,0.0,
Bel_17,20,0.0,14.802317051384136,0.0,0.0,-100.30292168725546,115.10523873863961,-1.4210854715202004e-14,0.0,
Bel_17,21,0.0,14.401679134931449,0.0,0.0,-99.48671202783484,113.8883911627663,-1.4210854715202004e-14,0.0,
Bel_17,22,0.0,14.375839442169124,0.0,0.0,-99.64245876485755,114.01829820702667,0.0,0.0,
Bel_17,23,0.0,14.607157038285992,0.0,0.0,-95.11317140581086,109.72032844409685,0.0,0.0,
Bel_17,24,0.0,14.519460952904282,0.0,0.0,-88.17863246269013,102.69809341559443,-1.4210854715202004e-14,0.0,
Bel_18,1,921.0,68.79924740891644,0.0,0.0,747.7199078638747,242.07933954504176,0.0,0.0,
Bel_18,2,596.2,66.94283176921273,0.0,0.0,428.50365205399504,234.63917971521767,5.684341886080802e-14,0.0,
Bel_18,3,596.2,67.43164785318312,0.0,0.0,430.4197465603289,233.21190129285415,8.526512829121202e-14,0.0,
Bel_18,4,758.6,68.1941174648017,0.0,0.0,587.1909202274394,239.60319723736228,5.684341886080802e-14,0.0,
Bel_18,5,1660.5,72.31547303031094,0.0,0.0,1476.968545797364,255.84692723294714,-2.5579538487363607e-13,0.0,
Bel_18,6,1791.0,87.53506521912618,0.0,0.0,1600.176907803458,278.358157415668,5.684341886080802e-14,0.0,
Bel_18,7,1791.0,117.49846112709261,0.0,0.0,1612.8549002061454,295.64356092094715,1.1368683772161603e-13,0.0,
Bel_18,8,1791.0,156.31299171460373,0.0,0.0,1638.591418154696,308.72157355990777,-5.684341886080802e-14,0.0,
Bel_18,9,1791.0,193.29250665718837,0.0,0.0,1667.1496664303713,317.1428402268173,-2.8421709430404007e-13,0.0,
Bel_18,10,1791.0,219.9985657671729,0.0,0.0,1689.1292817551923,321.8692840119805,1.7053025658242404e-13,0.0,
Bel_18,11,1791.0,233.80910600159402,0.0,0.0,1703.1502922291368,321.6588137724574,-1.1368683772161603e-13,0.0,
Bel_18,12,1791.0,238.47181705702064,0.0,0.0,1713.02041933074,316.45139772628056,1.1368683772161603e-13,0.0,
Bel_18,13,1660.5,235.3193162613883,0.0,0.0,1581.6392829873816,314.1800332740065,2.2737367544323206e-13,0.0,
Bel_18,14,1791.0,218.6081888623626,0.0,0.0,1699.3450836088732,310.2631052534896,-2.2737367544323206e-13,0.0,
Bel_18,15,1785.5860849526343,189.59313178678775,0.0,0.0,1668.6984981615765,306.48071857784544,2.2737367544323206e-13,0.0,
Bel_18,16,1791.0,150.88326454844065,0.0,0.0,1638.2643410223072,303.61892352613324,1.1368683772161603e-13,0.0,
Bel_18,17,1791.0,110.69492117522978,0.0,0.0,1599.7338004011535,301.9611207740762,1.1368683772161603e-13,0.0,
Bel_18,18,1791.0,84.72232155636155,0.0,0.0,1577.6000388546195,298.1222827017423,-2.2737367544323206e-13,0.0,
Bel_18,19,1791.0,74.74992326173663,0.0,0.0,1570.381462528239,295.3684607334977,-1.1368683772161603e-13,0.0,
Bel_18,20,1791.0,70.0621057862921,0.0,0.0,1566.810253262638,294.2518525236539,5.684341886080802e-14,0.0,
Bel_18,21,1791.0,68.16581238931454,0.0,0.0,1568.0246753931497,291.1411369961647,2.8421709430404007e-13,0.0,
Bel_18,22,1791.0,68.04350834181206,0.0,0.0,1567.5702805663886,291.4732277754235,-1.7053025658242404e-13,0.0,
Bel_18,23,1791.0,69.13837732976252,0.0,0.0,1579.6523607246695,280.48601660509286,1.7053025658242404e-13,0.0,
Bel_18,24,1791.0,68.72329552941137,0.0,0.0,1597.1887265615987,262.5345689678126,5.684341886080802e-14,0.0,
Bel_19,1,0.0,9.618196971444938,0.0,0.0,-689.0966015869465,698.7147985583914,0.0,0.0,
Bel_19,2,0.0,9.358668387107151,0.0,0.0,-667.8815599477045,677.2402283348117,0.0,0.0,
Bel_19,3,0.0,9.427005317458928,0.0,0.0,-663.6936622269,673.1206675443589,0.0,0.0,
Bel_19,4,0.0,9.817195882777312,0.0,0.0,-681.7507008501061,691.5678967328835,0.0,0.0,
Bel_19,5,0.0,12.342802700763658,0.0,0.0,-726.1094524950616,738.4522551958254,-1.1368683772161603e-13,0.0,
Bel_19,6,0.0,20.78551706719259,0.0,0.0,-782.6410134715101,803.4265305387025,1.1368683772161603e-13,0.0,
Bel_19,7,0.0,37.57463442835518,0.0,0.0,-815.7428419915199,853.317476419875,0.0,0.0,
Bel_19,8,0.0,59.96759154110809,0.0,0.0,-831.097017631809,891.064609172917,0.0,0.0,
Bel_19,9,0.0,81.90083830136497,0.0,0.0,-833.4701146257717,915.3709529271366,0.0,0.0,
Bel_19,10,0.0,98.17791750871407,0.0,0.0,-830.8349935609651,929.0129110696791,0.0,0.0,
Bel_19,11,0.0,105.86739356061126,0.0,0.0,-822.5380362126994,928.4054297733106,0.0,0.0,
Bel_19,12,0.0,107.15532308506376,0.0,0.0,-806.2199159228874,913.3752390079512,-1.1368683772161603e-13,0.0,
Bel_19,13,0.0,103.47060832345866,0.0,0.0,-803.3487801988379,906.8193885222964,1.1368683772161603e-13,0.0,
Bel_19,14,0.0,91.75086925750352,0.0,0.0,-803.7630704893347,895.5139397468381,1.1368683772161603e-13,0.0,
Bel_19,15,0.0,73.65229939061878,0.0,0.0,-810.9445189318571,884.5968183224759,0.0,0.0,
Bel_19,16,0.0,50.620330742559865,0.0,0.0,-825.7164743262845,876.3368050688442,1.1368683772161603e-13,0.0,
Bel_19,17,0.0,27.597995688494425,0.0,0.0,-843.9538850735913,871.5518807620858,-1.1368683772161603e-13,0.0,
Bel_19,18,0.0,13.830630948060577,0.0,0.0,-846.6411924433712,860.4718233914318,0.0,0.0,
Bel_19,19,0.0,10.465142778962836,0.0,0.0,-842.0583106052482,852.5234533842109,0.0,0.0,
Bel_19,20,0.0,9.79474571402703,0.0,0.0,-839.5058358551997,849.3005815692268,0.0,0.0,
Bel_19,21,0.0,9.529642183179153,0.0,0.0,-830.7924657284157,840.3221079115949,-1.1368683772161603e-13,0.0,
Bel_19,22,0.0,9.51254396679472,0.0,0.0,-831.7680792083044,841.280623175099,1.1368683772161603e-13,0.0,
Bel_19,23,0.0,9.66560764089923,0.0,0.0,-799.9025734314417,809.568181072341,0.0,0.0,
Bel_19,24,0.0,9.6075788300416,0.0,0.0,-748.1472498790342,757.7548287090758,0.0,0.0,
Bel_20,1,255.0,10.542314555228481,0.0,0.0,-56.579606727206084,322.1219212824345,0.0,0.0,
Bel_20,2,251.35476225805627,10.257850431621428,0.0,0.0,-50.609089170746216,312.2217018604239,0.0,0.0,
Bel_20,3,99.19529826188155,10.332753182900696,0.0,0.0,-200.79444799514286,310.3224994399251,0.0,0.0,
Bel_20,4,231.4439041175582,10.772612211160377,0.0,0.0,-76.61053592847213,318.82705225719076,-5.684341886080802e-14,0.0,
Bel_20,5,255.0,13.624597197236456,0.0,0.0,-71.81711050640695,340.4417077036434,5.684341886080802e-14,0.0,
Bel_20,6,255.0,23.149682966321354,0.0,0.0,-92.24650466327202,370.3961876295934,-5.684341886080802e-14,0.0,
Bel_20,7,255.0,42.09300996315935,0.0,0.0,-96.3039318725841,393.39694183574346,0.0,0.0,
Bel_20,8,255.0,67.36610888840674,0.0,0.0,-88.4330390411538,410.7991479295606,-5.684341886080802e-14,0.0,
Bel_20,9,255.0,92.12660325564113,0.0,0.0,-74.87827005087543,422.0048733065166,0.0,0.0,
Bel_20,10,255.0,110.50626219522758,0.0,0.0,-62.78783494910809,428.2940971443357,-5.684341886080802e-14,0.0,
Bel_20,11,255.0,119.18185049327248,0.0,0.0,-53.832185254434506,428.01403574770694,5.684341886080802e-14,0.0,
Bel_20,12,255.0,120.62084048913631,0.0,0.0,-45.46396757287073,421.0848080620071,-5.684341886080802e-14,0.0,
Bel_20,13,255.0,116.44278636771901,0.0,0.0,-46.619639517129926,418.06242588484895,0.0,0.0,
Bel_20,14,255.0,103.19404358530133,0.0,0.0,-54.65633743084794,412.8503810161493,-5.684341886080802e-14,0.0,
Bel_20,15,255.0,82.75352447136925,0.0,0.0,-70.06383858760373,407.817363058973,0.0,0.0,
Bel_20,16,255.0,56.751947331350856,0.0,0.0,-92.25737939496123,404.0093267263121,-5.684341886080802e-14,0.0,
Bel_20,17,255.0,30.770219381024166,0.0,0.0,-116.03315863192995,401.8033780129541,0.0,0.0,
Bel_20,18,255.0,15.244783473714886,0.0,0.0,-126.45045975303087,396.69524322674573,5.684341886080802e-14,0.0,
Bel_20,19,255.0,11.471280733788724,0.0,0.0,-126.55960011925002,393.03088085303875,0.0,0.0,
Bel_20,20,255.0,10.735826123369183,0.0,0.0,-125.80924440586982,391.545070529239,0.0,0.0,
Bel_20,21,255.0,10.445251411684922,0.0,0.0,-121.96055773258368,387.4058091442686,0.0,0.0,
Bel_20,22,255.0,10.426510396503677,0.0,0.0,-122.42119403736741,387.8477044338711,-5.684341886080802e-14,0.0,
Bel_20,23,255.0,10.59428044781157,0.0,0.0,-107.63333464520849,373.22761509302006,0.0,0.0,
Bel_20,24,255.0,10.530676221453636,0.0,0.0,-83.80991566012952,349.3405918815832,-5.684341886080802e-14,0.0,
Bel_21,1,301.67639579842574,13.943709073021989,0.0,0.0,-255.65157983875642,571.2716847102041,0.0,0.0,
Bel_21,2,87.6,13.567464846907363,0.0,0.0,-452.5465354756707,553.714000322578,0.0,0.0,
Bel_21,3,87.6,13.666534379232125,0.0,0.0,-449.0792985052386,550.3458328844707,0.0,0.0,
Bel_21,4,175.2,14.136990197773812,0.0,0.0,-376.09136236211646,565.4283525598903,0.0,0.0,
Bel_21,5,350.4,17.14393241094296,0.0,0.0,-236.21723705928449,603.7611694702274,0.0,0.0,
Bel_21,6,1126.5,27.263382769560256,0.0,0.0,496.879016517852,656.8843662517082,-1.1368683772161603e-13,0.0,
Bel_21,7,1291.7770967214499,47.37266211674147,0.0,0.0,641.4743791942842,697.6753796439073,-2.2737367544323206e-13,0.0,
Bel_21,8,953.126521751158,74.14000334397711,0.0,0.0,298.72895652192324,728.5375685732118,-1.1368683772161603e-13,0.0,
Bel_21,9,762.0,100.30910394675712,0.0,0.0,113.89858295538076,748.4105209913764,-1.1368683772161603e-13,0.0,
Bel_21,10,1172.899145582737,119.69509276742934,0.0,0.0,533.0300042459208,759.5642341042454,0.0,0.0,
Bel_21,11,745.9522572632322,128.9093075708349,0.0,0.0,115.79400958122491,759.0675552528422,0.0,0.0,
Bel_21,12,908.2610678266335,130.56289635347767,0.0,0.0,292.0451459309192,746.7788182491919,1.1368683772161603e-13,0.0,
Bel_21,13,745.9522572632322,126.31019114503052,0.0,0.0,130.84371664840148,741.4187317598612,1.1368683772161603e-13,0.0,
Bel_21,14,745.9522572632322,112.47015693020847,0.0,0.0,126.24705724356815,732.1753569498725,1.1368683772161603e-13,0.0,
Bel_21,15,745.9522572632322,90.94666908023801,0.0,0.0,113.64944639112076,723.2494799523495,0.0,0.0,
Bel_21,16,966.4830870208392,63.472386761629785,0.0,0.0,313.45940981167075,716.496063970798,2.2737367544323206e-13,0.0,
Bel_21,17,1084.5247249182364,35.939443362143535,0.0,0.0,407.88027530635,712.58389297403,-1.1368683772161603e-13,0.0,
Bel_21,18,849.6260579981872,19.383680653723683,0.0,0.0,165.48493968001006,703.5247989719009,0.0,0.0,
Bel_21,19,762.0,15.166496788204107,0.0,0.0,80.14031317995895,697.0261836082452,-1.1368683772161603e-13,0.0,
Bel_21,20,1082.9008173080201,14.199655620080769,0.0,0.0,402.7093206876608,694.3911522404401,1.1368683772161603e-13,0.0,
Bel_21,21,1221.1510607362702,13.815329272913186,0.0,0.0,547.9160695116866,687.0503204974968,0.0,0.0,
Bel_21,22,1321.0820395456021,13.790541617218473,0.0,0.0,647.0385752037704,687.8340059590503,-1.1368683772161603e-13,0.0,
Bel_21,23,1074.0,14.012441350369865,0.0,0.0,426.1066399516004,661.9058013987694,1.1368683772161603e-13,0.0,
Bel_21,24,442.31941139530574,13.928315722785566,0.0,0.0,-163.2952945655262,619.5430216836174,1.1368683772161603e-13,0.0,
Bel_22,1,0.0,11.288753504683541,0.0,0.0,-444.80289291887806,456.09164642356154,5.684341886080802e-14,0.0,
Bel_22,2,0.0,10.984148158722466,0.0,0.0,-431.08980161705244,442.07394977577496,-5.684341886080802e-14,0.0,
Bel_22,3,0.0,11.0643543308666,0.0,0.0,-428.32051934785676,439.38487367872335,0.0,0.0,
Bel_22,4,0.0,11.53128029793584,0.0,0.0,-439.89516907076325,451.4264493686991,0.0,0.0,
Bel_22,5,0.0,14.557173097856538,0.0,0.0,-467.47341444996056,482.03058754781705,5.684341886080802e-14,0.0,
Bel_22,6,0.0,24.66589178742925,0.0,0.0,-499.77717117589765,524.443062963327,0.0,0.0,
Bel_22,7,0.0,44.769347927025194,0.0,0.0,-512.2404270846528,557.0097750116779,0.0,0.0,
Bel_22,8,0.0,71.58797937842066,0.0,0.0,-510.0615369992976,581.6495163777182,0.0,0.0,
Bel_22,9,0.0,97.86063251991366,0.0,0.0,-499.6550432182072,597.5156757381208,1.1368683772161603e-13,0.0,
Bel_22,10,0.0,117.36132511639472,0.0,0.0,-489.0592473872032,606.4205725035979,0.0,0.0,
Bel_22,11,0.0,126.56839490492493,0.0,0.0,-479.45563934700874,606.0240342519337,0.0,0.0,
Bel_22,12,0.0,128.10012725156136,0.0,0.0,-468.11283034022904,596.2129575917904,0.0,0.0,
Bel_22,13,0.0,123.67288423165597,0.0,0.0,-468.2606897720407,591.9335740036965,1.1368683772161603e-13,0.0,
Bel_22,14,0.0,109.62097008811989,0.0,0.0,-474.93288223772663,584.5538523258465,0.0,0.0,
Bel_22,15,0.0,87.93504460557587,0.0,0.0,-489.49256981187574,577.4276144174517,0.0,0.0,
Bel_22,16,0.0,60.345752237649734,0.0,0.0,-511.6900727800323,572.0358250176821,0.0,0.0,
Bel_22,17,0.0,32.774604643944336,0.0,0.0,-536.1378229452242,568.9124275891685,1.1368683772161603e-13,0.0,
Bel_22,18,0.0,16.2956210797156,0.0,0.0,-545.3842108651704,561.679831944886,0.0,0.0,
Bel_22,19,0.0,12.283278133655898,0.0,0.0,-544.2081920211886,556.4914701548445,0.0,0.0,
Bel_22,20,0.0,11.495966482592815,0.0,0.0,-542.8917484414465,554.3877149240393,0.0,0.0,
Bel_22,21,0.0,11.184817893949035,0.0,0.0,-537.3421268827727,548.5269447767217,0.0,0.0,
Bel_22,22,0.0,11.164749938311752,0.0,0.0,-537.9878733062995,549.1526232446113,0.0,0.0,
Bel_22,23,0.0,11.344398794809173,0.0,0.0,-517.1076754409635,528.4520742357727,0.0,0.0,
Bel_22,24,0.0,11.276291129319839,0.0,0.0,-483.3542049248497,494.63049605416944,5.684341886080802e-14,0.0,
Bel_23,1,0.0,10.675032516712982,0.0,0.0,-978.4575071811726,989.1325396978856,0.0,0.0,
Bel_23,2,0.0,10.386987253650943,0.0,0.0,-948.3451713044685,958.7321585581194,0.0,0.0,
Bel_23,3,0.0,10.46283296109105,0.0,0.0,-942.4374874342936,952.9003203953846,1.1368683772161603e-13,0.0,
Bel_23,4,0.0,10.881490799427901,0.0,0.0,-968.1335686787436,979.0150594781715,0.0,0.0,
Bel_23,5,0.0,13.585578975027639,0.0,0.0,-1031.80111690506,1045.386695880088,-2.2737367544323206e-13,0.0,
Bel_23,6,0.0,22.635173505513485,0.0,0.0,-1114.7320702569575,1137.367243762471,0.0,0.0,
Bel_23,7,154.0,40.62898220875333,0.0,0.0,-1013.3661602459904,1207.995142454744,-2.2737367544323206e-13,0.0,
Bel_23,8,211.75,64.62056333677977,0.0,0.0,-985.0611420236937,1261.4317053604732,2.2737367544323206e-13,0.0,
Bel_23,9,0.0,88.11224268958088,0.0,0.0,-1207.7286315878605,1295.8408742774413,0.0,0.0,
Bel_23,10,0.0,105.54062936085138,0.0,0.0,-1209.6124231212398,1315.153052482091,2.2737367544323206e-13,0.0,
Bel_23,11,0.0,113.78247762541497,0.0,0.0,-1200.5105966241615,1314.2930742495764,0.0,0.0,
Bel_23,12,0.0,115.17961120194171,0.0,0.0,-1177.836039419915,1293.0156506218568,0.0,0.0,
Bel_23,13,0.0,111.25481562962398,0.0,0.0,-1172.4800740091616,1283.7348896387855,2.2737367544323206e-13,0.0,
Bel_23,14,0.0,98.72399760189252,0.0,0.0,-1169.0063830687623,1267.7303806706548,0.0,0.0,
Bel_23,15,0.0,79.35010889806136,0.0,0.0,-1172.9254967156612,1252.2756056137225,0.0,0.0,
Bel_23,16,0.0,54.68250678093911,0.0,0.0,-1185.8998473024594,1240.5823540833985,0.0,0.0,
Bel_23,17,0.0,30.014607678817654,0.0,0.0,-1203.7939892985755,1233.808596977393,0.0,0.0,
Bel_23,18,0.0,15.249418007309691,0.0,0.0,-1202.8737443554944,1218.1231623628041,0.0,0.0,
Bel_23,19,0.0,11.614275869660108,0.0,0.0,-1195.2568113575924,1206.8710872272525,0.0,0.0,
Bel_23,20,0.0,10.87098021600048,0.0,0.0,-1191.4376626633532,1202.3086428793536,2.2737367544323206e-13,0.0,
Bel_23,21,0.0,10.576747438225356,0.0,0.0,-1179.021558591376,1189.5983060296012,2.2737367544323206e-13,0.0,
Bel_23,22,0.0,10.557770491046638,0.0,0.0,-1180.39745346685,1190.9552239578966,0.0,0.0,
Bel_23,23,0.0,10.727652611681535,0.0,0.0,-1135.3339917886583,1146.06164440034,0.0,0.0,
Bel_23,24,0.0,10.663247667111314,0.0,0.0,-1062.0490517371313,1072.712299404243,-2.2737367544323206e-13,0.0,
Bel_24,1,0.0,14.61562665648816,0.0,0.0,-443.895258518538,458.5108851750262,-5.684341886080802e-14,0.0,
Bel_24,2,0.0,14.2212520240462,0.0,0.0,-430.1975826859232,444.41883470996936,0.0,0.0,
Bel_24,3,0.0,14.325095505713005,0.0,0.0,-427.39039948902496,441.7154949947379,5.684341886080802e-14,0.0,
Bel_24,4,0.0,14.809075174845686,0.0,0.0,-439.01186742413415,453.82094259897985,0.0,0.0,
Bel_24,5,0.0,17.898043265819776,0.0,0.0,-466.68937049429746,484.5874137601173,-5.684341886080802e-14,0.0,
Bel_24,6,0.0,28.30146018290298,0.0,0.0,-498.9233967264578,527.2248569093608,-1.1368683772161603e-13,0.0,
Bel_24,7,0.0,48.97338742572291,0.0,0.0,-510.9909245594329,559.9643119851559,0.0,0.0,
Bel_24,8,0.0,76.48339008172304,0.0,0.0,-508.25135940830006,584.7347494900232,-1.1368683772161603e-13,0.0,
Bel_24,9,0.0,103.37287682087828,0.0,0.0,-497.3121906144778,600.6850674353561,0.0,0.0,
Bel_24,10,0.0,123.2884870639049,0.0,0.0,-486.3487112213536,609.6371982852585,0.0,0.0,
Bel_24,11,0.0,132.76098699373784,0.0,0.0,-476.47756968911017,609.238556682848,0.0,0.0,
Bel_24,12,0.0,134.47374422320323,0.0,0.0,-464.90169508129065,599.375439304494,-1.1368683772161603e-13,0.0,
Bel_24,13,0.0,130.12073378438237,0.0,0.0,-464.95262287429586,595.0733566586782,0.0,0.0,
Bel_24,14,0.0,115.91640990340461,0.0,0.0,-471.7380809518994,587.654490855304,1.1368683772161603e-13,0.0,
Bel_24,15,0.0,93.80863410859726,0.0,0.0,-486.6818192622062,580.4904533708035,0.0,0.0,
Bel_24,16,0.0,65.57870535214855,0.0,0.0,-509.4913590469398,575.0700643990883,0.0,0.0,
Bel_24,17,0.0,37.28031193192747,0.0,0.0,-534.6497876576077,571.9300995895353,-1.1368683772161603e-13,0.0,
Bel_24,18,0.0,20.253675359705234,0.0,0.0,-544.4054648580083,564.6591402177136,-1.1368683772161603e-13,0.0,
Bel_24,19,0.0,15.896852970660044,0.0,0.0,-543.5464049224931,559.443257893153,1.1368683772161603e-13,0.0,
Bel_24,20,0.0,14.883906721443479,0.0,0.0,-542.4444370297122,557.3283437511557,0.0,0.0,
Bel_24,21,0.0,14.481060507782782,0.0,0.0,-536.9554259179303,551.436486425713,0.0,0.0,
Bel_24,22,0.0,14.455078387858574,0.0,0.0,-537.6104052808353,552.0654836686938,0.0,0.0,
Bel_24,23,0.0,14.687670995602376,0.0,0.0,-516.5674621128946,531.255133108497,0.0,0.0,
Bel_24,24,0.0,14.599491533554232,0.0,0.0,-482.6546642019397,497.25415573549395,-5.684341886080802e-14,0.0,
