zone,bus,fuel,generator,time,value
Belgium,Fra_13,Natural Gas,Saint-Ghislain CCGT Power Plant Belgium,1,0.0
Belgium,Fra_13,Natural Gas,Saint-Ghislain CCGT Power Plant Belgium,2,0.0
Belgium,Fra_13,Natural Gas,Saint-Ghislain CCGT Power Plant Belgium,3,0.0
Belgium,Fra_13,Natural Gas,Saint-Ghislain CCGT Power Plant Belgium,4,0.0
Belgium,Fra_13,Natural Gas,Saint-Ghislain CCGT Power Plant Belgium,5,0.0
Belgium,Fra_13,Natural Gas,Saint-Ghislain CCGT Power Plant Belgium,6,0.0
Belgium,Fra_13,Natural Gas,Saint-Ghislain CCGT Power Plant Belgium,7,0.0
Belgium,Fra_13,Natural Gas,Saint-Ghislain CCGT Power Plant Belgium,8,0.0
Belgium,Fra_13,Natural Gas,Saint-Ghislain CCGT Power Plant Belgium,9,0.0
Belgium,Fra_13,Natural Gas,Saint-Ghislain CCGT Power Plant Belgium,10,0.0
Belgium,Fra_13,Natural Gas,Saint-Ghislain CCGT Power Plant Belgium,11,0.0
Belgium,Fra_13,Natural Gas,Saint-Ghislain CCGT Power Plant Belgium,12,0.0
Belgium,Fra_13,Natural Gas,Saint-Ghislain CCGT Power Plant Belgium,13,0.0
Belgium,Fra_13,Natural Gas,Saint-Ghislain CCGT Power Plant Belgium,14,0.0
Belgium,Fra_13,Natural Gas,Saint-Ghislain CCGT Power Plant Belgium,15,0.0
Belgium,Fra_13,Natural Gas,Saint-Ghislain CCGT Power Plant Belgium,16,0.0
Belgium,Fra_13,Natural Gas,Saint-Ghislain CCGT Power Plant Belgium,17,0.0
Belgium,Fra_13,Natural Gas,Saint-Ghislain CCGT Power Plant Belgium,18,0.0
Belgium,Fra_13,Natural Gas,Saint-Ghislain CCGT Power Plant Belgium,19,0.0
Belgium,Fra_13,Natural Gas,Saint-Ghislain CCGT Power Plant Belgium,20,0.0
Belgium,Fra_13,Natural Gas,Saint-Ghislain CCGT Power Plant Belgium,21,140.0
Belgium,Fra_13,Natural Gas,Saint-Ghislain CCGT Power Plant Belgium,22,140.0
Belgium,Fra_13,Natural Gas,Saint-Ghislain CCGT Power Plant Belgium,23,350.0
Belgium,Fra_13,Natural Gas,Saint-Ghislain CCGT Power Plant Belgium,24,350.0
Belgium,Fra_13,Natural Gas,Saint-Ghislain CCGT Power Plant Belgium,25,350.0
Belgium,Fra_13,Natural Gas,Saint-Ghislain CCGT Power Plant Belgium,26,350.0
Belgium,Fra_13,Natural Gas,Saint-Ghislain CCGT Power Plant Belgium,27,140.0
Belgium,Fra_13,Natural Gas,Saint-Ghislain CCGT Power Plant Belgium,28,140.0
Belgium,Fra_13,Natural Gas,Saint-Ghislain CCGT Power Plant Belgium,29,350.0
Belgium,Fra_13,Natural Gas,Saint-Ghislain CCGT Power Plant Belgium,30,140.0
Belgium,Fra_13,Natural Gas,Saint-Ghislain CCGT Power Plant Belgium,31,140.0
Belgium,Fra_13,Natural Gas,Saint-Ghislain CCGT Power Plant Belgium,32,140.0
Belgium,Fra_13,Natural Gas,Saint-Ghislain CCGT Power Plant Belgium,33,0.0
Belgium,Fra_13,Natural Gas,Saint-Ghislain CCGT Power Plant Belgium,34,0.0
Belgium,Fra_13,Natural Gas,Saint-Ghislain CCGT Power Plant Belgium,35,0.0
Belgium,Fra_13,Natural Gas,Saint-Ghislain CCGT Power Plant Belgium,36,0.0
Belgium,Fra_13,Natural Gas,Saint-Ghislain CCGT Power Plant Belgium,37,0.0
Belgium,Fra_13,Natural Gas,Saint-Ghislain CCGT Power Plant Belgium,38,0.0
Belgium,Fra_13,Natural Gas,Saint-Ghislain CCGT Power Plant Belgium,39,0.0
Belgium,Fra_13,Natural Gas,Saint-Ghislain CCGT Power Plant Belgium,40,0.0
Belgium,Fra_13,Natural Gas,Saint-Ghislain CCGT Power Plant Belgium,41,0.0
Belgium,Fra_13,Natural Gas,Saint-Ghislain CCGT Power Plant Belgium,42,0.0
Belgium,Fra_13,Natural Gas,Saint-Ghislain CCGT Power Plant Belgium,43,0.0
Belgium,Fra_13,Natural Gas,Saint-Ghislain CCGT Power Plant Belgium,44,0.0
Belgium,Fra_13,Natural Gas,Saint-Ghislain CCGT Power Plant Belgium,45,0.0
Belgium,Fra_13,Natural Gas,Saint-Ghislain CCGT Power Plant Belgium,46,0.0
Belgium,Fra_13,Natural Gas,Saint-Ghislain CCGT Power Plant Belgium,47,0.0
Belgium,Fra_13,Natural Gas,Saint-Ghislain CCGT Power Plant Belgium,48,0.0
Belgium,Fra_13,Natural Gas,Saint-Ghislain CCGT Power Plant Belgium,49,0.0
Belgium,Fra_13,Natural Gas,Saint-Ghislain CCGT Power Plant Belgium,50,0.0
Belgium,Fra_13,Natural Gas,Saint-Ghislain CCGT Power Plant Belgium,51,0.0
Belgium,Fra_13,Natural Gas,Saint-Ghislain CCGT Power Plant Belgium,52,0.0
Belgium,Fra_13,Natural Gas,Saint-Ghislain CCGT Power Plant Belgium,53,0.0
Belgium,Fra_13,Natural Gas,Saint-Ghislain CCGT Power Plant Belgium,54,0.0
Belgium,Fra_13,Natural Gas,Saint-Ghislain CCGT Power Plant Belgium,55,0.0
Belgium,Fra_13,Natural Gas,Saint-Ghislain CCGT Power Plant Belgium,56,0.0
Belgium,Fra_13,Natural Gas,Saint-Ghislain CCGT Power Plant Belgium,57,0.0
Belgium,Fra_13,Natural Gas,Saint-Ghislain CCGT Power Plant Belgium,58,0.0
Belgium,Fra_13,Natural Gas,Saint-Ghislain CCGT Power Plant Belgium,59,0.0
Belgium,Fra_13,Natural Gas,Saint-Ghislain CCGT Power Plant Belgium,60,0.0
Belgium,Fra_13,Natural Gas,Saint-Ghislain CCGT Power Plant Belgium,61,0.0
Belgium,Fra_13,Natural Gas,Saint-Ghislain CCGT Power Plant Belgium,62,0.0
Belgium,Fra_13,Natural Gas,Saint-Ghislain CCGT Power Plant Belgium,63,0.0
Belgium,Fra_13,Natural Gas,Saint-Ghislain CCGT Power Plant Belgium,64,0.0
Belgium,Fra_13,Natural Gas,Saint-Ghislain CCGT Power Plant Belgium,65,0.0
Belgium,Fra_13,Natural Gas,Saint-Ghislain CCGT Power Plant Belgium,66,0.0
Belgium,Fra_13,Natural Gas,Saint-Ghislain CCGT Power Plant Belgium,67,0.0
Belgium,Fra_13,Natural Gas,Saint-Ghislain CCGT Power Plant Belgium,68,0.0
Belgium,Fra_13,Natural Gas,Saint-Ghislain CCGT Power Plant Belgium,69,0.0
Belgium,Fra_13,Natural Gas,Saint-Ghislain CCGT Power Plant Belgium,70,0.0
Belgium,Fra_13,Natural Gas,Saint-Ghislain CCGT Power Plant Belgium,71,0.0
Belgium,Fra_13,Natural Gas,Saint-Ghislain CCGT Power Plant Belgium,72,0.0
Belgium,Fra_13,Natural Gas,Saint-Ghislain CCGT Power Plant Belgium,73,0.0
Belgium,Fra_13,Natural Gas,Saint-Ghislain CCGT Power Plant Belgium,74,0.0
Belgium,Fra_13,Natural Gas,Saint-Ghislain CCGT Power Plant Belgium,75,0.0
Belgium,Fra_13,Natural Gas,Saint-Ghislain CCGT Power Plant Belgium,76,0.0
Belgium,Fra_13,Natural Gas,Saint-Ghislain CCGT Power Plant Belgium,77,0.0
Belgium,Fra_13,Natural Gas,Saint-Ghislain CCGT Power Plant Belgium,78,0.0
Belgium,Fra_13,Natural Gas,Saint-Ghislain CCGT Power Plant Belgium,79,0.0
Belgium,Fra_13,Natural Gas,Saint-Ghislain CCGT Power Plant Belgium,80,0.0
Belgium,Fra_13,Natural Gas,Saint-Ghislain CCGT Power Plant Belgium,81,60.54358103592426
Belgium,Fra_13,Natural Gas,Saint-Ghislain CCGT Power Plant Belgium,82,60.54358103592426
Belgium,Fra_13,Natural Gas,Saint-Ghislain CCGT Power Plant Belgium,83,60.54358103592426
Belgium,Fra_13,Natural Gas,Saint-Ghislain CCGT Power Plant Belgium,84,151.35895258981066
Belgium,Fra_13,Natural Gas,Saint-Ghislain CCGT Power Plant Belgium,85,350.0
Belgium,Fra_13,Natural Gas,Saint-Ghislain CCGT Power Plant Belgium,86,350.0
Belgium,Fra_13,Natural Gas,Saint-Ghislain CCGT Power Plant Belgium,87,350.0
Belgium,Fra_13,Natural Gas,Saint-Ghislain CCGT Power Plant Belgium,88,350.0
Belgium,Fra_13,Natural Gas,Saint-Ghislain CCGT Power Plant Belgium,89,210.1479328449592
Belgium,Fra_13,Natural Gas,Saint-Ghislain CCGT Power Plant Belgium,90,210.1479328449592
Belgium,Fra_13,Natural Gas,Saint-Ghislain CCGT Power Plant Belgium,91,84.05917313798375
Belgium,Fra_13,Natural Gas,Saint-Ghislain CCGT Power Plant Belgium,92,84.05917313798375
Belgium,Fra_13,Natural Gas,Saint-Ghislain CCGT Power Plant Belgium,93,0.0
Belgium,Fra_13,Natural Gas,Saint-Ghislain CCGT Power Plant Belgium,94,0.0
Belgium,Fra_13,Natural Gas,Saint-Ghislain CCGT Power Plant Belgium,95,0.0
Belgium,Fra_13,Natural Gas,Saint-Ghislain CCGT Power Plant Belgium,96,0.0
Belgium,Bel_9,Coal,Langerlo Thermal Power Plant Belgium,1,261.2602023926135
Belgium,Bel_9,Coal,Langerlo Thermal Power Plant Belgium,2,259.5283970095709
Belgium,Bel_9,Coal,Langerlo Thermal Power Plant Belgium,3,178.59760855194156
Belgium,Bel_9,Coal,Langerlo Thermal Power Plant Belgium,4,230.88917797553898
Belgium,Bel_9,Coal,Langerlo Thermal Power Plant Belgium,5,52.2520404785227
Belgium,Bel_9,Coal,Langerlo Thermal Power Plant Belgium,6,52.2520404785227
Belgium,Bel_9,Coal,Langerlo Thermal Power Plant Belgium,7,52.2520404785227
Belgium,Bel_9,Coal,Langerlo Thermal Power Plant Belgium,8,52.2520404785227
Belgium,Bel_9,Coal,Langerlo Thermal Power Plant Belgium,9,52.2520404785227
Belgium,Bel_9,Coal,Langerlo Thermal Power Plant Belgium,10,52.2520404785227
Belgium,Bel_9,Coal,Langerlo Thermal Power Plant Belgium,11,52.2520404785227
Belgium,Bel_9,Coal,Langerlo Thermal Power Plant Belgium,12,52.2520404785227
Belgium,Bel_9,Coal,Langerlo Thermal Power Plant Belgium,13,52.2520404785227
Belgium,Bel_9,Coal,Langerlo Thermal Power Plant Belgium,14,52.2520404785227
Belgium,Bel_9,Coal,Langerlo Thermal Power Plant Belgium,15,52.2520404785227
Belgium,Bel_9,Coal,Langerlo Thermal Power Plant Belgium,16,261.2602023926135
Belgium,Bel_9,Coal,Langerlo Thermal Power Plant Belgium,17,203.0830123038507
Belgium,Bel_9,Coal,Langerlo Thermal Power Plant Belgium,18,312.7441278993942
Belgium,Bel_9,Coal,Langerlo Thermal Power Plant Belgium,19,347.3790723982802
Belgium,Bel_9,Coal,Langerlo Thermal Power Plant Belgium,20,382.06987444168163
Belgium,Bel_9,Coal,Langerlo Thermal Power Plant Belgium,21,416.8165340296001
Belgium,Bel_9,Coal,Langerlo Thermal Power Plant Belgium,22,435.27488109405317
Belgium,Bel_9,Coal,Langerlo Thermal Power Plant Belgium,23,453.9008007920575
Belgium,Bel_9,Coal,Langerlo Thermal Power Plant Belgium,24,472.63843557909763
Belgium,Bel_9,Coal,Langerlo Thermal Power Plant Belgium,25,491.65535808872386
Belgium,Bel_9,Coal,Langerlo Thermal Power Plant Belgium,26,496.70466846813594
Belgium,Bel_9,Coal,Langerlo Thermal Power Plant Belgium,27,502.3125542927235
Belgium,Bel_9,Coal,Langerlo Thermal Power Plant Belgium,28,507.86458257279213
Belgium,Bel_9,Coal,Langerlo Thermal Power Plant Belgium,29,513.1373231302734
Belgium,Bel_9,Coal,Langerlo Thermal Power Plant Belgium,30,510.51946263270696
Belgium,Bel_9,Coal,Langerlo Thermal Power Plant Belgium,31,508.1808898577272
Belgium,Bel_9,Coal,Langerlo Thermal Power Plant Belgium,32,505.7864595382294
Belgium,Bel_9,Coal,Langerlo Thermal Power Plant Belgium,33,503.11274149614394
Belgium,Bel_9,Coal,Langerlo Thermal Power Plant Belgium,34,495.2160042562283
Belgium,Bel_9,Coal,Langerlo Thermal Power Plant Belgium,35,487.4309821053496
Belgium,Bel_9,Coal,Langerlo Thermal Power Plant Belgium,36,479.64595995446626
Belgium,Bel_9,Coal,Langerlo Thermal Power Plant Belgium,37,471.7492227145532
Belgium,Bel_9,Coal,Langerlo Thermal Power Plant Belgium,38,469.59972788443406
Belgium,Bel_9,Coal,Langerlo Thermal Power Plant Belgium,39,467.56194814334987
Belgium,Bel_9,Coal,Langerlo Thermal Power Plant Belgium,40,465.412453313231
Belgium,Bel_9,Coal,Langerlo Thermal Power Plant Belgium,41,463.20710093859907
Belgium,Bel_9,Coal,Langerlo Thermal Power Plant Belgium,42,449.50100858013866
Belgium,Bel_9,Coal,Langerlo Thermal Power Plant Belgium,43,435.7390586771615
Belgium,Bel_9,Coal,Langerlo Thermal Power Plant Belgium,44,421.9212512296689
Belgium,Bel_9,Coal,Langerlo Thermal Power Plant Belgium,45,408.21515887121075
Belgium,Bel_9,Coal,Langerlo Thermal Power Plant Belgium,46,406.78966543897315
Belgium,Bel_9,Coal,Langerlo Thermal Power Plant Belgium,47,405.2524569177005
Belgium,Bel_9,Coal,Langerlo Thermal Power Plant Belgium,48,403.4359606738415
Belgium,Bel_9,Coal,Langerlo Thermal Power Plant Belgium,49,402.4573275977447
Belgium,Bel_9,Coal,Langerlo Thermal Power Plant Belgium,50,403.3141515804443
Belgium,Bel_9,Coal,Langerlo Thermal Power Plant Belgium,51,404.3385481966966
Belgium,Bel_9,Coal,Langerlo Thermal Power Plant Belgium,52,404.9160844568075
Belgium,Bel_9,Coal,Langerlo Thermal Power Plant Belgium,53,406.10805370661166
Belgium,Bel_9,Coal,Langerlo Thermal Power Plant Belgium,54,413.0665156340153
Belgium,Bel_9,Coal,Langerlo Thermal Power Plant Belgium,55,419.8574049278694
Belgium,Bel_9,Coal,Langerlo Thermal Power Plant Belgium,56,426.6482942217233
Belgium,Bel_9,Coal,Langerlo Thermal Power Plant Belgium,57,433.6067561491265
Belgium,Bel_9,Coal,Langerlo Thermal Power Plant Belgium,58,444.90865326886626
Belgium,Bel_9,Coal,Langerlo Thermal Power Plant Belgium,59,456.1546928440853
Belgium,Bel_9,Coal,Langerlo Thermal Power Plant Belgium,60,467.2890173302702
Belgium,Bel_9,Coal,Langerlo Thermal Power Plant Belgium,61,478.64677199452626
Belgium,Bel_9,Coal,Langerlo Thermal Power Plant Belgium,62,497.15418343172115
Belgium,Bel_9,Coal,Langerlo Thermal Power Plant Belgium,63,515.4381646908482
Belgium,Bel_9,Coal,Langerlo Thermal Power Plant Belgium,64,533.8897185835256
Belgium,Bel_9,Coal,Langerlo Thermal Power Plant Belgium,65,552.2295573871676
Belgium,Bel_9,Coal,Langerlo Thermal Power Plant Belgium,66,556.0
Belgium,Bel_9,Coal,Langerlo Thermal Power Plant Belgium,67,556.0
Belgium,Bel_9,Coal,Langerlo Thermal Power Plant Belgium,68,556.0
Belgium,Bel_9,Coal,Langerlo Thermal Power Plant Belgium,69,556.0
Belgium,Bel_9,Coal,Langerlo Thermal Power Plant Belgium,70,556.0
Belgium,Bel_9,Coal,Langerlo Thermal Power Plant Belgium,71,556.0
Belgium,Bel_9,Coal,Langerlo Thermal Power Plant Belgium,72,556.0
Belgium,Bel_9,Coal,Langerlo Thermal Power Plant Belgium,73,556.0
Belgium,Bel_9,Coal,Langerlo Thermal Power Plant Belgium,74,556.0
Belgium,Bel_9,Coal,Langerlo Thermal Power Plant Belgium,75,556.0
Belgium,Bel_9,Coal,Langerlo Thermal Power Plant Belgium,76,556.0
Belgium,Bel_9,Coal,Langerlo Thermal Power Plant Belgium,77,556.0
Belgium,Bel_9,Coal,Langerlo Thermal Power Plant Belgium,78,556.0
Belgium,Bel_9,Coal,Langerlo Thermal Power Plant Belgium,79,556.0
Belgium,Bel_9,Coal,Langerlo Thermal Power Plant Belgium,80,556.0
Belgium,Bel_9,Coal,Langerlo Thermal Power Plant Belgium,81,540.3141862601113
Belgium,Bel_9,Coal,Langerlo Thermal Power Plant Belgium,82,547.089883807339
Belgium,Bel_9,Coal,Langerlo Thermal Power Plant Belgium,83,554.0890115326355
Belgium,Bel_9,Coal,Langerlo Thermal Power Plant Belgium,84,556.0
Belgium,Bel_9,Coal,Langerlo Thermal Power Plant Belgium,85,556.0
Belgium,Bel_9,Coal,Langerlo Thermal Power Plant Belgium,86,556.0
Belgium,Bel_9,Coal,Langerlo Thermal Power Plant Belgium,87,547.0587828273475
Belgium,Bel_9,Coal,Langerlo Thermal Power Plant Belgium,88,537.0472586500672
Belgium,Bel_9,Coal,Langerlo Thermal Power Plant Belgium,89,534.6284329239568
Belgium,Bel_9,Coal,Langerlo Thermal Power Plant Belgium,90,505.15257063289863
Belgium,Bel_9,Coal,Langerlo Thermal Power Plant Belgium,91,475.5649932528062
Belgium,Bel_9,Coal,Langerlo Thermal Power Plant Belgium,92,446.08913096174587
Belgium,Bel_9,Coal,Langerlo Thermal Power Plant Belgium,93,416.7808413042379
Belgium,Bel_9,Coal,Langerlo Thermal Power Plant Belgium,94,390.4882885387836
Belgium,Bel_9,Coal,Langerlo Thermal Power Plant Belgium,95,363.97230559525786
Belgium,Bel_9,Coal,Langerlo Thermal Power Plant Belgium,96,337.6238952852861
Belgium,Bel_5,Natural Gas,Amercoeur CCGT Power Plant Belgium,1,0.0
Belgium,Bel_5,Natural Gas,Amercoeur CCGT Power Plant Belgium,2,0.0
Belgium,Bel_5,Natural Gas,Amercoeur CCGT Power Plant Belgium,3,0.0
Belgium,Bel_5,Natural Gas,Amercoeur CCGT Power Plant Belgium,4,0.0
Belgium,Bel_5,Natural Gas,Amercoeur CCGT Power Plant Belgium,5,0.0
Belgium,Bel_5,Natural Gas,Amercoeur CCGT Power Plant Belgium,6,0.0
Belgium,Bel_5,Natural Gas,Amercoeur CCGT Power Plant Belgium,7,0.0
Belgium,Bel_5,Natural Gas,Amercoeur CCGT Power Plant Belgium,8,0.0
Belgium,Bel_5,Natural Gas,Amercoeur CCGT Power Plant Belgium,9,0.0
Belgium,Bel_5,Natural Gas,Amercoeur CCGT Power Plant Belgium,10,0.0
Belgium,Bel_5,Natural Gas,Amercoeur CCGT Power Plant Belgium,11,0.0
Belgium,Bel_5,Natural Gas,Amercoeur CCGT Power Plant Belgium,12,0.0
Belgium,Bel_5,Natural Gas,Amercoeur CCGT Power Plant Belgium,13,0.0
Belgium,Bel_5,Natural Gas,Amercoeur CCGT Power Plant Belgium,14,0.0
Belgium,Bel_5,Natural Gas,Amercoeur CCGT Power Plant Belgium,15,0.0
Belgium,Bel_5,Natural Gas,Amercoeur CCGT Power Plant Belgium,16,0.0
Belgium,Bel_5,Natural Gas,Amercoeur CCGT Power Plant Belgium,17,0.0
Belgium,Bel_5,Natural Gas,Amercoeur CCGT Power Plant Belgium,18,0.0
Belgium,Bel_5,Natural Gas,Amercoeur CCGT Power Plant Belgium,19,0.0
Belgium,Bel_5,Natural Gas,Amercoeur CCGT Power Plant Belgium,20,0.0
Belgium,Bel_5,Natural Gas,Amercoeur CCGT Power Plant Belgium,21,168.0
Belgium,Bel_5,Natural Gas,Amercoeur CCGT Power Plant Belgium,22,168.0
Belgium,Bel_5,Natural Gas,Amercoeur CCGT Power Plant Belgium,23,420.0
Belgium,Bel_5,Natural Gas,Amercoeur CCGT Power Plant Belgium,24,420.0
Belgium,Bel_5,Natural Gas,Amercoeur CCGT Power Plant Belgium,25,420.0
Belgium,Bel_5,Natural Gas,Amercoeur CCGT Power Plant Belgium,26,420.0
Belgium,Bel_5,Natural Gas,Amercoeur CCGT Power Plant Belgium,27,168.0
Belgium,Bel_5,Natural Gas,Amercoeur CCGT Power Plant Belgium,28,168.0
Belgium,Bel_5,Natural Gas,Amercoeur CCGT Power Plant Belgium,29,420.0
Belgium,Bel_5,Natural Gas,Amercoeur CCGT Power Plant Belgium,30,168.0
Belgium,Bel_5,Natural Gas,Amercoeur CCGT Power Plant Belgium,31,168.0
Belgium,Bel_5,Natural Gas,Amercoeur CCGT Power Plant Belgium,32,168.0
Belgium,Bel_5,Natural Gas,Amercoeur CCGT Power Plant Belgium,33,0.0
Belgium,Bel_5,Natural Gas,Amercoeur CCGT Power Plant Belgium,34,0.0
Belgium,Bel_5,Natural Gas,Amercoeur CCGT Power Plant Belgium,35,0.0
Belgium,Bel_5,Natural Gas,Amercoeur CCGT Power Plant Belgium,36,0.0
Belgium,Bel_5,Natural Gas,Amercoeur CCGT Power Plant Belgium,37,0.0
Belgium,Bel_5,Natural Gas,Amercoeur CCGT Power Plant Belgium,38,0.0
Belgium,Bel_5,Natural Gas,Amercoeur CCGT Power Plant Belgium,39,0.0
Belgium,Bel_5,Natural Gas,Amercoeur CCGT Power Plant Belgium,40,0.0
Belgium,Bel_5,Natural Gas,Amercoeur CCGT Power Plant Belgium,41,0.0
Belgium,Bel_5,Natural Gas,Amercoeur CCGT Power Plant Belgium,42,0.0
Belgium,Bel_5,Natural Gas,Amercoeur CCGT Power Plant Belgium,43,0.0
Belgium,Bel_5,Natural Gas,Amercoeur CCGT Power Plant Belgium,44,0.0
Belgium,Bel_5,Natural Gas,Amercoeur CCGT Power Plant Belgium,45,0.0
Belgium,Bel_5,Natural Gas,Amercoeur CCGT Power Plant Belgium,46,0.0
Belgium,Bel_5,Natural Gas,Amercoeur CCGT Power Plant Belgium,47,0.0
Belgium,Bel_5,Natural Gas,Amercoeur CCGT Power Plant Belgium,48,0.0
Belgium,Bel_5,Natural Gas,Amercoeur CCGT Power Plant Belgium,49,0.0
Belgium,Bel_5,Natural Gas,Amercoeur CCGT Power Plant Belgium,50,0.0
Belgium,Bel_5,Natural Gas,Amercoeur CCGT Power Plant Belgium,51,0.0
Belgium,Bel_5,Natural Gas,Amercoeur CCGT Power Plant Belgium,52,0.0
Belgium,Bel_5,Natural Gas,Amercoeur CCGT Power Plant Belgium,53,0.0
Belgium,Bel_5,Natural Gas,Amercoeur CCGT Power Plant Belgium,54,0.0
Belgium,Bel_5,Natural Gas,Amercoeur CCGT Power Plant Belgium,55,0.0
Belgium,Bel_5,Natural Gas,Amercoeur CCGT Power Plant Belgium,56,0.0
Belgium,Bel_5,Natural Gas,Amercoeur CCGT Power Plant Belgium,57,0.0
Belgium,Bel_5,Natural Gas,Amercoeur CCGT Power Plant Belgium,58,0.0
Belgium,Bel_5,Natural Gas,Amercoeur CCGT Power Plant Belgium,59,0.0
Belgium,Bel_5,Natural Gas,Amercoeur CCGT Power Plant Belgium,60,0.0
Belgium,Bel_5,Natural Gas,Amercoeur CCGT Power Plant Belgium,61,0.0
Belgium,Bel_5,Natural Gas,Amercoeur CCGT Power Plant Belgium,62,0.0
Belgium,Bel_5,Natural Gas,Amercoeur CCGT Power Plant Belgium,63,0.0
Belgium,Bel_5,Natural Gas,Amercoeur CCGT Power Plant Belgium,64,0.0
Belgium,Bel_5,Natural Gas,Amercoeur CCGT Power Plant Belgium,65,0.0
Belgium,Bel_5,Natural Gas,Amercoeur CCGT Power Plant Belgium,66,0.0
Belgium,Bel_5,Natural Gas,Amercoeur CCGT Power Plant Belgium,67,0.0
Belgium,Bel_5,Natural Gas,Amercoeur CCGT Power Plant Belgium,68,0.0
Belgium,Bel_5,Natural Gas,Amercoeur CCGT Power Plant Belgium,69,0.0
Belgium,Bel_5,Natural Gas,Amercoeur CCGT Power Plant Belgium,70,0.0
Belgium,Bel_5,Natural Gas,Amercoeur CCGT Power Plant Belgium,71,0.0
Belgium,Bel_5,Natural Gas,Amercoeur CCGT Power Plant Belgium,72,0.0
Belgium,Bel_5,Natural Gas,Amercoeur CCGT Power Plant Belgium,73,0.0
Belgium,Bel_5,Natural Gas,Amercoeur CCGT Power Plant Belgium,74,0.0
Belgium,Bel_5,Natural Gas,Amercoeur CCGT Power Plant Belgium,75,0.0
Belgium,Bel_5,Natural Gas,Amercoeur CCGT Power Plant Belgium,76,0.0
Belgium,Bel_5,Natural Gas,Amercoeur CCGT Power Plant Belgium,77,0.0
Belgium,Bel_5,Natural Gas,Amercoeur CCGT Power Plant Belgium,78,0.0
Belgium,Bel_5,Natural Gas,Amercoeur CCGT Power Plant Belgium,79,0.0
Belgium,Bel_5,Natural Gas,Amercoeur CCGT Power Plant Belgium,80,0.0
Belgium,Bel_5,Natural Gas,Amercoeur CCGT Power Plant Belgium,81,143.91828631010162
Belgium,Bel_5,Natural Gas,Amercoeur CCGT Power Plant Belgium,82,143.91828631010162
Belgium,Bel_5,Natural Gas,Amercoeur CCGT Power Plant Belgium,83,143.91828631010162
Belgium,Bel_5,Natural Gas,Amercoeur CCGT Power Plant Belgium,84,359.79571577525405
Belgium,Bel_5,Natural Gas,Amercoeur CCGT Power Plant Belgium,85,420.0
Belgium,Bel_5,Natural Gas,Amercoeur CCGT Power Plant Belgium,86,420.0
Belgium,Bel_5,Natural Gas,Amercoeur CCGT Power Plant Belgium,87,420.0
Belgium,Bel_5,Natural Gas,Amercoeur CCGT Power Plant Belgium,88,420.0
Belgium,Bel_5,Natural Gas,Amercoeur CCGT Power Plant Belgium,89,60.20428422474589
Belgium,Bel_5,Natural Gas,Amercoeur CCGT Power Plant Belgium,90,24.08171368989835
Belgium,Bel_5,Natural Gas,Amercoeur CCGT Power Plant Belgium,91,24.08171368989838
Belgium,Bel_5,Natural Gas,Amercoeur CCGT Power Plant Belgium,92,24.08171368989838
Belgium,Bel_5,Natural Gas,Amercoeur CCGT Power Plant Belgium,93,0.0
Belgium,Bel_5,Natural Gas,Amercoeur CCGT Power Plant Belgium,94,0.0
Belgium,Bel_5,Natural Gas,Amercoeur CCGT Power Plant Belgium,95,0.0
Belgium,Bel_5,Natural Gas,Amercoeur CCGT Power Plant Belgium,96,0.0
Belgium,Bel_5,Natural Gas,Marcinelle Energie (Carsid) CCGT Power Plant Belgium,1,0.0
Belgium,Bel_5,Natural Gas,Marcinelle Energie (Carsid) CCGT Power Plant Belgium,2,0.0
Belgium,Bel_5,Natural Gas,Marcinelle Energie (Carsid) CCGT Power Plant Belgium,3,0.0
Belgium,Bel_5,Natural Gas,Marcinelle Energie (Carsid) CCGT Power Plant Belgium,4,0.0
Belgium,Bel_5,Natural Gas,Marcinelle Energie (Carsid) CCGT Power Plant Belgium,5,0.0
Belgium,Bel_5,Natural Gas,Marcinelle Energie (Carsid) CCGT Power Plant Belgium,6,0.0
Belgium,Bel_5,Natural Gas,Marcinelle Energie (Carsid) CCGT Power Plant Belgium,7,0.0
Belgium,Bel_5,Natural Gas,Marcinelle Energie (Carsid) CCGT Power Plant Belgium,8,0.0
Belgium,Bel_5,Natural Gas,Marcinelle Energie (Carsid) CCGT Power Plant Belgium,9,0.0
Belgium,Bel_5,Natural Gas,Marcinelle Energie (Carsid) CCGT Power Plant Belgium,10,0.0
Belgium,Bel_5,Natural Gas,Marcinelle Energie (Carsid) CCGT Power Plant Belgium,11,0.0
Belgium,Bel_5,Natural Gas,Marcinelle Energie (Carsid) CCGT Power Plant Belgium,12,0.0
Belgium,Bel_5,Natural Gas,Marcinelle Energie (Carsid) CCGT Power Plant Belgium,13,0.0
Belgium,Bel_5,Natural Gas,Marcinelle Energie (Carsid) CCGT Power Plant Belgium,14,0.0
Belgium,Bel_5,Natural Gas,Marcinelle Energie (Carsid) CCGT Power Plant Belgium,15,0.0
Belgium,Bel_5,Natural Gas,Marcinelle Energie (Carsid) CCGT Power Plant Belgium,16,0.0
Belgium,Bel_5,Natural Gas,Marcinelle Energie (Carsid) CCGT Power Plant Belgium,17,0.0
Belgium,Bel_5,Natural Gas,Marcinelle Energie (Carsid) CCGT Power Plant Belgium,18,0.0
Belgium,Bel_5,Natural Gas,Marcinelle Energie (Carsid) CCGT Power Plant Belgium,19,0.0
Belgium,Bel_5,Natural Gas,Marcinelle Energie (Carsid) CCGT Power Plant Belgium,20,0.0
Belgium,Bel_5,Natural Gas,Marcinelle Energie (Carsid) CCGT Power Plant Belgium,21,164.0
Belgium,Bel_5,Natural Gas,Marcinelle Energie (Carsid) CCGT Power Plant Belgium,22,167.93736843751282
Belgium,Bel_5,Natural Gas,Marcinelle Energie (Carsid) CCGT Power Plant Belgium,23,410.0
Belgium,Bel_5,Natural Gas,Marcinelle Energie (Carsid) CCGT Power Plant Belgium,24,410.0
Belgium,Bel_5,Natural Gas,Marcinelle Energie (Carsid) CCGT Power Plant Belgium,25,410.0
Belgium,Bel_5,Natural Gas,Marcinelle Energie (Carsid) CCGT Power Plant Belgium,26,410.0
Belgium,Bel_5,Natural Gas,Marcinelle Energie (Carsid) CCGT Power Plant Belgium,27,164.0
Belgium,Bel_5,Natural Gas,Marcinelle Energie (Carsid) CCGT Power Plant Belgium,28,410.0
Belgium,Bel_5,Natural Gas,Marcinelle Energie (Carsid) CCGT Power Plant Belgium,29,410.0
Belgium,Bel_5,Natural Gas,Marcinelle Energie (Carsid) CCGT Power Plant Belgium,30,164.0
Belgium,Bel_5,Natural Gas,Marcinelle Energie (Carsid) CCGT Power Plant Belgium,31,164.0
Belgium,Bel_5,Natural Gas,Marcinelle Energie (Carsid) CCGT Power Plant Belgium,32,164.0
Belgium,Bel_5,Natural Gas,Marcinelle Energie (Carsid) CCGT Power Plant Belgium,33,0.0
Belgium,Bel_5,Natural Gas,Marcinelle Energie (Carsid) CCGT Power Plant Belgium,34,0.0
Belgium,Bel_5,Natural Gas,Marcinelle Energie (Carsid) CCGT Power Plant Belgium,35,0.0
Belgium,Bel_5,Natural Gas,Marcinelle Energie (Carsid) CCGT Power Plant Belgium,36,0.0
Belgium,Bel_5,Natural Gas,Marcinelle Energie (Carsid) CCGT Power Plant Belgium,37,0.0
Belgium,Bel_5,Natural Gas,Marcinelle Energie (Carsid) CCGT Power Plant Belgium,38,0.0
Belgium,Bel_5,Natural Gas,Marcinelle Energie (Carsid) CCGT Power Plant Belgium,39,0.0
Belgium,Bel_5,Natural Gas,Marcinelle Energie (Carsid) CCGT Power Plant Belgium,40,0.0
Belgium,Bel_5,Natural Gas,Marcinelle Energie (Carsid) CCGT Power Plant Belgium,41,0.0
Belgium,Bel_5,Natural Gas,Marcinelle Energie (Carsid) CCGT Power Plant Belgium,42,0.0
Belgium,Bel_5,Natural Gas,Marcinelle Energie (Carsid) CCGT Power Plant Belgium,43,0.0
Belgium,Bel_5,Natural Gas,Marcinelle Energie (Carsid) CCGT Power Plant Belgium,44,0.0
Belgium,Bel_5,Natural Gas,Marcinelle Energie (Carsid) CCGT Power Plant Belgium,45,0.0
Belgium,Bel_5,Natural Gas,Marcinelle Energie (Carsid) CCGT Power Plant Belgium,46,0.0
Belgium,Bel_5,Natural Gas,Marcinelle Energie (Carsid) CCGT Power Plant Belgium,47,0.0
Belgium,Bel_5,Natural Gas,Marcinelle Energie (Carsid) CCGT Power Plant Belgium,48,0.0
Belgium,Bel_5,Natural Gas,Marcinelle Energie (Carsid) CCGT Power Plant Belgium,49,0.0
Belgium,Bel_5,Natural Gas,Marcinelle Energie (Carsid) CCGT Power Plant Belgium,50,0.0
Belgium,Bel_5,Natural Gas,Marcinelle Energie (Carsid) CCGT Power Plant Belgium,51,0.0
Belgium,Bel_5,Natural Gas,Marcinelle Energie (Carsid) CCGT Power Plant Belgium,52,0.0
Belgium,Bel_5,Natural Gas,Marcinelle Energie (Carsid) CCGT Power Plant Belgium,53,0.0
Belgium,Bel_5,Natural Gas,Marcinelle Energie (Carsid) CCGT Power Plant Belgium,54,0.0
Belgium,Bel_5,Natural Gas,Marcinelle Energie (Carsid) CCGT Power Plant Belgium,55,0.0
Belgium,Bel_5,Natural Gas,Marcinelle Energie (Carsid) CCGT Power Plant Belgium,56,0.0
Belgium,Bel_5,Natural Gas,Marcinelle Energie (Carsid) CCGT Power Plant Belgium,57,0.0
Belgium,Bel_5,Natural Gas,Marcinelle Energie (Carsid) CCGT Power Plant Belgium,58,0.0
Belgium,Bel_5,Natural Gas,Marcinelle Energie (Carsid) CCGT Power Plant Belgium,59,0.0
Belgium,Bel_5,Natural Gas,Marcinelle Energie (Carsid) CCGT Power Plant Belgium,60,0.0
Belgium,Bel_5,Natural Gas,Marcinelle Energie (Carsid) CCGT Power Plant Belgium,61,0.0
Belgium,Bel_5,Natural Gas,Marcinelle Energie (Carsid) CCGT Power Plant Belgium,62,0.0
Belgium,Bel_5,Natural Gas,Marcinelle Energie (Carsid) CCGT Power Plant Belgium,63,0.0
Belgium,Bel_5,Natural Gas,Marcinelle Energie (Carsid) CCGT Power Plant Belgium,64,0.0
Belgium,Bel_5,Natural Gas,Marcinelle Energie (Carsid) CCGT Power Plant Belgium,65,0.0
Belgium,Bel_5,Natural Gas,Marcinelle Energie (Carsid) CCGT Power Plant Belgium,66,0.0
Belgium,Bel_5,Natural Gas,Marcinelle Energie (Carsid) CCGT Power Plant Belgium,67,0.0
Belgium,Bel_5,Natural Gas,Marcinelle Energie (Carsid) CCGT Power Plant Belgium,68,0.0
Belgium,Bel_5,Natural Gas,Marcinelle Energie (Carsid) CCGT Power Plant Belgium,69,0.0
Belgium,Bel_5,Natural Gas,Marcinelle Energie (Carsid) CCGT Power Plant Belgium,70,0.0
Belgium,Bel_5,Natural Gas,Marcinelle Energie (Carsid) CCGT Power Plant Belgium,71,0.0
Belgium,Bel_5,Natural Gas,Marcinelle Energie (Carsid) CCGT Power Plant Belgium,72,0.0
Belgium,Bel_5,Natural Gas,Marcinelle Energie (Carsid) CCGT Power Plant Belgium,73,0.0
Belgium,Bel_5,Natural Gas,Marcinelle Energie (Carsid) CCGT Power Plant Belgium,74,0.0
Belgium,Bel_5,Natural Gas,Marcinelle Energie (Carsid) CCGT Power Plant Belgium,75,0.0
Belgium,Bel_5,Natural Gas,Marcinelle Energie (Carsid) CCGT Power Plant Belgium,76,0.0
Belgium,Bel_5,Natural Gas,Marcinelle Energie (Carsid) CCGT Power Plant Belgium,77,0.0
Belgium,Bel_5,Natural Gas,Marcinelle Energie (Carsid) CCGT Power Plant Belgium,78,0.0
Belgium,Bel_5,Natural Gas,Marcinelle Energie (Carsid) CCGT Power Plant Belgium,79,0.0
Belgium,Bel_5,Natural Gas,Marcinelle Energie (Carsid) CCGT Power Plant Belgium,80,0.0
Belgium,Bel_5,Natural Gas,Marcinelle Energie (Carsid) CCGT Power Plant Belgium,81,164.0
Belgium,Bel_5,Natural Gas,Marcinelle Energie (Carsid) CCGT Power Plant Belgium,82,164.0
Belgium,Bel_5,Natural Gas,Marcinelle Energie (Carsid) CCGT Power Plant Belgium,83,204.06837660363095
Belgium,Bel_5,Natural Gas,Marcinelle Energie (Carsid) CCGT Power Plant Belgium,84,410.0
Belgium,Bel_5,Natural Gas,Marcinelle Energie (Carsid) CCGT Power Plant Belgium,85,410.0
Belgium,Bel_5,Natural Gas,Marcinelle Energie (Carsid) CCGT Power Plant Belgium,86,410.0
Belgium,Bel_5,Natural Gas,Marcinelle Energie (Carsid) CCGT Power Plant Belgium,87,410.0
Belgium,Bel_5,Natural Gas,Marcinelle Energie (Carsid) CCGT Power Plant Belgium,88,410.0
Belgium,Bel_5,Natural Gas,Marcinelle Energie (Carsid) CCGT Power Plant Belgium,89,410.0
Belgium,Bel_5,Natural Gas,Marcinelle Energie (Carsid) CCGT Power Plant Belgium,90,410.0
Belgium,Bel_5,Natural Gas,Marcinelle Energie (Carsid) CCGT Power Plant Belgium,91,164.0
Belgium,Bel_5,Natural Gas,Marcinelle Energie (Carsid) CCGT Power Plant Belgium,92,164.0
Belgium,Bel_5,Natural Gas,Marcinelle Energie (Carsid) CCGT Power Plant Belgium,93,0.0
Belgium,Bel_5,Natural Gas,Marcinelle Energie (Carsid) CCGT Power Plant Belgium,94,0.0
Belgium,Bel_5,Natural Gas,Marcinelle Energie (Carsid) CCGT Power Plant Belgium,95,0.0
Belgium,Bel_5,Natural Gas,Marcinelle Energie (Carsid) CCGT Power Plant Belgium,96,0.0
Belgium,Bel_23,Natural Gas,Vilvoorde (Verbrande-Brug) CCGT Power Plant Belgium,1,0.0
Belgium,Bel_23,Natural Gas,Vilvoorde (Verbrande-Brug) CCGT Power Plant Belgium,2,0.0
Belgium,Bel_23,Natural Gas,Vilvoorde (Verbrande-Brug) CCGT Power Plant Belgium,3,0.0
Belgium,Bel_23,Natural Gas,Vilvoorde (Verbrande-Brug) CCGT Power Plant Belgium,4,0.0
Belgium,Bel_23,Natural Gas,Vilvoorde (Verbrande-Brug) CCGT Power Plant Belgium,5,0.0
Belgium,Bel_23,Natural Gas,Vilvoorde (Verbrande-Brug) CCGT Power Plant Belgium,6,0.0
Belgium,Bel_23,Natural Gas,Vilvoorde (Verbrande-Brug) CCGT Power Plant Belgium,7,0.0
Belgium,Bel_23,Natural Gas,Vilvoorde (Verbrande-Brug) CCGT Power Plant Belgium,8,0.0
Belgium,Bel_23,Natural Gas,Vilvoorde (Verbrande-Brug) CCGT Power Plant Belgium,9,0.0
Belgium,Bel_23,Natural Gas,Vilvoorde (Verbrande-Brug) CCGT Power Plant Belgium,10,0.0
Belgium,Bel_23,Natural Gas,Vilvoorde (Verbrande-Brug) CCGT Power Plant Belgium,11,0.0
Belgium,Bel_23,Natural Gas,Vilvoorde (Verbrande-Brug) CCGT Power Plant Belgium,12,0.0
Belgium,Bel_23,Natural Gas,Vilvoorde (Verbrande-Brug) CCGT Power Plant Belgium,13,0.0
Belgium,Bel_23,Natural Gas,Vilvoorde (Verbrande-Brug) CCGT Power Plant Belgium,14,0.0
Belgium,Bel_23,Natural Gas,Vilvoorde (Verbrande-Brug) CCGT Power Plant Belgium,15,0.0
Belgium,Bel_23,Natural Gas,Vilvoorde (Verbrande-Brug) CCGT Power Plant Belgium,16,0.0
Belgium,Bel_23,Natural Gas,Vilvoorde (Verbrande-Brug) CCGT Power Plant Belgium,17,0.0
Belgium,Bel_23,Natural Gas,Vilvoorde (Verbrande-Brug) CCGT Power Plant Belgium,18,0.0
Belgium,Bel_23,Natural Gas,Vilvoorde (Verbrande-Brug) CCGT Power Plant Belgium,19,0.0
Belgium,Bel_23,Natural Gas,Vilvoorde (Verbrande-Brug) CCGT Power Plant Belgium,20,0.0
Belgium,Bel_23,Natural Gas,Vilvoorde (Verbrande-Brug) CCGT Power Plant Belgium,21,0.0
Belgium,Bel_23,Natural Gas,Vilvoorde (Verbrande-Brug) CCGT Power Plant Belgium,22,0.0
Belgium,Bel_23,Natural Gas,Vilvoorde (Verbrande-Brug) CCGT Power Plant Belgium,23,0.0
Belgium,Bel_23,Natural Gas,Vilvoorde (Verbrande-Brug) CCGT Power Plant Belgium,24,0.0
Belgium,Bel_23,Natural Gas,Vilvoorde (Verbrande-Brug) CCGT Power Plant Belgium,25,154.0
Belgium,Bel_23,Natural Gas,Vilvoorde (Verbrande-Brug) CCGT Power Plant Belgium,26,154.0
Belgium,Bel_23,Natural Gas,Vilvoorde (Verbrande-Brug) CCGT Power Plant Belgium,27,154.0
Belgium,Bel_23,Natural Gas,Vilvoorde (Verbrande-Brug) CCGT Power Plant Belgium,28,154.0
Belgium,Bel_23,Natural Gas,Vilvoorde (Verbrande-Brug) CCGT Power Plant Belgium,29,385.0
Belgium,Bel_23,Natural Gas,Vilvoorde (Verbrande-Brug) CCGT Power Plant Belgium,30,154.0
Belgium,Bel_23,Natural Gas,Vilvoorde (Verbrande-Brug) CCGT Power Plant Belgium,31,154.0
Belgium,Bel_23,Natural Gas,Vilvoorde (Verbrande-Brug) CCGT Power Plant Belgium,32,154.0
Belgium,Bel_23,Natural Gas,Vilvoorde (Verbrande-Brug) CCGT Power Plant Belgium,33,0.0
Belgium,Bel_23,Natural Gas,Vilvoorde (Verbrande-Brug) CCGT Power Plant Belgium,34,0.0
Belgium,Bel_23,Natural Gas,Vilvoorde (Verbrande-Brug) CCGT Power Plant Belgium,35,0.0
Belgium,Bel_23,Natural Gas,Vilvoorde (Verbrande-Brug) CCGT Power Plant Belgium,36,0.0
Belgium,Bel_23,Natural Gas,Vilvoorde (Verbrande-Brug) CCGT Power Plant Belgium,37,0.0
Belgium,Bel_23,Natural Gas,Vilvoorde (Verbrande-Brug) CCGT Power Plant Belgium,38,0.0
Belgium,Bel_23,Natural Gas,Vilvoorde (Verbrande-Brug) CCGT Power Plant Belgium,39,0.0
Belgium,Bel_23,Natural Gas,Vilvoorde (Verbrande-Brug) CCGT Power Plant Belgium,40,0.0
Belgium,Bel_23,Natural Gas,Vilvoorde (Verbrande-Brug) CCGT Power Plant Belgium,41,0.0
Belgium,Bel_23,Natural Gas,Vilvoorde (Verbrande-Brug) CCGT Power Plant Belgium,42,0.0
Belgium,Bel_23,Natural Gas,Vilvoorde (Verbrande-Brug) CCGT Power Plant Belgium,43,0.0
Belgium,Bel_23,Natural Gas,Vilvoorde (Verbrande-Brug) CCGT Power Plant Belgium,44,0.0
Belgium,Bel_23,Natural Gas,Vilvoorde (Verbrande-Brug) CCGT Power Plant Belgium,45,0.0
Belgium,Bel_23,Natural Gas,Vilvoorde (Verbrande-Brug) CCGT Power Plant Belgium,46,0.0
Belgium,Bel_23,Natural Gas,Vilvoorde (Verbrande-Brug) CCGT Power Plant Belgium,47,0.0
Belgium,Bel_23,Natural Gas,Vilvoorde (Verbrande-Brug) CCGT Power Plant Belgium,48,0.0
Belgium,Bel_23,Natural Gas,Vilvoorde (Verbrande-Brug) CCGT Power Plant Belgium,49,0.0
Belgium,Bel_23,Natural Gas,Vilvoorde (Verbrande-Brug) CCGT Power Plant Belgium,50,0.0
Belgium,Bel_23,Natural Gas,Vilvoorde (Verbrande-Brug) CCGT Power Plant Belgium,51,0.0
Belgium,Bel_23,Natural Gas,Vilvoorde (Verbrande-Brug) CCGT Power Plant Belgium,52,0.0
Belgium,Bel_23,Natural Gas,Vilvoorde (Verbrande-Brug) CCGT Power Plant Belgium,53,0.0
Belgium,Bel_23,Natural Gas,Vilvoorde (Verbrande-Brug) CCGT Power Plant Belgium,54,0.0
Belgium,Bel_23,Natural Gas,Vilvoorde (Verbrande-Brug) CCGT Power Plant Belgium,55,0.0
Belgium,Bel_23,Natural Gas,Vilvoorde (Verbrande-Brug) CCGT Power Plant Belgium,56,0.0
Belgium,Bel_23,Natural Gas,Vilvoorde (Verbrande-Brug) CCGT Power Plant Belgium,57,0.0
Belgium,Bel_23,Natural Gas,Vilvoorde (Verbrande-Brug) CCGT Power Plant Belgium,58,0.0
Belgium,Bel_23,Natural Gas,Vilvoorde (Verbrande-Brug) CCGT Power Plant Belgium,59,0.0
Belgium,Bel_23,Natural Gas,Vilvoorde (Verbrande-Brug) CCGT Power Plant Belgium,60,0.0
Belgium,Bel_23,Natural Gas,Vilvoorde (Verbrande-Brug) CCGT Power Plant Belgium,61,0.0
Belgium,Bel_23,Natural Gas,Vilvoorde (Verbrande-Brug) CCGT Power Plant Belgium,62,0.0
Belgium,Bel_23,Natural Gas,Vilvoorde (Verbrande-Brug) CCGT Power Plant Belgium,63,0.0
Belgium,Bel_23,Natural Gas,Vilvoorde (Verbrande-Brug) CCGT Power Plant Belgium,64,0.0
Belgium,Bel_23,Natural Gas,Vilvoorde (Verbrande-Brug) CCGT Power Plant Belgium,65,0.0
Belgium,Bel_23,Natural Gas,Vilvoorde (Verbrande-Brug) CCGT Power Plant Belgium,66,0.0
Belgium,Bel_23,Natural Gas,Vilvoorde (Verbrande-Brug) CCGT Power Plant Belgium,67,0.0
Belgium,Bel_23,Natural Gas,Vilvoorde (Verbrande-Brug) CCGT Power Plant Belgium,68,0.0
Belgium,Bel_23,Natural Gas,Vilvoorde (Verbrande-Brug) CCGT Power Plant Belgium,69,0.0
Belgium,Bel_23,Natural Gas,Vilvoorde (Verbrande-Brug) CCGT Power Plant Belgium,70,0.0
Belgium,Bel_23,Natural Gas,Vilvoorde (Verbrande-Brug) CCGT Power Plant Belgium,71,0.0
Belgium,Bel_23,Natural Gas,Vilvoorde (Verbrande-Brug) CCGT Power Plant Belgium,72,0.0
Belgium,Bel_23,Natural Gas,Vilvoorde (Verbrande-Brug) CCGT Power Plant Belgium,73,0.0
Belgium,Bel_23,Natural Gas,Vilvoorde (Verbrande-Brug) CCGT Power Plant Belgium,74,0.0
Belgium,Bel_23,Natural Gas,Vilvoorde (Verbrande-Brug) CCGT Power Plant Belgium,75,0.0
Belgium,Bel_23,Natural Gas,Vilvoorde (Verbrande-Brug) CCGT Power Plant Belgium,76,0.0
Belgium,Bel_23,Natural Gas,Vilvoorde (Verbrande-Brug) CCGT Power Plant Belgium,77,0.0
Belgium,Bel_23,Natural Gas,Vilvoorde (Verbrande-Brug) CCGT Power Plant Belgium,78,0.0
Belgium,Bel_23,Natural Gas,Vilvoorde (Verbrande-Brug) CCGT Power Plant Belgium,79,0.0
Belgium,Bel_23,Natural Gas,Vilvoorde (Verbrande-Brug) CCGT Power Plant Belgium,80,0.0
Belgium,Bel_23,Natural Gas,Vilvoorde (Verbrande-Brug) CCGT Power Plant Belgium,81,0.0
Belgium,Bel_23,Natural Gas,Vilvoorde (Verbrande-Brug) CCGT Power Plant Belgium,82,0.0
Belgium,Bel_23,Natural Gas,Vilvoorde (Verbrande-Brug) CCGT Power Plant Belgium,83,0.0
Belgium,Bel_23,Natural Gas,Vilvoorde (Verbrande-Brug) CCGT Power Plant Belgium,84,0.0
Belgium,Bel_23,Natural Gas,Vilvoorde (Verbrande-Brug) CCGT Power Plant Belgium,85,0.0
Belgium,Bel_23,Natural Gas,Vilvoorde (Verbrande-Brug) CCGT Power Plant Belgium,86,0.0
Belgium,Bel_23,Natural Gas,Vilvoorde (Verbrande-Brug) CCGT Power Plant Belgium,87,0.0
Belgium,Bel_23,Natural Gas,Vilvoorde (Verbrande-Brug) CCGT Power Plant Belgium,88,0.0
Belgium,Bel_23,Natural Gas,Vilvoorde (Verbrande-Brug) CCGT Power Plant Belgium,89,0.0
Belgium,Bel_23,Natural Gas,Vilvoorde (Verbrande-Brug) CCGT Power Plant Belgium,90,0.0
Belgium,Bel_23,Natural Gas,Vilvoorde (Verbrande-Brug) CCGT Power Plant Belgium,91,0.0
Belgium,Bel_23,Natural Gas,Vilvoorde (Verbrande-Brug) CCGT Power Plant Belgium,92,0.0
Belgium,Bel_23,Natural Gas,Vilvoorde (Verbrande-Brug) CCGT Power Plant Belgium,93,0.0
Belgium,Bel_23,Natural Gas,Vilvoorde (Verbrande-Brug) CCGT Power Plant Belgium,94,0.0
Belgium,Bel_23,Natural Gas,Vilvoorde (Verbrande-Brug) CCGT Power Plant Belgium,95,0.0
Belgium,Bel_23,Natural Gas,Vilvoorde (Verbrande-Brug) CCGT Power Plant Belgium,96,0.0
Belgium,Bel_21,Coal,Rodenhuize Thermal Power Plant Belgium,1,438.0
Belgium,Bel_21,Coal,Rodenhuize Thermal Power Plant Belgium,2,258.28408477569445
Belgium,Bel_21,Coal,Rodenhuize Thermal Power Plant Belgium,3,87.6
Belgium,Bel_21,Coal,Rodenhuize Thermal Power Plant Belgium,4,422.82149841800845
Belgium,Bel_21,Coal,Rodenhuize Thermal Power Plant Belgium,5,87.6
Belgium,Bel_21,Coal,Rodenhuize Thermal Power Plant Belgium,6,87.6
Belgium,Bel_21,Coal,Rodenhuize Thermal Power Plant Belgium,7,87.6
Belgium,Bel_21,Coal,Rodenhuize Thermal Power Plant Belgium,8,87.6
Belgium,Bel_21,Coal,Rodenhuize Thermal Power Plant Belgium,9,87.6
Belgium,Bel_21,Coal,Rodenhuize Thermal Power Plant Belgium,10,87.6
Belgium,Bel_21,Coal,Rodenhuize Thermal Power Plant Belgium,11,87.6
Belgium,Bel_21,Coal,Rodenhuize Thermal Power Plant Belgium,12,87.6
Belgium,Bel_21,Coal,Rodenhuize Thermal Power Plant Belgium,13,87.6
Belgium,Bel_21,Coal,Rodenhuize Thermal Power Plant Belgium,14,87.6
Belgium,Bel_21,Coal,Rodenhuize Thermal Power Plant Belgium,15,87.6
Belgium,Bel_21,Coal,Rodenhuize Thermal Power Plant Belgium,16,438.0
Belgium,Bel_21,Coal,Rodenhuize Thermal Power Plant Belgium,17,87.6
Belgium,Bel_21,Coal,Rodenhuize Thermal Power Plant Belgium,18,438.0
Belgium,Bel_21,Coal,Rodenhuize Thermal Power Plant Belgium,19,438.0
Belgium,Bel_21,Coal,Rodenhuize Thermal Power Plant Belgium,20,438.0
Belgium,Bel_21,Coal,Rodenhuize Thermal Power Plant Belgium,21,438.0
Belgium,Bel_21,Coal,Rodenhuize Thermal Power Plant Belgium,22,438.0
Belgium,Bel_21,Coal,Rodenhuize Thermal Power Plant Belgium,23,438.0
Belgium,Bel_21,Coal,Rodenhuize Thermal Power Plant Belgium,24,438.0
Belgium,Bel_21,Coal,Rodenhuize Thermal Power Plant Belgium,25,438.0
Belgium,Bel_21,Coal,Rodenhuize Thermal Power Plant Belgium,26,438.0
Belgium,Bel_21,Coal,Rodenhuize Thermal Power Plant Belgium,27,438.0
Belgium,Bel_21,Coal,Rodenhuize Thermal Power Plant Belgium,28,438.0
Belgium,Bel_21,Coal,Rodenhuize Thermal Power Plant Belgium,29,438.0
Belgium,Bel_21,Coal,Rodenhuize Thermal Power Plant Belgium,30,438.0
Belgium,Bel_21,Coal,Rodenhuize Thermal Power Plant Belgium,31,438.0
Belgium,Bel_21,Coal,Rodenhuize Thermal Power Plant Belgium,32,438.0
Belgium,Bel_21,Coal,Rodenhuize Thermal Power Plant Belgium,33,438.0
Belgium,Bel_21,Coal,Rodenhuize Thermal Power Plant Belgium,34,438.0
Belgium,Bel_21,Coal,Rodenhuize Thermal Power Plant Belgium,35,438.0
Belgium,Bel_21,Coal,Rodenhuize Thermal Power Plant Belgium,36,438.0
Belgium,Bel_21,Coal,Rodenhuize Thermal Power Plant Belgium,37,438.0
Belgium,Bel_21,Coal,Rodenhuize Thermal Power Plant Belgium,38,438.0
Belgium,Bel_21,Coal,Rodenhuize Thermal Power Plant Belgium,39,438.0
Belgium,Bel_21,Coal,Rodenhuize Thermal Power Plant Belgium,40,438.0
Belgium,Bel_21,Coal,Rodenhuize Thermal Power Plant Belgium,41,438.0
Belgium,Bel_21,Coal,Rodenhuize Thermal Power Plant Belgium,42,438.0
Belgium,Bel_21,Coal,Rodenhuize Thermal Power Plant Belgium,43,438.0
Belgium,Bel_21,Coal,Rodenhuize Thermal Power Plant Belgium,44,438.0
Belgium,Bel_21,Coal,Rodenhuize Thermal Power Plant Belgium,45,438.0
Belgium,Bel_21,Coal,Rodenhuize Thermal Power Plant Belgium,46,438.0
Belgium,Bel_21,Coal,Rodenhuize Thermal Power Plant Belgium,47,438.0
Belgium,Bel_21,Coal,Rodenhuize Thermal Power Plant Belgium,48,438.0
Belgium,Bel_21,Coal,Rodenhuize Thermal Power Plant Belgium,49,438.0
Belgium,Bel_21,Coal,Rodenhuize Thermal Power Plant Belgium,50,438.0
Belgium,Bel_21,Coal,Rodenhuize Thermal Power Plant Belgium,51,438.0
Belgium,Bel_21,Coal,Rodenhuize Thermal Power Plant Belgium,52,438.0
Belgium,Bel_21,Coal,Rodenhuize Thermal Power Plant Belgium,53,438.0
Belgium,Bel_21,Coal,Rodenhuize Thermal Power Plant Belgium,54,438.0
Belgium,Bel_21,Coal,Rodenhuize Thermal Power Plant Belgium,55,438.0
Belgium,Bel_21,Coal,Rodenhuize Thermal Power Plant Belgium,56,438.0
Belgium,Bel_21,Coal,Rodenhuize Thermal Power Plant Belgium,57,438.0
Belgium,Bel_21,Coal,Rodenhuize Thermal Power Plant Belgium,58,438.0
Belgium,Bel_21,Coal,Rodenhuize Thermal Power Plant Belgium,59,438.0
Belgium,Bel_21,Coal,Rodenhuize Thermal Power Plant Belgium,60,438.0
Belgium,Bel_21,Coal,Rodenhuize Thermal Power Plant Belgium,61,438.0
Belgium,Bel_21,Coal,Rodenhuize Thermal Power Plant Belgium,62,438.0
Belgium,Bel_21,Coal,Rodenhuize Thermal Power Plant Belgium,63,438.0
Belgium,Bel_21,Coal,Rodenhuize Thermal Power Plant Belgium,64,438.0
Belgium,Bel_21,Coal,Rodenhuize Thermal Power Plant Belgium,65,438.0
Belgium,Bel_21,Coal,Rodenhuize Thermal Power Plant Belgium,66,438.0
Belgium,Bel_21,Coal,Rodenhuize Thermal Power Plant Belgium,67,438.0
Belgium,Bel_21,Coal,Rodenhuize Thermal Power Plant Belgium,68,438.0
Belgium,Bel_21,Coal,Rodenhuize Thermal Power Plant Belgium,69,438.0
Belgium,Bel_21,Coal,Rodenhuize Thermal Power Plant Belgium,70,438.0
Belgium,Bel_21,Coal,Rodenhuize Thermal Power Plant Belgium,71,438.0
Belgium,Bel_21,Coal,Rodenhuize Thermal Power Plant Belgium,72,438.0
Belgium,Bel_21,Coal,Rodenhuize Thermal Power Plant Belgium,73,438.0
Belgium,Bel_21,Coal,Rodenhuize Thermal Power Plant Belgium,74,438.0
Belgium,Bel_21,Coal,Rodenhuize Thermal Power Plant Belgium,75,438.0
Belgium,Bel_21,Coal,Rodenhuize Thermal Power Plant Belgium,76,438.0
Belgium,Bel_21,Coal,Rodenhuize Thermal Power Plant Belgium,77,438.0
Belgium,Bel_21,Coal,Rodenhuize Thermal Power Plant Belgium,78,438.0
Belgium,Bel_21,Coal,Rodenhuize Thermal Power Plant Belgium,79,438.0
Belgium,Bel_21,Coal,Rodenhuize Thermal Power Plant Belgium,80,438.0
Belgium,Bel_21,Coal,Rodenhuize Thermal Power Plant Belgium,81,438.0
Belgium,Bel_21,Coal,Rodenhuize Thermal Power Plant Belgium,82,438.0
Belgium,Bel_21,Coal,Rodenhuize Thermal Power Plant Belgium,83,438.0
Belgium,Bel_21,Coal,Rodenhuize Thermal Power Plant Belgium,84,438.0
Belgium,Bel_21,Coal,Rodenhuize Thermal Power Plant Belgium,85,438.0
Belgium,Bel_21,Coal,Rodenhuize Thermal Power Plant Belgium,86,438.0
Belgium,Bel_21,Coal,Rodenhuize Thermal Power Plant Belgium,87,438.0
Belgium,Bel_21,Coal,Rodenhuize Thermal Power Plant Belgium,88,438.0
Belgium,Bel_21,Coal,Rodenhuize Thermal Power Plant Belgium,89,438.0
Belgium,Bel_21,Coal,Rodenhuize Thermal Power Plant Belgium,90,438.0
Belgium,Bel_21,Coal,Rodenhuize Thermal Power Plant Belgium,91,438.0
Belgium,Bel_21,Coal,Rodenhuize Thermal Power Plant Belgium,92,438.0
Belgium,Bel_21,Coal,Rodenhuize Thermal Power Plant Belgium,93,438.0
Belgium,Bel_21,Coal,Rodenhuize Thermal Power Plant Belgium,94,438.0
Belgium,Bel_21,Coal,Rodenhuize Thermal Power Plant Belgium,95,438.0
Belgium,Bel_21,Coal,Rodenhuize Thermal Power Plant Belgium,96,438.0
Belgium,Bel_21,Natural Gas,Ringvaart CCGT Power Plant Belgium,1,0.0
Belgium,Bel_21,Natural Gas,Ringvaart CCGT Power Plant Belgium,2,0.0
Belgium,Bel_21,Natural Gas,Ringvaart CCGT Power Plant Belgium,3,0.0
Belgium,Bel_21,Natural Gas,Ringvaart CCGT Power Plant Belgium,4,0.0
Belgium,Bel_21,Natural Gas,Ringvaart CCGT Power Plant Belgium,5,0.0
Belgium,Bel_21,Natural Gas,Ringvaart CCGT Power Plant Belgium,6,0.0
Belgium,Bel_21,Natural Gas,Ringvaart CCGT Power Plant Belgium,7,0.0
Belgium,Bel_21,Natural Gas,Ringvaart CCGT Power Plant Belgium,8,0.0
Belgium,Bel_21,Natural Gas,Ringvaart CCGT Power Plant Belgium,9,0.0
Belgium,Bel_21,Natural Gas,Ringvaart CCGT Power Plant Belgium,10,0.0
Belgium,Bel_21,Natural Gas,Ringvaart CCGT Power Plant Belgium,11,0.0
Belgium,Bel_21,Natural Gas,Ringvaart CCGT Power Plant Belgium,12,0.0
Belgium,Bel_21,Natural Gas,Ringvaart CCGT Power Plant Belgium,13,0.0
Belgium,Bel_21,Natural Gas,Ringvaart CCGT Power Plant Belgium,14,0.0
Belgium,Bel_21,Natural Gas,Ringvaart CCGT Power Plant Belgium,15,0.0
Belgium,Bel_21,Natural Gas,Ringvaart CCGT Power Plant Belgium,16,0.0
Belgium,Bel_21,Natural Gas,Ringvaart CCGT Power Plant Belgium,17,0.0
Belgium,Bel_21,Natural Gas,Ringvaart CCGT Power Plant Belgium,18,0.0
Belgium,Bel_21,Natural Gas,Ringvaart CCGT Power Plant Belgium,19,0.0
Belgium,Bel_21,Natural Gas,Ringvaart CCGT Power Plant Belgium,20,0.0
Belgium,Bel_21,Natural Gas,Ringvaart CCGT Power Plant Belgium,21,0.0
Belgium,Bel_21,Natural Gas,Ringvaart CCGT Power Plant Belgium,22,0.0
Belgium,Bel_21,Natural Gas,Ringvaart CCGT Power Plant Belgium,23,0.0
Belgium,Bel_21,Natural Gas,Ringvaart CCGT Power Plant Belgium,24,0.0
Belgium,Bel_21,Natural Gas,Ringvaart CCGT Power Plant Belgium,25,0.0
Belgium,Bel_21,Natural Gas,Ringvaart CCGT Power Plant Belgium,26,0.0
Belgium,Bel_21,Natural Gas,Ringvaart CCGT Power Plant Belgium,27,0.0
Belgium,Bel_21,Natural Gas,Ringvaart CCGT Power Plant Belgium,28,0.0
Belgium,Bel_21,Natural Gas,Ringvaart CCGT Power Plant Belgium,29,0.0
Belgium,Bel_21,Natural Gas,Ringvaart CCGT Power Plant Belgium,30,0.0
Belgium,Bel_21,Natural Gas,Ringvaart CCGT Power Plant Belgium,31,0.0
Belgium,Bel_21,Natural Gas,Ringvaart CCGT Power Plant Belgium,32,0.0
Belgium,Bel_21,Natural Gas,Ringvaart CCGT Power Plant Belgium,33,0.0
Belgium,Bel_21,Natural Gas,Ringvaart CCGT Power Plant Belgium,34,0.0
Belgium,Bel_21,Natural Gas,Ringvaart CCGT Power Plant Belgium,35,0.0
Belgium,Bel_21,Natural Gas,Ringvaart CCGT Power Plant Belgium,36,0.0
Belgium,Bel_21,Natural Gas,Ringvaart CCGT Power Plant Belgium,37,0.0
Belgium,Bel_21,Natural Gas,Ringvaart CCGT Power Plant Belgium,38,0.0
Belgium,Bel_21,Natural Gas,Ringvaart CCGT Power Plant Belgium,39,0.0
Belgium,Bel_21,Natural Gas,Ringvaart CCGT Power Plant Belgium,40,0.0
Belgium,Bel_21,Natural Gas,Ringvaart CCGT Power Plant Belgium,41,0.0
Belgium,Bel_21,Natural Gas,Ringvaart CCGT Power Plant Belgium,42,0.0
Belgium,Bel_21,Natural Gas,Ringvaart CCGT Power Plant Belgium,43,0.0
Belgium,Bel_21,Natural Gas,Ringvaart CCGT Power Plant Belgium,44,0.0
Belgium,Bel_21,Natural Gas,Ringvaart CCGT Power Plant Belgium,45,0.0
Belgium,Bel_21,Natural Gas,Ringvaart CCGT Power Plant Belgium,46,0.0
Belgium,Bel_21,Natural Gas,Ringvaart CCGT Power Plant Belgium,47,0.0
Belgium,Bel_21,Natural Gas,Ringvaart CCGT Power Plant Belgium,48,0.0
Belgium,Bel_21,Natural Gas,Ringvaart CCGT Power Plant Belgium,49,0.0
Belgium,Bel_21,Natural Gas,Ringvaart CCGT Power Plant Belgium,50,0.0
Belgium,Bel_21,Natural Gas,Ringvaart CCGT Power Plant Belgium,51,0.0
Belgium,Bel_21,Natural Gas,Ringvaart CCGT Power Plant Belgium,52,0.0
Belgium,Bel_21,Natural Gas,Ringvaart CCGT Power Plant Belgium,53,0.0
Belgium,Bel_21,Natural Gas,Ringvaart CCGT Power Plant Belgium,54,0.0
Belgium,Bel_21,Natural Gas,Ringvaart CCGT Power Plant Belgium,55,0.0
Belgium,Bel_21,Natural Gas,Ringvaart CCGT Power Plant Belgium,56,0.0
Belgium,Bel_21,Natural Gas,Ringvaart CCGT Power Plant Belgium,57,0.0
Belgium,Bel_21,Natural Gas,Ringvaart CCGT Power Plant Belgium,58,0.0
Belgium,Bel_21,Natural Gas,Ringvaart CCGT Power Plant Belgium,59,0.0
Belgium,Bel_21,Natural Gas,Ringvaart CCGT Power Plant Belgium,60,0.0
Belgium,Bel_21,Natural Gas,Ringvaart CCGT Power Plant Belgium,61,0.0
Belgium,Bel_21,Natural Gas,Ringvaart CCGT Power Plant Belgium,62,0.0
Belgium,Bel_21,Natural Gas,Ringvaart CCGT Power Plant Belgium,63,0.0
Belgium,Bel_21,Natural Gas,Ringvaart CCGT Power Plant Belgium,64,0.0
Belgium,Bel_21,Natural Gas,Ringvaart CCGT Power Plant Belgium,65,0.0
Belgium,Bel_21,Natural Gas,Ringvaart CCGT Power Plant Belgium,66,0.0
Belgium,Bel_21,Natural Gas,Ringvaart CCGT Power Plant Belgium,67,0.0
Belgium,Bel_21,Natural Gas,Ringvaart CCGT Power Plant Belgium,68,0.0
Belgium,Bel_21,Natural Gas,Ringvaart CCGT Power Plant Belgium,69,0.0
Belgium,Bel_21,Natural Gas,Ringvaart CCGT Power Plant Belgium,70,0.0
Belgium,Bel_21,Natural Gas,Ringvaart CCGT Power Plant Belgium,71,0.0
Belgium,Bel_21,Natural Gas,Ringvaart CCGT Power Plant Belgium,72,0.0
Belgium,Bel_21,Natural Gas,Ringvaart CCGT Power Plant Belgium,73,0.0
Belgium,Bel_21,Natural Gas,Ringvaart CCGT Power Plant Belgium,74,0.0
Belgium,Bel_21,Natural Gas,Ringvaart CCGT Power Plant Belgium,75,0.0
Belgium,Bel_21,Natural Gas,Ringvaart CCGT Power Plant Belgium,76,0.0
Belgium,Bel_21,Natural Gas,Ringvaart CCGT Power Plant Belgium,77,0.0
Belgium,Bel_21,Natural Gas,Ringvaart CCGT Power Plant Belgium,78,0.0
Belgium,Bel_21,Natural Gas,Ringvaart CCGT Power Plant Belgium,79,0.0
Belgium,Bel_21,Natural Gas,Ringvaart CCGT Power Plant Belgium,80,0.0
Belgium,Bel_21,Natural Gas,Ringvaart CCGT Power Plant Belgium,81,0.0
Belgium,Bel_21,Natural Gas,Ringvaart CCGT Power Plant Belgium,82,0.0
Belgium,Bel_21,Natural Gas,Ringvaart CCGT Power Plant Belgium,83,0.0
Belgium,Bel_21,Natural Gas,Ringvaart CCGT Power Plant Belgium,84,0.0
Belgium,Bel_21,Natural Gas,Ringvaart CCGT Power Plant Belgium,85,0.0
Belgium,Bel_21,Natural Gas,Ringvaart CCGT Power Plant Belgium,86,0.0
Belgium,Bel_21,Natural Gas,Ringvaart CCGT Power Plant Belgium,87,0.0
Belgium,Bel_21,Natural Gas,Ringvaart CCGT Power Plant Belgium,88,0.0
Belgium,Bel_21,Natural Gas,Ringvaart CCGT Power Plant Belgium,89,0.0
Belgium,Bel_21,Natural Gas,Ringvaart CCGT Power Plant Belgium,90,0.0
Belgium,Bel_21,Natural Gas,Ringvaart CCGT Power Plant Belgium,91,0.0
Belgium,Bel_21,Natural Gas,Ringvaart CCGT Power Plant Belgium,92,0.0
Belgium,Bel_21,Natural Gas,Ringvaart CCGT Power Plant Belgium,93,0.0
Belgium,Bel_21,Natural Gas,Ringvaart CCGT Power Plant Belgium,94,0.0
Belgium,Bel_21,Natural Gas,Ringvaart CCGT Power Plant Belgium,95,0.0
Belgium,Bel_21,Natural Gas,Ringvaart CCGT Power Plant Belgium,96,0.0
Belgium,Bel_21,Natural Gas,Ham (Ghent) OCGT and Heat Power Plant Belgium,1,0.0
Belgium,Bel_21,Natural Gas,Ham (Ghent) OCGT and Heat Power Plant Belgium,2,0.0
Belgium,Bel_21,Natural Gas,Ham (Ghent) OCGT and Heat Power Plant Belgium,3,0.0
Belgium,Bel_21,Natural Gas,Ham (Ghent) OCGT and Heat Power Plant Belgium,4,0.0
Belgium,Bel_21,Natural Gas,Ham (Ghent) OCGT and Heat Power Plant Belgium,5,0.0
Belgium,Bel_21,Natural Gas,Ham (Ghent) OCGT and Heat Power Plant Belgium,6,0.0
Belgium,Bel_21,Natural Gas,Ham (Ghent) OCGT and Heat Power Plant Belgium,7,0.0
Belgium,Bel_21,Natural Gas,Ham (Ghent) OCGT and Heat Power Plant Belgium,8,0.0
Belgium,Bel_21,Natural Gas,Ham (Ghent) OCGT and Heat Power Plant Belgium,9,0.0
Belgium,Bel_21,Natural Gas,Ham (Ghent) OCGT and Heat Power Plant Belgium,10,0.0
Belgium,Bel_21,Natural Gas,Ham (Ghent) OCGT and Heat Power Plant Belgium,11,0.0
Belgium,Bel_21,Natural Gas,Ham (Ghent) OCGT and Heat Power Plant Belgium,12,0.0
Belgium,Bel_21,Natural Gas,Ham (Ghent) OCGT and Heat Power Plant Belgium,13,0.0
Belgium,Bel_21,Natural Gas,Ham (Ghent) OCGT and Heat Power Plant Belgium,14,0.0
Belgium,Bel_21,Natural Gas,Ham (Ghent) OCGT and Heat Power Plant Belgium,15,0.0
Belgium,Bel_21,Natural Gas,Ham (Ghent) OCGT and Heat Power Plant Belgium,16,0.0
Belgium,Bel_21,Natural Gas,Ham (Ghent) OCGT and Heat Power Plant Belgium,17,0.0
Belgium,Bel_21,Natural Gas,Ham (Ghent) OCGT and Heat Power Plant Belgium,18,0.0
Belgium,Bel_21,Natural Gas,Ham (Ghent) OCGT and Heat Power Plant Belgium,19,0.0
Belgium,Bel_21,Natural Gas,Ham (Ghent) OCGT and Heat Power Plant Belgium,20,0.0
Belgium,Bel_21,Natural Gas,Ham (Ghent) OCGT and Heat Power Plant Belgium,21,0.0
Belgium,Bel_21,Natural Gas,Ham (Ghent) OCGT and Heat Power Plant Belgium,22,0.0
Belgium,Bel_21,Natural Gas,Ham (Ghent) OCGT and Heat Power Plant Belgium,23,0.0
Belgium,Bel_21,Natural Gas,Ham (Ghent) OCGT and Heat Power Plant Belgium,24,0.0
Belgium,Bel_21,Natural Gas,Ham (Ghent) OCGT and Heat Power Plant Belgium,25,50.63747036447853
Belgium,Bel_21,Natural Gas,Ham (Ghent) OCGT and Heat Power Plant Belgium,26,50.63747036447853
Belgium,Bel_21,Natural Gas,Ham (Ghent) OCGT and Heat Power Plant Belgium,27,50.63747036447853
Belgium,Bel_21,Natural Gas,Ham (Ghent) OCGT and Heat Power Plant Belgium,28,50.63747036447853
Belgium,Bel_21,Natural Gas,Ham (Ghent) OCGT and Heat Power Plant Belgium,29,126.59367591119644
Belgium,Bel_21,Natural Gas,Ham (Ghent) OCGT and Heat Power Plant Belgium,30,50.63747036447859
Belgium,Bel_21,Natural Gas,Ham (Ghent) OCGT and Heat Power Plant Belgium,31,50.63747036447859
Belgium,Bel_21,Natural Gas,Ham (Ghent) OCGT and Heat Power Plant Belgium,32,50.63747036447859
Belgium,Bel_21,Natural Gas,Ham (Ghent) OCGT and Heat Power Plant Belgium,33,0.0
Belgium,Bel_21,Natural Gas,Ham (Ghent) OCGT and Heat Power Plant Belgium,34,0.0
Belgium,Bel_21,Natural Gas,Ham (Ghent) OCGT and Heat Power Plant Belgium,35,0.0
Belgium,Bel_21,Natural Gas,Ham (Ghent) OCGT and Heat Power Plant Belgium,36,0.0
Belgium,Bel_21,Natural Gas,Ham (Ghent) OCGT and Heat Power Plant Belgium,37,0.0
Belgium,Bel_21,Natural Gas,Ham (Ghent) OCGT and Heat Power Plant Belgium,38,0.0
Belgium,Bel_21,Natural Gas,Ham (Ghent) OCGT and Heat Power Plant Belgium,39,0.0
Belgium,Bel_21,Natural Gas,Ham (Ghent) OCGT and Heat Power Plant Belgium,40,0.0
Belgium,Bel_21,Natural Gas,Ham (Ghent) OCGT and Heat Power Plant Belgium,41,0.0
Belgium,Bel_21,Natural Gas,Ham (Ghent) OCGT and Heat Power Plant Belgium,42,0.0
Belgium,Bel_21,Natural Gas,Ham (Ghent) OCGT and Heat Power Plant Belgium,43,0.0
Belgium,Bel_21,Natural Gas,Ham (Ghent) OCGT and Heat Power Plant Belgium,44,0.0
Belgium,Bel_21,Natural Gas,Ham (Ghent) OCGT and Heat Power Plant Belgium,45,0.0
Belgium,Bel_21,Natural Gas,Ham (Ghent) OCGT and Heat Power Plant Belgium,46,0.0
Belgium,Bel_21,Natural Gas,Ham (Ghent) OCGT and Heat Power Plant Belgium,47,0.0
Belgium,Bel_21,Natural Gas,Ham (Ghent) OCGT and Heat Power Plant Belgium,48,0.0
Belgium,Bel_21,Natural Gas,Ham (Ghent) OCGT and Heat Power Plant Belgium,49,0.0
Belgium,Bel_21,Natural Gas,Ham (Ghent) OCGT and Heat Power Plant Belgium,50,0.0
Belgium,Bel_21,Natural Gas,Ham (Ghent) OCGT and Heat Power Plant Belgium,51,0.0
Belgium,Bel_21,Natural Gas,Ham (Ghent) OCGT and Heat Power Plant Belgium,52,0.0
Belgium,Bel_21,Natural Gas,Ham (Ghent) OCGT and Heat Power Plant Belgium,53,0.0
Belgium,Bel_21,Natural Gas,Ham (Ghent) OCGT and Heat Power Plant Belgium,54,0.0
Belgium,Bel_21,Natural Gas,Ham (Ghent) OCGT and Heat Power Plant Belgium,55,0.0
Belgium,Bel_21,Natural Gas,Ham (Ghent) OCGT and Heat Power Plant Belgium,56,0.0
Belgium,Bel_21,Natural Gas,Ham (Ghent) OCGT and Heat Power Plant Belgium,57,0.0
Belgium,Bel_21,Natural Gas,Ham (Ghent) OCGT and Heat Power Plant Belgium,58,0.0
Belgium,Bel_21,Natural Gas,Ham (Ghent) OCGT and Heat Power Plant Belgium,59,0.0
Belgium,Bel_21,Natural Gas,Ham (Ghent) OCGT and Heat Power Plant Belgium,60,0.0
Belgium,Bel_21,Natural Gas,Ham (Ghent) OCGT and Heat Power Plant Belgium,61,0.0
Belgium,Bel_21,Natural Gas,Ham (Ghent) OCGT and Heat Power Plant Belgium,62,0.0
Belgium,Bel_21,Natural Gas,Ham (Ghent) OCGT and Heat Power Plant Belgium,63,0.0
Belgium,Bel_21,Natural Gas,Ham (Ghent) OCGT and Heat Power Plant Belgium,64,0.0
Belgium,Bel_21,Natural Gas,Ham (Ghent) OCGT and Heat Power Plant Belgium,65,0.0
Belgium,Bel_21,Natural Gas,Ham (Ghent) OCGT and Heat Power Plant Belgium,66,0.0
Belgium,Bel_21,Natural Gas,Ham (Ghent) OCGT and Heat Power Plant Belgium,67,0.0
Belgium,Bel_21,Natural Gas,Ham (Ghent) OCGT and Heat Power Plant Belgium,68,0.0
Belgium,Bel_21,Natural Gas,Ham (Ghent) OCGT and Heat Power Plant Belgium,69,0.0
Belgium,Bel_21,Natural Gas,Ham (Ghent) OCGT and Heat Power Plant Belgium,70,0.0
Belgium,Bel_21,Natural Gas,Ham (Ghent) OCGT and Heat Power Plant Belgium,71,0.0
Belgium,Bel_21,Natural Gas,Ham (Ghent) OCGT and Heat Power Plant Belgium,72,0.0
Belgium,Bel_21,Natural Gas,Ham (Ghent) OCGT and Heat Power Plant Belgium,73,0.0
Belgium,Bel_21,Natural Gas,Ham (Ghent) OCGT and Heat Power Plant Belgium,74,0.0
Belgium,Bel_21,Natural Gas,Ham (Ghent) OCGT and Heat Power Plant Belgium,75,0.0
Belgium,Bel_21,Natural Gas,Ham (Ghent) OCGT and Heat Power Plant Belgium,76,0.0
Belgium,Bel_21,Natural Gas,Ham (Ghent) OCGT and Heat Power Plant Belgium,77,0.0
Belgium,Bel_21,Natural Gas,Ham (Ghent) OCGT and Heat Power Plant Belgium,78,0.0
Belgium,Bel_21,Natural Gas,Ham (Ghent) OCGT and Heat Power Plant Belgium,79,0.0
Belgium,Bel_21,Natural Gas,Ham (Ghent) OCGT and Heat Power Plant Belgium,80,0.0
Belgium,Bel_21,Natural Gas,Ham (Ghent) OCGT and Heat Power Plant Belgium,81,52.93492804577261
Belgium,Bel_21,Natural Gas,Ham (Ghent) OCGT and Heat Power Plant Belgium,82,52.93492804577261
Belgium,Bel_21,Natural Gas,Ham (Ghent) OCGT and Heat Power Plant Belgium,83,52.93492804577261
Belgium,Bel_21,Natural Gas,Ham (Ghent) OCGT and Heat Power Plant Belgium,84,132.33732011443146
Belgium,Bel_21,Natural Gas,Ham (Ghent) OCGT and Heat Power Plant Belgium,85,132.33732011443158
Belgium,Bel_21,Natural Gas,Ham (Ghent) OCGT and Heat Power Plant Belgium,86,52.93492804577261
Belgium,Bel_21,Natural Gas,Ham (Ghent) OCGT and Heat Power Plant Belgium,87,52.93492804577261
Belgium,Bel_21,Natural Gas,Ham (Ghent) OCGT and Heat Power Plant Belgium,88,54.12098197643218
Belgium,Bel_21,Natural Gas,Ham (Ghent) OCGT and Heat Power Plant Belgium,89,0.0
Belgium,Bel_21,Natural Gas,Ham (Ghent) OCGT and Heat Power Plant Belgium,90,0.0
Belgium,Bel_21,Natural Gas,Ham (Ghent) OCGT and Heat Power Plant Belgium,91,0.0
Belgium,Bel_21,Natural Gas,Ham (Ghent) OCGT and Heat Power Plant Belgium,92,0.0
Belgium,Bel_21,Natural Gas,Ham (Ghent) OCGT and Heat Power Plant Belgium,93,0.0
Belgium,Bel_21,Natural Gas,Ham (Ghent) OCGT and Heat Power Plant Belgium,94,0.0
Belgium,Bel_21,Natural Gas,Ham (Ghent) OCGT and Heat Power Plant Belgium,95,0.0
Belgium,Bel_21,Natural Gas,Ham (Ghent) OCGT and Heat Power Plant Belgium,96,0.0
Belgium,Bel_21,Natural Gas,Knippegroen CCGT Power Plant Belgium,1,0.0
Belgium,Bel_21,Natural Gas,Knippegroen CCGT Power Plant Belgium,2,0.0
Belgium,Bel_21,Natural Gas,Knippegroen CCGT Power Plant Belgium,3,0.0
Belgium,Bel_21,Natural Gas,Knippegroen CCGT Power Plant Belgium,4,0.0
Belgium,Bel_21,Natural Gas,Knippegroen CCGT Power Plant Belgium,5,0.0
Belgium,Bel_21,Natural Gas,Knippegroen CCGT Power Plant Belgium,6,0.0
Belgium,Bel_21,Natural Gas,Knippegroen CCGT Power Plant Belgium,7,0.0
Belgium,Bel_21,Natural Gas,Knippegroen CCGT Power Plant Belgium,8,0.0
Belgium,Bel_21,Natural Gas,Knippegroen CCGT Power Plant Belgium,9,0.0
Belgium,Bel_21,Natural Gas,Knippegroen CCGT Power Plant Belgium,10,0.0
Belgium,Bel_21,Natural Gas,Knippegroen CCGT Power Plant Belgium,11,0.0
Belgium,Bel_21,Natural Gas,Knippegroen CCGT Power Plant Belgium,12,0.0
Belgium,Bel_21,Natural Gas,Knippegroen CCGT Power Plant Belgium,13,0.0
Belgium,Bel_21,Natural Gas,Knippegroen CCGT Power Plant Belgium,14,0.0
Belgium,Bel_21,Natural Gas,Knippegroen CCGT Power Plant Belgium,15,0.0
Belgium,Bel_21,Natural Gas,Knippegroen CCGT Power Plant Belgium,16,0.0
Belgium,Bel_21,Natural Gas,Knippegroen CCGT Power Plant Belgium,17,0.0
Belgium,Bel_21,Natural Gas,Knippegroen CCGT Power Plant Belgium,18,0.0
Belgium,Bel_21,Natural Gas,Knippegroen CCGT Power Plant Belgium,19,0.0
Belgium,Bel_21,Natural Gas,Knippegroen CCGT Power Plant Belgium,20,0.0
Belgium,Bel_21,Natural Gas,Knippegroen CCGT Power Plant Belgium,21,140.0
Belgium,Bel_21,Natural Gas,Knippegroen CCGT Power Plant Belgium,22,350.0
Belgium,Bel_21,Natural Gas,Knippegroen CCGT Power Plant Belgium,23,350.0
Belgium,Bel_21,Natural Gas,Knippegroen CCGT Power Plant Belgium,24,350.0
Belgium,Bel_21,Natural Gas,Knippegroen CCGT Power Plant Belgium,25,350.0
Belgium,Bel_21,Natural Gas,Knippegroen CCGT Power Plant Belgium,26,350.0
Belgium,Bel_21,Natural Gas,Knippegroen CCGT Power Plant Belgium,27,322.5585054278856
Belgium,Bel_21,Natural Gas,Knippegroen CCGT Power Plant Belgium,28,350.0
Belgium,Bel_21,Natural Gas,Knippegroen CCGT Power Plant Belgium,29,350.0
Belgium,Bel_21,Natural Gas,Knippegroen CCGT Power Plant Belgium,30,140.0
Belgium,Bel_21,Natural Gas,Knippegroen CCGT Power Plant Belgium,31,140.0
Belgium,Bel_21,Natural Gas,Knippegroen CCGT Power Plant Belgium,32,140.0
Belgium,Bel_21,Natural Gas,Knippegroen CCGT Power Plant Belgium,33,140.0
Belgium,Bel_21,Natural Gas,Knippegroen CCGT Power Plant Belgium,34,140.0
Belgium,Bel_21,Natural Gas,Knippegroen CCGT Power Plant Belgium,35,140.0
Belgium,Bel_21,Natural Gas,Knippegroen CCGT Power Plant Belgium,36,140.0
Belgium,Bel_21,Natural Gas,Knippegroen CCGT Power Plant Belgium,37,326.19829210969374
Belgium,Bel_21,Natural Gas,Knippegroen CCGT Power Plant Belgium,38,283.39829022125434
Belgium,Bel_21,Natural Gas,Knippegroen CCGT Power Plant Belgium,39,140.0
Belgium,Bel_21,Natural Gas,Knippegroen CCGT Power Plant Belgium,40,350.0
Belgium,Bel_21,Natural Gas,Knippegroen CCGT Power Plant Belgium,41,140.0
Belgium,Bel_21,Natural Gas,Knippegroen CCGT Power Plant Belgium,42,140.0
Belgium,Bel_21,Natural Gas,Knippegroen CCGT Power Plant Belgium,43,140.0
Belgium,Bel_21,Natural Gas,Knippegroen CCGT Power Plant Belgium,44,140.0
Belgium,Bel_21,Natural Gas,Knippegroen CCGT Power Plant Belgium,45,350.0
Belgium,Bel_21,Natural Gas,Knippegroen CCGT Power Plant Belgium,46,140.0
Belgium,Bel_21,Natural Gas,Knippegroen CCGT Power Plant Belgium,47,140.0
Belgium,Bel_21,Natural Gas,Knippegroen CCGT Power Plant Belgium,48,140.0
Belgium,Bel_21,Natural Gas,Knippegroen CCGT Power Plant Belgium,49,140.0
Belgium,Bel_21,Natural Gas,Knippegroen CCGT Power Plant Belgium,50,140.0
Belgium,Bel_21,Natural Gas,Knippegroen CCGT Power Plant Belgium,51,140.0
Belgium,Bel_21,Natural Gas,Knippegroen CCGT Power Plant Belgium,52,140.0
Belgium,Bel_21,Natural Gas,Knippegroen CCGT Power Plant Belgium,53,140.0
Belgium,Bel_21,Natural Gas,Knippegroen CCGT Power Plant Belgium,54,140.0
Belgium,Bel_21,Natural Gas,Knippegroen CCGT Power Plant Belgium,55,140.0
Belgium,Bel_21,Natural Gas,Knippegroen CCGT Power Plant Belgium,56,140.0
Belgium,Bel_21,Natural Gas,Knippegroen CCGT Power Plant Belgium,57,140.0
Belgium,Bel_21,Natural Gas,Knippegroen CCGT Power Plant Belgium,58,140.0
Belgium,Bel_21,Natural Gas,Knippegroen CCGT Power Plant Belgium,59,140.0
Belgium,Bel_21,Natural Gas,Knippegroen CCGT Power Plant Belgium,60,140.0
Belgium,Bel_21,Natural Gas,Knippegroen CCGT Power Plant Belgium,61,140.0
Belgium,Bel_21,Natural Gas,Knippegroen CCGT Power Plant Belgium,62,140.0
Belgium,Bel_21,Natural Gas,Knippegroen CCGT Power Plant Belgium,63,190.8386634524129
Belgium,Bel_21,Natural Gas,Knippegroen CCGT Power Plant Belgium,64,259.1923823691237
Belgium,Bel_21,Natural Gas,Knippegroen CCGT Power Plant Belgium,65,350.0
Belgium,Bel_21,Natural Gas,Knippegroen CCGT Power Plant Belgium,66,350.0
Belgium,Bel_21,Natural Gas,Knippegroen CCGT Power Plant Belgium,67,182.0988996729459
Belgium,Bel_21,Natural Gas,Knippegroen CCGT Power Plant Belgium,68,140.0
Belgium,Bel_21,Natural Gas,Knippegroen CCGT Power Plant Belgium,69,214.50423199274871
Belgium,Bel_21,Natural Gas,Knippegroen CCGT Power Plant Belgium,70,140.0
Belgium,Bel_21,Natural Gas,Knippegroen CCGT Power Plant Belgium,71,140.0
Belgium,Bel_21,Natural Gas,Knippegroen CCGT Power Plant Belgium,72,140.0
Belgium,Bel_21,Natural Gas,Knippegroen CCGT Power Plant Belgium,73,140.0
Belgium,Bel_21,Natural Gas,Knippegroen CCGT Power Plant Belgium,74,140.0
Belgium,Bel_21,Natural Gas,Knippegroen CCGT Power Plant Belgium,75,140.0
Belgium,Bel_21,Natural Gas,Knippegroen CCGT Power Plant Belgium,76,140.0
Belgium,Bel_21,Natural Gas,Knippegroen CCGT Power Plant Belgium,77,140.0
Belgium,Bel_21,Natural Gas,Knippegroen CCGT Power Plant Belgium,78,140.0
Belgium,Bel_21,Natural Gas,Knippegroen CCGT Power Plant Belgium,79,231.59839480470953
Belgium,Bel_21,Natural Gas,Knippegroen CCGT Power Plant Belgium,80,350.0
Belgium,Bel_21,Natural Gas,Knippegroen CCGT Power Plant Belgium,81,140.0
Belgium,Bel_21,Natural Gas,Knippegroen CCGT Power Plant Belgium,82,195.84517854837713
Belgium,Bel_21,Natural Gas,Knippegroen CCGT Power Plant Belgium,83,350.0
Belgium,Bel_21,Natural Gas,Knippegroen CCGT Power Plant Belgium,84,350.0
Belgium,Bel_21,Natural Gas,Knippegroen CCGT Power Plant Belgium,85,350.0
Belgium,Bel_21,Natural Gas,Knippegroen CCGT Power Plant Belgium,86,350.0
Belgium,Bel_21,Natural Gas,Knippegroen CCGT Power Plant Belgium,87,350.0
Belgium,Bel_21,Natural Gas,Knippegroen CCGT Power Plant Belgium,88,350.0
Belgium,Bel_21,Natural Gas,Knippegroen CCGT Power Plant Belgium,89,350.0
Belgium,Bel_21,Natural Gas,Knippegroen CCGT Power Plant Belgium,90,350.0
Belgium,Bel_21,Natural Gas,Knippegroen CCGT Power Plant Belgium,91,140.0
Belgium,Bel_21,Natural Gas,Knippegroen CCGT Power Plant Belgium,92,140.0
Belgium,Bel_21,Natural Gas,Knippegroen CCGT Power Plant Belgium,93,0.0
Belgium,Bel_21,Natural Gas,Knippegroen CCGT Power Plant Belgium,94,0.0
Belgium,Bel_21,Natural Gas,Knippegroen CCGT Power Plant Belgium,95,0.0
Belgium,Bel_21,Natural Gas,Knippegroen CCGT Power Plant Belgium,96,0.0
Belgium,Bel_20,Coal,Mol Coal Power Plant Belgium (Shutdown),1,255.0
Belgium,Bel_20,Coal,Mol Coal Power Plant Belgium (Shutdown),2,255.0
Belgium,Bel_20,Coal,Mol Coal Power Plant Belgium (Shutdown),3,255.0
Belgium,Bel_20,Coal,Mol Coal Power Plant Belgium (Shutdown),4,255.0
Belgium,Bel_20,Coal,Mol Coal Power Plant Belgium (Shutdown),5,255.0
Belgium,Bel_20,Coal,Mol Coal Power Plant Belgium (Shutdown),6,255.0
Belgium,Bel_20,Coal,Mol Coal Power Plant Belgium (Shutdown),7,240.41904903222502
Belgium,Bel_20,Coal,Mol Coal Power Plant Belgium (Shutdown),8,255.0
Belgium,Bel_20,Coal,Mol Coal Power Plant Belgium (Shutdown),9,64.41054144281964
Belgium,Bel_20,Coal,Mol Coal Power Plant Belgium (Shutdown),10,86.274058520983
Belgium,Bel_20,Coal,Mol Coal Power Plant Belgium (Shutdown),11,111.76467383747041
Belgium,Bel_20,Coal,Mol Coal Power Plant Belgium (Shutdown),12,134.3319192462531
Belgium,Bel_20,Coal,Mol Coal Power Plant Belgium (Shutdown),13,160.77561647023282
Belgium,Bel_20,Coal,Mol Coal Power Plant Belgium (Shutdown),14,255.0
Belgium,Bel_20,Coal,Mol Coal Power Plant Belgium (Shutdown),15,255.0
Belgium,Bel_20,Coal,Mol Coal Power Plant Belgium (Shutdown),16,255.0
Belgium,Bel_20,Coal,Mol Coal Power Plant Belgium (Shutdown),17,255.0
Belgium,Bel_20,Coal,Mol Coal Power Plant Belgium (Shutdown),18,255.0
Belgium,Bel_20,Coal,Mol Coal Power Plant Belgium (Shutdown),19,255.0
Belgium,Bel_20,Coal,Mol Coal Power Plant Belgium (Shutdown),20,255.0
Belgium,Bel_20,Coal,Mol Coal Power Plant Belgium (Shutdown),21,255.0
Belgium,Bel_20,Coal,Mol Coal Power Plant Belgium (Shutdown),22,255.0
Belgium,Bel_20,Coal,Mol Coal Power Plant Belgium (Shutdown),23,255.0
Belgium,Bel_20,Coal,Mol Coal Power Plant Belgium (Shutdown),24,255.0
Belgium,Bel_20,Coal,Mol Coal Power Plant Belgium (Shutdown),25,255.0
Belgium,Bel_20,Coal,Mol Coal Power Plant Belgium (Shutdown),26,255.0
Belgium,Bel_20,Coal,Mol Coal Power Plant Belgium (Shutdown),27,255.0
Belgium,Bel_20,Coal,Mol Coal Power Plant Belgium (Shutdown),28,255.0
Belgium,Bel_20,Coal,Mol Coal Power Plant Belgium (Shutdown),29,255.0
Belgium,Bel_20,Coal,Mol Coal Power Plant Belgium (Shutdown),30,255.0
Belgium,Bel_20,Coal,Mol Coal Power Plant Belgium (Shutdown),31,255.0
Belgium,Bel_20,Coal,Mol Coal Power Plant Belgium (Shutdown),32,255.0
Belgium,Bel_20,Coal,Mol Coal Power Plant Belgium (Shutdown),33,255.0
Belgium,Bel_20,Coal,Mol Coal Power Plant Belgium (Shutdown),34,255.0
Belgium,Bel_20,Coal,Mol Coal Power Plant Belgium (Shutdown),35,255.0
Belgium,Bel_20,Coal,Mol Coal Power Plant Belgium (Shutdown),36,255.0
Belgium,Bel_20,Coal,Mol Coal Power Plant Belgium (Shutdown),37,255.0
Belgium,Bel_20,Coal,Mol Coal Power Plant Belgium (Shutdown),38,255.0
Belgium,Bel_20,Coal,Mol Coal Power Plant Belgium (Shutdown),39,255.0
Belgium,Bel_20,Coal,Mol Coal Power Plant Belgium (Shutdown),40,255.0
Belgium,Bel_20,Coal,Mol Coal Power Plant Belgium (Shutdown),41,255.0
Belgium,Bel_20,Coal,Mol Coal Power Plant Belgium (Shutdown),42,255.0
Belgium,Bel_20,Coal,Mol Coal Power Plant Belgium (Shutdown),43,255.0
Belgium,Bel_20,Coal,Mol Coal Power Plant Belgium (Shutdown),44,255.0
Belgium,Bel_20,Coal,Mol Coal Power Plant Belgium (Shutdown),45,255.0
Belgium,Bel_20,Coal,Mol Coal Power Plant Belgium (Shutdown),46,255.0
Belgium,Bel_20,Coal,Mol Coal Power Plant Belgium (Shutdown),47,255.0
Belgium,Bel_20,Coal,Mol Coal Power Plant Belgium (Shutdown),48,255.0
Belgium,Bel_20,Coal,Mol Coal Power Plant Belgium (Shutdown),49,255.0
Belgium,Bel_20,Coal,Mol Coal Power Plant Belgium (Shutdown),50,255.0
Belgium,Bel_20,Coal,Mol Coal Power Plant Belgium (Shutdown),51,255.0
Belgium,Bel_20,Coal,Mol Coal Power Plant Belgium (Shutdown),52,255.0
Belgium,Bel_20,Coal,Mol Coal Power Plant Belgium (Shutdown),53,255.0
Belgium,Bel_20,Coal,Mol Coal Power Plant Belgium (Shutdown),54,255.0
Belgium,Bel_20,Coal,Mol Coal Power Plant Belgium (Shutdown),55,255.0
Belgium,Bel_20,Coal,Mol Coal Power Plant Belgium (Shutdown),56,255.0
Belgium,Bel_20,Coal,Mol Coal Power Plant Belgium (Shutdown),57,255.0
Belgium,Bel_20,Coal,Mol Coal Power Plant Belgium (Shutdown),58,255.0
Belgium,Bel_20,Coal,Mol Coal Power Plant Belgium (Shutdown),59,255.0
Belgium,Bel_20,Coal,Mol Coal Power Plant Belgium (Shutdown),60,255.0
Belgium,Bel_20,Coal,Mol Coal Power Plant Belgium (Shutdown),61,255.0
Belgium,Bel_20,Coal,Mol Coal Power Plant Belgium (Shutdown),62,255.0
Belgium,Bel_20,Coal,Mol Coal Power Plant Belgium (Shutdown),63,255.0
Belgium,Bel_20,Coal,Mol Coal Power Plant Belgium (Shutdown),64,255.0
Belgium,Bel_20,Coal,Mol Coal Power Plant Belgium (Shutdown),65,255.0
Belgium,Bel_20,Coal,Mol Coal Power Plant Belgium (Shutdown),66,255.0
Belgium,Bel_20,Coal,Mol Coal Power Plant Belgium (Shutdown),67,255.0
Belgium,Bel_20,Coal,Mol Coal Power Plant Belgium (Shutdown),68,255.0
Belgium,Bel_20,Coal,Mol Coal Power Plant Belgium (Shutdown),69,255.0
Belgium,Bel_20,Coal,Mol Coal Power Plant Belgium (Shutdown),70,255.0
Belgium,Bel_20,Coal,Mol Coal Power Plant Belgium (Shutdown),71,255.0
Belgium,Bel_20,Coal,Mol Coal Power Plant Belgium (Shutdown),72,255.0
Belgium,Bel_20,Coal,Mol Coal Power Plant Belgium (Shutdown),73,255.0
Belgium,Bel_20,Coal,Mol Coal Power Plant Belgium (Shutdown),74,255.0
Belgium,Bel_20,Coal,Mol Coal Power Plant Belgium (Shutdown),75,255.0
Belgium,Bel_20,Coal,Mol Coal Power Plant Belgium (Shutdown),76,255.0
Belgium,Bel_20,Coal,Mol Coal Power Plant Belgium (Shutdown),77,255.0
Belgium,Bel_20,Coal,Mol Coal Power Plant Belgium (Shutdown),78,255.0
Belgium,Bel_20,Coal,Mol Coal Power Plant Belgium (Shutdown),79,255.0
Belgium,Bel_20,Coal,Mol Coal Power Plant Belgium (Shutdown),80,255.0
Belgium,Bel_20,Coal,Mol Coal Power Plant Belgium (Shutdown),81,255.0
Belgium,Bel_20,Coal,Mol Coal Power Plant Belgium (Shutdown),82,255.0
Belgium,Bel_20,Coal,Mol Coal Power Plant Belgium (Shutdown),83,255.0
Belgium,Bel_20,Coal,Mol Coal Power Plant Belgium (Shutdown),84,255.0
Belgium,Bel_20,Coal,Mol Coal Power Plant Belgium (Shutdown),85,255.0
Belgium,Bel_20,Coal,Mol Coal Power Plant Belgium (Shutdown),86,255.0
Belgium,Bel_20,Coal,Mol Coal Power Plant Belgium (Shutdown),87,255.0
Belgium,Bel_20,Coal,Mol Coal Power Plant Belgium (Shutdown),88,255.0
Belgium,Bel_20,Coal,Mol Coal Power Plant Belgium (Shutdown),89,255.0
Belgium,Bel_20,Coal,Mol Coal Power Plant Belgium (Shutdown),90,255.0
Belgium,Bel_20,Coal,Mol Coal Power Plant Belgium (Shutdown),91,255.0
Belgium,Bel_20,Coal,Mol Coal Power Plant Belgium (Shutdown),92,255.0
Belgium,Bel_20,Coal,Mol Coal Power Plant Belgium (Shutdown),93,255.0
Belgium,Bel_20,Coal,Mol Coal Power Plant Belgium (Shutdown),94,255.0
Belgium,Bel_20,Coal,Mol Coal Power Plant Belgium (Shutdown),95,255.0
Belgium,Bel_20,Coal,Mol Coal Power Plant Belgium (Shutdown),96,255.0
Belgium,Bel_18,Natural Gas,Brugge-Herdersbrug CCGT Power Plant Belgium,1,0.0
Belgium,Bel_18,Natural Gas,Brugge-Herdersbrug CCGT Power Plant Belgium,2,0.0
Belgium,Bel_18,Natural Gas,Brugge-Herdersbrug CCGT Power Plant Belgium,3,0.0
Belgium,Bel_18,Natural Gas,Brugge-Herdersbrug CCGT Power Plant Belgium,4,0.0
Belgium,Bel_18,Natural Gas,Brugge-Herdersbrug CCGT Power Plant Belgium,5,0.0
Belgium,Bel_18,Natural Gas,Brugge-Herdersbrug CCGT Power Plant Belgium,6,0.0
Belgium,Bel_18,Natural Gas,Brugge-Herdersbrug CCGT Power Plant Belgium,7,0.0
Belgium,Bel_18,Natural Gas,Brugge-Herdersbrug CCGT Power Plant Belgium,8,0.0
Belgium,Bel_18,Natural Gas,Brugge-Herdersbrug CCGT Power Plant Belgium,9,0.0
Belgium,Bel_18,Natural Gas,Brugge-Herdersbrug CCGT Power Plant Belgium,10,0.0
Belgium,Bel_18,Natural Gas,Brugge-Herdersbrug CCGT Power Plant Belgium,11,0.0
Belgium,Bel_18,Natural Gas,Brugge-Herdersbrug CCGT Power Plant Belgium,12,0.0
Belgium,Bel_18,Natural Gas,Brugge-Herdersbrug CCGT Power Plant Belgium,13,0.0
Belgium,Bel_18,Natural Gas,Brugge-Herdersbrug CCGT Power Plant Belgium,14,0.0
Belgium,Bel_18,Natural Gas,Brugge-Herdersbrug CCGT Power Plant Belgium,15,0.0
Belgium,Bel_18,Natural Gas,Brugge-Herdersbrug CCGT Power Plant Belgium,16,0.0
Belgium,Bel_18,Natural Gas,Brugge-Herdersbrug CCGT Power Plant Belgium,17,0.0
Belgium,Bel_18,Natural Gas,Brugge-Herdersbrug CCGT Power Plant Belgium,18,0.0
Belgium,Bel_18,Natural Gas,Brugge-Herdersbrug CCGT Power Plant Belgium,19,0.0
Belgium,Bel_18,Natural Gas,Brugge-Herdersbrug CCGT Power Plant Belgium,20,0.0
Belgium,Bel_18,Natural Gas,Brugge-Herdersbrug CCGT Power Plant Belgium,21,0.0
Belgium,Bel_18,Natural Gas,Brugge-Herdersbrug CCGT Power Plant Belgium,22,0.0
Belgium,Bel_18,Natural Gas,Brugge-Herdersbrug CCGT Power Plant Belgium,23,0.0
Belgium,Bel_18,Natural Gas,Brugge-Herdersbrug CCGT Power Plant Belgium,24,0.0
Belgium,Bel_18,Natural Gas,Brugge-Herdersbrug CCGT Power Plant Belgium,25,0.0
Belgium,Bel_18,Natural Gas,Brugge-Herdersbrug CCGT Power Plant Belgium,26,0.0
Belgium,Bel_18,Natural Gas,Brugge-Herdersbrug CCGT Power Plant Belgium,27,0.0
Belgium,Bel_18,Natural Gas,Brugge-Herdersbrug CCGT Power Plant Belgium,28,0.0
Belgium,Bel_18,Natural Gas,Brugge-Herdersbrug CCGT Power Plant Belgium,29,0.0
Belgium,Bel_18,Natural Gas,Brugge-Herdersbrug CCGT Power Plant Belgium,30,0.0
Belgium,Bel_18,Natural Gas,Brugge-Herdersbrug CCGT Power Plant Belgium,31,0.0
Belgium,Bel_18,Natural Gas,Brugge-Herdersbrug CCGT Power Plant Belgium,32,0.0
Belgium,Bel_18,Natural Gas,Brugge-Herdersbrug CCGT Power Plant Belgium,33,0.0
Belgium,Bel_18,Natural Gas,Brugge-Herdersbrug CCGT Power Plant Belgium,34,0.0
Belgium,Bel_18,Natural Gas,Brugge-Herdersbrug CCGT Power Plant Belgium,35,0.0
Belgium,Bel_18,Natural Gas,Brugge-Herdersbrug CCGT Power Plant Belgium,36,0.0
Belgium,Bel_18,Natural Gas,Brugge-Herdersbrug CCGT Power Plant Belgium,37,0.0
Belgium,Bel_18,Natural Gas,Brugge-Herdersbrug CCGT Power Plant Belgium,38,0.0
Belgium,Bel_18,Natural Gas,Brugge-Herdersbrug CCGT Power Plant Belgium,39,0.0
Belgium,Bel_18,Natural Gas,Brugge-Herdersbrug CCGT Power Plant Belgium,40,0.0
Belgium,Bel_18,Natural Gas,Brugge-Herdersbrug CCGT Power Plant Belgium,41,0.0
Belgium,Bel_18,Natural Gas,Brugge-Herdersbrug CCGT Power Plant Belgium,42,0.0
Belgium,Bel_18,Natural Gas,Brugge-Herdersbrug CCGT Power Plant Belgium,43,0.0
Belgium,Bel_18,Natural Gas,Brugge-Herdersbrug CCGT Power Plant Belgium,44,0.0
Belgium,Bel_18,Natural Gas,Brugge-Herdersbrug CCGT Power Plant Belgium,45,0.0
Belgium,Bel_18,Natural Gas,Brugge-Herdersbrug CCGT Power Plant Belgium,46,0.0
Belgium,Bel_18,Natural Gas,Brugge-Herdersbrug CCGT Power Plant Belgium,47,0.0
Belgium,Bel_18,Natural Gas,Brugge-Herdersbrug CCGT Power Plant Belgium,48,0.0
Belgium,Bel_18,Natural Gas,Brugge-Herdersbrug CCGT Power Plant Belgium,49,0.0
Belgium,Bel_18,Natural Gas,Brugge-Herdersbrug CCGT Power Plant Belgium,50,0.0
Belgium,Bel_18,Natural Gas,Brugge-Herdersbrug CCGT Power Plant Belgium,51,0.0
Belgium,Bel_18,Natural Gas,Brugge-Herdersbrug CCGT Power Plant Belgium,52,0.0
Belgium,Bel_18,Natural Gas,Brugge-Herdersbrug CCGT Power Plant Belgium,53,0.0
Belgium,Bel_18,Natural Gas,Brugge-Herdersbrug CCGT Power Plant Belgium,54,0.0
Belgium,Bel_18,Natural Gas,Brugge-Herdersbrug CCGT Power Plant Belgium,55,0.0
Belgium,Bel_18,Natural Gas,Brugge-Herdersbrug CCGT Power Plant Belgium,56,0.0
Belgium,Bel_18,Natural Gas,Brugge-Herdersbrug CCGT Power Plant Belgium,57,0.0
Belgium,Bel_18,Natural Gas,Brugge-Herdersbrug CCGT Power Plant Belgium,58,0.0
Belgium,Bel_18,Natural Gas,Brugge-Herdersbrug CCGT Power Plant Belgium,59,0.0
Belgium,Bel_18,Natural Gas,Brugge-Herdersbrug CCGT Power Plant Belgium,60,0.0
Belgium,Bel_18,Natural Gas,Brugge-Herdersbrug CCGT Power Plant Belgium,61,0.0
Belgium,Bel_18,Natural Gas,Brugge-Herdersbrug CCGT Power Plant Belgium,62,0.0
Belgium,Bel_18,Natural Gas,Brugge-Herdersbrug CCGT Power Plant Belgium,63,0.0
Belgium,Bel_18,Natural Gas,Brugge-Herdersbrug CCGT Power Plant Belgium,64,0.0
Belgium,Bel_18,Natural Gas,Brugge-Herdersbrug CCGT Power Plant Belgium,65,0.0
Belgium,Bel_18,Natural Gas,Brugge-Herdersbrug CCGT Power Plant Belgium,66,0.0
Belgium,Bel_18,Natural Gas,Brugge-Herdersbrug CCGT Power Plant Belgium,67,0.0
Belgium,Bel_18,Natural Gas,Brugge-Herdersbrug CCGT Power Plant Belgium,68,0.0
Belgium,Bel_18,Natural Gas,Brugge-Herdersbrug CCGT Power Plant Belgium,69,0.0
Belgium,Bel_18,Natural Gas,Brugge-Herdersbrug CCGT Power Plant Belgium,70,0.0
Belgium,Bel_18,Natural Gas,Brugge-Herdersbrug CCGT Power Plant Belgium,71,0.0
Belgium,Bel_18,Natural Gas,Brugge-Herdersbrug CCGT Power Plant Belgium,72,0.0
Belgium,Bel_18,Natural Gas,Brugge-Herdersbrug CCGT Power Plant Belgium,73,0.0
Belgium,Bel_18,Natural Gas,Brugge-Herdersbrug CCGT Power Plant Belgium,74,0.0
Belgium,Bel_18,Natural Gas,Brugge-Herdersbrug CCGT Power Plant Belgium,75,0.0
Belgium,Bel_18,Natural Gas,Brugge-Herdersbrug CCGT Power Plant Belgium,76,0.0
Belgium,Bel_18,Natural Gas,Brugge-Herdersbrug CCGT Power Plant Belgium,77,0.0
Belgium,Bel_18,Natural Gas,Brugge-Herdersbrug CCGT Power Plant Belgium,78,0.0
Belgium,Bel_18,Natural Gas,Brugge-Herdersbrug CCGT Power Plant Belgium,79,0.0
Belgium,Bel_18,Natural Gas,Brugge-Herdersbrug CCGT Power Plant Belgium,80,0.0
Belgium,Bel_18,Natural Gas,Brugge-Herdersbrug CCGT Power Plant Belgium,81,0.0
Belgium,Bel_18,Natural Gas,Brugge-Herdersbrug CCGT Power Plant Belgium,82,0.0
Belgium,Bel_18,Natural Gas,Brugge-Herdersbrug CCGT Power Plant Belgium,83,0.0
Belgium,Bel_18,Natural Gas,Brugge-Herdersbrug CCGT Power Plant Belgium,84,0.0
Belgium,Bel_18,Natural Gas,Brugge-Herdersbrug CCGT Power Plant Belgium,85,0.0
Belgium,Bel_18,Natural Gas,Brugge-Herdersbrug CCGT Power Plant Belgium,86,0.0
Belgium,Bel_18,Natural Gas,Brugge-Herdersbrug CCGT Power Plant Belgium,87,0.0
Belgium,Bel_18,Natural Gas,Brugge-Herdersbrug CCGT Power Plant Belgium,88,0.0
Belgium,Bel_18,Natural Gas,Brugge-Herdersbrug CCGT Power Plant Belgium,89,0.0
Belgium,Bel_18,Natural Gas,Brugge-Herdersbrug CCGT Power Plant Belgium,90,0.0
Belgium,Bel_18,Natural Gas,Brugge-Herdersbrug CCGT Power Plant Belgium,91,0.0
Belgium,Bel_18,Natural Gas,Brugge-Herdersbrug CCGT Power Plant Belgium,92,0.0
Belgium,Bel_18,Natural Gas,Brugge-Herdersbrug CCGT Power Plant Belgium,93,0.0
Belgium,Bel_18,Natural Gas,Brugge-Herdersbrug CCGT Power Plant Belgium,94,0.0
Belgium,Bel_18,Natural Gas,Brugge-Herdersbrug CCGT Power Plant Belgium,95,0.0
Belgium,Bel_18,Natural Gas,Brugge-Herdersbrug CCGT Power Plant Belgium,96,0.0
Belgium,Bel_16,Natural Gas,Kallo Thermal Power Plant Belgium,1,0.0
Belgium,Bel_16,Natural Gas,Kallo Thermal Power Plant Belgium,2,0.0
Belgium,Bel_16,Natural Gas,Kallo Thermal Power Plant Belgium,3,0.0
Belgium,Bel_16,Natural Gas,Kallo Thermal Power Plant Belgium,4,0.0
Belgium,Bel_16,Natural Gas,Kallo Thermal Power Plant Belgium,5,0.0
Belgium,Bel_16,Natural Gas,Kallo Thermal Power Plant Belgium,6,0.0
Belgium,Bel_16,Natural Gas,Kallo Thermal Power Plant Belgium,7,0.0
Belgium,Bel_16,Natural Gas,Kallo Thermal Power Plant Belgium,8,0.0
Belgium,Bel_16,Natural Gas,Kallo Thermal Power Plant Belgium,9,0.0
Belgium,Bel_16,Natural Gas,Kallo Thermal Power Plant Belgium,10,0.0
Belgium,Bel_16,Natural Gas,Kallo Thermal Power Plant Belgium,11,0.0
Belgium,Bel_16,Natural Gas,Kallo Thermal Power Plant Belgium,12,0.0
Belgium,Bel_16,Natural Gas,Kallo Thermal Power Plant Belgium,13,0.0
Belgium,Bel_16,Natural Gas,Kallo Thermal Power Plant Belgium,14,0.0
Belgium,Bel_16,Natural Gas,Kallo Thermal Power Plant Belgium,15,0.0
Belgium,Bel_16,Natural Gas,Kallo Thermal Power Plant Belgium,16,0.0
Belgium,Bel_16,Natural Gas,Kallo Thermal Power Plant Belgium,17,0.0
Belgium,Bel_16,Natural Gas,Kallo Thermal Power Plant Belgium,18,0.0
Belgium,Bel_16,Natural Gas,Kallo Thermal Power Plant Belgium,19,0.0
Belgium,Bel_16,Natural Gas,Kallo Thermal Power Plant Belgium,20,0.0
Belgium,Bel_16,Natural Gas,Kallo Thermal Power Plant Belgium,21,0.0
Belgium,Bel_16,Natural Gas,Kallo Thermal Power Plant Belgium,22,0.0
Belgium,Bel_16,Natural Gas,Kallo Thermal Power Plant Belgium,23,0.0
Belgium,Bel_16,Natural Gas,Kallo Thermal Power Plant Belgium,24,0.0
Belgium,Bel_16,Natural Gas,Kallo Thermal Power Plant Belgium,25,104.4
Belgium,Bel_16,Natural Gas,Kallo Thermal Power Plant Belgium,26,104.4
Belgium,Bel_16,Natural Gas,Kallo Thermal Power Plant Belgium,27,104.4
Belgium,Bel_16,Natural Gas,Kallo Thermal Power Plant Belgium,28,104.4
Belgium,Bel_16,Natural Gas,Kallo Thermal Power Plant Belgium,29,261.0
Belgium,Bel_16,Natural Gas,Kallo Thermal Power Plant Belgium,30,104.4
Belgium,Bel_16,Natural Gas,Kallo Thermal Power Plant Belgium,31,104.4
Belgium,Bel_16,Natural Gas,Kallo Thermal Power Plant Belgium,32,104.4
Belgium,Bel_16,Natural Gas,Kallo Thermal Power Plant Belgium,33,0.0
Belgium,Bel_16,Natural Gas,Kallo Thermal Power Plant Belgium,34,0.0
Belgium,Bel_16,Natural Gas,Kallo Thermal Power Plant Belgium,35,0.0
Belgium,Bel_16,Natural Gas,Kallo Thermal Power Plant Belgium,36,0.0
Belgium,Bel_16,Natural Gas,Kallo Thermal Power Plant Belgium,37,0.0
Belgium,Bel_16,Natural Gas,Kallo Thermal Power Plant Belgium,38,0.0
Belgium,Bel_16,Natural Gas,Kallo Thermal Power Plant Belgium,39,0.0
Belgium,Bel_16,Natural Gas,Kallo Thermal Power Plant Belgium,40,0.0
Belgium,Bel_16,Natural Gas,Kallo Thermal Power Plant Belgium,41,0.0
Belgium,Bel_16,Natural Gas,Kallo Thermal Power Plant Belgium,42,0.0
Belgium,Bel_16,Natural Gas,Kallo Thermal Power Plant Belgium,43,0.0
Belgium,Bel_16,Natural Gas,Kallo Thermal Power Plant Belgium,44,0.0
Belgium,Bel_16,Natural Gas,Kallo Thermal Power Plant Belgium,45,0.0
Belgium,Bel_16,Natural Gas,Kallo Thermal Power Plant Belgium,46,0.0
Belgium,Bel_16,Natural Gas,Kallo Thermal Power Plant Belgium,47,0.0
Belgium,Bel_16,Natural Gas,Kallo Thermal Power Plant Belgium,48,0.0
Belgium,Bel_16,Natural Gas,Kallo Thermal Power Plant Belgium,49,0.0
Belgium,Bel_16,Natural Gas,Kallo Thermal Power Plant Belgium,50,0.0
Belgium,Bel_16,Natural Gas,Kallo Thermal Power Plant Belgium,51,0.0
Belgium,Bel_16,Natural Gas,Kallo Thermal Power Plant Belgium,52,0.0
Belgium,Bel_16,Natural Gas,Kallo Thermal Power Plant Belgium,53,0.0
Belgium,Bel_16,Natural Gas,Kallo Thermal Power Plant Belgium,54,0.0
Belgium,Bel_16,Natural Gas,Kallo Thermal Power Plant Belgium,55,0.0
Belgium,Bel_16,Natural Gas,Kallo Thermal Power Plant Belgium,56,0.0
Belgium,Bel_16,Natural Gas,Kallo Thermal Power Plant Belgium,57,0.0
Belgium,Bel_16,Natural Gas,Kallo Thermal Power Plant Belgium,58,0.0
Belgium,Bel_16,Natural Gas,Kallo Thermal Power Plant Belgium,59,0.0
Belgium,Bel_16,Natural Gas,Kallo Thermal Power Plant Belgium,60,0.0
Belgium,Bel_16,Natural Gas,Kallo Thermal Power Plant Belgium,61,0.0
Belgium,Bel_16,Natural Gas,Kallo Thermal Power Plant Belgium,62,0.0
Belgium,Bel_16,Natural Gas,Kallo Thermal Power Plant Belgium,63,0.0
Belgium,Bel_16,Natural Gas,Kallo Thermal Power Plant Belgium,64,0.0
Belgium,Bel_16,Natural Gas,Kallo Thermal Power Plant Belgium,65,0.0
Belgium,Bel_16,Natural Gas,Kallo Thermal Power Plant Belgium,66,0.0
Belgium,Bel_16,Natural Gas,Kallo Thermal Power Plant Belgium,67,0.0
Belgium,Bel_16,Natural Gas,Kallo Thermal Power Plant Belgium,68,0.0
Belgium,Bel_16,Natural Gas,Kallo Thermal Power Plant Belgium,69,0.0
Belgium,Bel_16,Natural Gas,Kallo Thermal Power Plant Belgium,70,0.0
Belgium,Bel_16,Natural Gas,Kallo Thermal Power Plant Belgium,71,0.0
Belgium,Bel_16,Natural Gas,Kallo Thermal Power Plant Belgium,72,0.0
Belgium,Bel_16,Natural Gas,Kallo Thermal Power Plant Belgium,73,0.0
Belgium,Bel_16,Natural Gas,Kallo Thermal Power Plant Belgium,74,0.0
Belgium,Bel_16,Natural Gas,Kallo Thermal Power Plant Belgium,75,0.0
Belgium,Bel_16,Natural Gas,Kallo Thermal Power Plant Belgium,76,0.0
Belgium,Bel_16,Natural Gas,Kallo Thermal Power Plant Belgium,77,0.0
Belgium,Bel_16,Natural Gas,Kallo Thermal Power Plant Belgium,78,0.0
Belgium,Bel_16,Natural Gas,Kallo Thermal Power Plant Belgium,79,0.0
Belgium,Bel_16,Natural Gas,Kallo Thermal Power Plant Belgium,80,0.0
Belgium,Bel_16,Natural Gas,Kallo Thermal Power Plant Belgium,81,104.4
Belgium,Bel_16,Natural Gas,Kallo Thermal Power Plant Belgium,82,104.4
Belgium,Bel_16,Natural Gas,Kallo Thermal Power Plant Belgium,83,104.4
Belgium,Bel_16,Natural Gas,Kallo Thermal Power Plant Belgium,84,261.0
Belgium,Bel_16,Natural Gas,Kallo Thermal Power Plant Belgium,85,261.0
Belgium,Bel_16,Natural Gas,Kallo Thermal Power Plant Belgium,86,104.4
Belgium,Bel_16,Natural Gas,Kallo Thermal Power Plant Belgium,87,108.02341363104051
Belgium,Bel_16,Natural Gas,Kallo Thermal Power Plant Belgium,88,261.0
Belgium,Bel_16,Natural Gas,Kallo Thermal Power Plant Belgium,89,0.0
Belgium,Bel_16,Natural Gas,Kallo Thermal Power Plant Belgium,90,0.0
Belgium,Bel_16,Natural Gas,Kallo Thermal Power Plant Belgium,91,0.0
Belgium,Bel_16,Natural Gas,Kallo Thermal Power Plant Belgium,92,0.0
Belgium,Bel_16,Natural Gas,Kallo Thermal Power Plant Belgium,93,0.0
Belgium,Bel_16,Natural Gas,Kallo Thermal Power Plant Belgium,94,0.0
Belgium,Bel_16,Natural Gas,Kallo Thermal Power Plant Belgium,95,0.0
Belgium,Bel_16,Natural Gas,Kallo Thermal Power Plant Belgium,96,0.0
Belgium,Bel_16,Natural Gas,ExxonMobil Antwerp Refinery CHP Power Plant Belgium,1,0.0
Belgium,Bel_16,Natural Gas,ExxonMobil Antwerp Refinery CHP Power Plant Belgium,2,0.0
Belgium,Bel_16,Natural Gas,ExxonMobil Antwerp Refinery CHP Power Plant Belgium,3,0.0
Belgium,Bel_16,Natural Gas,ExxonMobil Antwerp Refinery CHP Power Plant Belgium,4,0.0
Belgium,Bel_16,Natural Gas,ExxonMobil Antwerp Refinery CHP Power Plant Belgium,5,0.0
Belgium,Bel_16,Natural Gas,ExxonMobil Antwerp Refinery CHP Power Plant Belgium,6,0.0
Belgium,Bel_16,Natural Gas,ExxonMobil Antwerp Refinery CHP Power Plant Belgium,7,0.0
Belgium,Bel_16,Natural Gas,ExxonMobil Antwerp Refinery CHP Power Plant Belgium,8,0.0
Belgium,Bel_16,Natural Gas,ExxonMobil Antwerp Refinery CHP Power Plant Belgium,9,0.0
Belgium,Bel_16,Natural Gas,ExxonMobil Antwerp Refinery CHP Power Plant Belgium,10,0.0
Belgium,Bel_16,Natural Gas,ExxonMobil Antwerp Refinery CHP Power Plant Belgium,11,0.0
Belgium,Bel_16,Natural Gas,ExxonMobil Antwerp Refinery CHP Power Plant Belgium,12,0.0
Belgium,Bel_16,Natural Gas,ExxonMobil Antwerp Refinery CHP Power Plant Belgium,13,0.0
Belgium,Bel_16,Natural Gas,ExxonMobil Antwerp Refinery CHP Power Plant Belgium,14,0.0
Belgium,Bel_16,Natural Gas,ExxonMobil Antwerp Refinery CHP Power Plant Belgium,15,0.0
Belgium,Bel_16,Natural Gas,ExxonMobil Antwerp Refinery CHP Power Plant Belgium,16,0.0
Belgium,Bel_16,Natural Gas,ExxonMobil Antwerp Refinery CHP Power Plant Belgium,17,0.0
Belgium,Bel_16,Natural Gas,ExxonMobil Antwerp Refinery CHP Power Plant Belgium,18,0.0
Belgium,Bel_16,Natural Gas,ExxonMobil Antwerp Refinery CHP Power Plant Belgium,19,0.0
Belgium,Bel_16,Natural Gas,ExxonMobil Antwerp Refinery CHP Power Plant Belgium,20,0.0
Belgium,Bel_16,Natural Gas,ExxonMobil Antwerp Refinery CHP Power Plant Belgium,21,0.0
Belgium,Bel_16,Natural Gas,ExxonMobil Antwerp Refinery CHP Power Plant Belgium,22,0.0
Belgium,Bel_16,Natural Gas,ExxonMobil Antwerp Refinery CHP Power Plant Belgium,23,0.0
Belgium,Bel_16,Natural Gas,ExxonMobil Antwerp Refinery CHP Power Plant Belgium,24,0.0
Belgium,Bel_16,Natural Gas,ExxonMobil Antwerp Refinery CHP Power Plant Belgium,25,0.0
Belgium,Bel_16,Natural Gas,ExxonMobil Antwerp Refinery CHP Power Plant Belgium,26,0.0
Belgium,Bel_16,Natural Gas,ExxonMobil Antwerp Refinery CHP Power Plant Belgium,27,0.0
Belgium,Bel_16,Natural Gas,ExxonMobil Antwerp Refinery CHP Power Plant Belgium,28,0.0
Belgium,Bel_16,Natural Gas,ExxonMobil Antwerp Refinery CHP Power Plant Belgium,29,0.0
Belgium,Bel_16,Natural Gas,ExxonMobil Antwerp Refinery CHP Power Plant Belgium,30,0.0
Belgium,Bel_16,Natural Gas,ExxonMobil Antwerp Refinery CHP Power Plant Belgium,31,0.0
Belgium,Bel_16,Natural Gas,ExxonMobil Antwerp Refinery CHP Power Plant Belgium,32,0.0
Belgium,Bel_16,Natural Gas,ExxonMobil Antwerp Refinery CHP Power Plant Belgium,33,0.0
Belgium,Bel_16,Natural Gas,ExxonMobil Antwerp Refinery CHP Power Plant Belgium,34,0.0
Belgium,Bel_16,Natural Gas,ExxonMobil Antwerp Refinery CHP Power Plant Belgium,35,0.0
Belgium,Bel_16,Natural Gas,ExxonMobil Antwerp Refinery CHP Power Plant Belgium,36,0.0
Belgium,Bel_16,Natural Gas,ExxonMobil Antwerp Refinery CHP Power Plant Belgium,37,0.0
Belgium,Bel_16,Natural Gas,ExxonMobil Antwerp Refinery CHP Power Plant Belgium,38,0.0
Belgium,Bel_16,Natural Gas,ExxonMobil Antwerp Refinery CHP Power Plant Belgium,39,0.0
Belgium,Bel_16,Natural Gas,ExxonMobil Antwerp Refinery CHP Power Plant Belgium,40,0.0
Belgium,Bel_16,Natural Gas,ExxonMobil Antwerp Refinery CHP Power Plant Belgium,41,0.0
Belgium,Bel_16,Natural Gas,ExxonMobil Antwerp Refinery CHP Power Plant Belgium,42,0.0
Belgium,Bel_16,Natural Gas,ExxonMobil Antwerp Refinery CHP Power Plant Belgium,43,0.0
Belgium,Bel_16,Natural Gas,ExxonMobil Antwerp Refinery CHP Power Plant Belgium,44,0.0
Belgium,Bel_16,Natural Gas,ExxonMobil Antwerp Refinery CHP Power Plant Belgium,45,0.0
Belgium,Bel_16,Natural Gas,ExxonMobil Antwerp Refinery CHP Power Plant Belgium,46,0.0
Belgium,Bel_16,Natural Gas,ExxonMobil Antwerp Refinery CHP Power Plant Belgium,47,0.0
Belgium,Bel_16,Natural Gas,ExxonMobil Antwerp Refinery CHP Power Plant Belgium,48,0.0
Belgium,Bel_16,Natural Gas,ExxonMobil Antwerp Refinery CHP Power Plant Belgium,49,0.0
Belgium,Bel_16,Natural Gas,ExxonMobil Antwerp Refinery CHP Power Plant Belgium,50,0.0
Belgium,Bel_16,Natural Gas,ExxonMobil Antwerp Refinery CHP Power Plant Belgium,51,0.0
Belgium,Bel_16,Natural Gas,ExxonMobil Antwerp Refinery CHP Power Plant Belgium,52,0.0
Belgium,Bel_16,Natural Gas,ExxonMobil Antwerp Refinery CHP Power Plant Belgium,53,0.0
Belgium,Bel_16,Natural Gas,ExxonMobil Antwerp Refinery CHP Power Plant Belgium,54,0.0
Belgium,Bel_16,Natural Gas,ExxonMobil Antwerp Refinery CHP Power Plant Belgium,55,0.0
Belgium,Bel_16,Natural Gas,ExxonMobil Antwerp Refinery CHP Power Plant Belgium,56,0.0
Belgium,Bel_16,Natural Gas,ExxonMobil Antwerp Refinery CHP Power Plant Belgium,57,0.0
Belgium,Bel_16,Natural Gas,ExxonMobil Antwerp Refinery CHP Power Plant Belgium,58,0.0
Belgium,Bel_16,Natural Gas,ExxonMobil Antwerp Refinery CHP Power Plant Belgium,59,0.0
Belgium,Bel_16,Natural Gas,ExxonMobil Antwerp Refinery CHP Power Plant Belgium,60,0.0
Belgium,Bel_16,Natural Gas,ExxonMobil Antwerp Refinery CHP Power Plant Belgium,61,0.0
Belgium,Bel_16,Natural Gas,ExxonMobil Antwerp Refinery CHP Power Plant Belgium,62,0.0
Belgium,Bel_16,Natural Gas,ExxonMobil Antwerp Refinery CHP Power Plant Belgium,63,0.0
Belgium,Bel_16,Natural Gas,ExxonMobil Antwerp Refinery CHP Power Plant Belgium,64,0.0
Belgium,Bel_16,Natural Gas,ExxonMobil Antwerp Refinery CHP Power Plant Belgium,65,0.0
Belgium,Bel_16,Natural Gas,ExxonMobil Antwerp Refinery CHP Power Plant Belgium,66,0.0
Belgium,Bel_16,Natural Gas,ExxonMobil Antwerp Refinery CHP Power Plant Belgium,67,0.0
Belgium,Bel_16,Natural Gas,ExxonMobil Antwerp Refinery CHP Power Plant Belgium,68,0.0
Belgium,Bel_16,Natural Gas,ExxonMobil Antwerp Refinery CHP Power Plant Belgium,69,0.0
Belgium,Bel_16,Natural Gas,ExxonMobil Antwerp Refinery CHP Power Plant Belgium,70,0.0
Belgium,Bel_16,Natural Gas,ExxonMobil Antwerp Refinery CHP Power Plant Belgium,71,0.0
Belgium,Bel_16,Natural Gas,ExxonMobil Antwerp Refinery CHP Power Plant Belgium,72,0.0
Belgium,Bel_16,Natural Gas,ExxonMobil Antwerp Refinery CHP Power Plant Belgium,73,0.0
Belgium,Bel_16,Natural Gas,ExxonMobil Antwerp Refinery CHP Power Plant Belgium,74,0.0
Belgium,Bel_16,Natural Gas,ExxonMobil Antwerp Refinery CHP Power Plant Belgium,75,0.0
Belgium,Bel_16,Natural Gas,ExxonMobil Antwerp Refinery CHP Power Plant Belgium,76,0.0
Belgium,Bel_16,Natural Gas,ExxonMobil Antwerp Refinery CHP Power Plant Belgium,77,0.0
Belgium,Bel_16,Natural Gas,ExxonMobil Antwerp Refinery CHP Power Plant Belgium,78,0.0
Belgium,Bel_16,Natural Gas,ExxonMobil Antwerp Refinery CHP Power Plant Belgium,79,0.0
Belgium,Bel_16,Natural Gas,ExxonMobil Antwerp Refinery CHP Power Plant Belgium,80,0.0
Belgium,Bel_16,Natural Gas,ExxonMobil Antwerp Refinery CHP Power Plant Belgium,81,0.0
Belgium,Bel_16,Natural Gas,ExxonMobil Antwerp Refinery CHP Power Plant Belgium,82,0.0
Belgium,Bel_16,Natural Gas,ExxonMobil Antwerp Refinery CHP Power Plant Belgium,83,0.0
Belgium,Bel_16,Natural Gas,ExxonMobil Antwerp Refinery CHP Power Plant Belgium,84,0.0
Belgium,Bel_16,Natural Gas,ExxonMobil Antwerp Refinery CHP Power Plant Belgium,85,0.0
Belgium,Bel_16,Natural Gas,ExxonMobil Antwerp Refinery CHP Power Plant Belgium,86,0.0
Belgium,Bel_16,Natural Gas,ExxonMobil Antwerp Refinery CHP Power Plant Belgium,87,0.0
Belgium,Bel_16,Natural Gas,ExxonMobil Antwerp Refinery CHP Power Plant Belgium,88,0.0
Belgium,Bel_16,Natural Gas,ExxonMobil Antwerp Refinery CHP Power Plant Belgium,89,0.0
Belgium,Bel_16,Natural Gas,ExxonMobil Antwerp Refinery CHP Power Plant Belgium,90,0.0
Belgium,Bel_16,Natural Gas,ExxonMobil Antwerp Refinery CHP Power Plant Belgium,91,0.0
Belgium,Bel_16,Natural Gas,ExxonMobil Antwerp Refinery CHP Power Plant Belgium,92,0.0
Belgium,Bel_16,Natural Gas,ExxonMobil Antwerp Refinery CHP Power Plant Belgium,93,0.0
Belgium,Bel_16,Natural Gas,ExxonMobil Antwerp Refinery CHP Power Plant Belgium,94,0.0
Belgium,Bel_16,Natural Gas,ExxonMobil Antwerp Refinery CHP Power Plant Belgium,95,0.0
Belgium,Bel_16,Natural Gas,ExxonMobil Antwerp Refinery CHP Power Plant Belgium,96,0.0
Belgium,Bel_16,Nuclear,Doel (Electrabel) Nuclear Power Plant Belgium,1,2963.0
Belgium,Bel_16,Nuclear,Doel (Electrabel) Nuclear Power Plant Belgium,2,2963.0
Belgium,Bel_16,Nuclear,Doel (Electrabel) Nuclear Power Plant Belgium,3,2963.0
Belgium,Bel_16,Nuclear,Doel (Electrabel) Nuclear Power Plant Belgium,4,2963.0
Belgium,Bel_16,Nuclear,Doel (Electrabel) Nuclear Power Plant Belgium,5,2963.0
Belgium,Bel_16,Nuclear,Doel (Electrabel) Nuclear Power Plant Belgium,6,2963.0
Belgium,Bel_16,Nuclear,Doel (Electrabel) Nuclear Power Plant Belgium,7,2963.0
Belgium,Bel_16,Nuclear,Doel (Electrabel) Nuclear Power Plant Belgium,8,2963.0
Belgium,Bel_16,Nuclear,Doel (Electrabel) Nuclear Power Plant Belgium,9,2963.0
Belgium,Bel_16,Nuclear,Doel (Electrabel) Nuclear Power Plant Belgium,10,2963.0
Belgium,Bel_16,Nuclear,Doel (Electrabel) Nuclear Power Plant Belgium,11,2963.0
Belgium,Bel_16,Nuclear,Doel (Electrabel) Nuclear Power Plant Belgium,12,2963.0
Belgium,Bel_16,Nuclear,Doel (Electrabel) Nuclear Power Plant Belgium,13,2963.0
Belgium,Bel_16,Nuclear,Doel (Electrabel) Nuclear Power Plant Belgium,14,2963.0
Belgium,Bel_16,Nuclear,Doel (Electrabel) Nuclear Power Plant Belgium,15,2963.0
Belgium,Bel_16,Nuclear,Doel (Electrabel) Nuclear Power Plant Belgium,16,2963.0
Belgium,Bel_16,Nuclear,Doel (Electrabel) Nuclear Power Plant Belgium,17,2963.0
Belgium,Bel_16,Nuclear,Doel (Electrabel) Nuclear Power Plant Belgium,18,2963.0
Belgium,Bel_16,Nuclear,Doel (Electrabel) Nuclear Power Plant Belgium,19,2963.0
Belgium,Bel_16,Nuclear,Doel (Electrabel) Nuclear Power Plant Belgium,20,2963.0
Belgium,Bel_16,Nuclear,Doel (Electrabel) Nuclear Power Plant Belgium,21,2963.0
Belgium,Bel_16,Nuclear,Doel (Electrabel) Nuclear Power Plant Belgium,22,2963.0
Belgium,Bel_16,Nuclear,Doel (Electrabel) Nuclear Power Plant Belgium,23,2963.0
Belgium,Bel_16,Nuclear,Doel (Electrabel) Nuclear Power Plant Belgium,24,2963.0
Belgium,Bel_16,Nuclear,Doel (Electrabel) Nuclear Power Plant Belgium,25,2963.0
Belgium,Bel_16,Nuclear,Doel (Electrabel) Nuclear Power Plant Belgium,26,2963.0
Belgium,Bel_16,Nuclear,Doel (Electrabel) Nuclear Power Plant Belgium,27,2963.0
Belgium,Bel_16,Nuclear,Doel (Electrabel) Nuclear Power Plant Belgium,28,2963.0
Belgium,Bel_16,Nuclear,Doel (Electrabel) Nuclear Power Plant Belgium,29,2963.0
Belgium,Bel_16,Nuclear,Doel (Electrabel) Nuclear Power Plant Belgium,30,2963.0
Belgium,Bel_16,Nuclear,Doel (Electrabel) Nuclear Power Plant Belgium,31,2963.0
Belgium,Bel_16,Nuclear,Doel (Electrabel) Nuclear Power Plant Belgium,32,2963.0
Belgium,Bel_16,Nuclear,Doel (Electrabel) Nuclear Power Plant Belgium,33,2963.0
Belgium,Bel_16,Nuclear,Doel (Electrabel) Nuclear Power Plant Belgium,34,2963.0
Belgium,Bel_16,Nuclear,Doel (Electrabel) Nuclear Power Plant Belgium,35,2963.0
Belgium,Bel_16,Nuclear,Doel (Electrabel) Nuclear Power Plant Belgium,36,2963.0
Belgium,Bel_16,Nuclear,Doel (Electrabel) Nuclear Power Plant Belgium,37,2963.0
Belgium,Bel_16,Nuclear,Doel (Electrabel) Nuclear Power Plant Belgium,38,2963.0
Belgium,Bel_16,Nuclear,Doel (Electrabel) Nuclear Power Plant Belgium,39,2963.0
Belgium,Bel_16,Nuclear,Doel (Electrabel) Nuclear Power Plant Belgium,40,2963.0
Belgium,Bel_16,Nuclear,Doel (Electrabel) Nuclear Power Plant Belgium,41,2963.0
Belgium,Bel_16,Nuclear,Doel (Electrabel) Nuclear Power Plant Belgium,42,2963.0
Belgium,Bel_16,Nuclear,Doel (Electrabel) Nuclear Power Plant Belgium,43,2963.0
Belgium,Bel_16,Nuclear,Doel (Electrabel) Nuclear Power Plant Belgium,44,2963.0
Belgium,Bel_16,Nuclear,Doel (Electrabel) Nuclear Power Plant Belgium,45,2963.0
Belgium,Bel_16,Nuclear,Doel (Electrabel) Nuclear Power Plant Belgium,46,2963.0
Belgium,Bel_16,Nuclear,Doel (Electrabel) Nuclear Power Plant Belgium,47,2963.0
Belgium,Bel_16,Nuclear,Doel (Electrabel) Nuclear Power Plant Belgium,48,2963.0
Belgium,Bel_16,Nuclear,Doel (Electrabel) Nuclear Power Plant Belgium,49,2963.0
Belgium,Bel_16,Nuclear,Doel (Electrabel) Nuclear Power Plant Belgium,50,2963.0
Belgium,Bel_16,Nuclear,Doel (Electrabel) Nuclear Power Plant Belgium,51,2963.0
Belgium,Bel_16,Nuclear,Doel (Electrabel) Nuclear Power Plant Belgium,52,2963.0
Belgium,Bel_16,Nuclear,Doel (Electrabel) Nuclear Power Plant Belgium,53,2963.0
Belgium,Bel_16,Nuclear,Doel (Electrabel) Nuclear Power Plant Belgium,54,2963.0
Belgium,Bel_16,Nuclear,Doel (Electrabel) Nuclear Power Plant Belgium,55,2963.0
Belgium,Bel_16,Nuclear,Doel (Electrabel) Nuclear Power Plant Belgium,56,2963.0
Belgium,Bel_16,Nuclear,Doel (Electrabel) Nuclear Power Plant Belgium,57,2963.0
Belgium,Bel_16,Nuclear,Doel (Electrabel) Nuclear Power Plant Belgium,58,2963.0
Belgium,Bel_16,Nuclear,Doel (Electrabel) Nuclear Power Plant Belgium,59,2963.0
Belgium,Bel_16,Nuclear,Doel (Electrabel) Nuclear Power Plant Belgium,60,2963.0
Belgium,Bel_16,Nuclear,Doel (Electrabel) Nuclear Power Plant Belgium,61,2963.0
Belgium,Bel_16,Nuclear,Doel (Electrabel) Nuclear Power Plant Belgium,62,2963.0
Belgium,Bel_16,Nuclear,Doel (Electrabel) Nuclear Power Plant Belgium,63,2963.0
Belgium,Bel_16,Nuclear,Doel (Electrabel) Nuclear Power Plant Belgium,64,2963.0
Belgium,Bel_16,Nuclear,Doel (Electrabel) Nuclear Power Plant Belgium,65,2963.0
Belgium,Bel_16,Nuclear,Doel (Electrabel) Nuclear Power Plant Belgium,66,2963.0
Belgium,Bel_16,Nuclear,Doel (Electrabel) Nuclear Power Plant Belgium,67,2963.0
Belgium,Bel_16,Nuclear,Doel (Electrabel) Nuclear Power Plant Belgium,68,2963.0
Belgium,Bel_16,Nuclear,Doel (Electrabel) Nuclear Power Plant Belgium,69,2963.0
Belgium,Bel_16,Nuclear,Doel (Electrabel) Nuclear Power Plant Belgium,70,2963.0
Belgium,Bel_16,Nuclear,Doel (Electrabel) Nuclear Power Plant Belgium,71,2963.0
Belgium,Bel_16,Nuclear,Doel (Electrabel) Nuclear Power Plant Belgium,72,2963.0
Belgium,Bel_16,Nuclear,Doel (Electrabel) Nuclear Power Plant Belgium,73,2963.0
Belgium,Bel_16,Nuclear,Doel (Electrabel) Nuclear Power Plant Belgium,74,2963.0
Belgium,Bel_16,Nuclear,Doel (Electrabel) Nuclear Power Plant Belgium,75,2963.0
Belgium,Bel_16,Nuclear,Doel (Electrabel) Nuclear Power Plant Belgium,76,2963.0
Belgium,Bel_16,Nuclear,Doel (Electrabel) Nuclear Power Plant Belgium,77,2963.0
Belgium,Bel_16,Nuclear,Doel (Electrabel) Nuclear Power Plant Belgium,78,2963.0
Belgium,Bel_16,Nuclear,Doel (Electrabel) Nuclear Power Plant Belgium,79,2963.0
Belgium,Bel_16,Nuclear,Doel (Electrabel) Nuclear Power Plant Belgium,80,2963.0
Belgium,Bel_16,Nuclear,Doel (Electrabel) Nuclear Power Plant Belgium,81,2963.0
Belgium,Bel_16,Nuclear,Doel (Electrabel) Nuclear Power Plant Belgium,82,2963.0
Belgium,Bel_16,Nuclear,Doel (Electrabel) Nuclear Power Plant Belgium,83,2963.0
Belgium,Bel_16,Nuclear,Doel (Electrabel) Nuclear Power Plant Belgium,84,2963.0
Belgium,Bel_16,Nuclear,Doel (Electrabel) Nuclear Power Plant Belgium,85,2963.0
Belgium,Bel_16,Nuclear,Doel (Electrabel) Nuclear Power Plant Belgium,86,2963.0
Belgium,Bel_16,Nuclear,Doel (Electrabel) Nuclear Power Plant Belgium,87,2963.0
Belgium,Bel_16,Nuclear,Doel (Electrabel) Nuclear Power Plant Belgium,88,2963.0
Belgium,Bel_16,Nuclear,Doel (Electrabel) Nuclear Power Plant Belgium,89,2963.0
Belgium,Bel_16,Nuclear,Doel (Electrabel) Nuclear Power Plant Belgium,90,2963.0
Belgium,Bel_16,Nuclear,Doel (Electrabel) Nuclear Power Plant Belgium,91,2963.0
Belgium,Bel_16,Nuclear,Doel (Electrabel) Nuclear Power Plant Belgium,92,2963.0
Belgium,Bel_16,Nuclear,Doel (Electrabel) Nuclear Power Plant Belgium,93,2963.0
Belgium,Bel_16,Nuclear,Doel (Electrabel) Nuclear Power Plant Belgium,94,2963.0
Belgium,Bel_16,Nuclear,Doel (Electrabel) Nuclear Power Plant Belgium,95,2963.0
Belgium,Bel_16,Nuclear,Doel (Electrabel) Nuclear Power Plant Belgium,96,2963.0
Belgium,Bel_12,Natural Gas,Seraing CCGT Power Plant Belgium,1,0.0
Belgium,Bel_12,Natural Gas,Seraing CCGT Power Plant Belgium,2,0.0
Belgium,Bel_12,Natural Gas,Seraing CCGT Power Plant Belgium,3,0.0
Belgium,Bel_12,Natural Gas,Seraing CCGT Power Plant Belgium,4,0.0
Belgium,Bel_12,Natural Gas,Seraing CCGT Power Plant Belgium,5,0.0
Belgium,Bel_12,Natural Gas,Seraing CCGT Power Plant Belgium,6,0.0
Belgium,Bel_12,Natural Gas,Seraing CCGT Power Plant Belgium,7,0.0
Belgium,Bel_12,Natural Gas,Seraing CCGT Power Plant Belgium,8,0.0
Belgium,Bel_12,Natural Gas,Seraing CCGT Power Plant Belgium,9,0.0
Belgium,Bel_12,Natural Gas,Seraing CCGT Power Plant Belgium,10,0.0
Belgium,Bel_12,Natural Gas,Seraing CCGT Power Plant Belgium,11,0.0
Belgium,Bel_12,Natural Gas,Seraing CCGT Power Plant Belgium,12,0.0
Belgium,Bel_12,Natural Gas,Seraing CCGT Power Plant Belgium,13,0.0
Belgium,Bel_12,Natural Gas,Seraing CCGT Power Plant Belgium,14,0.0
Belgium,Bel_12,Natural Gas,Seraing CCGT Power Plant Belgium,15,0.0
Belgium,Bel_12,Natural Gas,Seraing CCGT Power Plant Belgium,16,0.0
Belgium,Bel_12,Natural Gas,Seraing CCGT Power Plant Belgium,17,0.0
Belgium,Bel_12,Natural Gas,Seraing CCGT Power Plant Belgium,18,0.0
Belgium,Bel_12,Natural Gas,Seraing CCGT Power Plant Belgium,19,0.0
Belgium,Bel_12,Natural Gas,Seraing CCGT Power Plant Belgium,20,0.0
Belgium,Bel_12,Natural Gas,Seraing CCGT Power Plant Belgium,21,0.0
Belgium,Bel_12,Natural Gas,Seraing CCGT Power Plant Belgium,22,0.0
Belgium,Bel_12,Natural Gas,Seraing CCGT Power Plant Belgium,23,0.0
Belgium,Bel_12,Natural Gas,Seraing CCGT Power Plant Belgium,24,0.0
Belgium,Bel_12,Natural Gas,Seraing CCGT Power Plant Belgium,25,0.0
Belgium,Bel_12,Natural Gas,Seraing CCGT Power Plant Belgium,26,0.0
Belgium,Bel_12,Natural Gas,Seraing CCGT Power Plant Belgium,27,0.0
Belgium,Bel_12,Natural Gas,Seraing CCGT Power Plant Belgium,28,0.0
Belgium,Bel_12,Natural Gas,Seraing CCGT Power Plant Belgium,29,0.0
Belgium,Bel_12,Natural Gas,Seraing CCGT Power Plant Belgium,30,0.0
Belgium,Bel_12,Natural Gas,Seraing CCGT Power Plant Belgium,31,0.0
Belgium,Bel_12,Natural Gas,Seraing CCGT Power Plant Belgium,32,0.0
Belgium,Bel_12,Natural Gas,Seraing CCGT Power Plant Belgium,33,0.0
Belgium,Bel_12,Natural Gas,Seraing CCGT Power Plant Belgium,34,0.0
Belgium,Bel_12,Natural Gas,Seraing CCGT Power Plant Belgium,35,0.0
Belgium,Bel_12,Natural Gas,Seraing CCGT Power Plant Belgium,36,0.0
Belgium,Bel_12,Natural Gas,Seraing CCGT Power Plant Belgium,37,0.0
Belgium,Bel_12,Natural Gas,Seraing CCGT Power Plant Belgium,38,0.0
Belgium,Bel_12,Natural Gas,Seraing CCGT Power Plant Belgium,39,0.0
Belgium,Bel_12,Natural Gas,Seraing CCGT Power Plant Belgium,40,0.0
Belgium,Bel_12,Natural Gas,Seraing CCGT Power Plant Belgium,41,0.0
Belgium,Bel_12,Natural Gas,Seraing CCGT Power Plant Belgium,42,0.0
Belgium,Bel_12,Natural Gas,Seraing CCGT Power Plant Belgium,43,0.0
Belgium,Bel_12,Natural Gas,Seraing CCGT Power Plant Belgium,44,0.0
Belgium,Bel_12,Natural Gas,Seraing CCGT Power Plant Belgium,45,0.0
Belgium,Bel_12,Natural Gas,Seraing CCGT Power Plant Belgium,46,0.0
Belgium,Bel_12,Natural Gas,Seraing CCGT Power Plant Belgium,47,0.0
Belgium,Bel_12,Natural Gas,Seraing CCGT Power Plant Belgium,48,0.0
Belgium,Bel_12,Natural Gas,Seraing CCGT Power Plant Belgium,49,0.0
Belgium,Bel_12,Natural Gas,Seraing CCGT Power Plant Belgium,50,0.0
Belgium,Bel_12,Natural Gas,Seraing CCGT Power Plant Belgium,51,0.0
Belgium,Bel_12,Natural Gas,Seraing CCGT Power Plant Belgium,52,0.0
Belgium,Bel_12,Natural Gas,Seraing CCGT Power Plant Belgium,53,0.0
Belgium,Bel_12,Natural Gas,Seraing CCGT Power Plant Belgium,54,0.0
Belgium,Bel_12,Natural Gas,Seraing CCGT Power Plant Belgium,55,0.0
Belgium,Bel_12,Natural Gas,Seraing CCGT Power Plant Belgium,56,0.0
Belgium,Bel_12,Natural Gas,Seraing CCGT Power Plant Belgium,57,0.0
Belgium,Bel_12,Natural Gas,Seraing CCGT Power Plant Belgium,58,0.0
Belgium,Bel_12,Natural Gas,Seraing CCGT Power Plant Belgium,59,0.0
Belgium,Bel_12,Natural Gas,Seraing CCGT Power Plant Belgium,60,0.0
Belgium,Bel_12,Natural Gas,Seraing CCGT Power Plant Belgium,61,0.0
Belgium,Bel_12,Natural Gas,Seraing CCGT Power Plant Belgium,62,0.0
Belgium,Bel_12,Natural Gas,Seraing CCGT Power Plant Belgium,63,0.0
Belgium,Bel_12,Natural Gas,Seraing CCGT Power Plant Belgium,64,0.0
Belgium,Bel_12,Natural Gas,Seraing CCGT Power Plant Belgium,65,0.0
Belgium,Bel_12,Natural Gas,Seraing CCGT Power Plant Belgium,66,0.0
Belgium,Bel_12,Natural Gas,Seraing CCGT Power Plant Belgium,67,0.0
Belgium,Bel_12,Natural Gas,Seraing CCGT Power Plant Belgium,68,0.0
Belgium,Bel_12,Natural Gas,Seraing CCGT Power Plant Belgium,69,0.0
Belgium,Bel_12,Natural Gas,Seraing CCGT Power Plant Belgium,70,0.0
Belgium,Bel_12,Natural Gas,Seraing CCGT Power Plant Belgium,71,0.0
Belgium,Bel_12,Natural Gas,Seraing CCGT Power Plant Belgium,72,0.0
Belgium,Bel_12,Natural Gas,Seraing CCGT Power Plant Belgium,73,0.0
Belgium,Bel_12,Natural Gas,Seraing CCGT Power Plant Belgium,74,0.0
Belgium,Bel_12,Natural Gas,Seraing CCGT Power Plant Belgium,75,0.0
Belgium,Bel_12,Natural Gas,Seraing CCGT Power Plant Belgium,76,0.0
Belgium,Bel_12,Natural Gas,Seraing CCGT Power Plant Belgium,77,1.6369582365267334
Belgium,Bel_12,Natural Gas,Seraing CCGT Power Plant Belgium,78,1.6369582365267334
Belgium,Bel_12,Natural Gas,Seraing CCGT Power Plant Belgium,79,1.6369582365267334
Belgium,Bel_12,Natural Gas,Seraing CCGT Power Plant Belgium,80,4.0923955913168335
Belgium,Bel_12,Natural Gas,Seraing CCGT Power Plant Belgium,81,7.983701262794453
Belgium,Bel_12,Natural Gas,Seraing CCGT Power Plant Belgium,82,7.983701262794453
Belgium,Bel_12,Natural Gas,Seraing CCGT Power Plant Belgium,83,7.983701262794453
Belgium,Bel_12,Natural Gas,Seraing CCGT Power Plant Belgium,84,13.071840520724521
Belgium,Bel_12,Natural Gas,Seraing CCGT Power Plant Belgium,85,19.959253156986133
Belgium,Bel_12,Natural Gas,Seraing CCGT Power Plant Belgium,86,9.389153534529754
Belgium,Bel_12,Natural Gas,Seraing CCGT Power Plant Belgium,87,7.983701262794454
Belgium,Bel_12,Natural Gas,Seraing CCGT Power Plant Belgium,88,7.983701262794454
Belgium,Bel_12,Natural Gas,Seraing CCGT Power Plant Belgium,89,0.0
Belgium,Bel_12,Natural Gas,Seraing CCGT Power Plant Belgium,90,0.0
Belgium,Bel_12,Natural Gas,Seraing CCGT Power Plant Belgium,91,0.0
Belgium,Bel_12,Natural Gas,Seraing CCGT Power Plant Belgium,92,0.0
Belgium,Bel_12,Natural Gas,Seraing CCGT Power Plant Belgium,93,0.0
Belgium,Bel_12,Natural Gas,Seraing CCGT Power Plant Belgium,94,0.0
Belgium,Bel_12,Natural Gas,Seraing CCGT Power Plant Belgium,95,0.0
Belgium,Bel_12,Natural Gas,Seraing CCGT Power Plant Belgium,96,0.0
Belgium,Bel_12,Natural Gas,Awirs 4 and 5 thermal Power Plant Belgium,1,0.0
Belgium,Bel_12,Natural Gas,Awirs 4 and 5 thermal Power Plant Belgium,2,0.0
Belgium,Bel_12,Natural Gas,Awirs 4 and 5 thermal Power Plant Belgium,3,0.0
Belgium,Bel_12,Natural Gas,Awirs 4 and 5 thermal Power Plant Belgium,4,0.0
Belgium,Bel_12,Natural Gas,Awirs 4 and 5 thermal Power Plant Belgium,5,0.0
Belgium,Bel_12,Natural Gas,Awirs 4 and 5 thermal Power Plant Belgium,6,0.0
Belgium,Bel_12,Natural Gas,Awirs 4 and 5 thermal Power Plant Belgium,7,0.0
Belgium,Bel_12,Natural Gas,Awirs 4 and 5 thermal Power Plant Belgium,8,0.0
Belgium,Bel_12,Natural Gas,Awirs 4 and 5 thermal Power Plant Belgium,9,0.0
Belgium,Bel_12,Natural Gas,Awirs 4 and 5 thermal Power Plant Belgium,10,0.0
Belgium,Bel_12,Natural Gas,Awirs 4 and 5 thermal Power Plant Belgium,11,0.0
Belgium,Bel_12,Natural Gas,Awirs 4 and 5 thermal Power Plant Belgium,12,0.0
Belgium,Bel_12,Natural Gas,Awirs 4 and 5 thermal Power Plant Belgium,13,0.0
Belgium,Bel_12,Natural Gas,Awirs 4 and 5 thermal Power Plant Belgium,14,0.0
Belgium,Bel_12,Natural Gas,Awirs 4 and 5 thermal Power Plant Belgium,15,0.0
Belgium,Bel_12,Natural Gas,Awirs 4 and 5 thermal Power Plant Belgium,16,0.0
Belgium,Bel_12,Natural Gas,Awirs 4 and 5 thermal Power Plant Belgium,17,0.0
Belgium,Bel_12,Natural Gas,Awirs 4 and 5 thermal Power Plant Belgium,18,0.0
Belgium,Bel_12,Natural Gas,Awirs 4 and 5 thermal Power Plant Belgium,19,0.0
Belgium,Bel_12,Natural Gas,Awirs 4 and 5 thermal Power Plant Belgium,20,0.0
Belgium,Bel_12,Natural Gas,Awirs 4 and 5 thermal Power Plant Belgium,21,0.0
Belgium,Bel_12,Natural Gas,Awirs 4 and 5 thermal Power Plant Belgium,22,0.0
Belgium,Bel_12,Natural Gas,Awirs 4 and 5 thermal Power Plant Belgium,23,0.0
Belgium,Bel_12,Natural Gas,Awirs 4 and 5 thermal Power Plant Belgium,24,0.0
Belgium,Bel_12,Natural Gas,Awirs 4 and 5 thermal Power Plant Belgium,25,0.0
Belgium,Bel_12,Natural Gas,Awirs 4 and 5 thermal Power Plant Belgium,26,0.0
Belgium,Bel_12,Natural Gas,Awirs 4 and 5 thermal Power Plant Belgium,27,0.0
Belgium,Bel_12,Natural Gas,Awirs 4 and 5 thermal Power Plant Belgium,28,0.0
Belgium,Bel_12,Natural Gas,Awirs 4 and 5 thermal Power Plant Belgium,29,0.0
Belgium,Bel_12,Natural Gas,Awirs 4 and 5 thermal Power Plant Belgium,30,0.0
Belgium,Bel_12,Natural Gas,Awirs 4 and 5 thermal Power Plant Belgium,31,0.0
Belgium,Bel_12,Natural Gas,Awirs 4 and 5 thermal Power Plant Belgium,32,0.0
Belgium,Bel_12,Natural Gas,Awirs 4 and 5 thermal Power Plant Belgium,33,0.0
Belgium,Bel_12,Natural Gas,Awirs 4 and 5 thermal Power Plant Belgium,34,0.0
Belgium,Bel_12,Natural Gas,Awirs 4 and 5 thermal Power Plant Belgium,35,0.0
Belgium,Bel_12,Natural Gas,Awirs 4 and 5 thermal Power Plant Belgium,36,0.0
Belgium,Bel_12,Natural Gas,Awirs 4 and 5 thermal Power Plant Belgium,37,0.0
Belgium,Bel_12,Natural Gas,Awirs 4 and 5 thermal Power Plant Belgium,38,0.0
Belgium,Bel_12,Natural Gas,Awirs 4 and 5 thermal Power Plant Belgium,39,0.0
Belgium,Bel_12,Natural Gas,Awirs 4 and 5 thermal Power Plant Belgium,40,0.0
Belgium,Bel_12,Natural Gas,Awirs 4 and 5 thermal Power Plant Belgium,41,0.0
Belgium,Bel_12,Natural Gas,Awirs 4 and 5 thermal Power Plant Belgium,42,0.0
Belgium,Bel_12,Natural Gas,Awirs 4 and 5 thermal Power Plant Belgium,43,0.0
Belgium,Bel_12,Natural Gas,Awirs 4 and 5 thermal Power Plant Belgium,44,0.0
Belgium,Bel_12,Natural Gas,Awirs 4 and 5 thermal Power Plant Belgium,45,0.0
Belgium,Bel_12,Natural Gas,Awirs 4 and 5 thermal Power Plant Belgium,46,0.0
Belgium,Bel_12,Natural Gas,Awirs 4 and 5 thermal Power Plant Belgium,47,0.0
Belgium,Bel_12,Natural Gas,Awirs 4 and 5 thermal Power Plant Belgium,48,0.0
Belgium,Bel_12,Natural Gas,Awirs 4 and 5 thermal Power Plant Belgium,49,0.0
Belgium,Bel_12,Natural Gas,Awirs 4 and 5 thermal Power Plant Belgium,50,0.0
Belgium,Bel_12,Natural Gas,Awirs 4 and 5 thermal Power Plant Belgium,51,0.0
Belgium,Bel_12,Natural Gas,Awirs 4 and 5 thermal Power Plant Belgium,52,0.0
Belgium,Bel_12,Natural Gas,Awirs 4 and 5 thermal Power Plant Belgium,53,0.0
Belgium,Bel_12,Natural Gas,Awirs 4 and 5 thermal Power Plant Belgium,54,0.0
Belgium,Bel_12,Natural Gas,Awirs 4 and 5 thermal Power Plant Belgium,55,0.0
Belgium,Bel_12,Natural Gas,Awirs 4 and 5 thermal Power Plant Belgium,56,0.0
Belgium,Bel_12,Natural Gas,Awirs 4 and 5 thermal Power Plant Belgium,57,0.0
Belgium,Bel_12,Natural Gas,Awirs 4 and 5 thermal Power Plant Belgium,58,0.0
Belgium,Bel_12,Natural Gas,Awirs 4 and 5 thermal Power Plant Belgium,59,0.0
Belgium,Bel_12,Natural Gas,Awirs 4 and 5 thermal Power Plant Belgium,60,0.0
Belgium,Bel_12,Natural Gas,Awirs 4 and 5 thermal Power Plant Belgium,61,0.0
Belgium,Bel_12,Natural Gas,Awirs 4 and 5 thermal Power Plant Belgium,62,0.0
Belgium,Bel_12,Natural Gas,Awirs 4 and 5 thermal Power Plant Belgium,63,0.0
Belgium,Bel_12,Natural Gas,Awirs 4 and 5 thermal Power Plant Belgium,64,0.0
Belgium,Bel_12,Natural Gas,Awirs 4 and 5 thermal Power Plant Belgium,65,0.0
Belgium,Bel_12,Natural Gas,Awirs 4 and 5 thermal Power Plant Belgium,66,0.0
Belgium,Bel_12,Natural Gas,Awirs 4 and 5 thermal Power Plant Belgium,67,0.0
Belgium,Bel_12,Natural Gas,Awirs 4 and 5 thermal Power Plant Belgium,68,0.0
Belgium,Bel_12,Natural Gas,Awirs 4 and 5 thermal Power Plant Belgium,69,0.0
Belgium,Bel_12,Natural Gas,Awirs 4 and 5 thermal Power Plant Belgium,70,0.0
Belgium,Bel_12,Natural Gas,Awirs 4 and 5 thermal Power Plant Belgium,71,0.0
Belgium,Bel_12,Natural Gas,Awirs 4 and 5 thermal Power Plant Belgium,72,0.0
Belgium,Bel_12,Natural Gas,Awirs 4 and 5 thermal Power Plant Belgium,73,0.0
Belgium,Bel_12,Natural Gas,Awirs 4 and 5 thermal Power Plant Belgium,74,0.0
Belgium,Bel_12,Natural Gas,Awirs 4 and 5 thermal Power Plant Belgium,75,0.0
Belgium,Bel_12,Natural Gas,Awirs 4 and 5 thermal Power Plant Belgium,76,0.0
Belgium,Bel_12,Natural Gas,Awirs 4 and 5 thermal Power Plant Belgium,77,0.0
Belgium,Bel_12,Natural Gas,Awirs 4 and 5 thermal Power Plant Belgium,78,0.0
Belgium,Bel_12,Natural Gas,Awirs 4 and 5 thermal Power Plant Belgium,79,0.0
Belgium,Bel_12,Natural Gas,Awirs 4 and 5 thermal Power Plant Belgium,80,0.0
Belgium,Bel_12,Natural Gas,Awirs 4 and 5 thermal Power Plant Belgium,81,0.0
Belgium,Bel_12,Natural Gas,Awirs 4 and 5 thermal Power Plant Belgium,82,0.0
Belgium,Bel_12,Natural Gas,Awirs 4 and 5 thermal Power Plant Belgium,83,0.0
Belgium,Bel_12,Natural Gas,Awirs 4 and 5 thermal Power Plant Belgium,84,0.0
Belgium,Bel_12,Natural Gas,Awirs 4 and 5 thermal Power Plant Belgium,85,0.0
Belgium,Bel_12,Natural Gas,Awirs 4 and 5 thermal Power Plant Belgium,86,0.0
Belgium,Bel_12,Natural Gas,Awirs 4 and 5 thermal Power Plant Belgium,87,0.0
Belgium,Bel_12,Natural Gas,Awirs 4 and 5 thermal Power Plant Belgium,88,0.0
Belgium,Bel_12,Natural Gas,Awirs 4 and 5 thermal Power Plant Belgium,89,0.0
Belgium,Bel_12,Natural Gas,Awirs 4 and 5 thermal Power Plant Belgium,90,0.0
Belgium,Bel_12,Natural Gas,Awirs 4 and 5 thermal Power Plant Belgium,91,0.0
Belgium,Bel_12,Natural Gas,Awirs 4 and 5 thermal Power Plant Belgium,92,0.0
Belgium,Bel_12,Natural Gas,Awirs 4 and 5 thermal Power Plant Belgium,93,0.0
Belgium,Bel_12,Natural Gas,Awirs 4 and 5 thermal Power Plant Belgium,94,0.0
Belgium,Bel_12,Natural Gas,Awirs 4 and 5 thermal Power Plant Belgium,95,0.0
Belgium,Bel_12,Natural Gas,Awirs 4 and 5 thermal Power Plant Belgium,96,0.0
Belgium,Bel_12,Natural Gas,Angleur Gas Power Plant Belgium,1,0.0
Belgium,Bel_12,Natural Gas,Angleur Gas Power Plant Belgium,2,0.0
Belgium,Bel_12,Natural Gas,Angleur Gas Power Plant Belgium,3,0.0
Belgium,Bel_12,Natural Gas,Angleur Gas Power Plant Belgium,4,0.0
Belgium,Bel_12,Natural Gas,Angleur Gas Power Plant Belgium,5,0.0
Belgium,Bel_12,Natural Gas,Angleur Gas Power Plant Belgium,6,0.0
Belgium,Bel_12,Natural Gas,Angleur Gas Power Plant Belgium,7,0.0
Belgium,Bel_12,Natural Gas,Angleur Gas Power Plant Belgium,8,0.0
Belgium,Bel_12,Natural Gas,Angleur Gas Power Plant Belgium,9,0.0
Belgium,Bel_12,Natural Gas,Angleur Gas Power Plant Belgium,10,0.0
Belgium,Bel_12,Natural Gas,Angleur Gas Power Plant Belgium,11,0.0
Belgium,Bel_12,Natural Gas,Angleur Gas Power Plant Belgium,12,0.0
Belgium,Bel_12,Natural Gas,Angleur Gas Power Plant Belgium,13,0.0
Belgium,Bel_12,Natural Gas,Angleur Gas Power Plant Belgium,14,0.0
Belgium,Bel_12,Natural Gas,Angleur Gas Power Plant Belgium,15,0.0
Belgium,Bel_12,Natural Gas,Angleur Gas Power Plant Belgium,16,0.0
Belgium,Bel_12,Natural Gas,Angleur Gas Power Plant Belgium,17,0.0
Belgium,Bel_12,Natural Gas,Angleur Gas Power Plant Belgium,18,0.0
Belgium,Bel_12,Natural Gas,Angleur Gas Power Plant Belgium,19,0.0
Belgium,Bel_12,Natural Gas,Angleur Gas Power Plant Belgium,20,0.0
Belgium,Bel_12,Natural Gas,Angleur Gas Power Plant Belgium,21,0.0
Belgium,Bel_12,Natural Gas,Angleur Gas Power Plant Belgium,22,0.0
Belgium,Bel_12,Natural Gas,Angleur Gas Power Plant Belgium,23,0.0
Belgium,Bel_12,Natural Gas,Angleur Gas Power Plant Belgium,24,0.0
Belgium,Bel_12,Natural Gas,Angleur Gas Power Plant Belgium,25,0.0
Belgium,Bel_12,Natural Gas,Angleur Gas Power Plant Belgium,26,0.0
Belgium,Bel_12,Natural Gas,Angleur Gas Power Plant Belgium,27,0.0
Belgium,Bel_12,Natural Gas,Angleur Gas Power Plant Belgium,28,0.0
Belgium,Bel_12,Natural Gas,Angleur Gas Power Plant Belgium,29,0.0
Belgium,Bel_12,Natural Gas,Angleur Gas Power Plant Belgium,30,0.0
Belgium,Bel_12,Natural Gas,Angleur Gas Power Plant Belgium,31,0.0
Belgium,Bel_12,Natural Gas,Angleur Gas Power Plant Belgium,32,0.0
Belgium,Bel_12,Natural Gas,Angleur Gas Power Plant Belgium,33,0.0
Belgium,Bel_12,Natural Gas,Angleur Gas Power Plant Belgium,34,0.0
Belgium,Bel_12,Natural Gas,Angleur Gas Power Plant Belgium,35,0.0
Belgium,Bel_12,Natural Gas,Angleur Gas Power Plant Belgium,36,0.0
Belgium,Bel_12,Natural Gas,Angleur Gas Power Plant Belgium,37,0.0
Belgium,Bel_12,Natural Gas,Angleur Gas Power Plant Belgium,38,0.0
Belgium,Bel_12,Natural Gas,Angleur Gas Power Plant Belgium,39,0.0
Belgium,Bel_12,Natural Gas,Angleur Gas Power Plant Belgium,40,0.0
Belgium,Bel_12,Natural Gas,Angleur Gas Power Plant Belgium,41,0.0
Belgium,Bel_12,Natural Gas,Angleur Gas Power Plant Belgium,42,0.0
Belgium,Bel_12,Natural Gas,Angleur Gas Power Plant Belgium,43,0.0
Belgium,Bel_12,Natural Gas,Angleur Gas Power Plant Belgium,44,0.0
Belgium,Bel_12,Natural Gas,Angleur Gas Power Plant Belgium,45,0.0
Belgium,Bel_12,Natural Gas,Angleur Gas Power Plant Belgium,46,0.0
Belgium,Bel_12,Natural Gas,Angleur Gas Power Plant Belgium,47,0.0
Belgium,Bel_12,Natural Gas,Angleur Gas Power Plant Belgium,48,0.0
Belgium,Bel_12,Natural Gas,Angleur Gas Power Plant Belgium,49,0.0
Belgium,Bel_12,Natural Gas,Angleur Gas Power Plant Belgium,50,0.0
Belgium,Bel_12,Natural Gas,Angleur Gas Power Plant Belgium,51,0.0
Belgium,Bel_12,Natural Gas,Angleur Gas Power Plant Belgium,52,0.0
Belgium,Bel_12,Natural Gas,Angleur Gas Power Plant Belgium,53,0.0
Belgium,Bel_12,Natural Gas,Angleur Gas Power Plant Belgium,54,0.0
Belgium,Bel_12,Natural Gas,Angleur Gas Power Plant Belgium,55,0.0
Belgium,Bel_12,Natural Gas,Angleur Gas Power Plant Belgium,56,0.0
Belgium,Bel_12,Natural Gas,Angleur Gas Power Plant Belgium,57,0.0
Belgium,Bel_12,Natural Gas,Angleur Gas Power Plant Belgium,58,0.0
Belgium,Bel_12,Natural Gas,Angleur Gas Power Plant Belgium,59,0.0
Belgium,Bel_12,Natural Gas,Angleur Gas Power Plant Belgium,60,0.0
Belgium,Bel_12,Natural Gas,Angleur Gas Power Plant Belgium,61,0.0
Belgium,Bel_12,Natural Gas,Angleur Gas Power Plant Belgium,62,0.0
Belgium,Bel_12,Natural Gas,Angleur Gas Power Plant Belgium,63,0.0
Belgium,Bel_12,Natural Gas,Angleur Gas Power Plant Belgium,64,0.0
Belgium,Bel_12,Natural Gas,Angleur Gas Power Plant Belgium,65,0.0
Belgium,Bel_12,Natural Gas,Angleur Gas Power Plant Belgium,66,0.0
Belgium,Bel_12,Natural Gas,Angleur Gas Power Plant Belgium,67,0.0
Belgium,Bel_12,Natural Gas,Angleur Gas Power Plant Belgium,68,0.0
Belgium,Bel_12,Natural Gas,Angleur Gas Power Plant Belgium,69,0.0
Belgium,Bel_12,Natural Gas,Angleur Gas Power Plant Belgium,70,0.0
Belgium,Bel_12,Natural Gas,Angleur Gas Power Plant Belgium,71,0.0
Belgium,Bel_12,Natural Gas,Angleur Gas Power Plant Belgium,72,0.0
Belgium,Bel_12,Natural Gas,Angleur Gas Power Plant Belgium,73,0.0
Belgium,Bel_12,Natural Gas,Angleur Gas Power Plant Belgium,74,0.0
Belgium,Bel_12,Natural Gas,Angleur Gas Power Plant Belgium,75,0.0
Belgium,Bel_12,Natural Gas,Angleur Gas Power Plant Belgium,76,0.0
Belgium,Bel_12,Natural Gas,Angleur Gas Power Plant Belgium,77,0.0
Belgium,Bel_12,Natural Gas,Angleur Gas Power Plant Belgium,78,0.0
Belgium,Bel_12,Natural Gas,Angleur Gas Power Plant Belgium,79,0.0
Belgium,Bel_12,Natural Gas,Angleur Gas Power Plant Belgium,80,0.0
Belgium,Bel_12,Natural Gas,Angleur Gas Power Plant Belgium,81,0.0
Belgium,Bel_12,Natural Gas,Angleur Gas Power Plant Belgium,82,0.0
Belgium,Bel_12,Natural Gas,Angleur Gas Power Plant Belgium,83,0.0
Belgium,Bel_12,Natural Gas,Angleur Gas Power Plant Belgium,84,0.0
Belgium,Bel_12,Natural Gas,Angleur Gas Power Plant Belgium,85,0.0
Belgium,Bel_12,Natural Gas,Angleur Gas Power Plant Belgium,86,0.0
Belgium,Bel_12,Natural Gas,Angleur Gas Power Plant Belgium,87,0.0
Belgium,Bel_12,Natural Gas,Angleur Gas Power Plant Belgium,88,0.0
Belgium,Bel_12,Natural Gas,Angleur Gas Power Plant Belgium,89,0.0
Belgium,Bel_12,Natural Gas,Angleur Gas Power Plant Belgium,90,0.0
Belgium,Bel_12,Natural Gas,Angleur Gas Power Plant Belgium,91,0.0
Belgium,Bel_12,Natural Gas,Angleur Gas Power Plant Belgium,92,0.0
Belgium,Bel_12,Natural Gas,Angleur Gas Power Plant Belgium,93,0.0
Belgium,Bel_12,Natural Gas,Angleur Gas Power Plant Belgium,94,0.0
Belgium,Bel_12,Natural Gas,Angleur Gas Power Plant Belgium,95,0.0
Belgium,Bel_12,Natural Gas,Angleur Gas Power Plant Belgium,96,0.0
Belgium,Bel_12,Nuclear,Tihange Nuclear Power Plant Belgium,1,3129.0
Belgium,Bel_12,Nuclear,Tihange Nuclear Power Plant Belgium,2,3129.0
Belgium,Bel_12,Nuclear,Tihange Nuclear Power Plant Belgium,3,3129.0
Belgium,Bel_12,Nuclear,Tihange Nuclear Power Plant Belgium,4,3129.0
Belgium,Bel_12,Nuclear,Tihange Nuclear Power Plant Belgium,5,3129.0
Belgium,Bel_12,Nuclear,Tihange Nuclear Power Plant Belgium,6,3128.9999999999995
Belgium,Bel_12,Nuclear,Tihange Nuclear Power Plant Belgium,7,3129.0
Belgium,Bel_12,Nuclear,Tihange Nuclear Power Plant Belgium,8,3129.0
Belgium,Bel_12,Nuclear,Tihange Nuclear Power Plant Belgium,9,3129.0
Belgium,Bel_12,Nuclear,Tihange Nuclear Power Plant Belgium,10,3129.0
Belgium,Bel_12,Nuclear,Tihange Nuclear Power Plant Belgium,11,3129.0
Belgium,Bel_12,Nuclear,Tihange Nuclear Power Plant Belgium,12,3129.0
Belgium,Bel_12,Nuclear,Tihange Nuclear Power Plant Belgium,13,3129.0
Belgium,Bel_12,Nuclear,Tihange Nuclear Power Plant Belgium,14,3129.0
Belgium,Bel_12,Nuclear,Tihange Nuclear Power Plant Belgium,15,3129.0
Belgium,Bel_12,Nuclear,Tihange Nuclear Power Plant Belgium,16,3129.0
Belgium,Bel_12,Nuclear,Tihange Nuclear Power Plant Belgium,17,3129.0
Belgium,Bel_12,Nuclear,Tihange Nuclear Power Plant Belgium,18,3129.0
Belgium,Bel_12,Nuclear,Tihange Nuclear Power Plant Belgium,19,3129.0
Belgium,Bel_12,Nuclear,Tihange Nuclear Power Plant Belgium,20,3129.0
Belgium,Bel_12,Nuclear,Tihange Nuclear Power Plant Belgium,21,3129.0
Belgium,Bel_12,Nuclear,Tihange Nuclear Power Plant Belgium,22,3129.0
Belgium,Bel_12,Nuclear,Tihange Nuclear Power Plant Belgium,23,3129.0
Belgium,Bel_12,Nuclear,Tihange Nuclear Power Plant Belgium,24,3129.0
Belgium,Bel_12,Nuclear,Tihange Nuclear Power Plant Belgium,25,3129.0
Belgium,Bel_12,Nuclear,Tihange Nuclear Power Plant Belgium,26,3129.0
Belgium,Bel_12,Nuclear,Tihange Nuclear Power Plant Belgium,27,3129.0
Belgium,Bel_12,Nuclear,Tihange Nuclear Power Plant Belgium,28,3129.0
Belgium,Bel_12,Nuclear,Tihange Nuclear Power Plant Belgium,29,3129.0
Belgium,Bel_12,Nuclear,Tihange Nuclear Power Plant Belgium,30,3129.0
Belgium,Bel_12,Nuclear,Tihange Nuclear Power Plant Belgium,31,3129.0
Belgium,Bel_12,Nuclear,Tihange Nuclear Power Plant Belgium,32,3129.0
Belgium,Bel_12,Nuclear,Tihange Nuclear Power Plant Belgium,33,3129.0
Belgium,Bel_12,Nuclear,Tihange Nuclear Power Plant Belgium,34,3129.0
Belgium,Bel_12,Nuclear,Tihange Nuclear Power Plant Belgium,35,3129.0
Belgium,Bel_12,Nuclear,Tihange Nuclear Power Plant Belgium,36,3129.0
Belgium,Bel_12,Nuclear,Tihange Nuclear Power Plant Belgium,37,3129.0
Belgium,Bel_12,Nuclear,Tihange Nuclear Power Plant Belgium,38,3129.0
Belgium,Bel_12,Nuclear,Tihange Nuclear Power Plant Belgium,39,3129.0
Belgium,Bel_12,Nuclear,Tihange Nuclear Power Plant Belgium,40,3129.0
Belgium,Bel_12,Nuclear,Tihange Nuclear Power Plant Belgium,41,3129.0
Belgium,Bel_12,Nuclear,Tihange Nuclear Power Plant Belgium,42,3129.0
Belgium,Bel_12,Nuclear,Tihange Nuclear Power Plant Belgium,43,3129.0
Belgium,Bel_12,Nuclear,Tihange Nuclear Power Plant Belgium,44,3129.0
Belgium,Bel_12,Nuclear,Tihange Nuclear Power Plant Belgium,45,3129.0
Belgium,Bel_12,Nuclear,Tihange Nuclear Power Plant Belgium,46,3129.0
Belgium,Bel_12,Nuclear,Tihange Nuclear Power Plant Belgium,47,3129.0
Belgium,Bel_12,Nuclear,Tihange Nuclear Power Plant Belgium,48,3129.0
Belgium,Bel_12,Nuclear,Tihange Nuclear Power Plant Belgium,49,3129.0
Belgium,Bel_12,Nuclear,Tihange Nuclear Power Plant Belgium,50,3129.0
Belgium,Bel_12,Nuclear,Tihange Nuclear Power Plant Belgium,51,3129.0
Belgium,Bel_12,Nuclear,Tihange Nuclear Power Plant Belgium,52,3129.0
Belgium,Bel_12,Nuclear,Tihange Nuclear Power Plant Belgium,53,3129.0
Belgium,Bel_12,Nuclear,Tihange Nuclear Power Plant Belgium,54,3129.0
Belgium,Bel_12,Nuclear,Tihange Nuclear Power Plant Belgium,55,3129.0
Belgium,Bel_12,Nuclear,Tihange Nuclear Power Plant Belgium,56,3129.0
Belgium,Bel_12,Nuclear,Tihange Nuclear Power Plant Belgium,57,3129.0
Belgium,Bel_12,Nuclear,Tihange Nuclear Power Plant Belgium,58,3129.0
Belgium,Bel_12,Nuclear,Tihange Nuclear Power Plant Belgium,59,3129.0
Belgium,Bel_12,Nuclear,Tihange Nuclear Power Plant Belgium,60,3129.0
Belgium,Bel_12,Nuclear,Tihange Nuclear Power Plant Belgium,61,3129.0
Belgium,Bel_12,Nuclear,Tihange Nuclear Power Plant Belgium,62,3129.0
Belgium,Bel_12,Nuclear,Tihange Nuclear Power Plant Belgium,63,3129.0
Belgium,Bel_12,Nuclear,Tihange Nuclear Power Plant Belgium,64,3129.0
Belgium,Bel_12,Nuclear,Tihange Nuclear Power Plant Belgium,65,3129.0
Belgium,Bel_12,Nuclear,Tihange Nuclear Power Plant Belgium,66,3129.0
Belgium,Bel_12,Nuclear,Tihange Nuclear Power Plant Belgium,67,3129.0
Belgium,Bel_12,Nuclear,Tihange Nuclear Power Plant Belgium,68,3129.0
Belgium,Bel_12,Nuclear,Tihange Nuclear Power Plant Belgium,69,3129.0
Belgium,Bel_12,Nuclear,Tihange Nuclear Power Plant Belgium,70,3129.0
Belgium,Bel_12,Nuclear,Tihange Nuclear Power Plant Belgium,71,3129.0
Belgium,Bel_12,Nuclear,Tihange Nuclear Power Plant Belgium,72,3129.0
Belgium,Bel_12,Nuclear,Tihange Nuclear Power Plant Belgium,73,3129.0
Belgium,Bel_12,Nuclear,Tihange Nuclear Power Plant Belgium,74,3129.0
Belgium,Bel_12,Nuclear,Tihange Nuclear Power Plant Belgium,75,3129.0
Belgium,Bel_12,Nuclear,Tihange Nuclear Power Plant Belgium,76,3129.0
Belgium,Bel_12,Nuclear,Tihange Nuclear Power Plant Belgium,77,3129.0
Belgium,Bel_12,Nuclear,Tihange Nuclear Power Plant Belgium,78,3129.0
Belgium,Bel_12,Nuclear,Tihange Nuclear Power Plant Belgium,79,3129.0
Belgium,Bel_12,Nuclear,Tihange Nuclear Power Plant Belgium,80,3129.0
Belgium,Bel_12,Nuclear,Tihange Nuclear Power Plant Belgium,81,3129.0
Belgium,Bel_12,Nuclear,Tihange Nuclear Power Plant Belgium,82,3129.0
Belgium,Bel_12,Nuclear,Tihange Nuclear Power Plant Belgium,83,3129.0
Belgium,Bel_12,Nuclear,Tihange Nuclear Power Plant Belgium,84,3129.0
Belgium,Bel_12,Nuclear,Tihange Nuclear Power Plant Belgium,85,3129.0
Belgium,Bel_12,Nuclear,Tihange Nuclear Power Plant Belgium,86,3129.0
Belgium,Bel_12,Nuclear,Tihange Nuclear Power Plant Belgium,87,3129.0
Belgium,Bel_12,Nuclear,Tihange Nuclear Power Plant Belgium,88,3129.0
Belgium,Bel_12,Nuclear,Tihange Nuclear Power Plant Belgium,89,3129.0
Belgium,Bel_12,Nuclear,Tihange Nuclear Power Plant Belgium,90,3129.0
Belgium,Bel_12,Nuclear,Tihange Nuclear Power Plant Belgium,91,3129.0
Belgium,Bel_12,Nuclear,Tihange Nuclear Power Plant Belgium,92,3129.0
Belgium,Bel_12,Nuclear,Tihange Nuclear Power Plant Belgium,93,3129.0
Belgium,Bel_12,Nuclear,Tihange Nuclear Power Plant Belgium,94,3129.0
Belgium,Bel_12,Nuclear,Tihange Nuclear Power Plant Belgium,95,3129.0
Belgium,Bel_12,Nuclear,Tihange Nuclear Power Plant Belgium,96,3129.0
Belgium,Bel_11,Natural Gas,Drogenbos CCGT Power Plant Belgium,1,0.0
Belgium,Bel_11,Natural Gas,Drogenbos CCGT Power Plant Belgium,2,0.0
Belgium,Bel_11,Natural Gas,Drogenbos CCGT Power Plant Belgium,3,0.0
Belgium,Bel_11,Natural Gas,Drogenbos CCGT Power Plant Belgium,4,0.0
Belgium,Bel_11,Natural Gas,Drogenbos CCGT Power Plant Belgium,5,0.0
Belgium,Bel_11,Natural Gas,Drogenbos CCGT Power Plant Belgium,6,0.0
Belgium,Bel_11,Natural Gas,Drogenbos CCGT Power Plant Belgium,7,0.0
Belgium,Bel_11,Natural Gas,Drogenbos CCGT Power Plant Belgium,8,0.0
Belgium,Bel_11,Natural Gas,Drogenbos CCGT Power Plant Belgium,9,0.0
Belgium,Bel_11,Natural Gas,Drogenbos CCGT Power Plant Belgium,10,0.0
Belgium,Bel_11,Natural Gas,Drogenbos CCGT Power Plant Belgium,11,0.0
Belgium,Bel_11,Natural Gas,Drogenbos CCGT Power Plant Belgium,12,0.0
Belgium,Bel_11,Natural Gas,Drogenbos CCGT Power Plant Belgium,13,0.0
Belgium,Bel_11,Natural Gas,Drogenbos CCGT Power Plant Belgium,14,0.0
Belgium,Bel_11,Natural Gas,Drogenbos CCGT Power Plant Belgium,15,0.0
Belgium,Bel_11,Natural Gas,Drogenbos CCGT Power Plant Belgium,16,0.0
Belgium,Bel_11,Natural Gas,Drogenbos CCGT Power Plant Belgium,17,0.0
Belgium,Bel_11,Natural Gas,Drogenbos CCGT Power Plant Belgium,18,0.0
Belgium,Bel_11,Natural Gas,Drogenbos CCGT Power Plant Belgium,19,0.0
Belgium,Bel_11,Natural Gas,Drogenbos CCGT Power Plant Belgium,20,0.0
Belgium,Bel_11,Natural Gas,Drogenbos CCGT Power Plant Belgium,21,60.56427171108339
Belgium,Bel_11,Natural Gas,Drogenbos CCGT Power Plant Belgium,22,60.56427171108339
Belgium,Bel_11,Natural Gas,Drogenbos CCGT Power Plant Belgium,23,151.41067927770848
Belgium,Bel_11,Natural Gas,Drogenbos CCGT Power Plant Belgium,24,151.41067927770837
Belgium,Bel_11,Natural Gas,Drogenbos CCGT Power Plant Belgium,25,319.77049951856156
Belgium,Bel_11,Natural Gas,Drogenbos CCGT Power Plant Belgium,26,215.2
Belgium,Bel_11,Natural Gas,Drogenbos CCGT Power Plant Belgium,27,215.2
Belgium,Bel_11,Natural Gas,Drogenbos CCGT Power Plant Belgium,28,215.2
Belgium,Bel_11,Natural Gas,Drogenbos CCGT Power Plant Belgium,29,538.0
Belgium,Bel_11,Natural Gas,Drogenbos CCGT Power Plant Belgium,30,215.2
Belgium,Bel_11,Natural Gas,Drogenbos CCGT Power Plant Belgium,31,215.2
Belgium,Bel_11,Natural Gas,Drogenbos CCGT Power Plant Belgium,32,215.2
Belgium,Bel_11,Natural Gas,Drogenbos CCGT Power Plant Belgium,33,0.0
Belgium,Bel_11,Natural Gas,Drogenbos CCGT Power Plant Belgium,34,0.0
Belgium,Bel_11,Natural Gas,Drogenbos CCGT Power Plant Belgium,35,0.0
Belgium,Bel_11,Natural Gas,Drogenbos CCGT Power Plant Belgium,36,0.0
Belgium,Bel_11,Natural Gas,Drogenbos CCGT Power Plant Belgium,37,0.0
Belgium,Bel_11,Natural Gas,Drogenbos CCGT Power Plant Belgium,38,0.0
Belgium,Bel_11,Natural Gas,Drogenbos CCGT Power Plant Belgium,39,0.0
Belgium,Bel_11,Natural Gas,Drogenbos CCGT Power Plant Belgium,40,0.0
Belgium,Bel_11,Natural Gas,Drogenbos CCGT Power Plant Belgium,41,0.0
Belgium,Bel_11,Natural Gas,Drogenbos CCGT Power Plant Belgium,42,0.0
Belgium,Bel_11,Natural Gas,Drogenbos CCGT Power Plant Belgium,43,0.0
Belgium,Bel_11,Natural Gas,Drogenbos CCGT Power Plant Belgium,44,0.0
Belgium,Bel_11,Natural Gas,Drogenbos CCGT Power Plant Belgium,45,0.0
Belgium,Bel_11,Natural Gas,Drogenbos CCGT Power Plant Belgium,46,0.0
Belgium,Bel_11,Natural Gas,Drogenbos CCGT Power Plant Belgium,47,0.0
Belgium,Bel_11,Natural Gas,Drogenbos CCGT Power Plant Belgium,48,0.0
Belgium,Bel_11,Natural Gas,Drogenbos CCGT Power Plant Belgium,49,0.0
Belgium,Bel_11,Natural Gas,Drogenbos CCGT Power Plant Belgium,50,0.0
Belgium,Bel_11,Natural Gas,Drogenbos CCGT Power Plant Belgium,51,0.0
Belgium,Bel_11,Natural Gas,Drogenbos CCGT Power Plant Belgium,52,0.0
Belgium,Bel_11,Natural Gas,Drogenbos CCGT Power Plant Belgium,53,0.0
Belgium,Bel_11,Natural Gas,Drogenbos CCGT Power Plant Belgium,54,0.0
Belgium,Bel_11,Natural Gas,Drogenbos CCGT Power Plant Belgium,55,0.0
Belgium,Bel_11,Natural Gas,Drogenbos CCGT Power Plant Belgium,56,0.0
Belgium,Bel_11,Natural Gas,Drogenbos CCGT Power Plant Belgium,57,0.0
Belgium,Bel_11,Natural Gas,Drogenbos CCGT Power Plant Belgium,58,0.0
Belgium,Bel_11,Natural Gas,Drogenbos CCGT Power Plant Belgium,59,0.0
Belgium,Bel_11,Natural Gas,Drogenbos CCGT Power Plant Belgium,60,0.0
Belgium,Bel_11,Natural Gas,Drogenbos CCGT Power Plant Belgium,61,0.0
Belgium,Bel_11,Natural Gas,Drogenbos CCGT Power Plant Belgium,62,0.0
Belgium,Bel_11,Natural Gas,Drogenbos CCGT Power Plant Belgium,63,0.0
Belgium,Bel_11,Natural Gas,Drogenbos CCGT Power Plant Belgium,64,0.0
Belgium,Bel_11,Natural Gas,Drogenbos CCGT Power Plant Belgium,65,0.0
Belgium,Bel_11,Natural Gas,Drogenbos CCGT Power Plant Belgium,66,0.0
Belgium,Bel_11,Natural Gas,Drogenbos CCGT Power Plant Belgium,67,0.0
Belgium,Bel_11,Natural Gas,Drogenbos CCGT Power Plant Belgium,68,0.0
Belgium,Bel_11,Natural Gas,Drogenbos CCGT Power Plant Belgium,69,0.0
Belgium,Bel_11,Natural Gas,Drogenbos CCGT Power Plant Belgium,70,0.0
Belgium,Bel_11,Natural Gas,Drogenbos CCGT Power Plant Belgium,71,0.0
Belgium,Bel_11,Natural Gas,Drogenbos CCGT Power Plant Belgium,72,0.0
Belgium,Bel_11,Natural Gas,Drogenbos CCGT Power Plant Belgium,73,0.0
Belgium,Bel_11,Natural Gas,Drogenbos CCGT Power Plant Belgium,74,0.0
Belgium,Bel_11,Natural Gas,Drogenbos CCGT Power Plant Belgium,75,0.0
Belgium,Bel_11,Natural Gas,Drogenbos CCGT Power Plant Belgium,76,0.0
Belgium,Bel_11,Natural Gas,Drogenbos CCGT Power Plant Belgium,77,0.0
Belgium,Bel_11,Natural Gas,Drogenbos CCGT Power Plant Belgium,78,0.0
Belgium,Bel_11,Natural Gas,Drogenbos CCGT Power Plant Belgium,79,0.0
Belgium,Bel_11,Natural Gas,Drogenbos CCGT Power Plant Belgium,80,0.0
Belgium,Bel_11,Natural Gas,Drogenbos CCGT Power Plant Belgium,81,215.2
Belgium,Bel_11,Natural Gas,Drogenbos CCGT Power Plant Belgium,82,215.2
Belgium,Bel_11,Natural Gas,Drogenbos CCGT Power Plant Belgium,83,215.2
Belgium,Bel_11,Natural Gas,Drogenbos CCGT Power Plant Belgium,84,538.0
Belgium,Bel_11,Natural Gas,Drogenbos CCGT Power Plant Belgium,85,538.0
Belgium,Bel_11,Natural Gas,Drogenbos CCGT Power Plant Belgium,86,535.3389660902805
Belgium,Bel_11,Natural Gas,Drogenbos CCGT Power Plant Belgium,87,538.0
Belgium,Bel_11,Natural Gas,Drogenbos CCGT Power Plant Belgium,88,538.0
Belgium,Bel_11,Natural Gas,Drogenbos CCGT Power Plant Belgium,89,366.3653726154541
Belgium,Bel_11,Natural Gas,Drogenbos CCGT Power Plant Belgium,90,196.62287627328658
Belgium,Bel_11,Natural Gas,Drogenbos CCGT Power Plant Belgium,91,146.54614904618165
Belgium,Bel_11,Natural Gas,Drogenbos CCGT Power Plant Belgium,92,146.54614904618165
Belgium,Bel_11,Natural Gas,Drogenbos CCGT Power Plant Belgium,93,0.0
Belgium,Bel_11,Natural Gas,Drogenbos CCGT Power Plant Belgium,94,0.0
Belgium,Bel_11,Natural Gas,Drogenbos CCGT Power Plant Belgium,95,0.0
Belgium,Bel_11,Natural Gas,Drogenbos CCGT Power Plant Belgium,96,0.0
Belgium,Bel_10,Coal,Ruien Thermal Power Plant Belgium,1,0.0
Belgium,Bel_10,Coal,Ruien Thermal Power Plant Belgium,2,0.0
Belgium,Bel_10,Coal,Ruien Thermal Power Plant Belgium,3,0.0
Belgium,Bel_10,Coal,Ruien Thermal Power Plant Belgium,4,0.0
Belgium,Bel_10,Coal,Ruien Thermal Power Plant Belgium,5,0.0
Belgium,Bel_10,Coal,Ruien Thermal Power Plant Belgium,6,0.0
Belgium,Bel_10,Coal,Ruien Thermal Power Plant Belgium,7,0.0
Belgium,Bel_10,Coal,Ruien Thermal Power Plant Belgium,8,0.0
Belgium,Bel_10,Coal,Ruien Thermal Power Plant Belgium,9,0.0
Belgium,Bel_10,Coal,Ruien Thermal Power Plant Belgium,10,0.0
Belgium,Bel_10,Coal,Ruien Thermal Power Plant Belgium,11,0.0
Belgium,Bel_10,Coal,Ruien Thermal Power Plant Belgium,12,0.0
Belgium,Bel_10,Coal,Ruien Thermal Power Plant Belgium,13,0.0
Belgium,Bel_10,Coal,Ruien Thermal Power Plant Belgium,14,0.0
Belgium,Bel_10,Coal,Ruien Thermal Power Plant Belgium,15,0.0
Belgium,Bel_10,Coal,Ruien Thermal Power Plant Belgium,16,0.0
Belgium,Bel_10,Coal,Ruien Thermal Power Plant Belgium,17,177.8
Belgium,Bel_10,Coal,Ruien Thermal Power Plant Belgium,18,177.8
Belgium,Bel_10,Coal,Ruien Thermal Power Plant Belgium,19,889.0
Belgium,Bel_10,Coal,Ruien Thermal Power Plant Belgium,20,889.0
Belgium,Bel_10,Coal,Ruien Thermal Power Plant Belgium,21,889.0
Belgium,Bel_10,Coal,Ruien Thermal Power Plant Belgium,22,889.0
Belgium,Bel_10,Coal,Ruien Thermal Power Plant Belgium,23,889.0
Belgium,Bel_10,Coal,Ruien Thermal Power Plant Belgium,24,889.0
Belgium,Bel_10,Coal,Ruien Thermal Power Plant Belgium,25,889.0
Belgium,Bel_10,Coal,Ruien Thermal Power Plant Belgium,26,889.0
Belgium,Bel_10,Coal,Ruien Thermal Power Plant Belgium,27,889.0
Belgium,Bel_10,Coal,Ruien Thermal Power Plant Belgium,28,889.0
Belgium,Bel_10,Coal,Ruien Thermal Power Plant Belgium,29,889.0
Belgium,Bel_10,Coal,Ruien Thermal Power Plant Belgium,30,889.0
Belgium,Bel_10,Coal,Ruien Thermal Power Plant Belgium,31,889.0
Belgium,Bel_10,Coal,Ruien Thermal Power Plant Belgium,32,889.0
Belgium,Bel_10,Coal,Ruien Thermal Power Plant Belgium,33,889.0
Belgium,Bel_10,Coal,Ruien Thermal Power Plant Belgium,34,889.0
Belgium,Bel_10,Coal,Ruien Thermal Power Plant Belgium,35,889.0
Belgium,Bel_10,Coal,Ruien Thermal Power Plant Belgium,36,889.0
Belgium,Bel_10,Coal,Ruien Thermal Power Plant Belgium,37,889.0
Belgium,Bel_10,Coal,Ruien Thermal Power Plant Belgium,38,889.0
Belgium,Bel_10,Coal,Ruien Thermal Power Plant Belgium,39,889.0
Belgium,Bel_10,Coal,Ruien Thermal Power Plant Belgium,40,889.0
Belgium,Bel_10,Coal,Ruien Thermal Power Plant Belgium,41,889.0
Belgium,Bel_10,Coal,Ruien Thermal Power Plant Belgium,42,889.0
Belgium,Bel_10,Coal,Ruien Thermal Power Plant Belgium,43,889.0
Belgium,Bel_10,Coal,Ruien Thermal Power Plant Belgium,44,889.0
Belgium,Bel_10,Coal,Ruien Thermal Power Plant Belgium,45,889.0
Belgium,Bel_10,Coal,Ruien Thermal Power Plant Belgium,46,889.0
Belgium,Bel_10,Coal,Ruien Thermal Power Plant Belgium,47,889.0
Belgium,Bel_10,Coal,Ruien Thermal Power Plant Belgium,48,889.0
Belgium,Bel_10,Coal,Ruien Thermal Power Plant Belgium,49,177.8
Belgium,Bel_10,Coal,Ruien Thermal Power Plant Belgium,50,889.0
Belgium,Bel_10,Coal,Ruien Thermal Power Plant Belgium,51,889.0
Belgium,Bel_10,Coal,Ruien Thermal Power Plant Belgium,52,889.0
Belgium,Bel_10,Coal,Ruien Thermal Power Plant Belgium,53,889.0
Belgium,Bel_10,Coal,Ruien Thermal Power Plant Belgium,54,889.0
Belgium,Bel_10,Coal,Ruien Thermal Power Plant Belgium,55,889.0
Belgium,Bel_10,Coal,Ruien Thermal Power Plant Belgium,56,889.0
Belgium,Bel_10,Coal,Ruien Thermal Power Plant Belgium,57,177.8
Belgium,Bel_10,Coal,Ruien Thermal Power Plant Belgium,58,278.0413767449096
Belgium,Bel_10,Coal,Ruien Thermal Power Plant Belgium,59,884.766198210827
Belgium,Bel_10,Coal,Ruien Thermal Power Plant Belgium,60,889.0
Belgium,Bel_10,Coal,Ruien Thermal Power Plant Belgium,61,889.0
Belgium,Bel_10,Coal,Ruien Thermal Power Plant Belgium,62,889.0
Belgium,Bel_10,Coal,Ruien Thermal Power Plant Belgium,63,889.0
Belgium,Bel_10,Coal,Ruien Thermal Power Plant Belgium,64,889.0
Belgium,Bel_10,Coal,Ruien Thermal Power Plant Belgium,65,889.0
Belgium,Bel_10,Coal,Ruien Thermal Power Plant Belgium,66,889.0
Belgium,Bel_10,Coal,Ruien Thermal Power Plant Belgium,67,889.0
Belgium,Bel_10,Coal,Ruien Thermal Power Plant Belgium,68,889.0
Belgium,Bel_10,Coal,Ruien Thermal Power Plant Belgium,69,889.0
Belgium,Bel_10,Coal,Ruien Thermal Power Plant Belgium,70,889.0
Belgium,Bel_10,Coal,Ruien Thermal Power Plant Belgium,71,889.0
Belgium,Bel_10,Coal,Ruien Thermal Power Plant Belgium,72,654.9560450783173
Belgium,Bel_10,Coal,Ruien Thermal Power Plant Belgium,73,177.8
Belgium,Bel_10,Coal,Ruien Thermal Power Plant Belgium,74,425.15588637430835
Belgium,Bel_10,Coal,Ruien Thermal Power Plant Belgium,75,750.6285726308215
Belgium,Bel_10,Coal,Ruien Thermal Power Plant Belgium,76,889.0
Belgium,Bel_10,Coal,Ruien Thermal Power Plant Belgium,77,889.0
Belgium,Bel_10,Coal,Ruien Thermal Power Plant Belgium,78,889.0
Belgium,Bel_10,Coal,Ruien Thermal Power Plant Belgium,79,889.0
Belgium,Bel_10,Coal,Ruien Thermal Power Plant Belgium,80,889.0
Belgium,Bel_10,Coal,Ruien Thermal Power Plant Belgium,81,889.0
Belgium,Bel_10,Coal,Ruien Thermal Power Plant Belgium,82,889.0
Belgium,Bel_10,Coal,Ruien Thermal Power Plant Belgium,83,889.0
Belgium,Bel_10,Coal,Ruien Thermal Power Plant Belgium,84,889.0
Belgium,Bel_10,Coal,Ruien Thermal Power Plant Belgium,85,889.0
Belgium,Bel_10,Coal,Ruien Thermal Power Plant Belgium,86,889.0
Belgium,Bel_10,Coal,Ruien Thermal Power Plant Belgium,87,889.0
Belgium,Bel_10,Coal,Ruien Thermal Power Plant Belgium,88,889.0
Belgium,Bel_10,Coal,Ruien Thermal Power Plant Belgium,89,889.0
Belgium,Bel_10,Coal,Ruien Thermal Power Plant Belgium,90,889.0
Belgium,Bel_10,Coal,Ruien Thermal Power Plant Belgium,91,889.0
Belgium,Bel_10,Coal,Ruien Thermal Power Plant Belgium,92,889.0
Belgium,Bel_10,Coal,Ruien Thermal Power Plant Belgium,93,889.0
Belgium,Bel_10,Coal,Ruien Thermal Power Plant Belgium,94,889.0
Belgium,Bel_10,Coal,Ruien Thermal Power Plant Belgium,95,889.0
Belgium,Bel_10,Coal,Ruien Thermal Power Plant Belgium,96,889.0
France,Fra_92,Coal,Centrale de Lucy Coal Power Station France,1,0.0
France,Fra_92,Coal,Centrale de Lucy Coal Power Station France,2,0.0
France,Fra_92,Coal,Centrale de Lucy Coal Power Station France,3,0.0
France,Fra_92,Coal,Centrale de Lucy Coal Power Station France,4,0.0
France,Fra_92,Coal,Centrale de Lucy Coal Power Station France,5,0.0
France,Fra_92,Coal,Centrale de Lucy Coal Power Station France,6,0.0
France,Fra_92,Coal,Centrale de Lucy Coal Power Station France,7,0.0
France,Fra_92,Coal,Centrale de Lucy Coal Power Station France,8,0.0
France,Fra_92,Coal,Centrale de Lucy Coal Power Station France,9,0.0
France,Fra_92,Coal,Centrale de Lucy Coal Power Station France,10,0.0
France,Fra_92,Coal,Centrale de Lucy Coal Power Station France,11,0.0
France,Fra_92,Coal,Centrale de Lucy Coal Power Station France,12,0.0
France,Fra_92,Coal,Centrale de Lucy Coal Power Station France,13,0.0
France,Fra_92,Coal,Centrale de Lucy Coal Power Station France,14,0.0
France,Fra_92,Coal,Centrale de Lucy Coal Power Station France,15,0.0
France,Fra_92,Coal,Centrale de Lucy Coal Power Station France,16,0.0
France,Fra_92,Coal,Centrale de Lucy Coal Power Station France,17,15.139313954884745
France,Fra_92,Coal,Centrale de Lucy Coal Power Station France,18,15.139313954884745
France,Fra_92,Coal,Centrale de Lucy Coal Power Station France,19,15.139313954884745
France,Fra_92,Coal,Centrale de Lucy Coal Power Station France,20,75.69656977442372
France,Fra_92,Coal,Centrale de Lucy Coal Power Station France,21,236.11092135308508
France,Fra_92,Coal,Centrale de Lucy Coal Power Station France,22,270.0
France,Fra_92,Coal,Centrale de Lucy Coal Power Station France,23,270.0
France,Fra_92,Coal,Centrale de Lucy Coal Power Station France,24,270.0
France,Fra_92,Coal,Centrale de Lucy Coal Power Station France,25,270.0
France,Fra_92,Coal,Centrale de Lucy Coal Power Station France,26,270.0
France,Fra_92,Coal,Centrale de Lucy Coal Power Station France,27,270.0
France,Fra_92,Coal,Centrale de Lucy Coal Power Station France,28,270.0
France,Fra_92,Coal,Centrale de Lucy Coal Power Station France,29,270.0
France,Fra_92,Coal,Centrale de Lucy Coal Power Station France,30,270.0
France,Fra_92,Coal,Centrale de Lucy Coal Power Station France,31,270.0
France,Fra_92,Coal,Centrale de Lucy Coal Power Station France,32,270.0
France,Fra_92,Coal,Centrale de Lucy Coal Power Station France,33,270.0
France,Fra_92,Coal,Centrale de Lucy Coal Power Station France,34,270.0
France,Fra_92,Coal,Centrale de Lucy Coal Power Station France,35,270.0
France,Fra_92,Coal,Centrale de Lucy Coal Power Station France,36,165.63088921115605
France,Fra_92,Coal,Centrale de Lucy Coal Power Station France,37,270.0
France,Fra_92,Coal,Centrale de Lucy Coal Power Station France,38,270.0
France,Fra_92,Coal,Centrale de Lucy Coal Power Station France,39,270.0
France,Fra_92,Coal,Centrale de Lucy Coal Power Station France,40,270.0
France,Fra_92,Coal,Centrale de Lucy Coal Power Station France,41,54.0
France,Fra_92,Coal,Centrale de Lucy Coal Power Station France,42,270.0
France,Fra_92,Coal,Centrale de Lucy Coal Power Station France,43,270.0
France,Fra_92,Coal,Centrale de Lucy Coal Power Station France,44,270.0
France,Fra_92,Coal,Centrale de Lucy Coal Power Station France,45,270.0
France,Fra_92,Coal,Centrale de Lucy Coal Power Station France,46,270.0
France,Fra_92,Coal,Centrale de Lucy Coal Power Station France,47,270.0
France,Fra_92,Coal,Centrale de Lucy Coal Power Station France,48,270.0
France,Fra_92,Coal,Centrale de Lucy Coal Power Station France,49,54.0
France,Fra_92,Coal,Centrale de Lucy Coal Power Station France,50,54.0
France,Fra_92,Coal,Centrale de Lucy Coal Power Station France,51,54.0
France,Fra_92,Coal,Centrale de Lucy Coal Power Station France,52,54.0
France,Fra_92,Coal,Centrale de Lucy Coal Power Station France,53,54.0
France,Fra_92,Coal,Centrale de Lucy Coal Power Station France,54,54.0
France,Fra_92,Coal,Centrale de Lucy Coal Power Station France,55,54.0
France,Fra_92,Coal,Centrale de Lucy Coal Power Station France,56,54.0
France,Fra_92,Coal,Centrale de Lucy Coal Power Station France,57,54.0
France,Fra_92,Coal,Centrale de Lucy Coal Power Station France,58,54.0
France,Fra_92,Coal,Centrale de Lucy Coal Power Station France,59,54.0
France,Fra_92,Coal,Centrale de Lucy Coal Power Station France,60,54.0
France,Fra_92,Coal,Centrale de Lucy Coal Power Station France,61,54.0
France,Fra_92,Coal,Centrale de Lucy Coal Power Station France,62,54.0
France,Fra_92,Coal,Centrale de Lucy Coal Power Station France,63,54.0
France,Fra_92,Coal,Centrale de Lucy Coal Power Station France,64,54.0
France,Fra_92,Coal,Centrale de Lucy Coal Power Station France,65,270.0
France,Fra_92,Coal,Centrale de Lucy Coal Power Station France,66,270.0
France,Fra_92,Coal,Centrale de Lucy Coal Power Station France,67,270.0
France,Fra_92,Coal,Centrale de Lucy Coal Power Station France,68,54.0
France,Fra_92,Coal,Centrale de Lucy Coal Power Station France,69,270.0
France,Fra_92,Coal,Centrale de Lucy Coal Power Station France,70,54.0
France,Fra_92,Coal,Centrale de Lucy Coal Power Station France,71,54.0
France,Fra_92,Coal,Centrale de Lucy Coal Power Station France,72,54.0
France,Fra_92,Coal,Centrale de Lucy Coal Power Station France,73,54.0
France,Fra_92,Coal,Centrale de Lucy Coal Power Station France,74,54.0
France,Fra_92,Coal,Centrale de Lucy Coal Power Station France,75,54.0
France,Fra_92,Coal,Centrale de Lucy Coal Power Station France,76,54.0
France,Fra_92,Coal,Centrale de Lucy Coal Power Station France,77,54.0
France,Fra_92,Coal,Centrale de Lucy Coal Power Station France,78,54.0
France,Fra_92,Coal,Centrale de Lucy Coal Power Station France,79,143.69126436696797
France,Fra_92,Coal,Centrale de Lucy Coal Power Station France,80,270.0
France,Fra_92,Coal,Centrale de Lucy Coal Power Station France,81,54.0
France,Fra_92,Coal,Centrale de Lucy Coal Power Station France,82,54.0
France,Fra_92,Coal,Centrale de Lucy Coal Power Station France,83,270.0
France,Fra_92,Coal,Centrale de Lucy Coal Power Station France,84,270.0
France,Fra_92,Coal,Centrale de Lucy Coal Power Station France,85,270.0
France,Fra_92,Coal,Centrale de Lucy Coal Power Station France,86,270.0
France,Fra_92,Coal,Centrale de Lucy Coal Power Station France,87,270.0
France,Fra_92,Coal,Centrale de Lucy Coal Power Station France,88,270.0
France,Fra_92,Coal,Centrale de Lucy Coal Power Station France,89,270.0
France,Fra_92,Coal,Centrale de Lucy Coal Power Station France,90,270.0
France,Fra_92,Coal,Centrale de Lucy Coal Power Station France,91,270.0
France,Fra_92,Coal,Centrale de Lucy Coal Power Station France,92,54.0
France,Fra_92,Coal,Centrale de Lucy Coal Power Station France,93,0.0
France,Fra_92,Coal,Centrale de Lucy Coal Power Station France,94,0.0
France,Fra_92,Coal,Centrale de Lucy Coal Power Station France,95,0.0
France,Fra_92,Coal,Centrale de Lucy Coal Power Station France,96,0.0
France,Fra_90,Nuclear,Chinon Nuclear Power Plant France,1,3816.0
France,Fra_90,Nuclear,Chinon Nuclear Power Plant France,2,3816.0
France,Fra_90,Nuclear,Chinon Nuclear Power Plant France,3,3816.0
France,Fra_90,Nuclear,Chinon Nuclear Power Plant France,4,3816.0
France,Fra_90,Nuclear,Chinon Nuclear Power Plant France,5,3816.0
France,Fra_90,Nuclear,Chinon Nuclear Power Plant France,6,3816.0
France,Fra_90,Nuclear,Chinon Nuclear Power Plant France,7,3816.0
France,Fra_90,Nuclear,Chinon Nuclear Power Plant France,8,3816.0
France,Fra_90,Nuclear,Chinon Nuclear Power Plant France,9,2746.0489784583997
France,Fra_90,Nuclear,Chinon Nuclear Power Plant France,10,3515.0378167869576
France,Fra_90,Nuclear,Chinon Nuclear Power Plant France,11,3075.560261317822
France,Fra_90,Nuclear,Chinon Nuclear Power Plant France,12,3529.591325790423
France,Fra_90,Nuclear,Chinon Nuclear Power Plant France,13,2796.7025530551255
France,Fra_90,Nuclear,Chinon Nuclear Power Plant France,14,3816.0
France,Fra_90,Nuclear,Chinon Nuclear Power Plant France,15,3816.0
France,Fra_90,Nuclear,Chinon Nuclear Power Plant France,16,3816.0
France,Fra_90,Nuclear,Chinon Nuclear Power Plant France,17,3816.0
France,Fra_90,Nuclear,Chinon Nuclear Power Plant France,18,3816.0
France,Fra_90,Nuclear,Chinon Nuclear Power Plant France,19,3816.0
France,Fra_90,Nuclear,Chinon Nuclear Power Plant France,20,3816.0
France,Fra_90,Nuclear,Chinon Nuclear Power Plant France,21,3816.0
France,Fra_90,Nuclear,Chinon Nuclear Power Plant France,22,3816.0
France,Fra_90,Nuclear,Chinon Nuclear Power Plant France,23,3816.0
France,Fra_90,Nuclear,Chinon Nuclear Power Plant France,24,3816.0
France,Fra_90,Nuclear,Chinon Nuclear Power Plant France,25,3816.0
France,Fra_90,Nuclear,Chinon Nuclear Power Plant France,26,3816.0
France,Fra_90,Nuclear,Chinon Nuclear Power Plant France,27,3816.0
France,Fra_90,Nuclear,Chinon Nuclear Power Plant France,28,3816.0
France,Fra_90,Nuclear,Chinon Nuclear Power Plant France,29,3816.0
France,Fra_90,Nuclear,Chinon Nuclear Power Plant France,30,3816.0
France,Fra_90,Nuclear,Chinon Nuclear Power Plant France,31,3816.0
France,Fra_90,Nuclear,Chinon Nuclear Power Plant France,32,3816.0
France,Fra_90,Nuclear,Chinon Nuclear Power Plant France,33,3816.0
France,Fra_90,Nuclear,Chinon Nuclear Power Plant France,34,3816.0
France,Fra_90,Nuclear,Chinon Nuclear Power Plant France,35,3816.0
France,Fra_90,Nuclear,Chinon Nuclear Power Plant France,36,3816.0
France,Fra_90,Nuclear,Chinon Nuclear Power Plant France,37,3816.0
France,Fra_90,Nuclear,Chinon Nuclear Power Plant France,38,3816.0
France,Fra_90,Nuclear,Chinon Nuclear Power Plant France,39,3816.0
France,Fra_90,Nuclear,Chinon Nuclear Power Plant France,40,3816.0
France,Fra_90,Nuclear,Chinon Nuclear Power Plant France,41,3816.0
France,Fra_90,Nuclear,Chinon Nuclear Power Plant France,42,3816.0
France,Fra_90,Nuclear,Chinon Nuclear Power Plant France,43,3816.0
France,Fra_90,Nuclear,Chinon Nuclear Power Plant France,44,3816.0
France,Fra_90,Nuclear,Chinon Nuclear Power Plant France,45,3816.0
France,Fra_90,Nuclear,Chinon Nuclear Power Plant France,46,3816.0
France,Fra_90,Nuclear,Chinon Nuclear Power Plant France,47,3816.0
France,Fra_90,Nuclear,Chinon Nuclear Power Plant France,48,3816.0
France,Fra_90,Nuclear,Chinon Nuclear Power Plant France,49,3816.0
France,Fra_90,Nuclear,Chinon Nuclear Power Plant France,50,3816.0
France,Fra_90,Nuclear,Chinon Nuclear Power Plant France,51,3816.0
France,Fra_90,Nuclear,Chinon Nuclear Power Plant France,52,3816.0
France,Fra_90,Nuclear,Chinon Nuclear Power Plant France,53,3816.0
France,Fra_90,Nuclear,Chinon Nuclear Power Plant France,54,3816.0
France,Fra_90,Nuclear,Chinon Nuclear Power Plant France,55,3816.0
France,Fra_90,Nuclear,Chinon Nuclear Power Plant France,56,3816.0
France,Fra_90,Nuclear,Chinon Nuclear Power Plant France,57,3816.0
France,Fra_90,Nuclear,Chinon Nuclear Power Plant France,58,3816.0
France,Fra_90,Nuclear,Chinon Nuclear Power Plant France,59,3816.0
France,Fra_90,Nuclear,Chinon Nuclear Power Plant France,60,3816.0
France,Fra_90,Nuclear,Chinon Nuclear Power Plant France,61,3816.0
France,Fra_90,Nuclear,Chinon Nuclear Power Plant France,62,3816.0
France,Fra_90,Nuclear,Chinon Nuclear Power Plant France,63,3816.0
France,Fra_90,Nuclear,Chinon Nuclear Power Plant France,64,3816.0
France,Fra_90,Nuclear,Chinon Nuclear Power Plant France,65,3816.0
France,Fra_90,Nuclear,Chinon Nuclear Power Plant France,66,3816.0
France,Fra_90,Nuclear,Chinon Nuclear Power Plant France,67,3816.0
France,Fra_90,Nuclear,Chinon Nuclear Power Plant France,68,3816.0
France,Fra_90,Nuclear,Chinon Nuclear Power Plant France,69,3816.0
France,Fra_90,Nuclear,Chinon Nuclear Power Plant France,70,3816.0
France,Fra_90,Nuclear,Chinon Nuclear Power Plant France,71,3816.0
France,Fra_90,Nuclear,Chinon Nuclear Power Plant France,72,3816.0
France,Fra_90,Nuclear,Chinon Nuclear Power Plant France,73,3816.0
France,Fra_90,Nuclear,Chinon Nuclear Power Plant France,74,3816.0
France,Fra_90,Nuclear,Chinon Nuclear Power Plant France,75,3816.0
France,Fra_90,Nuclear,Chinon Nuclear Power Plant France,76,3816.0
France,Fra_90,Nuclear,Chinon Nuclear Power Plant France,77,3816.0
France,Fra_90,Nuclear,Chinon Nuclear Power Plant France,78,3816.0
France,Fra_90,Nuclear,Chinon Nuclear Power Plant France,79,3816.0
France,Fra_90,Nuclear,Chinon Nuclear Power Plant France,80,3816.0
France,Fra_90,Nuclear,Chinon Nuclear Power Plant France,81,3816.0
France,Fra_90,Nuclear,Chinon Nuclear Power Plant France,82,3816.0
France,Fra_90,Nuclear,Chinon Nuclear Power Plant France,83,3816.0
France,Fra_90,Nuclear,Chinon Nuclear Power Plant France,84,3816.0
France,Fra_90,Nuclear,Chinon Nuclear Power Plant France,85,3816.0
France,Fra_90,Nuclear,Chinon Nuclear Power Plant France,86,3816.0
France,Fra_90,Nuclear,Chinon Nuclear Power Plant France,87,3816.0
France,Fra_90,Nuclear,Chinon Nuclear Power Plant France,88,3816.0
France,Fra_90,Nuclear,Chinon Nuclear Power Plant France,89,3816.0
France,Fra_90,Nuclear,Chinon Nuclear Power Plant France,90,3816.0
France,Fra_90,Nuclear,Chinon Nuclear Power Plant France,91,3816.0
France,Fra_90,Nuclear,Chinon Nuclear Power Plant France,92,3816.0
France,Fra_90,Nuclear,Chinon Nuclear Power Plant France,93,3816.0
France,Fra_90,Nuclear,Chinon Nuclear Power Plant France,94,3816.0
France,Fra_90,Nuclear,Chinon Nuclear Power Plant France,95,3816.0
France,Fra_90,Nuclear,Chinon Nuclear Power Plant France,96,3816.0
France,Fra_69,Coal,Cordemais Thermal Power Station France,1,67.36586191732252
France,Fra_69,Coal,Cordemais Thermal Power Station France,2,13.473172383464515
France,Fra_69,Coal,Cordemais Thermal Power Station France,3,13.473172383464515
France,Fra_69,Coal,Cordemais Thermal Power Station France,4,13.473172383464515
France,Fra_69,Coal,Cordemais Thermal Power Station France,5,13.473172383464515
France,Fra_69,Coal,Cordemais Thermal Power Station France,6,13.473172383464515
France,Fra_69,Coal,Cordemais Thermal Power Station France,7,13.473172383464515
France,Fra_69,Coal,Cordemais Thermal Power Station France,8,13.473172383464524
France,Fra_69,Coal,Cordemais Thermal Power Station France,9,13.473172383464515
France,Fra_69,Coal,Cordemais Thermal Power Station France,10,13.473172383464515
France,Fra_69,Coal,Cordemais Thermal Power Station France,11,13.473172383464515
France,Fra_69,Coal,Cordemais Thermal Power Station France,12,13.473172383464515
France,Fra_69,Coal,Cordemais Thermal Power Station France,13,13.473172383464515
France,Fra_69,Coal,Cordemais Thermal Power Station France,14,13.473172383464515
France,Fra_69,Coal,Cordemais Thermal Power Station France,15,13.473172383464506
France,Fra_69,Coal,Cordemais Thermal Power Station France,16,67.36586191732253
France,Fra_69,Coal,Cordemais Thermal Power Station France,17,49.68920180408275
France,Fra_69,Coal,Cordemais Thermal Power Station France,18,49.68920180408275
France,Fra_69,Coal,Cordemais Thermal Power Station France,19,248.44600902041375
France,Fra_69,Coal,Cordemais Thermal Power Station France,20,248.44600902041373
France,Fra_69,Coal,Cordemais Thermal Power Station France,21,97.69911734432945
France,Fra_69,Coal,Cordemais Thermal Power Station France,22,209.72093706478566
France,Fra_69,Coal,Cordemais Thermal Power Station France,23,410.5053813892505
France,Fra_69,Coal,Cordemais Thermal Power Station France,24,193.12640641491194
France,Fra_69,Coal,Cordemais Thermal Power Station France,25,1879.9578933944824
France,Fra_69,Coal,Cordemais Thermal Power Station France,26,1879.9578933944824
France,Fra_69,Coal,Cordemais Thermal Power Station France,27,452.64234697887775
France,Fra_69,Coal,Cordemais Thermal Power Station France,28,1879.9578933944824
France,Fra_69,Coal,Cordemais Thermal Power Station France,29,2306.861232936478
France,Fra_69,Coal,Cordemais Thermal Power Station France,30,461.37224658729554
France,Fra_69,Coal,Cordemais Thermal Power Station France,31,461.37224658729554
France,Fra_69,Coal,Cordemais Thermal Power Station France,32,461.37224658729554
France,Fra_69,Coal,Cordemais Thermal Power Station France,33,447.899074203831
France,Fra_69,Coal,Cordemais Thermal Power Station France,34,447.899074203831
France,Fra_69,Coal,Cordemais Thermal Power Station France,35,447.899074203831
France,Fra_69,Coal,Cordemais Thermal Power Station France,36,447.899074203831
France,Fra_69,Coal,Cordemais Thermal Power Station France,37,999.244683507277
France,Fra_69,Coal,Cordemais Thermal Power Station France,38,615.1256210455322
France,Fra_69,Coal,Cordemais Thermal Power Station France,39,447.89907420383105
France,Fra_69,Coal,Cordemais Thermal Power Station France,40,2239.4953710191553
France,Fra_69,Coal,Cordemais Thermal Power Station France,41,447.899074203831
France,Fra_69,Coal,Cordemais Thermal Power Station France,42,447.899074203831
France,Fra_69,Coal,Cordemais Thermal Power Station France,43,447.899074203831
France,Fra_69,Coal,Cordemais Thermal Power Station France,44,447.899074203831
France,Fra_69,Coal,Cordemais Thermal Power Station France,45,2239.495371019155
France,Fra_69,Coal,Cordemais Thermal Power Station France,46,447.899074203831
France,Fra_69,Coal,Cordemais Thermal Power Station France,47,447.899074203831
France,Fra_69,Coal,Cordemais Thermal Power Station France,48,447.899074203831
France,Fra_69,Coal,Cordemais Thermal Power Station France,49,411.6830447832127
France,Fra_69,Coal,Cordemais Thermal Power Station France,50,411.6830447832127
France,Fra_69,Coal,Cordemais Thermal Power Station France,51,411.6830447832127
France,Fra_69,Coal,Cordemais Thermal Power Station France,52,411.6830447832127
France,Fra_69,Coal,Cordemais Thermal Power Station France,53,411.6830447832127
France,Fra_69,Coal,Cordemais Thermal Power Station France,54,411.6830447832127
France,Fra_69,Coal,Cordemais Thermal Power Station France,55,411.6830447832127
France,Fra_69,Coal,Cordemais Thermal Power Station France,56,411.6830447832127
France,Fra_69,Coal,Cordemais Thermal Power Station France,57,411.6830447832127
France,Fra_69,Coal,Cordemais Thermal Power Station France,58,411.6830447832127
France,Fra_69,Coal,Cordemais Thermal Power Station France,59,411.6830447832127
France,Fra_69,Coal,Cordemais Thermal Power Station France,60,411.6830447832127
France,Fra_69,Coal,Cordemais Thermal Power Station France,61,411.6830447832127
France,Fra_69,Coal,Cordemais Thermal Power Station France,62,411.6830447832127
France,Fra_69,Coal,Cordemais Thermal Power Station France,63,411.6830447832127
France,Fra_69,Coal,Cordemais Thermal Power Station France,64,411.6830447832127
France,Fra_69,Coal,Cordemais Thermal Power Station France,65,411.6830447832127
France,Fra_69,Coal,Cordemais Thermal Power Station France,66,863.5744910674196
France,Fra_69,Coal,Cordemais Thermal Power Station France,67,411.6830447832127
France,Fra_69,Coal,Cordemais Thermal Power Station France,68,411.6830447832127
France,Fra_69,Coal,Cordemais Thermal Power Station France,69,411.6830447832127
France,Fra_69,Coal,Cordemais Thermal Power Station France,70,411.6830447832128
France,Fra_69,Coal,Cordemais Thermal Power Station France,71,411.6830447832128
France,Fra_69,Coal,Cordemais Thermal Power Station France,72,411.6830447832128
France,Fra_69,Coal,Cordemais Thermal Power Station France,73,411.6830447832127
France,Fra_69,Coal,Cordemais Thermal Power Station France,74,411.6830447832128
France,Fra_69,Coal,Cordemais Thermal Power Station France,75,411.6830447832128
France,Fra_69,Coal,Cordemais Thermal Power Station France,76,411.6830447832128
France,Fra_69,Coal,Cordemais Thermal Power Station France,77,495.6029420274502
France,Fra_69,Coal,Cordemais Thermal Power Station France,78,411.6830447832127
France,Fra_69,Coal,Cordemais Thermal Power Station France,79,411.6830447832127
France,Fra_69,Coal,Cordemais Thermal Power Station France,80,483.0471266792157
France,Fra_69,Coal,Cordemais Thermal Power Station France,81,832.1986767533559
France,Fra_69,Coal,Cordemais Thermal Power Station France,82,525.2843187639058
France,Fra_69,Coal,Cordemais Thermal Power Station France,83,970.738041537148
France,Fra_69,Coal,Cordemais Thermal Power Station France,84,2058.415223916064
France,Fra_69,Coal,Cordemais Thermal Power Station France,85,2058.415223916064
France,Fra_69,Coal,Cordemais Thermal Power Station France,86,2058.415223916064
France,Fra_69,Coal,Cordemais Thermal Power Station France,87,2058.415223916064
France,Fra_69,Coal,Cordemais Thermal Power Station France,88,2058.415223916064
France,Fra_69,Coal,Cordemais Thermal Power Station France,89,427.61470038126186
France,Fra_69,Coal,Cordemais Thermal Power Station France,90,426.01052211506124
France,Fra_69,Coal,Cordemais Thermal Power Station France,91,284.8145041602985
France,Fra_69,Coal,Cordemais Thermal Power Station France,92,385.16499503083287
France,Fra_69,Coal,Cordemais Thermal Power Station France,93,0.0
France,Fra_69,Coal,Cordemais Thermal Power Station France,94,0.0
France,Fra_69,Coal,Cordemais Thermal Power Station France,95,0.0
France,Fra_69,Coal,Cordemais Thermal Power Station France,96,0.0
France,Fra_69,Natural Gas,Montoir-de Bretagne CCGT Power Plant France,1,0.0
France,Fra_69,Natural Gas,Montoir-de Bretagne CCGT Power Plant France,2,0.0
France,Fra_69,Natural Gas,Montoir-de Bretagne CCGT Power Plant France,3,0.0
France,Fra_69,Natural Gas,Montoir-de Bretagne CCGT Power Plant France,4,0.0
France,Fra_69,Natural Gas,Montoir-de Bretagne CCGT Power Plant France,5,0.0
France,Fra_69,Natural Gas,Montoir-de Bretagne CCGT Power Plant France,6,0.0
France,Fra_69,Natural Gas,Montoir-de Bretagne CCGT Power Plant France,7,0.0
France,Fra_69,Natural Gas,Montoir-de Bretagne CCGT Power Plant France,8,0.0
France,Fra_69,Natural Gas,Montoir-de Bretagne CCGT Power Plant France,9,0.0
France,Fra_69,Natural Gas,Montoir-de Bretagne CCGT Power Plant France,10,0.0
France,Fra_69,Natural Gas,Montoir-de Bretagne CCGT Power Plant France,11,0.0
France,Fra_69,Natural Gas,Montoir-de Bretagne CCGT Power Plant France,12,0.0
France,Fra_69,Natural Gas,Montoir-de Bretagne CCGT Power Plant France,13,0.0
France,Fra_69,Natural Gas,Montoir-de Bretagne CCGT Power Plant France,14,0.0
France,Fra_69,Natural Gas,Montoir-de Bretagne CCGT Power Plant France,15,0.0
France,Fra_69,Natural Gas,Montoir-de Bretagne CCGT Power Plant France,16,0.0
France,Fra_69,Natural Gas,Montoir-de Bretagne CCGT Power Plant France,17,0.0
France,Fra_69,Natural Gas,Montoir-de Bretagne CCGT Power Plant France,18,0.0
France,Fra_69,Natural Gas,Montoir-de Bretagne CCGT Power Plant France,19,0.0
France,Fra_69,Natural Gas,Montoir-de Bretagne CCGT Power Plant France,20,0.0
France,Fra_69,Natural Gas,Montoir-de Bretagne CCGT Power Plant France,21,0.0
France,Fra_69,Natural Gas,Montoir-de Bretagne CCGT Power Plant France,22,0.0
France,Fra_69,Natural Gas,Montoir-de Bretagne CCGT Power Plant France,23,0.0
France,Fra_69,Natural Gas,Montoir-de Bretagne CCGT Power Plant France,24,0.0
France,Fra_69,Natural Gas,Montoir-de Bretagne CCGT Power Plant France,25,272.78723847230253
France,Fra_69,Natural Gas,Montoir-de Bretagne CCGT Power Plant France,26,435.0
France,Fra_69,Natural Gas,Montoir-de Bretagne CCGT Power Plant France,27,174.0
France,Fra_69,Natural Gas,Montoir-de Bretagne CCGT Power Plant France,28,298.89915602968154
France,Fra_69,Natural Gas,Montoir-de Bretagne CCGT Power Plant France,29,435.0
France,Fra_69,Natural Gas,Montoir-de Bretagne CCGT Power Plant France,30,174.0
France,Fra_69,Natural Gas,Montoir-de Bretagne CCGT Power Plant France,31,174.0
France,Fra_69,Natural Gas,Montoir-de Bretagne CCGT Power Plant France,32,174.0
France,Fra_69,Natural Gas,Montoir-de Bretagne CCGT Power Plant France,33,0.0
France,Fra_69,Natural Gas,Montoir-de Bretagne CCGT Power Plant France,34,0.0
France,Fra_69,Natural Gas,Montoir-de Bretagne CCGT Power Plant France,35,0.0
France,Fra_69,Natural Gas,Montoir-de Bretagne CCGT Power Plant France,36,0.0
France,Fra_69,Natural Gas,Montoir-de Bretagne CCGT Power Plant France,37,0.0
France,Fra_69,Natural Gas,Montoir-de Bretagne CCGT Power Plant France,38,0.0
France,Fra_69,Natural Gas,Montoir-de Bretagne CCGT Power Plant France,39,0.0
France,Fra_69,Natural Gas,Montoir-de Bretagne CCGT Power Plant France,40,0.0
France,Fra_69,Natural Gas,Montoir-de Bretagne CCGT Power Plant France,41,0.0
France,Fra_69,Natural Gas,Montoir-de Bretagne CCGT Power Plant France,42,0.0
France,Fra_69,Natural Gas,Montoir-de Bretagne CCGT Power Plant France,43,0.0
France,Fra_69,Natural Gas,Montoir-de Bretagne CCGT Power Plant France,44,0.0
France,Fra_69,Natural Gas,Montoir-de Bretagne CCGT Power Plant France,45,0.0
France,Fra_69,Natural Gas,Montoir-de Bretagne CCGT Power Plant France,46,0.0
France,Fra_69,Natural Gas,Montoir-de Bretagne CCGT Power Plant France,47,0.0
France,Fra_69,Natural Gas,Montoir-de Bretagne CCGT Power Plant France,48,0.0
France,Fra_69,Natural Gas,Montoir-de Bretagne CCGT Power Plant France,49,0.0
France,Fra_69,Natural Gas,Montoir-de Bretagne CCGT Power Plant France,50,0.0
France,Fra_69,Natural Gas,Montoir-de Bretagne CCGT Power Plant France,51,0.0
France,Fra_69,Natural Gas,Montoir-de Bretagne CCGT Power Plant France,52,0.0
France,Fra_69,Natural Gas,Montoir-de Bretagne CCGT Power Plant France,53,0.0
France,Fra_69,Natural Gas,Montoir-de Bretagne CCGT Power Plant France,54,0.0
France,Fra_69,Natural Gas,Montoir-de Bretagne CCGT Power Plant France,55,0.0
France,Fra_69,Natural Gas,Montoir-de Bretagne CCGT Power Plant France,56,0.0
France,Fra_69,Natural Gas,Montoir-de Bretagne CCGT Power Plant France,57,0.0
France,Fra_69,Natural Gas,Montoir-de Bretagne CCGT Power Plant France,58,0.0
France,Fra_69,Natural Gas,Montoir-de Bretagne CCGT Power Plant France,59,0.0
France,Fra_69,Natural Gas,Montoir-de Bretagne CCGT Power Plant France,60,0.0
France,Fra_69,Natural Gas,Montoir-de Bretagne CCGT Power Plant France,61,0.0
France,Fra_69,Natural Gas,Montoir-de Bretagne CCGT Power Plant France,62,0.0
France,Fra_69,Natural Gas,Montoir-de Bretagne CCGT Power Plant France,63,0.0
France,Fra_69,Natural Gas,Montoir-de Bretagne CCGT Power Plant France,64,0.0
France,Fra_69,Natural Gas,Montoir-de Bretagne CCGT Power Plant France,65,0.0
France,Fra_69,Natural Gas,Montoir-de Bretagne CCGT Power Plant France,66,0.0
France,Fra_69,Natural Gas,Montoir-de Bretagne CCGT Power Plant France,67,0.0
France,Fra_69,Natural Gas,Montoir-de Bretagne CCGT Power Plant France,68,0.0
France,Fra_69,Natural Gas,Montoir-de Bretagne CCGT Power Plant France,69,0.0
France,Fra_69,Natural Gas,Montoir-de Bretagne CCGT Power Plant France,70,0.0
France,Fra_69,Natural Gas,Montoir-de Bretagne CCGT Power Plant France,71,0.0
France,Fra_69,Natural Gas,Montoir-de Bretagne CCGT Power Plant France,72,0.0
France,Fra_69,Natural Gas,Montoir-de Bretagne CCGT Power Plant France,73,0.0
France,Fra_69,Natural Gas,Montoir-de Bretagne CCGT Power Plant France,74,0.0
France,Fra_69,Natural Gas,Montoir-de Bretagne CCGT Power Plant France,75,0.0
France,Fra_69,Natural Gas,Montoir-de Bretagne CCGT Power Plant France,76,0.0
France,Fra_69,Natural Gas,Montoir-de Bretagne CCGT Power Plant France,77,0.0
France,Fra_69,Natural Gas,Montoir-de Bretagne CCGT Power Plant France,78,0.0
France,Fra_69,Natural Gas,Montoir-de Bretagne CCGT Power Plant France,79,0.0
France,Fra_69,Natural Gas,Montoir-de Bretagne CCGT Power Plant France,80,0.0
France,Fra_69,Natural Gas,Montoir-de Bretagne CCGT Power Plant France,81,0.0
France,Fra_69,Natural Gas,Montoir-de Bretagne CCGT Power Plant France,82,0.0
France,Fra_69,Natural Gas,Montoir-de Bretagne CCGT Power Plant France,83,0.0
France,Fra_69,Natural Gas,Montoir-de Bretagne CCGT Power Plant France,84,0.0
France,Fra_69,Natural Gas,Montoir-de Bretagne CCGT Power Plant France,85,0.0
France,Fra_69,Natural Gas,Montoir-de Bretagne CCGT Power Plant France,86,0.0
France,Fra_69,Natural Gas,Montoir-de Bretagne CCGT Power Plant France,87,0.0
France,Fra_69,Natural Gas,Montoir-de Bretagne CCGT Power Plant France,88,0.0
France,Fra_69,Natural Gas,Montoir-de Bretagne CCGT Power Plant France,89,0.0
France,Fra_69,Natural Gas,Montoir-de Bretagne CCGT Power Plant France,90,0.0
France,Fra_69,Natural Gas,Montoir-de Bretagne CCGT Power Plant France,91,0.0
France,Fra_69,Natural Gas,Montoir-de Bretagne CCGT Power Plant France,92,0.0
France,Fra_69,Natural Gas,Montoir-de Bretagne CCGT Power Plant France,93,0.0
France,Fra_69,Natural Gas,Montoir-de Bretagne CCGT Power Plant France,94,0.0
France,Fra_69,Natural Gas,Montoir-de Bretagne CCGT Power Plant France,95,0.0
France,Fra_69,Natural Gas,Montoir-de Bretagne CCGT Power Plant France,96,0.0
France,Fra_57,Nuclear,Belleville Nuclear Power Plant France,1,2726.0
France,Fra_57,Nuclear,Belleville Nuclear Power Plant France,2,2726.0
France,Fra_57,Nuclear,Belleville Nuclear Power Plant France,3,2726.0
France,Fra_57,Nuclear,Belleville Nuclear Power Plant France,4,2726.0
France,Fra_57,Nuclear,Belleville Nuclear Power Plant France,5,2726.0
France,Fra_57,Nuclear,Belleville Nuclear Power Plant France,6,2726.0
France,Fra_57,Nuclear,Belleville Nuclear Power Plant France,7,2726.0
France,Fra_57,Nuclear,Belleville Nuclear Power Plant France,8,2726.0
France,Fra_57,Nuclear,Belleville Nuclear Power Plant France,9,2726.0
France,Fra_57,Nuclear,Belleville Nuclear Power Plant France,10,2726.0
France,Fra_57,Nuclear,Belleville Nuclear Power Plant France,11,2726.0
France,Fra_57,Nuclear,Belleville Nuclear Power Plant France,12,2726.0
France,Fra_57,Nuclear,Belleville Nuclear Power Plant France,13,2726.0
France,Fra_57,Nuclear,Belleville Nuclear Power Plant France,14,2726.0
France,Fra_57,Nuclear,Belleville Nuclear Power Plant France,15,2726.0
France,Fra_57,Nuclear,Belleville Nuclear Power Plant France,16,2726.0
France,Fra_57,Nuclear,Belleville Nuclear Power Plant France,17,2726.0
France,Fra_57,Nuclear,Belleville Nuclear Power Plant France,18,2726.0
France,Fra_57,Nuclear,Belleville Nuclear Power Plant France,19,2726.0
France,Fra_57,Nuclear,Belleville Nuclear Power Plant France,20,2726.0
France,Fra_57,Nuclear,Belleville Nuclear Power Plant France,21,2726.0
France,Fra_57,Nuclear,Belleville Nuclear Power Plant France,22,2726.0
France,Fra_57,Nuclear,Belleville Nuclear Power Plant France,23,2726.0
France,Fra_57,Nuclear,Belleville Nuclear Power Plant France,24,2726.0
France,Fra_57,Nuclear,Belleville Nuclear Power Plant France,25,2725.9999999999995
France,Fra_57,Nuclear,Belleville Nuclear Power Plant France,26,2726.0
France,Fra_57,Nuclear,Belleville Nuclear Power Plant France,27,2725.9999999999995
France,Fra_57,Nuclear,Belleville Nuclear Power Plant France,28,2725.9999999999995
France,Fra_57,Nuclear,Belleville Nuclear Power Plant France,29,2726.0
France,Fra_57,Nuclear,Belleville Nuclear Power Plant France,30,2726.0
France,Fra_57,Nuclear,Belleville Nuclear Power Plant France,31,2726.0
France,Fra_57,Nuclear,Belleville Nuclear Power Plant France,32,2726.0
France,Fra_57,Nuclear,Belleville Nuclear Power Plant France,33,2726.0
France,Fra_57,Nuclear,Belleville Nuclear Power Plant France,34,2726.0
France,Fra_57,Nuclear,Belleville Nuclear Power Plant France,35,2726.0
France,Fra_57,Nuclear,Belleville Nuclear Power Plant France,36,2726.0
France,Fra_57,Nuclear,Belleville Nuclear Power Plant France,37,2726.0
France,Fra_57,Nuclear,Belleville Nuclear Power Plant France,38,2726.0
France,Fra_57,Nuclear,Belleville Nuclear Power Plant France,39,2726.0
France,Fra_57,Nuclear,Belleville Nuclear Power Plant France,40,2726.0
France,Fra_57,Nuclear,Belleville Nuclear Power Plant France,41,2726.0
France,Fra_57,Nuclear,Belleville Nuclear Power Plant France,42,2726.0
France,Fra_57,Nuclear,Belleville Nuclear Power Plant France,43,2726.0
France,Fra_57,Nuclear,Belleville Nuclear Power Plant France,44,2726.0
France,Fra_57,Nuclear,Belleville Nuclear Power Plant France,45,2726.0
France,Fra_57,Nuclear,Belleville Nuclear Power Plant France,46,2726.0
France,Fra_57,Nuclear,Belleville Nuclear Power Plant France,47,2726.0
France,Fra_57,Nuclear,Belleville Nuclear Power Plant France,48,2726.0
France,Fra_57,Nuclear,Belleville Nuclear Power Plant France,49,2726.0
France,Fra_57,Nuclear,Belleville Nuclear Power Plant France,50,2726.0
France,Fra_57,Nuclear,Belleville Nuclear Power Plant France,51,2726.0
France,Fra_57,Nuclear,Belleville Nuclear Power Plant France,52,2726.0
France,Fra_57,Nuclear,Belleville Nuclear Power Plant France,53,2726.0
France,Fra_57,Nuclear,Belleville Nuclear Power Plant France,54,2726.0
France,Fra_57,Nuclear,Belleville Nuclear Power Plant France,55,2726.0
France,Fra_57,Nuclear,Belleville Nuclear Power Plant France,56,2726.0
France,Fra_57,Nuclear,Belleville Nuclear Power Plant France,57,2726.0
France,Fra_57,Nuclear,Belleville Nuclear Power Plant France,58,2726.0
France,Fra_57,Nuclear,Belleville Nuclear Power Plant France,59,2726.0
France,Fra_57,Nuclear,Belleville Nuclear Power Plant France,60,2726.0
France,Fra_57,Nuclear,Belleville Nuclear Power Plant France,61,2726.0
France,Fra_57,Nuclear,Belleville Nuclear Power Plant France,62,2726.0
France,Fra_57,Nuclear,Belleville Nuclear Power Plant France,63,2726.0
France,Fra_57,Nuclear,Belleville Nuclear Power Plant France,64,2726.0
France,Fra_57,Nuclear,Belleville Nuclear Power Plant France,65,2726.0
France,Fra_57,Nuclear,Belleville Nuclear Power Plant France,66,2726.0
France,Fra_57,Nuclear,Belleville Nuclear Power Plant France,67,2726.0
France,Fra_57,Nuclear,Belleville Nuclear Power Plant France,68,2726.0
France,Fra_57,Nuclear,Belleville Nuclear Power Plant France,69,2726.0
France,Fra_57,Nuclear,Belleville Nuclear Power Plant France,70,2726.0
France,Fra_57,Nuclear,Belleville Nuclear Power Plant France,71,2726.0
France,Fra_57,Nuclear,Belleville Nuclear Power Plant France,72,2726.0
France,Fra_57,Nuclear,Belleville Nuclear Power Plant France,73,2726.0
France,Fra_57,Nuclear,Belleville Nuclear Power Plant France,74,2726.0
France,Fra_57,Nuclear,Belleville Nuclear Power Plant France,75,2726.0
France,Fra_57,Nuclear,Belleville Nuclear Power Plant France,76,2726.0
France,Fra_57,Nuclear,Belleville Nuclear Power Plant France,77,2726.0
France,Fra_57,Nuclear,Belleville Nuclear Power Plant France,78,2726.0
France,Fra_57,Nuclear,Belleville Nuclear Power Plant France,79,2726.0
France,Fra_57,Nuclear,Belleville Nuclear Power Plant France,80,2726.0
France,Fra_57,Nuclear,Belleville Nuclear Power Plant France,81,2726.0
France,Fra_57,Nuclear,Belleville Nuclear Power Plant France,82,2726.0
France,Fra_57,Nuclear,Belleville Nuclear Power Plant France,83,2726.0
France,Fra_57,Nuclear,Belleville Nuclear Power Plant France,84,2726.0
France,Fra_57,Nuclear,Belleville Nuclear Power Plant France,85,2726.0
France,Fra_57,Nuclear,Belleville Nuclear Power Plant France,86,2726.0
France,Fra_57,Nuclear,Belleville Nuclear Power Plant France,87,2726.0
France,Fra_57,Nuclear,Belleville Nuclear Power Plant France,88,2726.0
France,Fra_57,Nuclear,Belleville Nuclear Power Plant France,89,2726.0
France,Fra_57,Nuclear,Belleville Nuclear Power Plant France,90,2726.0
France,Fra_57,Nuclear,Belleville Nuclear Power Plant France,91,2726.0
France,Fra_57,Nuclear,Belleville Nuclear Power Plant France,92,2726.0
France,Fra_57,Nuclear,Belleville Nuclear Power Plant France,93,2726.0
France,Fra_57,Nuclear,Belleville Nuclear Power Plant France,94,2726.0
France,Fra_57,Nuclear,Belleville Nuclear Power Plant France,95,2726.0
France,Fra_57,Nuclear,Belleville Nuclear Power Plant France,96,2726.0
France,Fra_55,Natural Gas,Pont-Sur-Sambre Combustion Gas Power Plant France,1,0.0
France,Fra_55,Natural Gas,Pont-Sur-Sambre Combustion Gas Power Plant France,2,0.0
France,Fra_55,Natural Gas,Pont-Sur-Sambre Combustion Gas Power Plant France,3,0.0
France,Fra_55,Natural Gas,Pont-Sur-Sambre Combustion Gas Power Plant France,4,0.0
France,Fra_55,Natural Gas,Pont-Sur-Sambre Combustion Gas Power Plant France,5,0.0
France,Fra_55,Natural Gas,Pont-Sur-Sambre Combustion Gas Power Plant France,6,0.0
France,Fra_55,Natural Gas,Pont-Sur-Sambre Combustion Gas Power Plant France,7,0.0
France,Fra_55,Natural Gas,Pont-Sur-Sambre Combustion Gas Power Plant France,8,0.0
France,Fra_55,Natural Gas,Pont-Sur-Sambre Combustion Gas Power Plant France,9,0.0
France,Fra_55,Natural Gas,Pont-Sur-Sambre Combustion Gas Power Plant France,10,0.0
France,Fra_55,Natural Gas,Pont-Sur-Sambre Combustion Gas Power Plant France,11,0.0
France,Fra_55,Natural Gas,Pont-Sur-Sambre Combustion Gas Power Plant France,12,0.0
France,Fra_55,Natural Gas,Pont-Sur-Sambre Combustion Gas Power Plant France,13,0.0
France,Fra_55,Natural Gas,Pont-Sur-Sambre Combustion Gas Power Plant France,14,0.0
France,Fra_55,Natural Gas,Pont-Sur-Sambre Combustion Gas Power Plant France,15,0.0
France,Fra_55,Natural Gas,Pont-Sur-Sambre Combustion Gas Power Plant France,16,0.0
France,Fra_55,Natural Gas,Pont-Sur-Sambre Combustion Gas Power Plant France,17,0.0
France,Fra_55,Natural Gas,Pont-Sur-Sambre Combustion Gas Power Plant France,18,0.0
France,Fra_55,Natural Gas,Pont-Sur-Sambre Combustion Gas Power Plant France,19,0.0
France,Fra_55,Natural Gas,Pont-Sur-Sambre Combustion Gas Power Plant France,20,0.0
France,Fra_55,Natural Gas,Pont-Sur-Sambre Combustion Gas Power Plant France,21,164.8
France,Fra_55,Natural Gas,Pont-Sur-Sambre Combustion Gas Power Plant France,22,412.0
France,Fra_55,Natural Gas,Pont-Sur-Sambre Combustion Gas Power Plant France,23,412.0
France,Fra_55,Natural Gas,Pont-Sur-Sambre Combustion Gas Power Plant France,24,412.0
France,Fra_55,Natural Gas,Pont-Sur-Sambre Combustion Gas Power Plant France,25,412.0
France,Fra_55,Natural Gas,Pont-Sur-Sambre Combustion Gas Power Plant France,26,412.0
France,Fra_55,Natural Gas,Pont-Sur-Sambre Combustion Gas Power Plant France,27,412.0
France,Fra_55,Natural Gas,Pont-Sur-Sambre Combustion Gas Power Plant France,28,412.0
France,Fra_55,Natural Gas,Pont-Sur-Sambre Combustion Gas Power Plant France,29,412.0
France,Fra_55,Natural Gas,Pont-Sur-Sambre Combustion Gas Power Plant France,30,164.8
France,Fra_55,Natural Gas,Pont-Sur-Sambre Combustion Gas Power Plant France,31,164.8
France,Fra_55,Natural Gas,Pont-Sur-Sambre Combustion Gas Power Plant France,32,164.8
France,Fra_55,Natural Gas,Pont-Sur-Sambre Combustion Gas Power Plant France,33,0.0
France,Fra_55,Natural Gas,Pont-Sur-Sambre Combustion Gas Power Plant France,34,0.0
France,Fra_55,Natural Gas,Pont-Sur-Sambre Combustion Gas Power Plant France,35,0.0
France,Fra_55,Natural Gas,Pont-Sur-Sambre Combustion Gas Power Plant France,36,0.0
France,Fra_55,Natural Gas,Pont-Sur-Sambre Combustion Gas Power Plant France,37,0.0
France,Fra_55,Natural Gas,Pont-Sur-Sambre Combustion Gas Power Plant France,38,0.0
France,Fra_55,Natural Gas,Pont-Sur-Sambre Combustion Gas Power Plant France,39,0.0
France,Fra_55,Natural Gas,Pont-Sur-Sambre Combustion Gas Power Plant France,40,0.0
France,Fra_55,Natural Gas,Pont-Sur-Sambre Combustion Gas Power Plant France,41,0.0
France,Fra_55,Natural Gas,Pont-Sur-Sambre Combustion Gas Power Plant France,42,0.0
France,Fra_55,Natural Gas,Pont-Sur-Sambre Combustion Gas Power Plant France,43,0.0
France,Fra_55,Natural Gas,Pont-Sur-Sambre Combustion Gas Power Plant France,44,0.0
France,Fra_55,Natural Gas,Pont-Sur-Sambre Combustion Gas Power Plant France,45,0.0
France,Fra_55,Natural Gas,Pont-Sur-Sambre Combustion Gas Power Plant France,46,0.0
France,Fra_55,Natural Gas,Pont-Sur-Sambre Combustion Gas Power Plant France,47,0.0
France,Fra_55,Natural Gas,Pont-Sur-Sambre Combustion Gas Power Plant France,48,0.0
France,Fra_55,Natural Gas,Pont-Sur-Sambre Combustion Gas Power Plant France,49,0.0
France,Fra_55,Natural Gas,Pont-Sur-Sambre Combustion Gas Power Plant France,50,0.0
France,Fra_55,Natural Gas,Pont-Sur-Sambre Combustion Gas Power Plant France,51,0.0
France,Fra_55,Natural Gas,Pont-Sur-Sambre Combustion Gas Power Plant France,52,0.0
France,Fra_55,Natural Gas,Pont-Sur-Sambre Combustion Gas Power Plant France,53,0.0
France,Fra_55,Natural Gas,Pont-Sur-Sambre Combustion Gas Power Plant France,54,0.0
France,Fra_55,Natural Gas,Pont-Sur-Sambre Combustion Gas Power Plant France,55,0.0
France,Fra_55,Natural Gas,Pont-Sur-Sambre Combustion Gas Power Plant France,56,0.0
France,Fra_55,Natural Gas,Pont-Sur-Sambre Combustion Gas Power Plant France,57,0.0
France,Fra_55,Natural Gas,Pont-Sur-Sambre Combustion Gas Power Plant France,58,0.0
France,Fra_55,Natural Gas,Pont-Sur-Sambre Combustion Gas Power Plant France,59,0.0
France,Fra_55,Natural Gas,Pont-Sur-Sambre Combustion Gas Power Plant France,60,0.0
France,Fra_55,Natural Gas,Pont-Sur-Sambre Combustion Gas Power Plant France,61,0.0
France,Fra_55,Natural Gas,Pont-Sur-Sambre Combustion Gas Power Plant France,62,0.0
France,Fra_55,Natural Gas,Pont-Sur-Sambre Combustion Gas Power Plant France,63,0.0
France,Fra_55,Natural Gas,Pont-Sur-Sambre Combustion Gas Power Plant France,64,0.0
France,Fra_55,Natural Gas,Pont-Sur-Sambre Combustion Gas Power Plant France,65,0.0
France,Fra_55,Natural Gas,Pont-Sur-Sambre Combustion Gas Power Plant France,66,0.0
France,Fra_55,Natural Gas,Pont-Sur-Sambre Combustion Gas Power Plant France,67,0.0
France,Fra_55,Natural Gas,Pont-Sur-Sambre Combustion Gas Power Plant France,68,0.0
France,Fra_55,Natural Gas,Pont-Sur-Sambre Combustion Gas Power Plant France,69,0.0
France,Fra_55,Natural Gas,Pont-Sur-Sambre Combustion Gas Power Plant France,70,0.0
France,Fra_55,Natural Gas,Pont-Sur-Sambre Combustion Gas Power Plant France,71,0.0
France,Fra_55,Natural Gas,Pont-Sur-Sambre Combustion Gas Power Plant France,72,0.0
France,Fra_55,Natural Gas,Pont-Sur-Sambre Combustion Gas Power Plant France,73,0.0
France,Fra_55,Natural Gas,Pont-Sur-Sambre Combustion Gas Power Plant France,74,0.0
France,Fra_55,Natural Gas,Pont-Sur-Sambre Combustion Gas Power Plant France,75,0.0
France,Fra_55,Natural Gas,Pont-Sur-Sambre Combustion Gas Power Plant France,76,0.0
France,Fra_55,Natural Gas,Pont-Sur-Sambre Combustion Gas Power Plant France,77,0.0
France,Fra_55,Natural Gas,Pont-Sur-Sambre Combustion Gas Power Plant France,78,0.0
France,Fra_55,Natural Gas,Pont-Sur-Sambre Combustion Gas Power Plant France,79,0.0
France,Fra_55,Natural Gas,Pont-Sur-Sambre Combustion Gas Power Plant France,80,0.0
France,Fra_55,Natural Gas,Pont-Sur-Sambre Combustion Gas Power Plant France,81,164.8
France,Fra_55,Natural Gas,Pont-Sur-Sambre Combustion Gas Power Plant France,82,164.8
France,Fra_55,Natural Gas,Pont-Sur-Sambre Combustion Gas Power Plant France,83,412.0
France,Fra_55,Natural Gas,Pont-Sur-Sambre Combustion Gas Power Plant France,84,412.0
France,Fra_55,Natural Gas,Pont-Sur-Sambre Combustion Gas Power Plant France,85,412.0
France,Fra_55,Natural Gas,Pont-Sur-Sambre Combustion Gas Power Plant France,86,412.0
France,Fra_55,Natural Gas,Pont-Sur-Sambre Combustion Gas Power Plant France,87,412.0
France,Fra_55,Natural Gas,Pont-Sur-Sambre Combustion Gas Power Plant France,88,412.0
France,Fra_55,Natural Gas,Pont-Sur-Sambre Combustion Gas Power Plant France,89,412.0
France,Fra_55,Natural Gas,Pont-Sur-Sambre Combustion Gas Power Plant France,90,412.0
France,Fra_55,Natural Gas,Pont-Sur-Sambre Combustion Gas Power Plant France,91,223.10435081896034
France,Fra_55,Natural Gas,Pont-Sur-Sambre Combustion Gas Power Plant France,92,164.8
France,Fra_55,Natural Gas,Pont-Sur-Sambre Combustion Gas Power Plant France,93,0.0
France,Fra_55,Natural Gas,Pont-Sur-Sambre Combustion Gas Power Plant France,94,0.0
France,Fra_55,Natural Gas,Pont-Sur-Sambre Combustion Gas Power Plant France,95,0.0
France,Fra_55,Natural Gas,Pont-Sur-Sambre Combustion Gas Power Plant France,96,0.0
France,Fra_54,Nuclear,Saint-Laurent Nuclear Power Plant France,1,1912.0
France,Fra_54,Nuclear,Saint-Laurent Nuclear Power Plant France,2,1912.0
France,Fra_54,Nuclear,Saint-Laurent Nuclear Power Plant France,3,1912.0
France,Fra_54,Nuclear,Saint-Laurent Nuclear Power Plant France,4,1912.0
France,Fra_54,Nuclear,Saint-Laurent Nuclear Power Plant France,5,1912.0
France,Fra_54,Nuclear,Saint-Laurent Nuclear Power Plant France,6,1912.0
France,Fra_54,Nuclear,Saint-Laurent Nuclear Power Plant France,7,1912.0
France,Fra_54,Nuclear,Saint-Laurent Nuclear Power Plant France,8,1912.0
France,Fra_54,Nuclear,Saint-Laurent Nuclear Power Plant France,9,1912.0
France,Fra_54,Nuclear,Saint-Laurent Nuclear Power Plant France,10,1912.0
France,Fra_54,Nuclear,Saint-Laurent Nuclear Power Plant France,11,1912.0
France,Fra_54,Nuclear,Saint-Laurent Nuclear Power Plant France,12,1912.0
France,Fra_54,Nuclear,Saint-Laurent Nuclear Power Plant France,13,1912.0
France,Fra_54,Nuclear,Saint-Laurent Nuclear Power Plant France,14,1912.0
France,Fra_54,Nuclear,Saint-Laurent Nuclear Power Plant France,15,1912.0
France,Fra_54,Nuclear,Saint-Laurent Nuclear Power Plant France,16,1912.0
France,Fra_54,Nuclear,Saint-Laurent Nuclear Power Plant France,17,1912.0
France,Fra_54,Nuclear,Saint-Laurent Nuclear Power Plant France,18,1912.0
France,Fra_54,Nuclear,Saint-Laurent Nuclear Power Plant France,19,1912.0
France,Fra_54,Nuclear,Saint-Laurent Nuclear Power Plant France,20,1912.0
France,Fra_54,Nuclear,Saint-Laurent Nuclear Power Plant France,21,1912.0
France,Fra_54,Nuclear,Saint-Laurent Nuclear Power Plant France,22,1912.0
France,Fra_54,Nuclear,Saint-Laurent Nuclear Power Plant France,23,1912.0
France,Fra_54,Nuclear,Saint-Laurent Nuclear Power Plant France,24,1912.0
France,Fra_54,Nuclear,Saint-Laurent Nuclear Power Plant France,25,1912.0
France,Fra_54,Nuclear,Saint-Laurent Nuclear Power Plant France,26,1912.0
France,Fra_54,Nuclear,Saint-Laurent Nuclear Power Plant France,27,1912.0
France,Fra_54,Nuclear,Saint-Laurent Nuclear Power Plant France,28,1912.0
France,Fra_54,Nuclear,Saint-Laurent Nuclear Power Plant France,29,1912.0
France,Fra_54,Nuclear,Saint-Laurent Nuclear Power Plant France,30,1912.0
France,Fra_54,Nuclear,Saint-Laurent Nuclear Power Plant France,31,1912.0
France,Fra_54,Nuclear,Saint-Laurent Nuclear Power Plant France,32,1912.0
France,Fra_54,Nuclear,Saint-Laurent Nuclear Power Plant France,33,1912.0
France,Fra_54,Nuclear,Saint-Laurent Nuclear Power Plant France,34,1912.0
France,Fra_54,Nuclear,Saint-Laurent Nuclear Power Plant France,35,1912.0
France,Fra_54,Nuclear,Saint-Laurent Nuclear Power Plant France,36,1912.0
France,Fra_54,Nuclear,Saint-Laurent Nuclear Power Plant France,37,1912.0
France,Fra_54,Nuclear,Saint-Laurent Nuclear Power Plant France,38,1912.0
France,Fra_54,Nuclear,Saint-Laurent Nuclear Power Plant France,39,1912.0
France,Fra_54,Nuclear,Saint-Laurent Nuclear Power Plant France,40,1912.0
France,Fra_54,Nuclear,Saint-Laurent Nuclear Power Plant France,41,1912.0
France,Fra_54,Nuclear,Saint-Laurent Nuclear Power Plant France,42,1912.0
France,Fra_54,Nuclear,Saint-Laurent Nuclear Power Plant France,43,1912.0
France,Fra_54,Nuclear,Saint-Laurent Nuclear Power Plant France,44,1912.0
France,Fra_54,Nuclear,Saint-Laurent Nuclear Power Plant France,45,1912.0
France,Fra_54,Nuclear,Saint-Laurent Nuclear Power Plant France,46,1912.0
France,Fra_54,Nuclear,Saint-Laurent Nuclear Power Plant France,47,1912.0
France,Fra_54,Nuclear,Saint-Laurent Nuclear Power Plant France,48,1912.0
France,Fra_54,Nuclear,Saint-Laurent Nuclear Power Plant France,49,1912.0
France,Fra_54,Nuclear,Saint-Laurent Nuclear Power Plant France,50,1912.0
France,Fra_54,Nuclear,Saint-Laurent Nuclear Power Plant France,51,1912.0
France,Fra_54,Nuclear,Saint-Laurent Nuclear Power Plant France,52,1912.0
France,Fra_54,Nuclear,Saint-Laurent Nuclear Power Plant France,53,1912.0
France,Fra_54,Nuclear,Saint-Laurent Nuclear Power Plant France,54,1912.0
France,Fra_54,Nuclear,Saint-Laurent Nuclear Power Plant France,55,1912.0
France,Fra_54,Nuclear,Saint-Laurent Nuclear Power Plant France,56,1912.0
France,Fra_54,Nuclear,Saint-Laurent Nuclear Power Plant France,57,1912.0
France,Fra_54,Nuclear,Saint-Laurent Nuclear Power Plant France,58,1912.0
France,Fra_54,Nuclear,Saint-Laurent Nuclear Power Plant France,59,1912.0
France,Fra_54,Nuclear,Saint-Laurent Nuclear Power Plant France,60,1912.0
France,Fra_54,Nuclear,Saint-Laurent Nuclear Power Plant France,61,1912.0
France,Fra_54,Nuclear,Saint-Laurent Nuclear Power Plant France,62,1912.0
France,Fra_54,Nuclear,Saint-Laurent Nuclear Power Plant France,63,1912.0
France,Fra_54,Nuclear,Saint-Laurent Nuclear Power Plant France,64,1912.0
France,Fra_54,Nuclear,Saint-Laurent Nuclear Power Plant France,65,1912.0
France,Fra_54,Nuclear,Saint-Laurent Nuclear Power Plant France,66,1912.0
France,Fra_54,Nuclear,Saint-Laurent Nuclear Power Plant France,67,1912.0
France,Fra_54,Nuclear,Saint-Laurent Nuclear Power Plant France,68,1912.0
France,Fra_54,Nuclear,Saint-Laurent Nuclear Power Plant France,69,1912.0
France,Fra_54,Nuclear,Saint-Laurent Nuclear Power Plant France,70,1912.0
France,Fra_54,Nuclear,Saint-Laurent Nuclear Power Plant France,71,1912.0
France,Fra_54,Nuclear,Saint-Laurent Nuclear Power Plant France,72,1912.0
France,Fra_54,Nuclear,Saint-Laurent Nuclear Power Plant France,73,1912.0
France,Fra_54,Nuclear,Saint-Laurent Nuclear Power Plant France,74,1912.0
France,Fra_54,Nuclear,Saint-Laurent Nuclear Power Plant France,75,1912.0
France,Fra_54,Nuclear,Saint-Laurent Nuclear Power Plant France,76,1912.0
France,Fra_54,Nuclear,Saint-Laurent Nuclear Power Plant France,77,1912.0
France,Fra_54,Nuclear,Saint-Laurent Nuclear Power Plant France,78,1912.0
France,Fra_54,Nuclear,Saint-Laurent Nuclear Power Plant France,79,1912.0
France,Fra_54,Nuclear,Saint-Laurent Nuclear Power Plant France,80,1912.0
France,Fra_54,Nuclear,Saint-Laurent Nuclear Power Plant France,81,1912.0
France,Fra_54,Nuclear,Saint-Laurent Nuclear Power Plant France,82,1912.0
France,Fra_54,Nuclear,Saint-Laurent Nuclear Power Plant France,83,1912.0
France,Fra_54,Nuclear,Saint-Laurent Nuclear Power Plant France,84,1912.0
France,Fra_54,Nuclear,Saint-Laurent Nuclear Power Plant France,85,1912.0
France,Fra_54,Nuclear,Saint-Laurent Nuclear Power Plant France,86,1912.0
France,Fra_54,Nuclear,Saint-Laurent Nuclear Power Plant France,87,1912.0
France,Fra_54,Nuclear,Saint-Laurent Nuclear Power Plant France,88,1912.0
France,Fra_54,Nuclear,Saint-Laurent Nuclear Power Plant France,89,1912.0
France,Fra_54,Nuclear,Saint-Laurent Nuclear Power Plant France,90,1912.0
France,Fra_54,Nuclear,Saint-Laurent Nuclear Power Plant France,91,1912.0
France,Fra_54,Nuclear,Saint-Laurent Nuclear Power Plant France,92,1912.0
France,Fra_54,Nuclear,Saint-Laurent Nuclear Power Plant France,93,1912.0
France,Fra_54,Nuclear,Saint-Laurent Nuclear Power Plant France,94,1912.0
France,Fra_54,Nuclear,Saint-Laurent Nuclear Power Plant France,95,1912.0
France,Fra_54,Nuclear,Saint-Laurent Nuclear Power Plant France,96,1912.0
France,Fra_48,Nuclear,Dampierre Nuclear Power Plant France,1,3864.0
France,Fra_48,Nuclear,Dampierre Nuclear Power Plant France,2,3864.0
France,Fra_48,Nuclear,Dampierre Nuclear Power Plant France,3,3864.0
France,Fra_48,Nuclear,Dampierre Nuclear Power Plant France,4,3864.0
France,Fra_48,Nuclear,Dampierre Nuclear Power Plant France,5,3864.0
France,Fra_48,Nuclear,Dampierre Nuclear Power Plant France,6,3864.0
France,Fra_48,Nuclear,Dampierre Nuclear Power Plant France,7,3864.0
France,Fra_48,Nuclear,Dampierre Nuclear Power Plant France,8,3864.0
France,Fra_48,Nuclear,Dampierre Nuclear Power Plant France,9,3864.0
France,Fra_48,Nuclear,Dampierre Nuclear Power Plant France,10,3864.0
France,Fra_48,Nuclear,Dampierre Nuclear Power Plant France,11,3864.0
France,Fra_48,Nuclear,Dampierre Nuclear Power Plant France,12,3864.0
France,Fra_48,Nuclear,Dampierre Nuclear Power Plant France,13,3864.0
France,Fra_48,Nuclear,Dampierre Nuclear Power Plant France,14,3864.0
France,Fra_48,Nuclear,Dampierre Nuclear Power Plant France,15,3864.0
France,Fra_48,Nuclear,Dampierre Nuclear Power Plant France,16,3864.0
France,Fra_48,Nuclear,Dampierre Nuclear Power Plant France,17,3864.0
France,Fra_48,Nuclear,Dampierre Nuclear Power Plant France,18,3864.0
France,Fra_48,Nuclear,Dampierre Nuclear Power Plant France,19,3864.0
France,Fra_48,Nuclear,Dampierre Nuclear Power Plant France,20,3864.0
France,Fra_48,Nuclear,Dampierre Nuclear Power Plant France,21,3864.0
France,Fra_48,Nuclear,Dampierre Nuclear Power Plant France,22,3864.0
France,Fra_48,Nuclear,Dampierre Nuclear Power Plant France,23,3864.0
France,Fra_48,Nuclear,Dampierre Nuclear Power Plant France,24,3864.0
France,Fra_48,Nuclear,Dampierre Nuclear Power Plant France,25,3864.0
France,Fra_48,Nuclear,Dampierre Nuclear Power Plant France,26,3864.0
France,Fra_48,Nuclear,Dampierre Nuclear Power Plant France,27,3864.0
France,Fra_48,Nuclear,Dampierre Nuclear Power Plant France,28,3864.0
France,Fra_48,Nuclear,Dampierre Nuclear Power Plant France,29,3864.0
France,Fra_48,Nuclear,Dampierre Nuclear Power Plant France,30,3864.0
France,Fra_48,Nuclear,Dampierre Nuclear Power Plant France,31,3864.0
France,Fra_48,Nuclear,Dampierre Nuclear Power Plant France,32,3864.0
France,Fra_48,Nuclear,Dampierre Nuclear Power Plant France,33,3864.0
France,Fra_48,Nuclear,Dampierre Nuclear Power Plant France,34,3864.0
France,Fra_48,Nuclear,Dampierre Nuclear Power Plant France,35,3864.0
France,Fra_48,Nuclear,Dampierre Nuclear Power Plant France,36,3864.0
France,Fra_48,Nuclear,Dampierre Nuclear Power Plant France,37,3864.0
France,Fra_48,Nuclear,Dampierre Nuclear Power Plant France,38,3864.0
France,Fra_48,Nuclear,Dampierre Nuclear Power Plant France,39,3864.0
France,Fra_48,Nuclear,Dampierre Nuclear Power Plant France,40,3864.0
France,Fra_48,Nuclear,Dampierre Nuclear Power Plant France,41,3864.0
France,Fra_48,Nuclear,Dampierre Nuclear Power Plant France,42,3864.0
France,Fra_48,Nuclear,Dampierre Nuclear Power Plant France,43,3864.0
France,Fra_48,Nuclear,Dampierre Nuclear Power Plant France,44,3864.0
France,Fra_48,Nuclear,Dampierre Nuclear Power Plant France,45,3864.0
France,Fra_48,Nuclear,Dampierre Nuclear Power Plant France,46,3864.0
France,Fra_48,Nuclear,Dampierre Nuclear Power Plant France,47,3864.0
France,Fra_48,Nuclear,Dampierre Nuclear Power Plant France,48,3864.0
France,Fra_48,Nuclear,Dampierre Nuclear Power Plant France,49,3864.0
France,Fra_48,Nuclear,Dampierre Nuclear Power Plant France,50,3864.0
France,Fra_48,Nuclear,Dampierre Nuclear Power Plant France,51,3864.0
France,Fra_48,Nuclear,Dampierre Nuclear Power Plant France,52,3864.0
France,Fra_48,Nuclear,Dampierre Nuclear Power Plant France,53,3864.0
France,Fra_48,Nuclear,Dampierre Nuclear Power Plant France,54,3864.0
France,Fra_48,Nuclear,Dampierre Nuclear Power Plant France,55,3864.0
France,Fra_48,Nuclear,Dampierre Nuclear Power Plant France,56,3864.0
France,Fra_48,Nuclear,Dampierre Nuclear Power Plant France,57,3864.0
France,Fra_48,Nuclear,Dampierre Nuclear Power Plant France,58,3864.0
France,Fra_48,Nuclear,Dampierre Nuclear Power Plant France,59,3864.0
France,Fra_48,Nuclear,Dampierre Nuclear Power Plant France,60,3864.0
France,Fra_48,Nuclear,Dampierre Nuclear Power Plant France,61,3864.0
France,Fra_48,Nuclear,Dampierre Nuclear Power Plant France,62,3864.0
France,Fra_48,Nuclear,Dampierre Nuclear Power Plant France,63,3864.0
France,Fra_48,Nuclear,Dampierre Nuclear Power Plant France,64,3864.0
France,Fra_48,Nuclear,Dampierre Nuclear Power Plant France,65,3864.0
France,Fra_48,Nuclear,Dampierre Nuclear Power Plant France,66,3864.0
France,Fra_48,Nuclear,Dampierre Nuclear Power Plant France,67,3864.0
France,Fra_48,Nuclear,Dampierre Nuclear Power Plant France,68,3864.0
France,Fra_48,Nuclear,Dampierre Nuclear Power Plant France,69,3864.0
France,Fra_48,Nuclear,Dampierre Nuclear Power Plant France,70,3864.0
France,Fra_48,Nuclear,Dampierre Nuclear Power Plant France,71,3864.0
France,Fra_48,Nuclear,Dampierre Nuclear Power Plant France,72,3864.0
France,Fra_48,Nuclear,Dampierre Nuclear Power Plant France,73,3864.0
France,Fra_48,Nuclear,Dampierre Nuclear Power Plant France,74,3864.0
France,Fra_48,Nuclear,Dampierre Nuclear Power Plant France,75,3864.0
France,Fra_48,Nuclear,Dampierre Nuclear Power Plant France,76,3864.0
France,Fra_48,Nuclear,Dampierre Nuclear Power Plant France,77,3864.0
France,Fra_48,Nuclear,Dampierre Nuclear Power Plant France,78,3864.0
France,Fra_48,Nuclear,Dampierre Nuclear Power Plant France,79,3864.0
France,Fra_48,Nuclear,Dampierre Nuclear Power Plant France,80,3864.0
France,Fra_48,Nuclear,Dampierre Nuclear Power Plant France,81,3864.0
France,Fra_48,Nuclear,Dampierre Nuclear Power Plant France,82,3864.0
France,Fra_48,Nuclear,Dampierre Nuclear Power Plant France,83,3864.0
France,Fra_48,Nuclear,Dampierre Nuclear Power Plant France,84,3864.0
France,Fra_48,Nuclear,Dampierre Nuclear Power Plant France,85,3864.0
France,Fra_48,Nuclear,Dampierre Nuclear Power Plant France,86,3864.0
France,Fra_48,Nuclear,Dampierre Nuclear Power Plant France,87,3864.0
France,Fra_48,Nuclear,Dampierre Nuclear Power Plant France,88,3864.0
France,Fra_48,Nuclear,Dampierre Nuclear Power Plant France,89,3864.0
France,Fra_48,Nuclear,Dampierre Nuclear Power Plant France,90,3864.0
France,Fra_48,Nuclear,Dampierre Nuclear Power Plant France,91,3864.0
France,Fra_48,Nuclear,Dampierre Nuclear Power Plant France,92,3864.0
France,Fra_48,Nuclear,Dampierre Nuclear Power Plant France,93,3864.0
France,Fra_48,Nuclear,Dampierre Nuclear Power Plant France,94,3864.0
France,Fra_48,Nuclear,Dampierre Nuclear Power Plant France,95,3864.0
France,Fra_48,Nuclear,Dampierre Nuclear Power Plant France,96,3864.0
France,Fra_43,Nuclear,Chooz Nuclear Power Plant France,1,3120.0
France,Fra_43,Nuclear,Chooz Nuclear Power Plant France,2,3120.0
France,Fra_43,Nuclear,Chooz Nuclear Power Plant France,3,3120.0
France,Fra_43,Nuclear,Chooz Nuclear Power Plant France,4,3120.0
France,Fra_43,Nuclear,Chooz Nuclear Power Plant France,5,3120.0
France,Fra_43,Nuclear,Chooz Nuclear Power Plant France,6,3120.0
France,Fra_43,Nuclear,Chooz Nuclear Power Plant France,7,3120.0
France,Fra_43,Nuclear,Chooz Nuclear Power Plant France,8,3120.0
France,Fra_43,Nuclear,Chooz Nuclear Power Plant France,9,3120.0
France,Fra_43,Nuclear,Chooz Nuclear Power Plant France,10,3120.0
France,Fra_43,Nuclear,Chooz Nuclear Power Plant France,11,3120.0
France,Fra_43,Nuclear,Chooz Nuclear Power Plant France,12,3120.0
France,Fra_43,Nuclear,Chooz Nuclear Power Plant France,13,3120.0
France,Fra_43,Nuclear,Chooz Nuclear Power Plant France,14,3120.0
France,Fra_43,Nuclear,Chooz Nuclear Power Plant France,15,3120.0
France,Fra_43,Nuclear,Chooz Nuclear Power Plant France,16,3120.0
France,Fra_43,Nuclear,Chooz Nuclear Power Plant France,17,3120.0
France,Fra_43,Nuclear,Chooz Nuclear Power Plant France,18,3120.0
France,Fra_43,Nuclear,Chooz Nuclear Power Plant France,19,3120.0
France,Fra_43,Nuclear,Chooz Nuclear Power Plant France,20,3120.0
France,Fra_43,Nuclear,Chooz Nuclear Power Plant France,21,3120.0
France,Fra_43,Nuclear,Chooz Nuclear Power Plant France,22,3120.0
France,Fra_43,Nuclear,Chooz Nuclear Power Plant France,23,3120.0
France,Fra_43,Nuclear,Chooz Nuclear Power Plant France,24,3120.0
France,Fra_43,Nuclear,Chooz Nuclear Power Plant France,25,3120.0
France,Fra_43,Nuclear,Chooz Nuclear Power Plant France,26,3120.0
France,Fra_43,Nuclear,Chooz Nuclear Power Plant France,27,3120.0
France,Fra_43,Nuclear,Chooz Nuclear Power Plant France,28,3120.0
France,Fra_43,Nuclear,Chooz Nuclear Power Plant France,29,3120.0
France,Fra_43,Nuclear,Chooz Nuclear Power Plant France,30,3120.0
France,Fra_43,Nuclear,Chooz Nuclear Power Plant France,31,3120.0
France,Fra_43,Nuclear,Chooz Nuclear Power Plant France,32,3120.0
France,Fra_43,Nuclear,Chooz Nuclear Power Plant France,33,3120.0
France,Fra_43,Nuclear,Chooz Nuclear Power Plant France,34,3120.0
France,Fra_43,Nuclear,Chooz Nuclear Power Plant France,35,3120.0
France,Fra_43,Nuclear,Chooz Nuclear Power Plant France,36,3120.0
France,Fra_43,Nuclear,Chooz Nuclear Power Plant France,37,3120.0
France,Fra_43,Nuclear,Chooz Nuclear Power Plant France,38,3120.0
France,Fra_43,Nuclear,Chooz Nuclear Power Plant France,39,3120.0
France,Fra_43,Nuclear,Chooz Nuclear Power Plant France,40,3120.0
France,Fra_43,Nuclear,Chooz Nuclear Power Plant France,41,3120.0
France,Fra_43,Nuclear,Chooz Nuclear Power Plant France,42,3120.0
France,Fra_43,Nuclear,Chooz Nuclear Power Plant France,43,3120.0
France,Fra_43,Nuclear,Chooz Nuclear Power Plant France,44,3120.0
France,Fra_43,Nuclear,Chooz Nuclear Power Plant France,45,3120.0
France,Fra_43,Nuclear,Chooz Nuclear Power Plant France,46,3120.0
France,Fra_43,Nuclear,Chooz Nuclear Power Plant France,47,3120.0
France,Fra_43,Nuclear,Chooz Nuclear Power Plant France,48,3120.0
France,Fra_43,Nuclear,Chooz Nuclear Power Plant France,49,3120.0
France,Fra_43,Nuclear,Chooz Nuclear Power Plant France,50,3120.0
France,Fra_43,Nuclear,Chooz Nuclear Power Plant France,51,3120.0
France,Fra_43,Nuclear,Chooz Nuclear Power Plant France,52,3120.0
France,Fra_43,Nuclear,Chooz Nuclear Power Plant France,53,3120.0
France,Fra_43,Nuclear,Chooz Nuclear Power Plant France,54,3120.0
France,Fra_43,Nuclear,Chooz Nuclear Power Plant France,55,3120.0
France,Fra_43,Nuclear,Chooz Nuclear Power Plant France,56,3120.0
France,Fra_43,Nuclear,Chooz Nuclear Power Plant France,57,3120.0
France,Fra_43,Nuclear,Chooz Nuclear Power Plant France,58,3120.0
France,Fra_43,Nuclear,Chooz Nuclear Power Plant France,59,3120.0
France,Fra_43,Nuclear,Chooz Nuclear Power Plant France,60,3120.0
France,Fra_43,Nuclear,Chooz Nuclear Power Plant France,61,3120.0
France,Fra_43,Nuclear,Chooz Nuclear Power Plant France,62,3120.0
France,Fra_43,Nuclear,Chooz Nuclear Power Plant France,63,3120.0
France,Fra_43,Nuclear,Chooz Nuclear Power Plant France,64,3120.0
France,Fra_43,Nuclear,Chooz Nuclear Power Plant France,65,3115.9433130540806
France,Fra_43,Nuclear,Chooz Nuclear Power Plant France,66,3120.0
France,Fra_43,Nuclear,Chooz Nuclear Power Plant France,67,3120.0
France,Fra_43,Nuclear,Chooz Nuclear Power Plant France,68,3120.0
France,Fra_43,Nuclear,Chooz Nuclear Power Plant France,69,3120.0
France,Fra_43,Nuclear,Chooz Nuclear Power Plant France,70,3120.0
France,Fra_43,Nuclear,Chooz Nuclear Power Plant France,71,3120.0
France,Fra_43,Nuclear,Chooz Nuclear Power Plant France,72,3120.0
France,Fra_43,Nuclear,Chooz Nuclear Power Plant France,73,3120.0
France,Fra_43,Nuclear,Chooz Nuclear Power Plant France,74,3120.0
France,Fra_43,Nuclear,Chooz Nuclear Power Plant France,75,3120.0
France,Fra_43,Nuclear,Chooz Nuclear Power Plant France,76,3120.0
France,Fra_43,Nuclear,Chooz Nuclear Power Plant France,77,3120.0
France,Fra_43,Nuclear,Chooz Nuclear Power Plant France,78,3120.0
France,Fra_43,Nuclear,Chooz Nuclear Power Plant France,79,3120.0
France,Fra_43,Nuclear,Chooz Nuclear Power Plant France,80,3120.0
France,Fra_43,Nuclear,Chooz Nuclear Power Plant France,81,3120.0
France,Fra_43,Nuclear,Chooz Nuclear Power Plant France,82,3120.0
France,Fra_43,Nuclear,Chooz Nuclear Power Plant France,83,3120.0
France,Fra_43,Nuclear,Chooz Nuclear Power Plant France,84,3120.0
France,Fra_43,Nuclear,Chooz Nuclear Power Plant France,85,3120.0
France,Fra_43,Nuclear,Chooz Nuclear Power Plant France,86,3120.0
France,Fra_43,Nuclear,Chooz Nuclear Power Plant France,87,3120.0
France,Fra_43,Nuclear,Chooz Nuclear Power Plant France,88,3120.0
France,Fra_43,Nuclear,Chooz Nuclear Power Plant France,89,3120.0
France,Fra_43,Nuclear,Chooz Nuclear Power Plant France,90,3120.0
France,Fra_43,Nuclear,Chooz Nuclear Power Plant France,91,3120.0
France,Fra_43,Nuclear,Chooz Nuclear Power Plant France,92,3120.0
France,Fra_43,Nuclear,Chooz Nuclear Power Plant France,93,3120.0
France,Fra_43,Nuclear,Chooz Nuclear Power Plant France,94,3120.0
France,Fra_43,Nuclear,Chooz Nuclear Power Plant France,95,3120.0
France,Fra_43,Nuclear,Chooz Nuclear Power Plant France,96,3120.0
France,Fra_310,Natural Gas,"Brennilis Combustion Gas Power Plant, France",1,0.0
France,Fra_310,Natural Gas,"Brennilis Combustion Gas Power Plant, France",2,0.0
France,Fra_310,Natural Gas,"Brennilis Combustion Gas Power Plant, France",3,0.0
France,Fra_310,Natural Gas,"Brennilis Combustion Gas Power Plant, France",4,0.0
France,Fra_310,Natural Gas,"Brennilis Combustion Gas Power Plant, France",5,0.0
France,Fra_310,Natural Gas,"Brennilis Combustion Gas Power Plant, France",6,0.0
France,Fra_310,Natural Gas,"Brennilis Combustion Gas Power Plant, France",7,0.0
France,Fra_310,Natural Gas,"Brennilis Combustion Gas Power Plant, France",8,0.0
France,Fra_310,Natural Gas,"Brennilis Combustion Gas Power Plant, France",9,0.0
France,Fra_310,Natural Gas,"Brennilis Combustion Gas Power Plant, France",10,0.0
France,Fra_310,Natural Gas,"Brennilis Combustion Gas Power Plant, France",11,0.0
France,Fra_310,Natural Gas,"Brennilis Combustion Gas Power Plant, France",12,0.0
France,Fra_310,Natural Gas,"Brennilis Combustion Gas Power Plant, France",13,0.0
France,Fra_310,Natural Gas,"Brennilis Combustion Gas Power Plant, France",14,0.0
France,Fra_310,Natural Gas,"Brennilis Combustion Gas Power Plant, France",15,0.0
France,Fra_310,Natural Gas,"Brennilis Combustion Gas Power Plant, France",16,0.0
France,Fra_310,Natural Gas,"Brennilis Combustion Gas Power Plant, France",17,0.0
France,Fra_310,Natural Gas,"Brennilis Combustion Gas Power Plant, France",18,0.0
France,Fra_310,Natural Gas,"Brennilis Combustion Gas Power Plant, France",19,0.0
France,Fra_310,Natural Gas,"Brennilis Combustion Gas Power Plant, France",20,0.0
France,Fra_310,Natural Gas,"Brennilis Combustion Gas Power Plant, France",21,0.0
France,Fra_310,Natural Gas,"Brennilis Combustion Gas Power Plant, France",22,0.0
France,Fra_310,Natural Gas,"Brennilis Combustion Gas Power Plant, France",23,0.0
France,Fra_310,Natural Gas,"Brennilis Combustion Gas Power Plant, France",24,0.0
France,Fra_310,Natural Gas,"Brennilis Combustion Gas Power Plant, France",25,0.0
France,Fra_310,Natural Gas,"Brennilis Combustion Gas Power Plant, France",26,0.0
France,Fra_310,Natural Gas,"Brennilis Combustion Gas Power Plant, France",27,0.0
France,Fra_310,Natural Gas,"Brennilis Combustion Gas Power Plant, France",28,0.0
France,Fra_310,Natural Gas,"Brennilis Combustion Gas Power Plant, France",29,0.0
France,Fra_310,Natural Gas,"Brennilis Combustion Gas Power Plant, France",30,0.0
France,Fra_310,Natural Gas,"Brennilis Combustion Gas Power Plant, France",31,0.0
France,Fra_310,Natural Gas,"Brennilis Combustion Gas Power Plant, France",32,0.0
France,Fra_310,Natural Gas,"Brennilis Combustion Gas Power Plant, France",33,0.0
France,Fra_310,Natural Gas,"Brennilis Combustion Gas Power Plant, France",34,0.0
France,Fra_310,Natural Gas,"Brennilis Combustion Gas Power Plant, France",35,0.0
France,Fra_310,Natural Gas,"Brennilis Combustion Gas Power Plant, France",36,0.0
France,Fra_310,Natural Gas,"Brennilis Combustion Gas Power Plant, France",37,0.0
France,Fra_310,Natural Gas,"Brennilis Combustion Gas Power Plant, France",38,0.0
France,Fra_310,Natural Gas,"Brennilis Combustion Gas Power Plant, France",39,0.0
France,Fra_310,Natural Gas,"Brennilis Combustion Gas Power Plant, France",40,0.0
France,Fra_310,Natural Gas,"Brennilis Combustion Gas Power Plant, France",41,0.0
France,Fra_310,Natural Gas,"Brennilis Combustion Gas Power Plant, France",42,0.0
France,Fra_310,Natural Gas,"Brennilis Combustion Gas Power Plant, France",43,0.0
France,Fra_310,Natural Gas,"Brennilis Combustion Gas Power Plant, France",44,0.0
France,Fra_310,Natural Gas,"Brennilis Combustion Gas Power Plant, France",45,0.0
France,Fra_310,Natural Gas,"Brennilis Combustion Gas Power Plant, France",46,0.0
France,Fra_310,Natural Gas,"Brennilis Combustion Gas Power Plant, France",47,0.0
France,Fra_310,Natural Gas,"Brennilis Combustion Gas Power Plant, France",48,0.0
France,Fra_310,Natural Gas,"Brennilis Combustion Gas Power Plant, France",49,0.0
France,Fra_310,Natural Gas,"Brennilis Combustion Gas Power Plant, France",50,0.0
France,Fra_310,Natural Gas,"Brennilis Combustion Gas Power Plant, France",51,0.0
France,Fra_310,Natural Gas,"Brennilis Combustion Gas Power Plant, France",52,0.0
France,Fra_310,Natural Gas,"Brennilis Combustion Gas Power Plant, France",53,0.0
France,Fra_310,Natural Gas,"Brennilis Combustion Gas Power Plant, France",54,0.0
France,Fra_310,Natural Gas,"Brennilis Combustion Gas Power Plant, France",55,0.0
France,Fra_310,Natural Gas,"Brennilis Combustion Gas Power Plant, France",56,0.0
France,Fra_310,Natural Gas,"Brennilis Combustion Gas Power Plant, France",57,0.0
France,Fra_310,Natural Gas,"Brennilis Combustion Gas Power Plant, France",58,0.0
France,Fra_310,Natural Gas,"Brennilis Combustion Gas Power Plant, France",59,0.0
France,Fra_310,Natural Gas,"Brennilis Combustion Gas Power Plant, France",60,0.0
France,Fra_310,Natural Gas,"Brennilis Combustion Gas Power Plant, France",61,0.0
France,Fra_310,Natural Gas,"Brennilis Combustion Gas Power Plant, France",62,0.0
France,Fra_310,Natural Gas,"Brennilis Combustion Gas Power Plant, France",63,0.0
France,Fra_310,Natural Gas,"Brennilis Combustion Gas Power Plant, France",64,0.0
France,Fra_310,Natural Gas,"Brennilis Combustion Gas Power Plant, France",65,0.0
France,Fra_310,Natural Gas,"Brennilis Combustion Gas Power Plant, France",66,0.0
France,Fra_310,Natural Gas,"Brennilis Combustion Gas Power Plant, France",67,0.0
France,Fra_310,Natural Gas,"Brennilis Combustion Gas Power Plant, France",68,0.0
France,Fra_310,Natural Gas,"Brennilis Combustion Gas Power Plant, France",69,0.0
France,Fra_310,Natural Gas,"Brennilis Combustion Gas Power Plant, France",70,0.0
France,Fra_310,Natural Gas,"Brennilis Combustion Gas Power Plant, France",71,0.0
France,Fra_310,Natural Gas,"Brennilis Combustion Gas Power Plant, France",72,0.0
France,Fra_310,Natural Gas,"Brennilis Combustion Gas Power Plant, France",73,0.0
France,Fra_310,Natural Gas,"Brennilis Combustion Gas Power Plant, France",74,0.0
France,Fra_310,Natural Gas,"Brennilis Combustion Gas Power Plant, France",75,0.0
France,Fra_310,Natural Gas,"Brennilis Combustion Gas Power Plant, France",76,0.0
France,Fra_310,Natural Gas,"Brennilis Combustion Gas Power Plant, France",77,0.0
France,Fra_310,Natural Gas,"Brennilis Combustion Gas Power Plant, France",78,0.0
France,Fra_310,Natural Gas,"Brennilis Combustion Gas Power Plant, France",79,0.0
France,Fra_310,Natural Gas,"Brennilis Combustion Gas Power Plant, France",80,0.0
France,Fra_310,Natural Gas,"Brennilis Combustion Gas Power Plant, France",81,0.0
France,Fra_310,Natural Gas,"Brennilis Combustion Gas Power Plant, France",82,0.0
France,Fra_310,Natural Gas,"Brennilis Combustion Gas Power Plant, France",83,0.0
France,Fra_310,Natural Gas,"Brennilis Combustion Gas Power Plant, France",84,0.0
France,Fra_310,Natural Gas,"Brennilis Combustion Gas Power Plant, France",85,0.0
France,Fra_310,Natural Gas,"Brennilis Combustion Gas Power Plant, France",86,0.0
France,Fra_310,Natural Gas,"Brennilis Combustion Gas Power Plant, France",87,0.0
France,Fra_310,Natural Gas,"Brennilis Combustion Gas Power Plant, France",88,0.0
France,Fra_310,Natural Gas,"Brennilis Combustion Gas Power Plant, France",89,0.0
France,Fra_310,Natural Gas,"Brennilis Combustion Gas Power Plant, France",90,0.0
France,Fra_310,Natural Gas,"Brennilis Combustion Gas Power Plant, France",91,0.0
France,Fra_310,Natural Gas,"Brennilis Combustion Gas Power Plant, France",92,0.0
France,Fra_310,Natural Gas,"Brennilis Combustion Gas Power Plant, France",93,0.0
France,Fra_310,Natural Gas,"Brennilis Combustion Gas Power Plant, France",94,0.0
France,Fra_310,Natural Gas,"Brennilis Combustion Gas Power Plant, France",95,0.0
France,Fra_310,Natural Gas,"Brennilis Combustion Gas Power Plant, France",96,0.0
France,Fra_309,Natural Gas,"Dirinon Combustion Gas Power Plant, France",1,0.0
France,Fra_309,Natural Gas,"Dirinon Combustion Gas Power Plant, France",2,0.0
France,Fra_309,Natural Gas,"Dirinon Combustion Gas Power Plant, France",3,0.0
France,Fra_309,Natural Gas,"Dirinon Combustion Gas Power Plant, France",4,0.0
France,Fra_309,Natural Gas,"Dirinon Combustion Gas Power Plant, France",5,0.0
France,Fra_309,Natural Gas,"Dirinon Combustion Gas Power Plant, France",6,0.0
France,Fra_309,Natural Gas,"Dirinon Combustion Gas Power Plant, France",7,0.0
France,Fra_309,Natural Gas,"Dirinon Combustion Gas Power Plant, France",8,0.0
France,Fra_309,Natural Gas,"Dirinon Combustion Gas Power Plant, France",9,0.0
France,Fra_309,Natural Gas,"Dirinon Combustion Gas Power Plant, France",10,0.0
France,Fra_309,Natural Gas,"Dirinon Combustion Gas Power Plant, France",11,0.0
France,Fra_309,Natural Gas,"Dirinon Combustion Gas Power Plant, France",12,0.0
France,Fra_309,Natural Gas,"Dirinon Combustion Gas Power Plant, France",13,0.0
France,Fra_309,Natural Gas,"Dirinon Combustion Gas Power Plant, France",14,0.0
France,Fra_309,Natural Gas,"Dirinon Combustion Gas Power Plant, France",15,0.0
France,Fra_309,Natural Gas,"Dirinon Combustion Gas Power Plant, France",16,0.0
France,Fra_309,Natural Gas,"Dirinon Combustion Gas Power Plant, France",17,0.0
France,Fra_309,Natural Gas,"Dirinon Combustion Gas Power Plant, France",18,0.0
France,Fra_309,Natural Gas,"Dirinon Combustion Gas Power Plant, France",19,0.0
France,Fra_309,Natural Gas,"Dirinon Combustion Gas Power Plant, France",20,0.0
France,Fra_309,Natural Gas,"Dirinon Combustion Gas Power Plant, France",21,0.0
France,Fra_309,Natural Gas,"Dirinon Combustion Gas Power Plant, France",22,0.0
France,Fra_309,Natural Gas,"Dirinon Combustion Gas Power Plant, France",23,0.0
France,Fra_309,Natural Gas,"Dirinon Combustion Gas Power Plant, France",24,0.0
France,Fra_309,Natural Gas,"Dirinon Combustion Gas Power Plant, France",25,0.0
France,Fra_309,Natural Gas,"Dirinon Combustion Gas Power Plant, France",26,0.0
France,Fra_309,Natural Gas,"Dirinon Combustion Gas Power Plant, France",27,0.0
France,Fra_309,Natural Gas,"Dirinon Combustion Gas Power Plant, France",28,0.0
France,Fra_309,Natural Gas,"Dirinon Combustion Gas Power Plant, France",29,0.0
France,Fra_309,Natural Gas,"Dirinon Combustion Gas Power Plant, France",30,0.0
France,Fra_309,Natural Gas,"Dirinon Combustion Gas Power Plant, France",31,0.0
France,Fra_309,Natural Gas,"Dirinon Combustion Gas Power Plant, France",32,0.0
France,Fra_309,Natural Gas,"Dirinon Combustion Gas Power Plant, France",33,0.0
France,Fra_309,Natural Gas,"Dirinon Combustion Gas Power Plant, France",34,0.0
France,Fra_309,Natural Gas,"Dirinon Combustion Gas Power Plant, France",35,0.0
France,Fra_309,Natural Gas,"Dirinon Combustion Gas Power Plant, France",36,0.0
France,Fra_309,Natural Gas,"Dirinon Combustion Gas Power Plant, France",37,0.0
France,Fra_309,Natural Gas,"Dirinon Combustion Gas Power Plant, France",38,0.0
France,Fra_309,Natural Gas,"Dirinon Combustion Gas Power Plant, France",39,0.0
France,Fra_309,Natural Gas,"Dirinon Combustion Gas Power Plant, France",40,0.0
France,Fra_309,Natural Gas,"Dirinon Combustion Gas Power Plant, France",41,0.0
France,Fra_309,Natural Gas,"Dirinon Combustion Gas Power Plant, France",42,0.0
France,Fra_309,Natural Gas,"Dirinon Combustion Gas Power Plant, France",43,0.0
France,Fra_309,Natural Gas,"Dirinon Combustion Gas Power Plant, France",44,0.0
France,Fra_309,Natural Gas,"Dirinon Combustion Gas Power Plant, France",45,0.0
France,Fra_309,Natural Gas,"Dirinon Combustion Gas Power Plant, France",46,0.0
France,Fra_309,Natural Gas,"Dirinon Combustion Gas Power Plant, France",47,0.0
France,Fra_309,Natural Gas,"Dirinon Combustion Gas Power Plant, France",48,0.0
France,Fra_309,Natural Gas,"Dirinon Combustion Gas Power Plant, France",49,0.0
France,Fra_309,Natural Gas,"Dirinon Combustion Gas Power Plant, France",50,0.0
France,Fra_309,Natural Gas,"Dirinon Combustion Gas Power Plant, France",51,0.0
France,Fra_309,Natural Gas,"Dirinon Combustion Gas Power Plant, France",52,0.0
France,Fra_309,Natural Gas,"Dirinon Combustion Gas Power Plant, France",53,0.0
France,Fra_309,Natural Gas,"Dirinon Combustion Gas Power Plant, France",54,0.0
France,Fra_309,Natural Gas,"Dirinon Combustion Gas Power Plant, France",55,0.0
France,Fra_309,Natural Gas,"Dirinon Combustion Gas Power Plant, France",56,0.0
France,Fra_309,Natural Gas,"Dirinon Combustion Gas Power Plant, France",57,0.0
France,Fra_309,Natural Gas,"Dirinon Combustion Gas Power Plant, France",58,0.0
France,Fra_309,Natural Gas,"Dirinon Combustion Gas Power Plant, France",59,0.0
France,Fra_309,Natural Gas,"Dirinon Combustion Gas Power Plant, France",60,0.0
France,Fra_309,Natural Gas,"Dirinon Combustion Gas Power Plant, France",61,0.0
France,Fra_309,Natural Gas,"Dirinon Combustion Gas Power Plant, France",62,0.0
France,Fra_309,Natural Gas,"Dirinon Combustion Gas Power Plant, France",63,0.0
France,Fra_309,Natural Gas,"Dirinon Combustion Gas Power Plant, France",64,0.0
France,Fra_309,Natural Gas,"Dirinon Combustion Gas Power Plant, France",65,0.0
France,Fra_309,Natural Gas,"Dirinon Combustion Gas Power Plant, France",66,0.0
France,Fra_309,Natural Gas,"Dirinon Combustion Gas Power Plant, France",67,0.0
France,Fra_309,Natural Gas,"Dirinon Combustion Gas Power Plant, France",68,0.0
France,Fra_309,Natural Gas,"Dirinon Combustion Gas Power Plant, France",69,0.0
France,Fra_309,Natural Gas,"Dirinon Combustion Gas Power Plant, France",70,0.0
France,Fra_309,Natural Gas,"Dirinon Combustion Gas Power Plant, France",71,0.0
France,Fra_309,Natural Gas,"Dirinon Combustion Gas Power Plant, France",72,0.0
France,Fra_309,Natural Gas,"Dirinon Combustion Gas Power Plant, France",73,0.0
France,Fra_309,Natural Gas,"Dirinon Combustion Gas Power Plant, France",74,0.0
France,Fra_309,Natural Gas,"Dirinon Combustion Gas Power Plant, France",75,0.0
France,Fra_309,Natural Gas,"Dirinon Combustion Gas Power Plant, France",76,0.0
France,Fra_309,Natural Gas,"Dirinon Combustion Gas Power Plant, France",77,0.0
France,Fra_309,Natural Gas,"Dirinon Combustion Gas Power Plant, France",78,0.0
France,Fra_309,Natural Gas,"Dirinon Combustion Gas Power Plant, France",79,0.0
France,Fra_309,Natural Gas,"Dirinon Combustion Gas Power Plant, France",80,0.0
France,Fra_309,Natural Gas,"Dirinon Combustion Gas Power Plant, France",81,0.0
France,Fra_309,Natural Gas,"Dirinon Combustion Gas Power Plant, France",82,0.0
France,Fra_309,Natural Gas,"Dirinon Combustion Gas Power Plant, France",83,0.0
France,Fra_309,Natural Gas,"Dirinon Combustion Gas Power Plant, France",84,0.0
France,Fra_309,Natural Gas,"Dirinon Combustion Gas Power Plant, France",85,0.0
France,Fra_309,Natural Gas,"Dirinon Combustion Gas Power Plant, France",86,0.0
France,Fra_309,Natural Gas,"Dirinon Combustion Gas Power Plant, France",87,0.0
France,Fra_309,Natural Gas,"Dirinon Combustion Gas Power Plant, France",88,0.0
France,Fra_309,Natural Gas,"Dirinon Combustion Gas Power Plant, France",89,0.0
France,Fra_309,Natural Gas,"Dirinon Combustion Gas Power Plant, France",90,0.0
France,Fra_309,Natural Gas,"Dirinon Combustion Gas Power Plant, France",91,0.0
France,Fra_309,Natural Gas,"Dirinon Combustion Gas Power Plant, France",92,0.0
France,Fra_309,Natural Gas,"Dirinon Combustion Gas Power Plant, France",93,0.0
France,Fra_309,Natural Gas,"Dirinon Combustion Gas Power Plant, France",94,0.0
France,Fra_309,Natural Gas,"Dirinon Combustion Gas Power Plant, France",95,0.0
France,Fra_309,Natural Gas,"Dirinon Combustion Gas Power Plant, France",96,0.0
France,Fra_307,Coal,Courrieres Coal Power Plant France (Shutdown),1,0.0
France,Fra_307,Coal,Courrieres Coal Power Plant France (Shutdown),2,0.0
France,Fra_307,Coal,Courrieres Coal Power Plant France (Shutdown),3,0.0
France,Fra_307,Coal,Courrieres Coal Power Plant France (Shutdown),4,0.0
France,Fra_307,Coal,Courrieres Coal Power Plant France (Shutdown),5,0.0
France,Fra_307,Coal,Courrieres Coal Power Plant France (Shutdown),6,0.0
France,Fra_307,Coal,Courrieres Coal Power Plant France (Shutdown),7,0.0
France,Fra_307,Coal,Courrieres Coal Power Plant France (Shutdown),8,0.0
France,Fra_307,Coal,Courrieres Coal Power Plant France (Shutdown),9,0.0
France,Fra_307,Coal,Courrieres Coal Power Plant France (Shutdown),10,0.0
France,Fra_307,Coal,Courrieres Coal Power Plant France (Shutdown),11,0.0
France,Fra_307,Coal,Courrieres Coal Power Plant France (Shutdown),12,0.0
France,Fra_307,Coal,Courrieres Coal Power Plant France (Shutdown),13,0.0
France,Fra_307,Coal,Courrieres Coal Power Plant France (Shutdown),14,0.0
France,Fra_307,Coal,Courrieres Coal Power Plant France (Shutdown),15,0.0
France,Fra_307,Coal,Courrieres Coal Power Plant France (Shutdown),16,0.0
France,Fra_307,Coal,Courrieres Coal Power Plant France (Shutdown),17,46.8
France,Fra_307,Coal,Courrieres Coal Power Plant France (Shutdown),18,46.8
France,Fra_307,Coal,Courrieres Coal Power Plant France (Shutdown),19,46.8
France,Fra_307,Coal,Courrieres Coal Power Plant France (Shutdown),20,234.0
France,Fra_307,Coal,Courrieres Coal Power Plant France (Shutdown),21,234.0
France,Fra_307,Coal,Courrieres Coal Power Plant France (Shutdown),22,234.0
France,Fra_307,Coal,Courrieres Coal Power Plant France (Shutdown),23,234.0
France,Fra_307,Coal,Courrieres Coal Power Plant France (Shutdown),24,234.0
France,Fra_307,Coal,Courrieres Coal Power Plant France (Shutdown),25,234.0
France,Fra_307,Coal,Courrieres Coal Power Plant France (Shutdown),26,234.0
France,Fra_307,Coal,Courrieres Coal Power Plant France (Shutdown),27,234.0
France,Fra_307,Coal,Courrieres Coal Power Plant France (Shutdown),28,234.0
France,Fra_307,Coal,Courrieres Coal Power Plant France (Shutdown),29,234.0
France,Fra_307,Coal,Courrieres Coal Power Plant France (Shutdown),30,46.8
France,Fra_307,Coal,Courrieres Coal Power Plant France (Shutdown),31,46.8
France,Fra_307,Coal,Courrieres Coal Power Plant France (Shutdown),32,46.8
France,Fra_307,Coal,Courrieres Coal Power Plant France (Shutdown),33,234.0
France,Fra_307,Coal,Courrieres Coal Power Plant France (Shutdown),34,46.8
France,Fra_307,Coal,Courrieres Coal Power Plant France (Shutdown),35,46.8
France,Fra_307,Coal,Courrieres Coal Power Plant France (Shutdown),36,46.8
France,Fra_307,Coal,Courrieres Coal Power Plant France (Shutdown),37,234.0
France,Fra_307,Coal,Courrieres Coal Power Plant France (Shutdown),38,234.0
France,Fra_307,Coal,Courrieres Coal Power Plant France (Shutdown),39,234.0
France,Fra_307,Coal,Courrieres Coal Power Plant France (Shutdown),40,234.0
France,Fra_307,Coal,Courrieres Coal Power Plant France (Shutdown),41,46.8
France,Fra_307,Coal,Courrieres Coal Power Plant France (Shutdown),42,46.8
France,Fra_307,Coal,Courrieres Coal Power Plant France (Shutdown),43,46.8
France,Fra_307,Coal,Courrieres Coal Power Plant France (Shutdown),44,46.8
France,Fra_307,Coal,Courrieres Coal Power Plant France (Shutdown),45,234.0
France,Fra_307,Coal,Courrieres Coal Power Plant France (Shutdown),46,234.0
France,Fra_307,Coal,Courrieres Coal Power Plant France (Shutdown),47,46.8
France,Fra_307,Coal,Courrieres Coal Power Plant France (Shutdown),48,46.8
France,Fra_307,Coal,Courrieres Coal Power Plant France (Shutdown),49,46.8
France,Fra_307,Coal,Courrieres Coal Power Plant France (Shutdown),50,46.8
France,Fra_307,Coal,Courrieres Coal Power Plant France (Shutdown),51,46.8
France,Fra_307,Coal,Courrieres Coal Power Plant France (Shutdown),52,46.8
France,Fra_307,Coal,Courrieres Coal Power Plant France (Shutdown),53,46.8
France,Fra_307,Coal,Courrieres Coal Power Plant France (Shutdown),54,46.8
France,Fra_307,Coal,Courrieres Coal Power Plant France (Shutdown),55,46.8
France,Fra_307,Coal,Courrieres Coal Power Plant France (Shutdown),56,46.8
France,Fra_307,Coal,Courrieres Coal Power Plant France (Shutdown),57,46.8
France,Fra_307,Coal,Courrieres Coal Power Plant France (Shutdown),58,46.8
France,Fra_307,Coal,Courrieres Coal Power Plant France (Shutdown),59,46.8
France,Fra_307,Coal,Courrieres Coal Power Plant France (Shutdown),60,46.8
France,Fra_307,Coal,Courrieres Coal Power Plant France (Shutdown),61,46.8
France,Fra_307,Coal,Courrieres Coal Power Plant France (Shutdown),62,46.8
France,Fra_307,Coal,Courrieres Coal Power Plant France (Shutdown),63,46.8
France,Fra_307,Coal,Courrieres Coal Power Plant France (Shutdown),64,46.8
France,Fra_307,Coal,Courrieres Coal Power Plant France (Shutdown),65,234.0
France,Fra_307,Coal,Courrieres Coal Power Plant France (Shutdown),66,234.0
France,Fra_307,Coal,Courrieres Coal Power Plant France (Shutdown),67,234.0
France,Fra_307,Coal,Courrieres Coal Power Plant France (Shutdown),68,46.8
France,Fra_307,Coal,Courrieres Coal Power Plant France (Shutdown),69,234.0
France,Fra_307,Coal,Courrieres Coal Power Plant France (Shutdown),70,105.2890130863019
France,Fra_307,Coal,Courrieres Coal Power Plant France (Shutdown),71,46.8
France,Fra_307,Coal,Courrieres Coal Power Plant France (Shutdown),72,46.8
France,Fra_307,Coal,Courrieres Coal Power Plant France (Shutdown),73,46.8
France,Fra_307,Coal,Courrieres Coal Power Plant France (Shutdown),74,46.8
France,Fra_307,Coal,Courrieres Coal Power Plant France (Shutdown),75,46.8
France,Fra_307,Coal,Courrieres Coal Power Plant France (Shutdown),76,46.8
France,Fra_307,Coal,Courrieres Coal Power Plant France (Shutdown),77,46.8
France,Fra_307,Coal,Courrieres Coal Power Plant France (Shutdown),78,234.0
France,Fra_307,Coal,Courrieres Coal Power Plant France (Shutdown),79,234.0
France,Fra_307,Coal,Courrieres Coal Power Plant France (Shutdown),80,234.0
France,Fra_307,Coal,Courrieres Coal Power Plant France (Shutdown),81,46.8
France,Fra_307,Coal,Courrieres Coal Power Plant France (Shutdown),82,234.0
France,Fra_307,Coal,Courrieres Coal Power Plant France (Shutdown),83,234.0
France,Fra_307,Coal,Courrieres Coal Power Plant France (Shutdown),84,234.0
France,Fra_307,Coal,Courrieres Coal Power Plant France (Shutdown),85,234.0
France,Fra_307,Coal,Courrieres Coal Power Plant France (Shutdown),86,234.0
France,Fra_307,Coal,Courrieres Coal Power Plant France (Shutdown),87,234.0
France,Fra_307,Coal,Courrieres Coal Power Plant France (Shutdown),88,234.0
France,Fra_307,Coal,Courrieres Coal Power Plant France (Shutdown),89,234.0
France,Fra_307,Coal,Courrieres Coal Power Plant France (Shutdown),90,234.0
France,Fra_307,Coal,Courrieres Coal Power Plant France (Shutdown),91,234.0
France,Fra_307,Coal,Courrieres Coal Power Plant France (Shutdown),92,46.8
France,Fra_307,Coal,Courrieres Coal Power Plant France (Shutdown),93,0.0
France,Fra_307,Coal,Courrieres Coal Power Plant France (Shutdown),94,0.0
France,Fra_307,Coal,Courrieres Coal Power Plant France (Shutdown),95,0.0
France,Fra_307,Coal,Courrieres Coal Power Plant France (Shutdown),96,0.0
France,Fra_306,Nuclear,Nogent Nuclear Power Plant France,1,2726.0
France,Fra_306,Nuclear,Nogent Nuclear Power Plant France,2,2726.0
France,Fra_306,Nuclear,Nogent Nuclear Power Plant France,3,2726.0
France,Fra_306,Nuclear,Nogent Nuclear Power Plant France,4,2726.0
France,Fra_306,Nuclear,Nogent Nuclear Power Plant France,5,2726.0
France,Fra_306,Nuclear,Nogent Nuclear Power Plant France,6,2726.0
France,Fra_306,Nuclear,Nogent Nuclear Power Plant France,7,2726.0
France,Fra_306,Nuclear,Nogent Nuclear Power Plant France,8,2726.0
France,Fra_306,Nuclear,Nogent Nuclear Power Plant France,9,2726.0
France,Fra_306,Nuclear,Nogent Nuclear Power Plant France,10,2726.0
France,Fra_306,Nuclear,Nogent Nuclear Power Plant France,11,2726.0
France,Fra_306,Nuclear,Nogent Nuclear Power Plant France,12,2726.0
France,Fra_306,Nuclear,Nogent Nuclear Power Plant France,13,2726.0
France,Fra_306,Nuclear,Nogent Nuclear Power Plant France,14,2726.0
France,Fra_306,Nuclear,Nogent Nuclear Power Plant France,15,2726.0
France,Fra_306,Nuclear,Nogent Nuclear Power Plant France,16,2726.0
France,Fra_306,Nuclear,Nogent Nuclear Power Plant France,17,2726.0
France,Fra_306,Nuclear,Nogent Nuclear Power Plant France,18,2726.0
France,Fra_306,Nuclear,Nogent Nuclear Power Plant France,19,2726.0
France,Fra_306,Nuclear,Nogent Nuclear Power Plant France,20,2726.0
France,Fra_306,Nuclear,Nogent Nuclear Power Plant France,21,2726.0
France,Fra_306,Nuclear,Nogent Nuclear Power Plant France,22,2726.0
France,Fra_306,Nuclear,Nogent Nuclear Power Plant France,23,2726.0
France,Fra_306,Nuclear,Nogent Nuclear Power Plant France,24,2726.0
France,Fra_306,Nuclear,Nogent Nuclear Power Plant France,25,2726.0
France,Fra_306,Nuclear,Nogent Nuclear Power Plant France,26,2726.0
France,Fra_306,Nuclear,Nogent Nuclear Power Plant France,27,2726.0
France,Fra_306,Nuclear,Nogent Nuclear Power Plant France,28,2726.0
France,Fra_306,Nuclear,Nogent Nuclear Power Plant France,29,2726.0
France,Fra_306,Nuclear,Nogent Nuclear Power Plant France,30,2698.0564535155145
France,Fra_306,Nuclear,Nogent Nuclear Power Plant France,31,2537.551001317987
France,Fra_306,Nuclear,Nogent Nuclear Power Plant France,32,2596.272016876667
France,Fra_306,Nuclear,Nogent Nuclear Power Plant France,33,2501.6401781228615
France,Fra_306,Nuclear,Nogent Nuclear Power Plant France,34,2627.7971443024267
France,Fra_306,Nuclear,Nogent Nuclear Power Plant France,35,2618.055592005324
France,Fra_306,Nuclear,Nogent Nuclear Power Plant France,36,2726.0
France,Fra_306,Nuclear,Nogent Nuclear Power Plant France,37,2726.0
France,Fra_306,Nuclear,Nogent Nuclear Power Plant France,38,2726.0
France,Fra_306,Nuclear,Nogent Nuclear Power Plant France,39,2726.0
France,Fra_306,Nuclear,Nogent Nuclear Power Plant France,40,2726.0
France,Fra_306,Nuclear,Nogent Nuclear Power Plant France,41,2726.0
France,Fra_306,Nuclear,Nogent Nuclear Power Plant France,42,2604.916799552613
France,Fra_306,Nuclear,Nogent Nuclear Power Plant France,43,2672.8191887628986
France,Fra_306,Nuclear,Nogent Nuclear Power Plant France,44,2620.8460893337183
France,Fra_306,Nuclear,Nogent Nuclear Power Plant France,45,2726.0
France,Fra_306,Nuclear,Nogent Nuclear Power Plant France,46,2421.2395789194434
France,Fra_306,Nuclear,Nogent Nuclear Power Plant France,47,2699.183466805754
France,Fra_306,Nuclear,Nogent Nuclear Power Plant France,48,2676.661115964276
France,Fra_306,Nuclear,Nogent Nuclear Power Plant France,49,2726.0
France,Fra_306,Nuclear,Nogent Nuclear Power Plant France,50,2726.0
France,Fra_306,Nuclear,Nogent Nuclear Power Plant France,51,2726.0
France,Fra_306,Nuclear,Nogent Nuclear Power Plant France,52,2726.0
France,Fra_306,Nuclear,Nogent Nuclear Power Plant France,53,2726.0
France,Fra_306,Nuclear,Nogent Nuclear Power Plant France,54,2726.0
France,Fra_306,Nuclear,Nogent Nuclear Power Plant France,55,2726.0
France,Fra_306,Nuclear,Nogent Nuclear Power Plant France,56,2726.0
France,Fra_306,Nuclear,Nogent Nuclear Power Plant France,57,2726.0
France,Fra_306,Nuclear,Nogent Nuclear Power Plant France,58,2726.0
France,Fra_306,Nuclear,Nogent Nuclear Power Plant France,59,2726.0
France,Fra_306,Nuclear,Nogent Nuclear Power Plant France,60,2726.0
France,Fra_306,Nuclear,Nogent Nuclear Power Plant France,61,2726.0
France,Fra_306,Nuclear,Nogent Nuclear Power Plant France,62,2726.0
France,Fra_306,Nuclear,Nogent Nuclear Power Plant France,63,2726.0
France,Fra_306,Nuclear,Nogent Nuclear Power Plant France,64,2726.0
France,Fra_306,Nuclear,Nogent Nuclear Power Plant France,65,2726.0
France,Fra_306,Nuclear,Nogent Nuclear Power Plant France,66,2726.0
France,Fra_306,Nuclear,Nogent Nuclear Power Plant France,67,2726.0
France,Fra_306,Nuclear,Nogent Nuclear Power Plant France,68,2726.0
France,Fra_306,Nuclear,Nogent Nuclear Power Plant France,69,2726.0
France,Fra_306,Nuclear,Nogent Nuclear Power Plant France,70,2726.0
France,Fra_306,Nuclear,Nogent Nuclear Power Plant France,71,2726.0
France,Fra_306,Nuclear,Nogent Nuclear Power Plant France,72,2726.0
France,Fra_306,Nuclear,Nogent Nuclear Power Plant France,73,2726.0
France,Fra_306,Nuclear,Nogent Nuclear Power Plant France,74,2726.0
France,Fra_306,Nuclear,Nogent Nuclear Power Plant France,75,2726.0
France,Fra_306,Nuclear,Nogent Nuclear Power Plant France,76,2726.0
France,Fra_306,Nuclear,Nogent Nuclear Power Plant France,77,2726.0
France,Fra_306,Nuclear,Nogent Nuclear Power Plant France,78,2726.0
France,Fra_306,Nuclear,Nogent Nuclear Power Plant France,79,2726.0
France,Fra_306,Nuclear,Nogent Nuclear Power Plant France,80,2726.0
France,Fra_306,Nuclear,Nogent Nuclear Power Plant France,81,2726.0
France,Fra_306,Nuclear,Nogent Nuclear Power Plant France,82,2726.0
France,Fra_306,Nuclear,Nogent Nuclear Power Plant France,83,2726.0
France,Fra_306,Nuclear,Nogent Nuclear Power Plant France,84,2726.0
France,Fra_306,Nuclear,Nogent Nuclear Power Plant France,85,2726.0
France,Fra_306,Nuclear,Nogent Nuclear Power Plant France,86,2726.0
France,Fra_306,Nuclear,Nogent Nuclear Power Plant France,87,2726.0
France,Fra_306,Nuclear,Nogent Nuclear Power Plant France,88,2726.0
France,Fra_306,Nuclear,Nogent Nuclear Power Plant France,89,2726.0
France,Fra_306,Nuclear,Nogent Nuclear Power Plant France,90,2726.0
France,Fra_306,Nuclear,Nogent Nuclear Power Plant France,91,2726.0
France,Fra_306,Nuclear,Nogent Nuclear Power Plant France,92,2726.0
France,Fra_306,Nuclear,Nogent Nuclear Power Plant France,93,2726.0
France,Fra_306,Nuclear,Nogent Nuclear Power Plant France,94,2726.0
France,Fra_306,Nuclear,Nogent Nuclear Power Plant France,95,2726.0
France,Fra_306,Nuclear,Nogent Nuclear Power Plant France,96,2726.0
France,Fra_296,Coal,Hornaing B Coal Power Plant France,1,0.0
France,Fra_296,Coal,Hornaing B Coal Power Plant France,2,0.0
France,Fra_296,Coal,Hornaing B Coal Power Plant France,3,0.0
France,Fra_296,Coal,Hornaing B Coal Power Plant France,4,0.0
France,Fra_296,Coal,Hornaing B Coal Power Plant France,5,0.0
France,Fra_296,Coal,Hornaing B Coal Power Plant France,6,0.0
France,Fra_296,Coal,Hornaing B Coal Power Plant France,7,0.0
France,Fra_296,Coal,Hornaing B Coal Power Plant France,8,0.0
France,Fra_296,Coal,Hornaing B Coal Power Plant France,9,0.0
France,Fra_296,Coal,Hornaing B Coal Power Plant France,10,0.0
France,Fra_296,Coal,Hornaing B Coal Power Plant France,11,0.0
France,Fra_296,Coal,Hornaing B Coal Power Plant France,12,0.0
France,Fra_296,Coal,Hornaing B Coal Power Plant France,13,0.0
France,Fra_296,Coal,Hornaing B Coal Power Plant France,14,0.0
France,Fra_296,Coal,Hornaing B Coal Power Plant France,15,0.0
France,Fra_296,Coal,Hornaing B Coal Power Plant France,16,0.0
France,Fra_296,Coal,Hornaing B Coal Power Plant France,17,50.6
France,Fra_296,Coal,Hornaing B Coal Power Plant France,18,50.6
France,Fra_296,Coal,Hornaing B Coal Power Plant France,19,50.6
France,Fra_296,Coal,Hornaing B Coal Power Plant France,20,253.0
France,Fra_296,Coal,Hornaing B Coal Power Plant France,21,253.0
France,Fra_296,Coal,Hornaing B Coal Power Plant France,22,253.0
France,Fra_296,Coal,Hornaing B Coal Power Plant France,23,253.0
France,Fra_296,Coal,Hornaing B Coal Power Plant France,24,253.0
France,Fra_296,Coal,Hornaing B Coal Power Plant France,25,253.0
France,Fra_296,Coal,Hornaing B Coal Power Plant France,26,253.0
France,Fra_296,Coal,Hornaing B Coal Power Plant France,27,253.0
France,Fra_296,Coal,Hornaing B Coal Power Plant France,28,253.0
France,Fra_296,Coal,Hornaing B Coal Power Plant France,29,253.0
France,Fra_296,Coal,Hornaing B Coal Power Plant France,30,253.0
France,Fra_296,Coal,Hornaing B Coal Power Plant France,31,253.0
France,Fra_296,Coal,Hornaing B Coal Power Plant France,32,50.6
France,Fra_296,Coal,Hornaing B Coal Power Plant France,33,253.0
France,Fra_296,Coal,Hornaing B Coal Power Plant France,34,253.0
France,Fra_296,Coal,Hornaing B Coal Power Plant France,35,253.0
France,Fra_296,Coal,Hornaing B Coal Power Plant France,36,185.73062724098605
France,Fra_296,Coal,Hornaing B Coal Power Plant France,37,253.0
France,Fra_296,Coal,Hornaing B Coal Power Plant France,38,253.0
France,Fra_296,Coal,Hornaing B Coal Power Plant France,39,253.0
France,Fra_296,Coal,Hornaing B Coal Power Plant France,40,253.0
France,Fra_296,Coal,Hornaing B Coal Power Plant France,41,50.6
France,Fra_296,Coal,Hornaing B Coal Power Plant France,42,253.0
France,Fra_296,Coal,Hornaing B Coal Power Plant France,43,253.0
France,Fra_296,Coal,Hornaing B Coal Power Plant France,44,253.0
France,Fra_296,Coal,Hornaing B Coal Power Plant France,45,253.0
France,Fra_296,Coal,Hornaing B Coal Power Plant France,46,253.0
France,Fra_296,Coal,Hornaing B Coal Power Plant France,47,253.0
France,Fra_296,Coal,Hornaing B Coal Power Plant France,48,253.0
France,Fra_296,Coal,Hornaing B Coal Power Plant France,49,50.6
France,Fra_296,Coal,Hornaing B Coal Power Plant France,50,50.6
France,Fra_296,Coal,Hornaing B Coal Power Plant France,51,182.6797009434594
France,Fra_296,Coal,Hornaing B Coal Power Plant France,52,50.6
France,Fra_296,Coal,Hornaing B Coal Power Plant France,53,50.6
France,Fra_296,Coal,Hornaing B Coal Power Plant France,54,50.6
France,Fra_296,Coal,Hornaing B Coal Power Plant France,55,97.86016460220344
France,Fra_296,Coal,Hornaing B Coal Power Plant France,56,50.6
France,Fra_296,Coal,Hornaing B Coal Power Plant France,57,50.6
France,Fra_296,Coal,Hornaing B Coal Power Plant France,58,50.6
France,Fra_296,Coal,Hornaing B Coal Power Plant France,59,50.6
France,Fra_296,Coal,Hornaing B Coal Power Plant France,60,50.6
France,Fra_296,Coal,Hornaing B Coal Power Plant France,61,50.6
France,Fra_296,Coal,Hornaing B Coal Power Plant France,62,50.6
France,Fra_296,Coal,Hornaing B Coal Power Plant France,63,50.6
France,Fra_296,Coal,Hornaing B Coal Power Plant France,64,50.6
France,Fra_296,Coal,Hornaing B Coal Power Plant France,65,253.0
France,Fra_296,Coal,Hornaing B Coal Power Plant France,66,253.0
France,Fra_296,Coal,Hornaing B Coal Power Plant France,67,253.0
France,Fra_296,Coal,Hornaing B Coal Power Plant France,68,112.51015117928318
France,Fra_296,Coal,Hornaing B Coal Power Plant France,69,253.0
France,Fra_296,Coal,Hornaing B Coal Power Plant France,70,253.0
France,Fra_296,Coal,Hornaing B Coal Power Plant France,71,50.6
France,Fra_296,Coal,Hornaing B Coal Power Plant France,72,50.6
France,Fra_296,Coal,Hornaing B Coal Power Plant France,73,50.6
France,Fra_296,Coal,Hornaing B Coal Power Plant France,74,50.6
France,Fra_296,Coal,Hornaing B Coal Power Plant France,75,50.6
France,Fra_296,Coal,Hornaing B Coal Power Plant France,76,50.6
France,Fra_296,Coal,Hornaing B Coal Power Plant France,77,50.6
France,Fra_296,Coal,Hornaing B Coal Power Plant France,78,124.84925566274819
France,Fra_296,Coal,Hornaing B Coal Power Plant France,79,253.0
France,Fra_296,Coal,Hornaing B Coal Power Plant France,80,253.0
France,Fra_296,Coal,Hornaing B Coal Power Plant France,81,50.6
France,Fra_296,Coal,Hornaing B Coal Power Plant France,82,50.6
France,Fra_296,Coal,Hornaing B Coal Power Plant France,83,253.0
France,Fra_296,Coal,Hornaing B Coal Power Plant France,84,253.0
France,Fra_296,Coal,Hornaing B Coal Power Plant France,85,253.0
France,Fra_296,Coal,Hornaing B Coal Power Plant France,86,253.0
France,Fra_296,Coal,Hornaing B Coal Power Plant France,87,253.0
France,Fra_296,Coal,Hornaing B Coal Power Plant France,88,253.0
France,Fra_296,Coal,Hornaing B Coal Power Plant France,89,253.0
France,Fra_296,Coal,Hornaing B Coal Power Plant France,90,253.0
France,Fra_296,Coal,Hornaing B Coal Power Plant France,91,253.0
France,Fra_296,Coal,Hornaing B Coal Power Plant France,92,50.6
France,Fra_296,Coal,Hornaing B Coal Power Plant France,93,113.9405976206599
France,Fra_296,Coal,Hornaing B Coal Power Plant France,94,22.788119524131957
France,Fra_296,Coal,Hornaing B Coal Power Plant France,95,22.788119524131982
France,Fra_296,Coal,Hornaing B Coal Power Plant France,96,22.788119524131982
France,Fra_296,Coal,"Bouchain Coal Power Plant, France",1,0.0
France,Fra_296,Coal,"Bouchain Coal Power Plant, France",2,0.0
France,Fra_296,Coal,"Bouchain Coal Power Plant, France",3,0.0
France,Fra_296,Coal,"Bouchain Coal Power Plant, France",4,0.0
France,Fra_296,Coal,"Bouchain Coal Power Plant, France",5,0.0
France,Fra_296,Coal,"Bouchain Coal Power Plant, France",6,0.0
France,Fra_296,Coal,"Bouchain Coal Power Plant, France",7,0.0
France,Fra_296,Coal,"Bouchain Coal Power Plant, France",8,0.0
France,Fra_296,Coal,"Bouchain Coal Power Plant, France",9,0.0
France,Fra_296,Coal,"Bouchain Coal Power Plant, France",10,0.0
France,Fra_296,Coal,"Bouchain Coal Power Plant, France",11,0.0
France,Fra_296,Coal,"Bouchain Coal Power Plant, France",12,0.0
France,Fra_296,Coal,"Bouchain Coal Power Plant, France",13,0.0
France,Fra_296,Coal,"Bouchain Coal Power Plant, France",14,0.0
France,Fra_296,Coal,"Bouchain Coal Power Plant, France",15,0.0
France,Fra_296,Coal,"Bouchain Coal Power Plant, France",16,0.0
France,Fra_296,Coal,"Bouchain Coal Power Plant, France",17,50.0
France,Fra_296,Coal,"Bouchain Coal Power Plant, France",18,50.0
France,Fra_296,Coal,"Bouchain Coal Power Plant, France",19,250.0
France,Fra_296,Coal,"Bouchain Coal Power Plant, France",20,250.0
France,Fra_296,Coal,"Bouchain Coal Power Plant, France",21,250.0
France,Fra_296,Coal,"Bouchain Coal Power Plant, France",22,250.0
France,Fra_296,Coal,"Bouchain Coal Power Plant, France",23,250.0
France,Fra_296,Coal,"Bouchain Coal Power Plant, France",24,250.0
France,Fra_296,Coal,"Bouchain Coal Power Plant, France",25,250.0
France,Fra_296,Coal,"Bouchain Coal Power Plant, France",26,250.0
France,Fra_296,Coal,"Bouchain Coal Power Plant, France",27,250.0
France,Fra_296,Coal,"Bouchain Coal Power Plant, France",28,250.0
France,Fra_296,Coal,"Bouchain Coal Power Plant, France",29,250.0
France,Fra_296,Coal,"Bouchain Coal Power Plant, France",30,250.0
France,Fra_296,Coal,"Bouchain Coal Power Plant, France",31,250.0
France,Fra_296,Coal,"Bouchain Coal Power Plant, France",32,250.0
France,Fra_296,Coal,"Bouchain Coal Power Plant, France",33,250.0
France,Fra_296,Coal,"Bouchain Coal Power Plant, France",34,250.0
France,Fra_296,Coal,"Bouchain Coal Power Plant, France",35,250.0
France,Fra_296,Coal,"Bouchain Coal Power Plant, France",36,250.0
France,Fra_296,Coal,"Bouchain Coal Power Plant, France",37,250.0
France,Fra_296,Coal,"Bouchain Coal Power Plant, France",38,250.0
France,Fra_296,Coal,"Bouchain Coal Power Plant, France",39,250.0
France,Fra_296,Coal,"Bouchain Coal Power Plant, France",40,250.0
France,Fra_296,Coal,"Bouchain Coal Power Plant, France",41,50.0
France,Fra_296,Coal,"Bouchain Coal Power Plant, France",42,250.0
France,Fra_296,Coal,"Bouchain Coal Power Plant, France",43,250.0
France,Fra_296,Coal,"Bouchain Coal Power Plant, France",44,250.0
France,Fra_296,Coal,"Bouchain Coal Power Plant, France",45,250.0
France,Fra_296,Coal,"Bouchain Coal Power Plant, France",46,250.0
France,Fra_296,Coal,"Bouchain Coal Power Plant, France",47,250.0
France,Fra_296,Coal,"Bouchain Coal Power Plant, France",48,250.0
France,Fra_296,Coal,"Bouchain Coal Power Plant, France",49,50.0
France,Fra_296,Coal,"Bouchain Coal Power Plant, France",50,50.0
France,Fra_296,Coal,"Bouchain Coal Power Plant, France",51,250.0
France,Fra_296,Coal,"Bouchain Coal Power Plant, France",52,50.0
France,Fra_296,Coal,"Bouchain Coal Power Plant, France",53,250.0
France,Fra_296,Coal,"Bouchain Coal Power Plant, France",54,250.0
France,Fra_296,Coal,"Bouchain Coal Power Plant, France",55,250.0
France,Fra_296,Coal,"Bouchain Coal Power Plant, France",56,250.0
France,Fra_296,Coal,"Bouchain Coal Power Plant, France",57,50.0
France,Fra_296,Coal,"Bouchain Coal Power Plant, France",58,50.0
France,Fra_296,Coal,"Bouchain Coal Power Plant, France",59,50.0
France,Fra_296,Coal,"Bouchain Coal Power Plant, France",60,250.0
France,Fra_296,Coal,"Bouchain Coal Power Plant, France",61,50.0
France,Fra_296,Coal,"Bouchain Coal Power Plant, France",62,250.0
France,Fra_296,Coal,"Bouchain Coal Power Plant, France",63,50.0
France,Fra_296,Coal,"Bouchain Coal Power Plant, France",64,50.0
France,Fra_296,Coal,"Bouchain Coal Power Plant, France",65,250.0
France,Fra_296,Coal,"Bouchain Coal Power Plant, France",66,250.0
France,Fra_296,Coal,"Bouchain Coal Power Plant, France",67,250.0
France,Fra_296,Coal,"Bouchain Coal Power Plant, France",68,250.0
France,Fra_296,Coal,"Bouchain Coal Power Plant, France",69,250.0
France,Fra_296,Coal,"Bouchain Coal Power Plant, France",70,250.0
France,Fra_296,Coal,"Bouchain Coal Power Plant, France",71,250.0
France,Fra_296,Coal,"Bouchain Coal Power Plant, France",72,50.0
France,Fra_296,Coal,"Bouchain Coal Power Plant, France",73,50.0
France,Fra_296,Coal,"Bouchain Coal Power Plant, France",74,50.0
France,Fra_296,Coal,"Bouchain Coal Power Plant, France",75,50.0
France,Fra_296,Coal,"Bouchain Coal Power Plant, France",76,162.50783244881097
France,Fra_296,Coal,"Bouchain Coal Power Plant, France",77,250.0
France,Fra_296,Coal,"Bouchain Coal Power Plant, France",78,250.0
France,Fra_296,Coal,"Bouchain Coal Power Plant, France",79,250.0
France,Fra_296,Coal,"Bouchain Coal Power Plant, France",80,250.0
France,Fra_296,Coal,"Bouchain Coal Power Plant, France",81,123.26987999735138
France,Fra_296,Coal,"Bouchain Coal Power Plant, France",82,250.0
France,Fra_296,Coal,"Bouchain Coal Power Plant, France",83,250.0
France,Fra_296,Coal,"Bouchain Coal Power Plant, France",84,250.0
France,Fra_296,Coal,"Bouchain Coal Power Plant, France",85,250.0
France,Fra_296,Coal,"Bouchain Coal Power Plant, France",86,250.0
France,Fra_296,Coal,"Bouchain Coal Power Plant, France",87,250.0
France,Fra_296,Coal,"Bouchain Coal Power Plant, France",88,250.0
France,Fra_296,Coal,"Bouchain Coal Power Plant, France",89,250.0
France,Fra_296,Coal,"Bouchain Coal Power Plant, France",90,250.0
France,Fra_296,Coal,"Bouchain Coal Power Plant, France",91,250.0
France,Fra_296,Coal,"Bouchain Coal Power Plant, France",92,250.0
France,Fra_296,Coal,"Bouchain Coal Power Plant, France",93,250.0
France,Fra_296,Coal,"Bouchain Coal Power Plant, France",94,250.0
France,Fra_296,Coal,"Bouchain Coal Power Plant, France",95,250.0
France,Fra_296,Coal,"Bouchain Coal Power Plant, France",96,185.889086609455
France,Fra_296,Fuel Oil,Vazzio Thermal Power Plant France,1,0.0
France,Fra_296,Fuel Oil,Vazzio Thermal Power Plant France,2,0.0
France,Fra_296,Fuel Oil,Vazzio Thermal Power Plant France,3,0.0
France,Fra_296,Fuel Oil,Vazzio Thermal Power Plant France,4,0.0
France,Fra_296,Fuel Oil,Vazzio Thermal Power Plant France,5,0.0
France,Fra_296,Fuel Oil,Vazzio Thermal Power Plant France,6,0.0
France,Fra_296,Fuel Oil,Vazzio Thermal Power Plant France,7,0.0
France,Fra_296,Fuel Oil,Vazzio Thermal Power Plant France,8,0.0
France,Fra_296,Fuel Oil,Vazzio Thermal Power Plant France,9,0.0
France,Fra_296,Fuel Oil,Vazzio Thermal Power Plant France,10,0.0
France,Fra_296,Fuel Oil,Vazzio Thermal Power Plant France,11,0.0
France,Fra_296,Fuel Oil,Vazzio Thermal Power Plant France,12,0.0
France,Fra_296,Fuel Oil,Vazzio Thermal Power Plant France,13,0.0
France,Fra_296,Fuel Oil,Vazzio Thermal Power Plant France,14,0.0
France,Fra_296,Fuel Oil,Vazzio Thermal Power Plant France,15,0.0
France,Fra_296,Fuel Oil,Vazzio Thermal Power Plant France,16,0.0
France,Fra_296,Fuel Oil,Vazzio Thermal Power Plant France,17,0.0
France,Fra_296,Fuel Oil,Vazzio Thermal Power Plant France,18,0.0
France,Fra_296,Fuel Oil,Vazzio Thermal Power Plant France,19,0.0
France,Fra_296,Fuel Oil,Vazzio Thermal Power Plant France,20,0.0
France,Fra_296,Fuel Oil,Vazzio Thermal Power Plant France,21,0.0
France,Fra_296,Fuel Oil,Vazzio Thermal Power Plant France,22,0.0
France,Fra_296,Fuel Oil,Vazzio Thermal Power Plant France,23,0.0
France,Fra_296,Fuel Oil,Vazzio Thermal Power Plant France,24,0.0
France,Fra_296,Fuel Oil,Vazzio Thermal Power Plant France,25,0.0
France,Fra_296,Fuel Oil,Vazzio Thermal Power Plant France,26,0.0
France,Fra_296,Fuel Oil,Vazzio Thermal Power Plant France,27,0.0
France,Fra_296,Fuel Oil,Vazzio Thermal Power Plant France,28,0.0
France,Fra_296,Fuel Oil,Vazzio Thermal Power Plant France,29,0.0
France,Fra_296,Fuel Oil,Vazzio Thermal Power Plant France,30,0.0
France,Fra_296,Fuel Oil,Vazzio Thermal Power Plant France,31,0.0
France,Fra_296,Fuel Oil,Vazzio Thermal Power Plant France,32,0.0
France,Fra_296,Fuel Oil,Vazzio Thermal Power Plant France,33,0.0
France,Fra_296,Fuel Oil,Vazzio Thermal Power Plant France,34,0.0
France,Fra_296,Fuel Oil,Vazzio Thermal Power Plant France,35,0.0
France,Fra_296,Fuel Oil,Vazzio Thermal Power Plant France,36,0.0
France,Fra_296,Fuel Oil,Vazzio Thermal Power Plant France,37,0.0
France,Fra_296,Fuel Oil,Vazzio Thermal Power Plant France,38,0.0
France,Fra_296,Fuel Oil,Vazzio Thermal Power Plant France,39,0.0
France,Fra_296,Fuel Oil,Vazzio Thermal Power Plant France,40,0.0
France,Fra_296,Fuel Oil,Vazzio Thermal Power Plant France,41,0.0
France,Fra_296,Fuel Oil,Vazzio Thermal Power Plant France,42,0.0
France,Fra_296,Fuel Oil,Vazzio Thermal Power Plant France,43,0.0
France,Fra_296,Fuel Oil,Vazzio Thermal Power Plant France,44,0.0
France,Fra_296,Fuel Oil,Vazzio Thermal Power Plant France,45,0.0
France,Fra_296,Fuel Oil,Vazzio Thermal Power Plant France,46,0.0
France,Fra_296,Fuel Oil,Vazzio Thermal Power Plant France,47,0.0
France,Fra_296,Fuel Oil,Vazzio Thermal Power Plant France,48,0.0
France,Fra_296,Fuel Oil,Vazzio Thermal Power Plant France,49,0.0
France,Fra_296,Fuel Oil,Vazzio Thermal Power Plant France,50,0.0
France,Fra_296,Fuel Oil,Vazzio Thermal Power Plant France,51,0.0
France,Fra_296,Fuel Oil,Vazzio Thermal Power Plant France,52,0.0
France,Fra_296,Fuel Oil,Vazzio Thermal Power Plant France,53,0.0
France,Fra_296,Fuel Oil,Vazzio Thermal Power Plant France,54,0.0
France,Fra_296,Fuel Oil,Vazzio Thermal Power Plant France,55,0.0
France,Fra_296,Fuel Oil,Vazzio Thermal Power Plant France,56,0.0
France,Fra_296,Fuel Oil,Vazzio Thermal Power Plant France,57,0.0
France,Fra_296,Fuel Oil,Vazzio Thermal Power Plant France,58,0.0
France,Fra_296,Fuel Oil,Vazzio Thermal Power Plant France,59,0.0
France,Fra_296,Fuel Oil,Vazzio Thermal Power Plant France,60,0.0
France,Fra_296,Fuel Oil,Vazzio Thermal Power Plant France,61,0.0
France,Fra_296,Fuel Oil,Vazzio Thermal Power Plant France,62,0.0
France,Fra_296,Fuel Oil,Vazzio Thermal Power Plant France,63,0.0
France,Fra_296,Fuel Oil,Vazzio Thermal Power Plant France,64,0.0
France,Fra_296,Fuel Oil,Vazzio Thermal Power Plant France,65,0.0
France,Fra_296,Fuel Oil,Vazzio Thermal Power Plant France,66,0.0
France,Fra_296,Fuel Oil,Vazzio Thermal Power Plant France,67,0.0
France,Fra_296,Fuel Oil,Vazzio Thermal Power Plant France,68,0.0
France,Fra_296,Fuel Oil,Vazzio Thermal Power Plant France,69,0.0
France,Fra_296,Fuel Oil,Vazzio Thermal Power Plant France,70,0.0
France,Fra_296,Fuel Oil,Vazzio Thermal Power Plant France,71,0.0
France,Fra_296,Fuel Oil,Vazzio Thermal Power Plant France,72,0.0
France,Fra_296,Fuel Oil,Vazzio Thermal Power Plant France,73,0.0
France,Fra_296,Fuel Oil,Vazzio Thermal Power Plant France,74,0.0
France,Fra_296,Fuel Oil,Vazzio Thermal Power Plant France,75,0.0
France,Fra_296,Fuel Oil,Vazzio Thermal Power Plant France,76,0.0
France,Fra_296,Fuel Oil,Vazzio Thermal Power Plant France,77,0.0
France,Fra_296,Fuel Oil,Vazzio Thermal Power Plant France,78,0.0
France,Fra_296,Fuel Oil,Vazzio Thermal Power Plant France,79,0.0
France,Fra_296,Fuel Oil,Vazzio Thermal Power Plant France,80,0.0
France,Fra_296,Fuel Oil,Vazzio Thermal Power Plant France,81,0.0
France,Fra_296,Fuel Oil,Vazzio Thermal Power Plant France,82,0.0
France,Fra_296,Fuel Oil,Vazzio Thermal Power Plant France,83,0.0
France,Fra_296,Fuel Oil,Vazzio Thermal Power Plant France,84,0.0
France,Fra_296,Fuel Oil,Vazzio Thermal Power Plant France,85,0.0
France,Fra_296,Fuel Oil,Vazzio Thermal Power Plant France,86,0.0
France,Fra_296,Fuel Oil,Vazzio Thermal Power Plant France,87,0.0
France,Fra_296,Fuel Oil,Vazzio Thermal Power Plant France,88,0.0
France,Fra_296,Fuel Oil,Vazzio Thermal Power Plant France,89,0.0
France,Fra_296,Fuel Oil,Vazzio Thermal Power Plant France,90,0.0
France,Fra_296,Fuel Oil,Vazzio Thermal Power Plant France,91,0.0
France,Fra_296,Fuel Oil,Vazzio Thermal Power Plant France,92,0.0
France,Fra_296,Fuel Oil,Vazzio Thermal Power Plant France,93,0.0
France,Fra_296,Fuel Oil,Vazzio Thermal Power Plant France,94,0.0
France,Fra_296,Fuel Oil,Vazzio Thermal Power Plant France,95,0.0
France,Fra_296,Fuel Oil,Vazzio Thermal Power Plant France,96,0.0
France,Fra_296,Fuel Oil,Lucciana Thermal Power Plant France,1,0.0
France,Fra_296,Fuel Oil,Lucciana Thermal Power Plant France,2,0.0
France,Fra_296,Fuel Oil,Lucciana Thermal Power Plant France,3,0.0
France,Fra_296,Fuel Oil,Lucciana Thermal Power Plant France,4,0.0
France,Fra_296,Fuel Oil,Lucciana Thermal Power Plant France,5,0.0
France,Fra_296,Fuel Oil,Lucciana Thermal Power Plant France,6,0.0
France,Fra_296,Fuel Oil,Lucciana Thermal Power Plant France,7,0.0
France,Fra_296,Fuel Oil,Lucciana Thermal Power Plant France,8,0.0
France,Fra_296,Fuel Oil,Lucciana Thermal Power Plant France,9,0.0
France,Fra_296,Fuel Oil,Lucciana Thermal Power Plant France,10,0.0
France,Fra_296,Fuel Oil,Lucciana Thermal Power Plant France,11,0.0
France,Fra_296,Fuel Oil,Lucciana Thermal Power Plant France,12,0.0
France,Fra_296,Fuel Oil,Lucciana Thermal Power Plant France,13,0.0
France,Fra_296,Fuel Oil,Lucciana Thermal Power Plant France,14,0.0
France,Fra_296,Fuel Oil,Lucciana Thermal Power Plant France,15,0.0
France,Fra_296,Fuel Oil,Lucciana Thermal Power Plant France,16,0.0
France,Fra_296,Fuel Oil,Lucciana Thermal Power Plant France,17,0.0
France,Fra_296,Fuel Oil,Lucciana Thermal Power Plant France,18,0.0
France,Fra_296,Fuel Oil,Lucciana Thermal Power Plant France,19,0.0
France,Fra_296,Fuel Oil,Lucciana Thermal Power Plant France,20,0.0
France,Fra_296,Fuel Oil,Lucciana Thermal Power Plant France,21,0.0
France,Fra_296,Fuel Oil,Lucciana Thermal Power Plant France,22,0.0
France,Fra_296,Fuel Oil,Lucciana Thermal Power Plant France,23,0.0
France,Fra_296,Fuel Oil,Lucciana Thermal Power Plant France,24,0.0
France,Fra_296,Fuel Oil,Lucciana Thermal Power Plant France,25,0.0
France,Fra_296,Fuel Oil,Lucciana Thermal Power Plant France,26,0.0
France,Fra_296,Fuel Oil,Lucciana Thermal Power Plant France,27,0.0
France,Fra_296,Fuel Oil,Lucciana Thermal Power Plant France,28,0.0
France,Fra_296,Fuel Oil,Lucciana Thermal Power Plant France,29,0.0
France,Fra_296,Fuel Oil,Lucciana Thermal Power Plant France,30,0.0
France,Fra_296,Fuel Oil,Lucciana Thermal Power Plant France,31,0.0
France,Fra_296,Fuel Oil,Lucciana Thermal Power Plant France,32,0.0
France,Fra_296,Fuel Oil,Lucciana Thermal Power Plant France,33,0.0
France,Fra_296,Fuel Oil,Lucciana Thermal Power Plant France,34,0.0
France,Fra_296,Fuel Oil,Lucciana Thermal Power Plant France,35,0.0
France,Fra_296,Fuel Oil,Lucciana Thermal Power Plant France,36,0.0
France,Fra_296,Fuel Oil,Lucciana Thermal Power Plant France,37,0.0
France,Fra_296,Fuel Oil,Lucciana Thermal Power Plant France,38,0.0
France,Fra_296,Fuel Oil,Lucciana Thermal Power Plant France,39,0.0
France,Fra_296,Fuel Oil,Lucciana Thermal Power Plant France,40,0.0
France,Fra_296,Fuel Oil,Lucciana Thermal Power Plant France,41,0.0
France,Fra_296,Fuel Oil,Lucciana Thermal Power Plant France,42,0.0
France,Fra_296,Fuel Oil,Lucciana Thermal Power Plant France,43,0.0
France,Fra_296,Fuel Oil,Lucciana Thermal Power Plant France,44,0.0
France,Fra_296,Fuel Oil,Lucciana Thermal Power Plant France,45,0.0
France,Fra_296,Fuel Oil,Lucciana Thermal Power Plant France,46,0.0
France,Fra_296,Fuel Oil,Lucciana Thermal Power Plant France,47,0.0
France,Fra_296,Fuel Oil,Lucciana Thermal Power Plant France,48,0.0
France,Fra_296,Fuel Oil,Lucciana Thermal Power Plant France,49,0.0
France,Fra_296,Fuel Oil,Lucciana Thermal Power Plant France,50,0.0
France,Fra_296,Fuel Oil,Lucciana Thermal Power Plant France,51,0.0
France,Fra_296,Fuel Oil,Lucciana Thermal Power Plant France,52,0.0
France,Fra_296,Fuel Oil,Lucciana Thermal Power Plant France,53,0.0
France,Fra_296,Fuel Oil,Lucciana Thermal Power Plant France,54,0.0
France,Fra_296,Fuel Oil,Lucciana Thermal Power Plant France,55,0.0
France,Fra_296,Fuel Oil,Lucciana Thermal Power Plant France,56,0.0
France,Fra_296,Fuel Oil,Lucciana Thermal Power Plant France,57,0.0
France,Fra_296,Fuel Oil,Lucciana Thermal Power Plant France,58,0.0
France,Fra_296,Fuel Oil,Lucciana Thermal Power Plant France,59,0.0
France,Fra_296,Fuel Oil,Lucciana Thermal Power Plant France,60,0.0
France,Fra_296,Fuel Oil,Lucciana Thermal Power Plant France,61,0.0
France,Fra_296,Fuel Oil,Lucciana Thermal Power Plant France,62,0.0
France,Fra_296,Fuel Oil,Lucciana Thermal Power Plant France,63,0.0
France,Fra_296,Fuel Oil,Lucciana Thermal Power Plant France,64,0.0
France,Fra_296,Fuel Oil,Lucciana Thermal Power Plant France,65,0.0
France,Fra_296,Fuel Oil,Lucciana Thermal Power Plant France,66,0.0
France,Fra_296,Fuel Oil,Lucciana Thermal Power Plant France,67,0.0
France,Fra_296,Fuel Oil,Lucciana Thermal Power Plant France,68,0.0
France,Fra_296,Fuel Oil,Lucciana Thermal Power Plant France,69,0.0
France,Fra_296,Fuel Oil,Lucciana Thermal Power Plant France,70,0.0
France,Fra_296,Fuel Oil,Lucciana Thermal Power Plant France,71,0.0
France,Fra_296,Fuel Oil,Lucciana Thermal Power Plant France,72,0.0
France,Fra_296,Fuel Oil,Lucciana Thermal Power Plant France,73,0.0
France,Fra_296,Fuel Oil,Lucciana Thermal Power Plant France,74,0.0
France,Fra_296,Fuel Oil,Lucciana Thermal Power Plant France,75,0.0
France,Fra_296,Fuel Oil,Lucciana Thermal Power Plant France,76,0.0
France,Fra_296,Fuel Oil,Lucciana Thermal Power Plant France,77,0.0
France,Fra_296,Fuel Oil,Lucciana Thermal Power Plant France,78,0.0
France,Fra_296,Fuel Oil,Lucciana Thermal Power Plant France,79,0.0
France,Fra_296,Fuel Oil,Lucciana Thermal Power Plant France,80,0.0
France,Fra_296,Fuel Oil,Lucciana Thermal Power Plant France,81,0.0
France,Fra_296,Fuel Oil,Lucciana Thermal Power Plant France,82,0.0
France,Fra_296,Fuel Oil,Lucciana Thermal Power Plant France,83,0.0
France,Fra_296,Fuel Oil,Lucciana Thermal Power Plant France,84,0.0
France,Fra_296,Fuel Oil,Lucciana Thermal Power Plant France,85,0.0
France,Fra_296,Fuel Oil,Lucciana Thermal Power Plant France,86,0.0
France,Fra_296,Fuel Oil,Lucciana Thermal Power Plant France,87,0.0
France,Fra_296,Fuel Oil,Lucciana Thermal Power Plant France,88,0.0
France,Fra_296,Fuel Oil,Lucciana Thermal Power Plant France,89,0.0
France,Fra_296,Fuel Oil,Lucciana Thermal Power Plant France,90,0.0
France,Fra_296,Fuel Oil,Lucciana Thermal Power Plant France,91,0.0
France,Fra_296,Fuel Oil,Lucciana Thermal Power Plant France,92,0.0
France,Fra_296,Fuel Oil,Lucciana Thermal Power Plant France,93,0.0
France,Fra_296,Fuel Oil,Lucciana Thermal Power Plant France,94,0.0
France,Fra_296,Fuel Oil,Lucciana Thermal Power Plant France,95,0.0
France,Fra_296,Fuel Oil,Lucciana Thermal Power Plant France,96,0.0
France,Fra_292,Fuel Oil,"Porcheville II Thermal Power Plant, France",1,0.0
France,Fra_292,Fuel Oil,"Porcheville II Thermal Power Plant, France",2,0.0
France,Fra_292,Fuel Oil,"Porcheville II Thermal Power Plant, France",3,0.0
France,Fra_292,Fuel Oil,"Porcheville II Thermal Power Plant, France",4,0.0
France,Fra_292,Fuel Oil,"Porcheville II Thermal Power Plant, France",5,0.0
France,Fra_292,Fuel Oil,"Porcheville II Thermal Power Plant, France",6,0.0
France,Fra_292,Fuel Oil,"Porcheville II Thermal Power Plant, France",7,0.0
France,Fra_292,Fuel Oil,"Porcheville II Thermal Power Plant, France",8,0.0
France,Fra_292,Fuel Oil,"Porcheville II Thermal Power Plant, France",9,0.0
France,Fra_292,Fuel Oil,"Porcheville II Thermal Power Plant, France",10,0.0
France,Fra_292,Fuel Oil,"Porcheville II Thermal Power Plant, France",11,0.0
France,Fra_292,Fuel Oil,"Porcheville II Thermal Power Plant, France",12,0.0
France,Fra_292,Fuel Oil,"Porcheville II Thermal Power Plant, France",13,0.0
France,Fra_292,Fuel Oil,"Porcheville II Thermal Power Plant, France",14,0.0
France,Fra_292,Fuel Oil,"Porcheville II Thermal Power Plant, France",15,0.0
France,Fra_292,Fuel Oil,"Porcheville II Thermal Power Plant, France",16,0.0
France,Fra_292,Fuel Oil,"Porcheville II Thermal Power Plant, France",17,0.0
France,Fra_292,Fuel Oil,"Porcheville II Thermal Power Plant, France",18,0.0
France,Fra_292,Fuel Oil,"Porcheville II Thermal Power Plant, France",19,0.0
France,Fra_292,Fuel Oil,"Porcheville II Thermal Power Plant, France",20,0.0
France,Fra_292,Fuel Oil,"Porcheville II Thermal Power Plant, France",21,35.999999999999886
France,Fra_292,Fuel Oil,"Porcheville II Thermal Power Plant, France",22,35.999999999999886
France,Fra_292,Fuel Oil,"Porcheville II Thermal Power Plant, France",23,74.19264562920773
France,Fra_292,Fuel Oil,"Porcheville II Thermal Power Plant, France",24,89.99999999999977
France,Fra_292,Fuel Oil,"Porcheville II Thermal Power Plant, France",25,179.9999999999999
France,Fra_292,Fuel Oil,"Porcheville II Thermal Power Plant, France",26,269.99999999999983
France,Fra_292,Fuel Oil,"Porcheville II Thermal Power Plant, France",27,359.99999999999983
France,Fra_292,Fuel Oil,"Porcheville II Thermal Power Plant, France",28,449.99999999999983
France,Fra_292,Fuel Oil,"Porcheville II Thermal Power Plant, France",29,539.9999999999998
France,Fra_292,Fuel Oil,"Porcheville II Thermal Power Plant, France",30,449.99999999999983
France,Fra_292,Fuel Oil,"Porcheville II Thermal Power Plant, France",31,359.99999999999983
France,Fra_292,Fuel Oil,"Porcheville II Thermal Power Plant, France",32,269.99999999999983
France,Fra_292,Fuel Oil,"Porcheville II Thermal Power Plant, France",33,179.99999999999983
France,Fra_292,Fuel Oil,"Porcheville II Thermal Power Plant, France",34,89.99999999999983
France,Fra_292,Fuel Oil,"Porcheville II Thermal Power Plant, France",35,72.0
France,Fra_292,Fuel Oil,"Porcheville II Thermal Power Plant, France",36,72.0
France,Fra_292,Fuel Oil,"Porcheville II Thermal Power Plant, France",37,22.855558458844598
France,Fra_292,Fuel Oil,"Porcheville II Thermal Power Plant, France",38,22.855558458844598
France,Fra_292,Fuel Oil,"Porcheville II Thermal Power Plant, France",39,22.855558458844598
France,Fra_292,Fuel Oil,"Porcheville II Thermal Power Plant, France",40,57.13889614711161
France,Fra_292,Fuel Oil,"Porcheville II Thermal Power Plant, France",41,0.0
France,Fra_292,Fuel Oil,"Porcheville II Thermal Power Plant, France",42,0.0
France,Fra_292,Fuel Oil,"Porcheville II Thermal Power Plant, France",43,0.0
France,Fra_292,Fuel Oil,"Porcheville II Thermal Power Plant, France",44,0.0
France,Fra_292,Fuel Oil,"Porcheville II Thermal Power Plant, France",45,0.0
France,Fra_292,Fuel Oil,"Porcheville II Thermal Power Plant, France",46,0.0
France,Fra_292,Fuel Oil,"Porcheville II Thermal Power Plant, France",47,0.0
France,Fra_292,Fuel Oil,"Porcheville II Thermal Power Plant, France",48,0.0
France,Fra_292,Fuel Oil,"Porcheville II Thermal Power Plant, France",49,0.0
France,Fra_292,Fuel Oil,"Porcheville II Thermal Power Plant, France",50,0.0
France,Fra_292,Fuel Oil,"Porcheville II Thermal Power Plant, France",51,0.0
France,Fra_292,Fuel Oil,"Porcheville II Thermal Power Plant, France",52,0.0
France,Fra_292,Fuel Oil,"Porcheville II Thermal Power Plant, France",53,0.0
France,Fra_292,Fuel Oil,"Porcheville II Thermal Power Plant, France",54,0.0
France,Fra_292,Fuel Oil,"Porcheville II Thermal Power Plant, France",55,0.0
France,Fra_292,Fuel Oil,"Porcheville II Thermal Power Plant, France",56,0.0
France,Fra_292,Fuel Oil,"Porcheville II Thermal Power Plant, France",57,0.0
France,Fra_292,Fuel Oil,"Porcheville II Thermal Power Plant, France",58,0.0
France,Fra_292,Fuel Oil,"Porcheville II Thermal Power Plant, France",59,0.0
France,Fra_292,Fuel Oil,"Porcheville II Thermal Power Plant, France",60,0.0
France,Fra_292,Fuel Oil,"Porcheville II Thermal Power Plant, France",61,0.0
France,Fra_292,Fuel Oil,"Porcheville II Thermal Power Plant, France",62,0.0
France,Fra_292,Fuel Oil,"Porcheville II Thermal Power Plant, France",63,0.0
France,Fra_292,Fuel Oil,"Porcheville II Thermal Power Plant, France",64,0.0
France,Fra_292,Fuel Oil,"Porcheville II Thermal Power Plant, France",65,0.0
France,Fra_292,Fuel Oil,"Porcheville II Thermal Power Plant, France",66,0.0
France,Fra_292,Fuel Oil,"Porcheville II Thermal Power Plant, France",67,0.0
France,Fra_292,Fuel Oil,"Porcheville II Thermal Power Plant, France",68,0.0
France,Fra_292,Fuel Oil,"Porcheville II Thermal Power Plant, France",69,0.0
France,Fra_292,Fuel Oil,"Porcheville II Thermal Power Plant, France",70,0.0
France,Fra_292,Fuel Oil,"Porcheville II Thermal Power Plant, France",71,0.0
France,Fra_292,Fuel Oil,"Porcheville II Thermal Power Plant, France",72,0.0
France,Fra_292,Fuel Oil,"Porcheville II Thermal Power Plant, France",73,0.0
France,Fra_292,Fuel Oil,"Porcheville II Thermal Power Plant, France",74,0.0
France,Fra_292,Fuel Oil,"Porcheville II Thermal Power Plant, France",75,0.0
France,Fra_292,Fuel Oil,"Porcheville II Thermal Power Plant, France",76,0.0
France,Fra_292,Fuel Oil,"Porcheville II Thermal Power Plant, France",77,21.600000000000023
France,Fra_292,Fuel Oil,"Porcheville II Thermal Power Plant, France",78,21.600000000000023
France,Fra_292,Fuel Oil,"Porcheville II Thermal Power Plant, France",79,21.59999999999991
France,Fra_292,Fuel Oil,"Porcheville II Thermal Power Plant, France",80,54.00000000000001
France,Fra_292,Fuel Oil,"Porcheville II Thermal Power Plant, France",81,144.0
France,Fra_292,Fuel Oil,"Porcheville II Thermal Power Plant, France",82,180.0
France,Fra_292,Fuel Oil,"Porcheville II Thermal Power Plant, France",83,270.0
France,Fra_292,Fuel Oil,"Porcheville II Thermal Power Plant, France",84,360.0
France,Fra_292,Fuel Oil,"Porcheville II Thermal Power Plant, France",85,450.0
France,Fra_292,Fuel Oil,"Porcheville II Thermal Power Plant, France",86,360.0
France,Fra_292,Fuel Oil,"Porcheville II Thermal Power Plant, France",87,270.0
France,Fra_292,Fuel Oil,"Porcheville II Thermal Power Plant, France",88,180.0
France,Fra_292,Fuel Oil,"Porcheville II Thermal Power Plant, France",89,90.00000000000011
France,Fra_292,Fuel Oil,"Porcheville II Thermal Power Plant, France",90,36.000000000000114
France,Fra_292,Fuel Oil,"Porcheville II Thermal Power Plant, France",91,36.0
France,Fra_292,Fuel Oil,"Porcheville II Thermal Power Plant, France",92,36.0
France,Fra_292,Fuel Oil,"Porcheville II Thermal Power Plant, France",93,0.0
France,Fra_292,Fuel Oil,"Porcheville II Thermal Power Plant, France",94,0.0
France,Fra_292,Fuel Oil,"Porcheville II Thermal Power Plant, France",95,0.0
France,Fra_292,Fuel Oil,"Porcheville II Thermal Power Plant, France",96,0.0
France,Fra_277,Coal,Blénod Thermal Power Plant France,1,376.36591369234736
France,Fra_277,Coal,Blénod Thermal Power Plant France,2,75.27318273846947
France,Fra_277,Coal,Blénod Thermal Power Plant France,3,75.27318273846947
France,Fra_277,Coal,Blénod Thermal Power Plant France,4,75.27318273846947
France,Fra_277,Coal,Blénod Thermal Power Plant France,5,75.27318273846944
France,Fra_277,Coal,Blénod Thermal Power Plant France,6,75.27318273846944
France,Fra_277,Coal,Blénod Thermal Power Plant France,7,75.27318273846944
France,Fra_277,Coal,Blénod Thermal Power Plant France,8,75.27318273846944
France,Fra_277,Coal,Blénod Thermal Power Plant France,9,75.27318273846944
France,Fra_277,Coal,Blénod Thermal Power Plant France,10,75.27318273846944
France,Fra_277,Coal,Blénod Thermal Power Plant France,11,75.27318273846944
France,Fra_277,Coal,Blénod Thermal Power Plant France,12,75.27318273846944
France,Fra_277,Coal,Blénod Thermal Power Plant France,13,150.0
France,Fra_277,Coal,Blénod Thermal Power Plant France,14,150.0
France,Fra_277,Coal,Blénod Thermal Power Plant France,15,150.0
France,Fra_277,Coal,Blénod Thermal Power Plant France,16,750.0
France,Fra_277,Coal,Blénod Thermal Power Plant France,17,150.0
France,Fra_277,Coal,Blénod Thermal Power Plant France,18,410.6832627204161
France,Fra_277,Coal,Blénod Thermal Power Plant France,19,750.0
France,Fra_277,Coal,Blénod Thermal Power Plant France,20,750.0
France,Fra_277,Coal,Blénod Thermal Power Plant France,21,750.0
France,Fra_277,Coal,Blénod Thermal Power Plant France,22,750.0
France,Fra_277,Coal,Blénod Thermal Power Plant France,23,750.0
France,Fra_277,Coal,Blénod Thermal Power Plant France,24,750.0
France,Fra_277,Coal,Blénod Thermal Power Plant France,25,750.0
France,Fra_277,Coal,Blénod Thermal Power Plant France,26,750.0
France,Fra_277,Coal,Blénod Thermal Power Plant France,27,750.0
France,Fra_277,Coal,Blénod Thermal Power Plant France,28,750.0
France,Fra_277,Coal,Blénod Thermal Power Plant France,29,750.0
France,Fra_277,Coal,Blénod Thermal Power Plant France,30,750.0
France,Fra_277,Coal,Blénod Thermal Power Plant France,31,750.0
France,Fra_277,Coal,Blénod Thermal Power Plant France,32,750.0
France,Fra_277,Coal,Blénod Thermal Power Plant France,33,750.0
France,Fra_277,Coal,Blénod Thermal Power Plant France,34,750.0
France,Fra_277,Coal,Blénod Thermal Power Plant France,35,750.0
France,Fra_277,Coal,Blénod Thermal Power Plant France,36,750.0
France,Fra_277,Coal,Blénod Thermal Power Plant France,37,750.0
France,Fra_277,Coal,Blénod Thermal Power Plant France,38,750.0
France,Fra_277,Coal,Blénod Thermal Power Plant France,39,750.0
France,Fra_277,Coal,Blénod Thermal Power Plant France,40,750.0
France,Fra_277,Coal,Blénod Thermal Power Plant France,41,750.0
France,Fra_277,Coal,Blénod Thermal Power Plant France,42,750.0
France,Fra_277,Coal,Blénod Thermal Power Plant France,43,750.0
France,Fra_277,Coal,Blénod Thermal Power Plant France,44,750.0
France,Fra_277,Coal,Blénod Thermal Power Plant France,45,750.0
France,Fra_277,Coal,Blénod Thermal Power Plant France,46,750.0
France,Fra_277,Coal,Blénod Thermal Power Plant France,47,750.0
France,Fra_277,Coal,Blénod Thermal Power Plant France,48,750.0
France,Fra_277,Coal,Blénod Thermal Power Plant France,49,394.467917717614
France,Fra_277,Coal,Blénod Thermal Power Plant France,50,750.0
France,Fra_277,Coal,Blénod Thermal Power Plant France,51,750.0
France,Fra_277,Coal,Blénod Thermal Power Plant France,52,750.0
France,Fra_277,Coal,Blénod Thermal Power Plant France,53,750.0
France,Fra_277,Coal,Blénod Thermal Power Plant France,54,750.0
France,Fra_277,Coal,Blénod Thermal Power Plant France,55,750.0
France,Fra_277,Coal,Blénod Thermal Power Plant France,56,750.0
France,Fra_277,Coal,Blénod Thermal Power Plant France,57,475.24031821284416
France,Fra_277,Coal,Blénod Thermal Power Plant France,58,615.5002791820998
France,Fra_277,Coal,Blénod Thermal Power Plant France,59,750.0
France,Fra_277,Coal,Blénod Thermal Power Plant France,60,750.0
France,Fra_277,Coal,Blénod Thermal Power Plant France,61,750.0
France,Fra_277,Coal,Blénod Thermal Power Plant France,62,750.0
France,Fra_277,Coal,Blénod Thermal Power Plant France,63,750.0
France,Fra_277,Coal,Blénod Thermal Power Plant France,64,750.0
France,Fra_277,Coal,Blénod Thermal Power Plant France,65,750.0
France,Fra_277,Coal,Blénod Thermal Power Plant France,66,750.0
France,Fra_277,Coal,Blénod Thermal Power Plant France,67,750.0
France,Fra_277,Coal,Blénod Thermal Power Plant France,68,750.0
France,Fra_277,Coal,Blénod Thermal Power Plant France,69,750.0
France,Fra_277,Coal,Blénod Thermal Power Plant France,70,750.0
France,Fra_277,Coal,Blénod Thermal Power Plant France,71,750.0
France,Fra_277,Coal,Blénod Thermal Power Plant France,72,750.0
France,Fra_277,Coal,Blénod Thermal Power Plant France,73,150.0
France,Fra_277,Coal,Blénod Thermal Power Plant France,74,750.0
France,Fra_277,Coal,Blénod Thermal Power Plant France,75,750.0
France,Fra_277,Coal,Blénod Thermal Power Plant France,76,750.0
France,Fra_277,Coal,Blénod Thermal Power Plant France,77,750.0
France,Fra_277,Coal,Blénod Thermal Power Plant France,78,750.0
France,Fra_277,Coal,Blénod Thermal Power Plant France,79,750.0
France,Fra_277,Coal,Blénod Thermal Power Plant France,80,750.0
France,Fra_277,Coal,Blénod Thermal Power Plant France,81,750.0
France,Fra_277,Coal,Blénod Thermal Power Plant France,82,750.0
France,Fra_277,Coal,Blénod Thermal Power Plant France,83,750.0
France,Fra_277,Coal,Blénod Thermal Power Plant France,84,750.0
France,Fra_277,Coal,Blénod Thermal Power Plant France,85,750.0
France,Fra_277,Coal,Blénod Thermal Power Plant France,86,750.0
France,Fra_277,Coal,Blénod Thermal Power Plant France,87,750.0
France,Fra_277,Coal,Blénod Thermal Power Plant France,88,750.0
France,Fra_277,Coal,Blénod Thermal Power Plant France,89,750.0
France,Fra_277,Coal,Blénod Thermal Power Plant France,90,750.0
France,Fra_277,Coal,Blénod Thermal Power Plant France,91,750.0
France,Fra_277,Coal,Blénod Thermal Power Plant France,92,750.0
France,Fra_277,Coal,Blénod Thermal Power Plant France,93,750.0
France,Fra_277,Coal,Blénod Thermal Power Plant France,94,750.0
France,Fra_277,Coal,Blénod Thermal Power Plant France,95,750.0
France,Fra_277,Coal,Blénod Thermal Power Plant France,96,750.0
France,Fra_268,Coal,EdF Le Havre Coal Power Plant France,1,0.0
France,Fra_268,Coal,EdF Le Havre Coal Power Plant France,2,0.0
France,Fra_268,Coal,EdF Le Havre Coal Power Plant France,3,0.0
France,Fra_268,Coal,EdF Le Havre Coal Power Plant France,4,0.0
France,Fra_268,Coal,EdF Le Havre Coal Power Plant France,5,0.0
France,Fra_268,Coal,EdF Le Havre Coal Power Plant France,6,0.0
France,Fra_268,Coal,EdF Le Havre Coal Power Plant France,7,0.0
France,Fra_268,Coal,EdF Le Havre Coal Power Plant France,8,0.0
France,Fra_268,Coal,EdF Le Havre Coal Power Plant France,9,0.0
France,Fra_268,Coal,EdF Le Havre Coal Power Plant France,10,0.0
France,Fra_268,Coal,EdF Le Havre Coal Power Plant France,11,0.0
France,Fra_268,Coal,EdF Le Havre Coal Power Plant France,12,0.0
France,Fra_268,Coal,EdF Le Havre Coal Power Plant France,13,0.0
France,Fra_268,Coal,EdF Le Havre Coal Power Plant France,14,0.0
France,Fra_268,Coal,EdF Le Havre Coal Power Plant France,15,0.0
France,Fra_268,Coal,EdF Le Havre Coal Power Plant France,16,0.0
France,Fra_268,Coal,EdF Le Havre Coal Power Plant France,17,247.59903842091043
France,Fra_268,Coal,EdF Le Havre Coal Power Plant France,18,247.59903842091043
France,Fra_268,Coal,EdF Le Havre Coal Power Plant France,19,676.6530271217715
France,Fra_268,Coal,EdF Le Havre Coal Power Plant France,20,1237.9951921045522
France,Fra_268,Coal,EdF Le Havre Coal Power Plant France,21,1995.0
France,Fra_268,Coal,EdF Le Havre Coal Power Plant France,22,1995.0
France,Fra_268,Coal,EdF Le Havre Coal Power Plant France,23,1995.0
France,Fra_268,Coal,EdF Le Havre Coal Power Plant France,24,1995.0
France,Fra_268,Coal,EdF Le Havre Coal Power Plant France,25,1995.0
France,Fra_268,Coal,EdF Le Havre Coal Power Plant France,26,1995.0
France,Fra_268,Coal,EdF Le Havre Coal Power Plant France,27,1995.0
France,Fra_268,Coal,EdF Le Havre Coal Power Plant France,28,1995.0
France,Fra_268,Coal,EdF Le Havre Coal Power Plant France,29,1995.0
France,Fra_268,Coal,EdF Le Havre Coal Power Plant France,30,1985.6291816469677
France,Fra_268,Coal,EdF Le Havre Coal Power Plant France,31,1808.4819682079274
France,Fra_268,Coal,EdF Le Havre Coal Power Plant France,32,1057.3369321082623
France,Fra_268,Coal,EdF Le Havre Coal Power Plant France,33,1995.0
France,Fra_268,Coal,EdF Le Havre Coal Power Plant France,34,1403.5516600244623
France,Fra_268,Coal,EdF Le Havre Coal Power Plant France,35,1431.5216558236498
France,Fra_268,Coal,EdF Le Havre Coal Power Plant France,36,399.0
France,Fra_268,Coal,EdF Le Havre Coal Power Plant France,37,1995.0
France,Fra_268,Coal,EdF Le Havre Coal Power Plant France,38,1995.0
France,Fra_268,Coal,EdF Le Havre Coal Power Plant France,39,1995.0
France,Fra_268,Coal,EdF Le Havre Coal Power Plant France,40,1995.0
France,Fra_268,Coal,EdF Le Havre Coal Power Plant France,41,399.0
France,Fra_268,Coal,EdF Le Havre Coal Power Plant France,42,1453.428377215782
France,Fra_268,Coal,EdF Le Havre Coal Power Plant France,43,1254.3721954094358
France,Fra_268,Coal,EdF Le Havre Coal Power Plant France,44,1361.472894555405
France,Fra_268,Coal,EdF Le Havre Coal Power Plant France,45,1995.0
France,Fra_268,Coal,EdF Le Havre Coal Power Plant France,46,1995.0
France,Fra_268,Coal,EdF Le Havre Coal Power Plant France,47,1289.257568251022
France,Fra_268,Coal,EdF Le Havre Coal Power Plant France,48,1422.0269871622058
France,Fra_268,Coal,EdF Le Havre Coal Power Plant France,49,399.0
France,Fra_268,Coal,EdF Le Havre Coal Power Plant France,50,399.0
France,Fra_268,Coal,EdF Le Havre Coal Power Plant France,51,399.0
France,Fra_268,Coal,EdF Le Havre Coal Power Plant France,52,399.0
France,Fra_268,Coal,EdF Le Havre Coal Power Plant France,53,399.0
France,Fra_268,Coal,EdF Le Havre Coal Power Plant France,54,399.0
France,Fra_268,Coal,EdF Le Havre Coal Power Plant France,55,399.0
France,Fra_268,Coal,EdF Le Havre Coal Power Plant France,56,399.0
France,Fra_268,Coal,EdF Le Havre Coal Power Plant France,57,399.0
France,Fra_268,Coal,EdF Le Havre Coal Power Plant France,58,399.0
France,Fra_268,Coal,EdF Le Havre Coal Power Plant France,59,399.0
France,Fra_268,Coal,EdF Le Havre Coal Power Plant France,60,399.0
France,Fra_268,Coal,EdF Le Havre Coal Power Plant France,61,399.0
France,Fra_268,Coal,EdF Le Havre Coal Power Plant France,62,399.0
France,Fra_268,Coal,EdF Le Havre Coal Power Plant France,63,399.0
France,Fra_268,Coal,EdF Le Havre Coal Power Plant France,64,399.0
France,Fra_268,Coal,EdF Le Havre Coal Power Plant France,65,814.162470641307
France,Fra_268,Coal,EdF Le Havre Coal Power Plant France,66,1995.0
France,Fra_268,Coal,EdF Le Havre Coal Power Plant France,67,1226.0303151297487
France,Fra_268,Coal,EdF Le Havre Coal Power Plant France,68,399.0
France,Fra_268,Coal,EdF Le Havre Coal Power Plant France,69,1439.387405091676
France,Fra_268,Coal,EdF Le Havre Coal Power Plant France,70,648.3003881195334
France,Fra_268,Coal,EdF Le Havre Coal Power Plant France,71,399.0
France,Fra_268,Coal,EdF Le Havre Coal Power Plant France,72,399.0
France,Fra_268,Coal,EdF Le Havre Coal Power Plant France,73,399.0
France,Fra_268,Coal,EdF Le Havre Coal Power Plant France,74,399.0
France,Fra_268,Coal,EdF Le Havre Coal Power Plant France,75,509.2303549623565
France,Fra_268,Coal,EdF Le Havre Coal Power Plant France,76,555.1883280635158
France,Fra_268,Coal,EdF Le Havre Coal Power Plant France,77,1343.3524180143822
France,Fra_268,Coal,EdF Le Havre Coal Power Plant France,78,1603.8960266993877
France,Fra_268,Coal,EdF Le Havre Coal Power Plant France,79,1597.9078692023613
France,Fra_268,Coal,EdF Le Havre Coal Power Plant France,80,1995.0
France,Fra_268,Coal,EdF Le Havre Coal Power Plant France,81,1053.4473522846456
France,Fra_268,Coal,EdF Le Havre Coal Power Plant France,82,1995.0
France,Fra_268,Coal,EdF Le Havre Coal Power Plant France,83,1995.0
France,Fra_268,Coal,EdF Le Havre Coal Power Plant France,84,1995.0
France,Fra_268,Coal,EdF Le Havre Coal Power Plant France,85,1995.0
France,Fra_268,Coal,EdF Le Havre Coal Power Plant France,86,1995.0
France,Fra_268,Coal,EdF Le Havre Coal Power Plant France,87,1995.0
France,Fra_268,Coal,EdF Le Havre Coal Power Plant France,88,1995.0
France,Fra_268,Coal,EdF Le Havre Coal Power Plant France,89,1995.0
France,Fra_268,Coal,EdF Le Havre Coal Power Plant France,90,1995.0
France,Fra_268,Coal,EdF Le Havre Coal Power Plant France,91,1995.0
France,Fra_268,Coal,EdF Le Havre Coal Power Plant France,92,1589.2397304215988
France,Fra_268,Coal,EdF Le Havre Coal Power Plant France,93,1726.108958832349
France,Fra_268,Coal,EdF Le Havre Coal Power Plant France,94,1717.4462393710883
France,Fra_268,Coal,EdF Le Havre Coal Power Plant France,95,1387.6859907998387
France,Fra_268,Coal,EdF Le Havre Coal Power Plant France,96,592.9143225461495
France,Fra_255,Coal,Emile-Huchet Coal Power Plant France,1,1086.0
France,Fra_255,Coal,Emile-Huchet Coal Power Plant France,2,1086.0
France,Fra_255,Coal,Emile-Huchet Coal Power Plant France,3,1086.0
France,Fra_255,Coal,Emile-Huchet Coal Power Plant France,4,1086.0
France,Fra_255,Coal,Emile-Huchet Coal Power Plant France,5,869.096735600351
France,Fra_255,Coal,Emile-Huchet Coal Power Plant France,6,470.48799818768896
France,Fra_255,Coal,Emile-Huchet Coal Power Plant France,7,217.2
France,Fra_255,Coal,Emile-Huchet Coal Power Plant France,8,217.2
France,Fra_255,Coal,Emile-Huchet Coal Power Plant France,9,217.2
France,Fra_255,Coal,Emile-Huchet Coal Power Plant France,10,217.2
France,Fra_255,Coal,Emile-Huchet Coal Power Plant France,11,217.2
France,Fra_255,Coal,Emile-Huchet Coal Power Plant France,12,217.2
France,Fra_255,Coal,Emile-Huchet Coal Power Plant France,13,217.2
France,Fra_255,Coal,Emile-Huchet Coal Power Plant France,14,229.83616370134314
France,Fra_255,Coal,Emile-Huchet Coal Power Plant France,15,1086.0
France,Fra_255,Coal,Emile-Huchet Coal Power Plant France,16,1086.0
France,Fra_255,Coal,Emile-Huchet Coal Power Plant France,17,1086.0
France,Fra_255,Coal,Emile-Huchet Coal Power Plant France,18,1086.0
France,Fra_255,Coal,Emile-Huchet Coal Power Plant France,19,1086.0
France,Fra_255,Coal,Emile-Huchet Coal Power Plant France,20,1086.0
France,Fra_255,Coal,Emile-Huchet Coal Power Plant France,21,1086.0
France,Fra_255,Coal,Emile-Huchet Coal Power Plant France,22,1086.0
France,Fra_255,Coal,Emile-Huchet Coal Power Plant France,23,1086.0
France,Fra_255,Coal,Emile-Huchet Coal Power Plant France,24,1086.0
France,Fra_255,Coal,Emile-Huchet Coal Power Plant France,25,1086.0
France,Fra_255,Coal,Emile-Huchet Coal Power Plant France,26,1086.0
France,Fra_255,Coal,Emile-Huchet Coal Power Plant France,27,1086.0
France,Fra_255,Coal,Emile-Huchet Coal Power Plant France,28,1086.0
France,Fra_255,Coal,Emile-Huchet Coal Power Plant France,29,1086.0
France,Fra_255,Coal,Emile-Huchet Coal Power Plant France,30,1086.0
France,Fra_255,Coal,Emile-Huchet Coal Power Plant France,31,1086.0
France,Fra_255,Coal,Emile-Huchet Coal Power Plant France,32,1086.0
France,Fra_255,Coal,Emile-Huchet Coal Power Plant France,33,1086.0
France,Fra_255,Coal,Emile-Huchet Coal Power Plant France,34,1086.0
France,Fra_255,Coal,Emile-Huchet Coal Power Plant France,35,1086.0
France,Fra_255,Coal,Emile-Huchet Coal Power Plant France,36,1086.0
France,Fra_255,Coal,Emile-Huchet Coal Power Plant France,37,1086.0
France,Fra_255,Coal,Emile-Huchet Coal Power Plant France,38,1086.0
France,Fra_255,Coal,Emile-Huchet Coal Power Plant France,39,1086.0
France,Fra_255,Coal,Emile-Huchet Coal Power Plant France,40,1086.0
France,Fra_255,Coal,Emile-Huchet Coal Power Plant France,41,1086.0
France,Fra_255,Coal,Emile-Huchet Coal Power Plant France,42,1086.0
France,Fra_255,Coal,Emile-Huchet Coal Power Plant France,43,1086.0
France,Fra_255,Coal,Emile-Huchet Coal Power Plant France,44,1086.0
France,Fra_255,Coal,Emile-Huchet Coal Power Plant France,45,1086.0
France,Fra_255,Coal,Emile-Huchet Coal Power Plant France,46,1086.0
France,Fra_255,Coal,Emile-Huchet Coal Power Plant France,47,1086.0
France,Fra_255,Coal,Emile-Huchet Coal Power Plant France,48,1086.0
France,Fra_255,Coal,Emile-Huchet Coal Power Plant France,49,1086.0
France,Fra_255,Coal,Emile-Huchet Coal Power Plant France,50,1086.0
France,Fra_255,Coal,Emile-Huchet Coal Power Plant France,51,1086.0
France,Fra_255,Coal,Emile-Huchet Coal Power Plant France,52,1086.0
France,Fra_255,Coal,Emile-Huchet Coal Power Plant France,53,1086.0
France,Fra_255,Coal,Emile-Huchet Coal Power Plant France,54,1086.0
France,Fra_255,Coal,Emile-Huchet Coal Power Plant France,55,1086.0
France,Fra_255,Coal,Emile-Huchet Coal Power Plant France,56,1086.0
France,Fra_255,Coal,Emile-Huchet Coal Power Plant France,57,1086.0
France,Fra_255,Coal,Emile-Huchet Coal Power Plant France,58,1086.0
France,Fra_255,Coal,Emile-Huchet Coal Power Plant France,59,1086.0
France,Fra_255,Coal,Emile-Huchet Coal Power Plant France,60,1086.0
France,Fra_255,Coal,Emile-Huchet Coal Power Plant France,61,1086.0
France,Fra_255,Coal,Emile-Huchet Coal Power Plant France,62,1086.0
France,Fra_255,Coal,Emile-Huchet Coal Power Plant France,63,1086.0
France,Fra_255,Coal,Emile-Huchet Coal Power Plant France,64,1086.0
France,Fra_255,Coal,Emile-Huchet Coal Power Plant France,65,1086.0
France,Fra_255,Coal,Emile-Huchet Coal Power Plant France,66,1086.0
France,Fra_255,Coal,Emile-Huchet Coal Power Plant France,67,1086.0
France,Fra_255,Coal,Emile-Huchet Coal Power Plant France,68,1086.0
France,Fra_255,Coal,Emile-Huchet Coal Power Plant France,69,1086.0
France,Fra_255,Coal,Emile-Huchet Coal Power Plant France,70,1086.0
France,Fra_255,Coal,Emile-Huchet Coal Power Plant France,71,1086.0
France,Fra_255,Coal,Emile-Huchet Coal Power Plant France,72,1086.0
France,Fra_255,Coal,Emile-Huchet Coal Power Plant France,73,1086.0
France,Fra_255,Coal,Emile-Huchet Coal Power Plant France,74,1086.0
France,Fra_255,Coal,Emile-Huchet Coal Power Plant France,75,1086.0
France,Fra_255,Coal,Emile-Huchet Coal Power Plant France,76,1086.0
France,Fra_255,Coal,Emile-Huchet Coal Power Plant France,77,1086.0
France,Fra_255,Coal,Emile-Huchet Coal Power Plant France,78,1086.0
France,Fra_255,Coal,Emile-Huchet Coal Power Plant France,79,1086.0
France,Fra_255,Coal,Emile-Huchet Coal Power Plant France,80,1086.0
France,Fra_255,Coal,Emile-Huchet Coal Power Plant France,81,1086.0
France,Fra_255,Coal,Emile-Huchet Coal Power Plant France,82,1086.0
France,Fra_255,Coal,Emile-Huchet Coal Power Plant France,83,1086.0
France,Fra_255,Coal,Emile-Huchet Coal Power Plant France,84,1086.0
France,Fra_255,Coal,Emile-Huchet Coal Power Plant France,85,1086.0
France,Fra_255,Coal,Emile-Huchet Coal Power Plant France,86,1086.0
France,Fra_255,Coal,Emile-Huchet Coal Power Plant France,87,1086.0
France,Fra_255,Coal,Emile-Huchet Coal Power Plant France,88,1086.0
France,Fra_255,Coal,Emile-Huchet Coal Power Plant France,89,1086.0
France,Fra_255,Coal,Emile-Huchet Coal Power Plant France,90,1086.0
France,Fra_255,Coal,Emile-Huchet Coal Power Plant France,91,1086.0
France,Fra_255,Coal,Emile-Huchet Coal Power Plant France,92,1086.0
France,Fra_255,Coal,Emile-Huchet Coal Power Plant France,93,1086.0
France,Fra_255,Coal,Emile-Huchet Coal Power Plant France,94,1086.0
France,Fra_255,Coal,Emile-Huchet Coal Power Plant France,95,1086.0
France,Fra_255,Coal,Emile-Huchet Coal Power Plant France,96,1086.0
France,Fra_248,Nuclear,Flamanville Nuclear Power Plant France,1,2764.0
France,Fra_248,Nuclear,Flamanville Nuclear Power Plant France,2,2764.0
France,Fra_248,Nuclear,Flamanville Nuclear Power Plant France,3,2764.0
France,Fra_248,Nuclear,Flamanville Nuclear Power Plant France,4,2764.0
France,Fra_248,Nuclear,Flamanville Nuclear Power Plant France,5,2733.9683086636874
France,Fra_248,Nuclear,Flamanville Nuclear Power Plant France,6,2709.3922397228107
France,Fra_248,Nuclear,Flamanville Nuclear Power Plant France,7,2586.6256398051005
France,Fra_248,Nuclear,Flamanville Nuclear Power Plant France,8,2764.0
France,Fra_248,Nuclear,Flamanville Nuclear Power Plant France,9,2764.0
France,Fra_248,Nuclear,Flamanville Nuclear Power Plant France,10,2764.0
France,Fra_248,Nuclear,Flamanville Nuclear Power Plant France,11,2764.0
France,Fra_248,Nuclear,Flamanville Nuclear Power Plant France,12,2764.0
France,Fra_248,Nuclear,Flamanville Nuclear Power Plant France,13,2764.0
France,Fra_248,Nuclear,Flamanville Nuclear Power Plant France,14,2717.1500416884037
France,Fra_248,Nuclear,Flamanville Nuclear Power Plant France,15,2764.0
France,Fra_248,Nuclear,Flamanville Nuclear Power Plant France,16,2764.0
France,Fra_248,Nuclear,Flamanville Nuclear Power Plant France,17,2764.0
France,Fra_248,Nuclear,Flamanville Nuclear Power Plant France,18,2764.0
France,Fra_248,Nuclear,Flamanville Nuclear Power Plant France,19,2764.0
France,Fra_248,Nuclear,Flamanville Nuclear Power Plant France,20,2764.0
France,Fra_248,Nuclear,Flamanville Nuclear Power Plant France,21,2764.0
France,Fra_248,Nuclear,Flamanville Nuclear Power Plant France,22,2764.0
France,Fra_248,Nuclear,Flamanville Nuclear Power Plant France,23,2764.0
France,Fra_248,Nuclear,Flamanville Nuclear Power Plant France,24,2764.0
France,Fra_248,Nuclear,Flamanville Nuclear Power Plant France,25,2764.0
France,Fra_248,Nuclear,Flamanville Nuclear Power Plant France,26,2764.0
France,Fra_248,Nuclear,Flamanville Nuclear Power Plant France,27,2764.0
France,Fra_248,Nuclear,Flamanville Nuclear Power Plant France,28,2764.0
France,Fra_248,Nuclear,Flamanville Nuclear Power Plant France,29,2764.0
France,Fra_248,Nuclear,Flamanville Nuclear Power Plant France,30,2764.0
France,Fra_248,Nuclear,Flamanville Nuclear Power Plant France,31,2764.0
France,Fra_248,Nuclear,Flamanville Nuclear Power Plant France,32,2764.0
France,Fra_248,Nuclear,Flamanville Nuclear Power Plant France,33,2764.0
France,Fra_248,Nuclear,Flamanville Nuclear Power Plant France,34,2764.0
France,Fra_248,Nuclear,Flamanville Nuclear Power Plant France,35,2764.0
France,Fra_248,Nuclear,Flamanville Nuclear Power Plant France,36,2764.0
France,Fra_248,Nuclear,Flamanville Nuclear Power Plant France,37,2764.0
France,Fra_248,Nuclear,Flamanville Nuclear Power Plant France,38,2764.0
France,Fra_248,Nuclear,Flamanville Nuclear Power Plant France,39,2764.0
France,Fra_248,Nuclear,Flamanville Nuclear Power Plant France,40,2764.0
France,Fra_248,Nuclear,Flamanville Nuclear Power Plant France,41,2596.577879486517
France,Fra_248,Nuclear,Flamanville Nuclear Power Plant France,42,2764.0
France,Fra_248,Nuclear,Flamanville Nuclear Power Plant France,43,2764.0
France,Fra_248,Nuclear,Flamanville Nuclear Power Plant France,44,2764.0
France,Fra_248,Nuclear,Flamanville Nuclear Power Plant France,45,2764.0
France,Fra_248,Nuclear,Flamanville Nuclear Power Plant France,46,2764.0
France,Fra_248,Nuclear,Flamanville Nuclear Power Plant France,47,2764.0
France,Fra_248,Nuclear,Flamanville Nuclear Power Plant France,48,2764.0
France,Fra_248,Nuclear,Flamanville Nuclear Power Plant France,49,552.8
France,Fra_248,Nuclear,Flamanville Nuclear Power Plant France,50,1222.983988075699
France,Fra_248,Nuclear,Flamanville Nuclear Power Plant France,51,2764.0
France,Fra_248,Nuclear,Flamanville Nuclear Power Plant France,52,2127.3271926854204
France,Fra_248,Nuclear,Flamanville Nuclear Power Plant France,53,2764.0
France,Fra_248,Nuclear,Flamanville Nuclear Power Plant France,54,2764.0
France,Fra_248,Nuclear,Flamanville Nuclear Power Plant France,55,2764.0
France,Fra_248,Nuclear,Flamanville Nuclear Power Plant France,56,2764.0
France,Fra_248,Nuclear,Flamanville Nuclear Power Plant France,57,1337.757590342827
France,Fra_248,Nuclear,Flamanville Nuclear Power Plant France,58,1492.6546604240061
France,Fra_248,Nuclear,Flamanville Nuclear Power Plant France,59,1866.212077982179
France,Fra_248,Nuclear,Flamanville Nuclear Power Plant France,60,2764.0
France,Fra_248,Nuclear,Flamanville Nuclear Power Plant France,61,2679.114125844835
France,Fra_248,Nuclear,Flamanville Nuclear Power Plant France,62,2764.0
France,Fra_248,Nuclear,Flamanville Nuclear Power Plant France,63,2117.03860631534
France,Fra_248,Nuclear,Flamanville Nuclear Power Plant France,64,2764.0
France,Fra_248,Nuclear,Flamanville Nuclear Power Plant France,65,2764.0
France,Fra_248,Nuclear,Flamanville Nuclear Power Plant France,66,2764.0
France,Fra_248,Nuclear,Flamanville Nuclear Power Plant France,67,2764.0
France,Fra_248,Nuclear,Flamanville Nuclear Power Plant France,68,2764.0
France,Fra_248,Nuclear,Flamanville Nuclear Power Plant France,69,2764.0
France,Fra_248,Nuclear,Flamanville Nuclear Power Plant France,70,2764.0
France,Fra_248,Nuclear,Flamanville Nuclear Power Plant France,71,2764.0
France,Fra_248,Nuclear,Flamanville Nuclear Power Plant France,72,2699.9822818927355
France,Fra_248,Nuclear,Flamanville Nuclear Power Plant France,73,2508.315828950029
France,Fra_248,Nuclear,Flamanville Nuclear Power Plant France,74,2763.920143150507
France,Fra_248,Nuclear,Flamanville Nuclear Power Plant France,75,2764.0
France,Fra_248,Nuclear,Flamanville Nuclear Power Plant France,76,2764.0
France,Fra_248,Nuclear,Flamanville Nuclear Power Plant France,77,2764.0
France,Fra_248,Nuclear,Flamanville Nuclear Power Plant France,78,2764.0
France,Fra_248,Nuclear,Flamanville Nuclear Power Plant France,79,2764.0
France,Fra_248,Nuclear,Flamanville Nuclear Power Plant France,80,2764.0
France,Fra_248,Nuclear,Flamanville Nuclear Power Plant France,81,2764.0
France,Fra_248,Nuclear,Flamanville Nuclear Power Plant France,82,2764.0
France,Fra_248,Nuclear,Flamanville Nuclear Power Plant France,83,2764.0
France,Fra_248,Nuclear,Flamanville Nuclear Power Plant France,84,2764.0
France,Fra_248,Nuclear,Flamanville Nuclear Power Plant France,85,2764.0
France,Fra_248,Nuclear,Flamanville Nuclear Power Plant France,86,2764.0
France,Fra_248,Nuclear,Flamanville Nuclear Power Plant France,87,2764.0
France,Fra_248,Nuclear,Flamanville Nuclear Power Plant France,88,2764.0
France,Fra_248,Nuclear,Flamanville Nuclear Power Plant France,89,2764.0
France,Fra_248,Nuclear,Flamanville Nuclear Power Plant France,90,2764.0
France,Fra_248,Nuclear,Flamanville Nuclear Power Plant France,91,2764.0
France,Fra_248,Nuclear,Flamanville Nuclear Power Plant France,92,2764.0
France,Fra_248,Nuclear,Flamanville Nuclear Power Plant France,93,2764.0
France,Fra_248,Nuclear,Flamanville Nuclear Power Plant France,94,2764.0
France,Fra_248,Nuclear,Flamanville Nuclear Power Plant France,95,2764.0
France,Fra_248,Nuclear,Flamanville Nuclear Power Plant France,96,2764.0
France,Fra_220,Fuel Oil,"Martigues Combustion Oil Power Plant, France",1,0.0
France,Fra_220,Fuel Oil,"Martigues Combustion Oil Power Plant, France",2,0.0
France,Fra_220,Fuel Oil,"Martigues Combustion Oil Power Plant, France",3,0.0
France,Fra_220,Fuel Oil,"Martigues Combustion Oil Power Plant, France",4,0.0
France,Fra_220,Fuel Oil,"Martigues Combustion Oil Power Plant, France",5,0.0
France,Fra_220,Fuel Oil,"Martigues Combustion Oil Power Plant, France",6,0.0
France,Fra_220,Fuel Oil,"Martigues Combustion Oil Power Plant, France",7,0.0
France,Fra_220,Fuel Oil,"Martigues Combustion Oil Power Plant, France",8,0.0
France,Fra_220,Fuel Oil,"Martigues Combustion Oil Power Plant, France",9,0.0
France,Fra_220,Fuel Oil,"Martigues Combustion Oil Power Plant, France",10,0.0
France,Fra_220,Fuel Oil,"Martigues Combustion Oil Power Plant, France",11,0.0
France,Fra_220,Fuel Oil,"Martigues Combustion Oil Power Plant, France",12,0.0
France,Fra_220,Fuel Oil,"Martigues Combustion Oil Power Plant, France",13,0.0
France,Fra_220,Fuel Oil,"Martigues Combustion Oil Power Plant, France",14,0.0
France,Fra_220,Fuel Oil,"Martigues Combustion Oil Power Plant, France",15,0.0
France,Fra_220,Fuel Oil,"Martigues Combustion Oil Power Plant, France",16,0.0
France,Fra_220,Fuel Oil,"Martigues Combustion Oil Power Plant, France",17,0.0
France,Fra_220,Fuel Oil,"Martigues Combustion Oil Power Plant, France",18,0.0
France,Fra_220,Fuel Oil,"Martigues Combustion Oil Power Plant, France",19,0.0
France,Fra_220,Fuel Oil,"Martigues Combustion Oil Power Plant, France",20,0.0
France,Fra_220,Fuel Oil,"Martigues Combustion Oil Power Plant, France",21,0.0
France,Fra_220,Fuel Oil,"Martigues Combustion Oil Power Plant, France",22,0.0
France,Fra_220,Fuel Oil,"Martigues Combustion Oil Power Plant, France",23,0.0
France,Fra_220,Fuel Oil,"Martigues Combustion Oil Power Plant, France",24,0.0
France,Fra_220,Fuel Oil,"Martigues Combustion Oil Power Plant, France",25,0.0
France,Fra_220,Fuel Oil,"Martigues Combustion Oil Power Plant, France",26,0.0
France,Fra_220,Fuel Oil,"Martigues Combustion Oil Power Plant, France",27,0.0
France,Fra_220,Fuel Oil,"Martigues Combustion Oil Power Plant, France",28,0.0
France,Fra_220,Fuel Oil,"Martigues Combustion Oil Power Plant, France",29,0.0
France,Fra_220,Fuel Oil,"Martigues Combustion Oil Power Plant, France",30,0.0
France,Fra_220,Fuel Oil,"Martigues Combustion Oil Power Plant, France",31,0.0
France,Fra_220,Fuel Oil,"Martigues Combustion Oil Power Plant, France",32,0.0
France,Fra_220,Fuel Oil,"Martigues Combustion Oil Power Plant, France",33,0.0
France,Fra_220,Fuel Oil,"Martigues Combustion Oil Power Plant, France",34,0.0
France,Fra_220,Fuel Oil,"Martigues Combustion Oil Power Plant, France",35,0.0
France,Fra_220,Fuel Oil,"Martigues Combustion Oil Power Plant, France",36,0.0
France,Fra_220,Fuel Oil,"Martigues Combustion Oil Power Plant, France",37,0.0
France,Fra_220,Fuel Oil,"Martigues Combustion Oil Power Plant, France",38,0.0
France,Fra_220,Fuel Oil,"Martigues Combustion Oil Power Plant, France",39,0.0
France,Fra_220,Fuel Oil,"Martigues Combustion Oil Power Plant, France",40,0.0
France,Fra_220,Fuel Oil,"Martigues Combustion Oil Power Plant, France",41,0.0
France,Fra_220,Fuel Oil,"Martigues Combustion Oil Power Plant, France",42,0.0
France,Fra_220,Fuel Oil,"Martigues Combustion Oil Power Plant, France",43,0.0
France,Fra_220,Fuel Oil,"Martigues Combustion Oil Power Plant, France",44,0.0
France,Fra_220,Fuel Oil,"Martigues Combustion Oil Power Plant, France",45,0.0
France,Fra_220,Fuel Oil,"Martigues Combustion Oil Power Plant, France",46,0.0
France,Fra_220,Fuel Oil,"Martigues Combustion Oil Power Plant, France",47,0.0
France,Fra_220,Fuel Oil,"Martigues Combustion Oil Power Plant, France",48,0.0
France,Fra_220,Fuel Oil,"Martigues Combustion Oil Power Plant, France",49,0.0
France,Fra_220,Fuel Oil,"Martigues Combustion Oil Power Plant, France",50,0.0
France,Fra_220,Fuel Oil,"Martigues Combustion Oil Power Plant, France",51,0.0
France,Fra_220,Fuel Oil,"Martigues Combustion Oil Power Plant, France",52,0.0
France,Fra_220,Fuel Oil,"Martigues Combustion Oil Power Plant, France",53,0.0
France,Fra_220,Fuel Oil,"Martigues Combustion Oil Power Plant, France",54,0.0
France,Fra_220,Fuel Oil,"Martigues Combustion Oil Power Plant, France",55,0.0
France,Fra_220,Fuel Oil,"Martigues Combustion Oil Power Plant, France",56,0.0
France,Fra_220,Fuel Oil,"Martigues Combustion Oil Power Plant, France",57,0.0
France,Fra_220,Fuel Oil,"Martigues Combustion Oil Power Plant, France",58,0.0
France,Fra_220,Fuel Oil,"Martigues Combustion Oil Power Plant, France",59,0.0
France,Fra_220,Fuel Oil,"Martigues Combustion Oil Power Plant, France",60,0.0
France,Fra_220,Fuel Oil,"Martigues Combustion Oil Power Plant, France",61,0.0
France,Fra_220,Fuel Oil,"Martigues Combustion Oil Power Plant, France",62,0.0
France,Fra_220,Fuel Oil,"Martigues Combustion Oil Power Plant, France",63,0.0
France,Fra_220,Fuel Oil,"Martigues Combustion Oil Power Plant, France",64,0.0
France,Fra_220,Fuel Oil,"Martigues Combustion Oil Power Plant, France",65,0.0
France,Fra_220,Fuel Oil,"Martigues Combustion Oil Power Plant, France",66,0.0
France,Fra_220,Fuel Oil,"Martigues Combustion Oil Power Plant, France",67,0.0
France,Fra_220,Fuel Oil,"Martigues Combustion Oil Power Plant, France",68,0.0
France,Fra_220,Fuel Oil,"Martigues Combustion Oil Power Plant, France",69,0.0
France,Fra_220,Fuel Oil,"Martigues Combustion Oil Power Plant, France",70,0.0
France,Fra_220,Fuel Oil,"Martigues Combustion Oil Power Plant, France",71,0.0
France,Fra_220,Fuel Oil,"Martigues Combustion Oil Power Plant, France",72,0.0
France,Fra_220,Fuel Oil,"Martigues Combustion Oil Power Plant, France",73,0.0
France,Fra_220,Fuel Oil,"Martigues Combustion Oil Power Plant, France",74,0.0
France,Fra_220,Fuel Oil,"Martigues Combustion Oil Power Plant, France",75,0.0
France,Fra_220,Fuel Oil,"Martigues Combustion Oil Power Plant, France",76,0.0
France,Fra_220,Fuel Oil,"Martigues Combustion Oil Power Plant, France",77,0.0
France,Fra_220,Fuel Oil,"Martigues Combustion Oil Power Plant, France",78,0.0
France,Fra_220,Fuel Oil,"Martigues Combustion Oil Power Plant, France",79,0.0
France,Fra_220,Fuel Oil,"Martigues Combustion Oil Power Plant, France",80,0.0
France,Fra_220,Fuel Oil,"Martigues Combustion Oil Power Plant, France",81,0.0
France,Fra_220,Fuel Oil,"Martigues Combustion Oil Power Plant, France",82,0.0
France,Fra_220,Fuel Oil,"Martigues Combustion Oil Power Plant, France",83,0.0
France,Fra_220,Fuel Oil,"Martigues Combustion Oil Power Plant, France",84,0.0
France,Fra_220,Fuel Oil,"Martigues Combustion Oil Power Plant, France",85,0.0
France,Fra_220,Fuel Oil,"Martigues Combustion Oil Power Plant, France",86,0.0
France,Fra_220,Fuel Oil,"Martigues Combustion Oil Power Plant, France",87,0.0
France,Fra_220,Fuel Oil,"Martigues Combustion Oil Power Plant, France",88,0.0
France,Fra_220,Fuel Oil,"Martigues Combustion Oil Power Plant, France",89,0.0
France,Fra_220,Fuel Oil,"Martigues Combustion Oil Power Plant, France",90,0.0
France,Fra_220,Fuel Oil,"Martigues Combustion Oil Power Plant, France",91,0.0
France,Fra_220,Fuel Oil,"Martigues Combustion Oil Power Plant, France",92,0.0
France,Fra_220,Fuel Oil,"Martigues Combustion Oil Power Plant, France",93,0.0
France,Fra_220,Fuel Oil,"Martigues Combustion Oil Power Plant, France",94,0.0
France,Fra_220,Fuel Oil,"Martigues Combustion Oil Power Plant, France",95,0.0
France,Fra_220,Fuel Oil,"Martigues Combustion Oil Power Plant, France",96,0.0
France,Fra_220,Natural Gas,Fos-sur-Mer CCGT Power Plant France,1,0.0
France,Fra_220,Natural Gas,Fos-sur-Mer CCGT Power Plant France,2,0.0
France,Fra_220,Natural Gas,Fos-sur-Mer CCGT Power Plant France,3,0.0
France,Fra_220,Natural Gas,Fos-sur-Mer CCGT Power Plant France,4,0.0
France,Fra_220,Natural Gas,Fos-sur-Mer CCGT Power Plant France,5,0.0
France,Fra_220,Natural Gas,Fos-sur-Mer CCGT Power Plant France,6,0.0
France,Fra_220,Natural Gas,Fos-sur-Mer CCGT Power Plant France,7,0.0
France,Fra_220,Natural Gas,Fos-sur-Mer CCGT Power Plant France,8,0.0
France,Fra_220,Natural Gas,Fos-sur-Mer CCGT Power Plant France,9,0.0
France,Fra_220,Natural Gas,Fos-sur-Mer CCGT Power Plant France,10,0.0
France,Fra_220,Natural Gas,Fos-sur-Mer CCGT Power Plant France,11,0.0
France,Fra_220,Natural Gas,Fos-sur-Mer CCGT Power Plant France,12,0.0
France,Fra_220,Natural Gas,Fos-sur-Mer CCGT Power Plant France,13,0.0
France,Fra_220,Natural Gas,Fos-sur-Mer CCGT Power Plant France,14,0.0
France,Fra_220,Natural Gas,Fos-sur-Mer CCGT Power Plant France,15,0.0
France,Fra_220,Natural Gas,Fos-sur-Mer CCGT Power Plant France,16,0.0
France,Fra_220,Natural Gas,Fos-sur-Mer CCGT Power Plant France,17,0.0
France,Fra_220,Natural Gas,Fos-sur-Mer CCGT Power Plant France,18,0.0
France,Fra_220,Natural Gas,Fos-sur-Mer CCGT Power Plant France,19,0.0
France,Fra_220,Natural Gas,Fos-sur-Mer CCGT Power Plant France,20,0.0
France,Fra_220,Natural Gas,Fos-sur-Mer CCGT Power Plant France,21,192.0
France,Fra_220,Natural Gas,Fos-sur-Mer CCGT Power Plant France,22,192.0
France,Fra_220,Natural Gas,Fos-sur-Mer CCGT Power Plant France,23,480.0
France,Fra_220,Natural Gas,Fos-sur-Mer CCGT Power Plant France,24,480.0
France,Fra_220,Natural Gas,Fos-sur-Mer CCGT Power Plant France,25,480.0
France,Fra_220,Natural Gas,Fos-sur-Mer CCGT Power Plant France,26,480.0
France,Fra_220,Natural Gas,Fos-sur-Mer CCGT Power Plant France,27,192.0
France,Fra_220,Natural Gas,Fos-sur-Mer CCGT Power Plant France,28,480.0
France,Fra_220,Natural Gas,Fos-sur-Mer CCGT Power Plant France,29,480.0
France,Fra_220,Natural Gas,Fos-sur-Mer CCGT Power Plant France,30,192.0
France,Fra_220,Natural Gas,Fos-sur-Mer CCGT Power Plant France,31,192.0
France,Fra_220,Natural Gas,Fos-sur-Mer CCGT Power Plant France,32,192.0
France,Fra_220,Natural Gas,Fos-sur-Mer CCGT Power Plant France,33,192.0
France,Fra_220,Natural Gas,Fos-sur-Mer CCGT Power Plant France,34,192.0
France,Fra_220,Natural Gas,Fos-sur-Mer CCGT Power Plant France,35,192.0
France,Fra_220,Natural Gas,Fos-sur-Mer CCGT Power Plant France,36,192.0
France,Fra_220,Natural Gas,Fos-sur-Mer CCGT Power Plant France,37,480.0
France,Fra_220,Natural Gas,Fos-sur-Mer CCGT Power Plant France,38,480.0
France,Fra_220,Natural Gas,Fos-sur-Mer CCGT Power Plant France,39,218.13179796700865
France,Fra_220,Natural Gas,Fos-sur-Mer CCGT Power Plant France,40,480.0
France,Fra_220,Natural Gas,Fos-sur-Mer CCGT Power Plant France,41,0.0
France,Fra_220,Natural Gas,Fos-sur-Mer CCGT Power Plant France,42,0.0
France,Fra_220,Natural Gas,Fos-sur-Mer CCGT Power Plant France,43,0.0
France,Fra_220,Natural Gas,Fos-sur-Mer CCGT Power Plant France,44,0.0
France,Fra_220,Natural Gas,Fos-sur-Mer CCGT Power Plant France,45,0.0
France,Fra_220,Natural Gas,Fos-sur-Mer CCGT Power Plant France,46,0.0
France,Fra_220,Natural Gas,Fos-sur-Mer CCGT Power Plant France,47,0.0
France,Fra_220,Natural Gas,Fos-sur-Mer CCGT Power Plant France,48,0.0
France,Fra_220,Natural Gas,Fos-sur-Mer CCGT Power Plant France,49,0.0
France,Fra_220,Natural Gas,Fos-sur-Mer CCGT Power Plant France,50,0.0
France,Fra_220,Natural Gas,Fos-sur-Mer CCGT Power Plant France,51,0.0
France,Fra_220,Natural Gas,Fos-sur-Mer CCGT Power Plant France,52,0.0
France,Fra_220,Natural Gas,Fos-sur-Mer CCGT Power Plant France,53,0.0
France,Fra_220,Natural Gas,Fos-sur-Mer CCGT Power Plant France,54,0.0
France,Fra_220,Natural Gas,Fos-sur-Mer CCGT Power Plant France,55,0.0
France,Fra_220,Natural Gas,Fos-sur-Mer CCGT Power Plant France,56,0.0
France,Fra_220,Natural Gas,Fos-sur-Mer CCGT Power Plant France,57,0.0
France,Fra_220,Natural Gas,Fos-sur-Mer CCGT Power Plant France,58,0.0
France,Fra_220,Natural Gas,Fos-sur-Mer CCGT Power Plant France,59,0.0
France,Fra_220,Natural Gas,Fos-sur-Mer CCGT Power Plant France,60,0.0
France,Fra_220,Natural Gas,Fos-sur-Mer CCGT Power Plant France,61,0.0
France,Fra_220,Natural Gas,Fos-sur-Mer CCGT Power Plant France,62,0.0
France,Fra_220,Natural Gas,Fos-sur-Mer CCGT Power Plant France,63,0.0
France,Fra_220,Natural Gas,Fos-sur-Mer CCGT Power Plant France,64,0.0
France,Fra_220,Natural Gas,Fos-sur-Mer CCGT Power Plant France,65,0.0
France,Fra_220,Natural Gas,Fos-sur-Mer CCGT Power Plant France,66,0.0
France,Fra_220,Natural Gas,Fos-sur-Mer CCGT Power Plant France,67,0.0
France,Fra_220,Natural Gas,Fos-sur-Mer CCGT Power Plant France,68,0.0
France,Fra_220,Natural Gas,Fos-sur-Mer CCGT Power Plant France,69,0.0
France,Fra_220,Natural Gas,Fos-sur-Mer CCGT Power Plant France,70,0.0
France,Fra_220,Natural Gas,Fos-sur-Mer CCGT Power Plant France,71,0.0
France,Fra_220,Natural Gas,Fos-sur-Mer CCGT Power Plant France,72,0.0
France,Fra_220,Natural Gas,Fos-sur-Mer CCGT Power Plant France,73,0.0
France,Fra_220,Natural Gas,Fos-sur-Mer CCGT Power Plant France,74,0.0
France,Fra_220,Natural Gas,Fos-sur-Mer CCGT Power Plant France,75,0.0
France,Fra_220,Natural Gas,Fos-sur-Mer CCGT Power Plant France,76,0.0
France,Fra_220,Natural Gas,Fos-sur-Mer CCGT Power Plant France,77,0.0
France,Fra_220,Natural Gas,Fos-sur-Mer CCGT Power Plant France,78,0.0
France,Fra_220,Natural Gas,Fos-sur-Mer CCGT Power Plant France,79,0.0
France,Fra_220,Natural Gas,Fos-sur-Mer CCGT Power Plant France,80,0.0
France,Fra_220,Natural Gas,Fos-sur-Mer CCGT Power Plant France,81,92.04873976072194
France,Fra_220,Natural Gas,Fos-sur-Mer CCGT Power Plant France,82,92.04873976072194
France,Fra_220,Natural Gas,Fos-sur-Mer CCGT Power Plant France,83,92.04873976072194
France,Fra_220,Natural Gas,Fos-sur-Mer CCGT Power Plant France,84,230.12184940180487
France,Fra_220,Natural Gas,Fos-sur-Mer CCGT Power Plant France,85,480.0
France,Fra_220,Natural Gas,Fos-sur-Mer CCGT Power Plant France,86,480.0
France,Fra_220,Natural Gas,Fos-sur-Mer CCGT Power Plant France,87,479.99999999999994
France,Fra_220,Natural Gas,Fos-sur-Mer CCGT Power Plant France,88,480.0
France,Fra_220,Natural Gas,Fos-sur-Mer CCGT Power Plant France,89,249.87815059819513
France,Fra_220,Natural Gas,Fos-sur-Mer CCGT Power Plant France,90,179.95021264095863
France,Fra_220,Natural Gas,Fos-sur-Mer CCGT Power Plant France,91,99.95126023927804
France,Fra_220,Natural Gas,Fos-sur-Mer CCGT Power Plant France,92,99.95126023927804
France,Fra_220,Natural Gas,Fos-sur-Mer CCGT Power Plant France,93,0.0
France,Fra_220,Natural Gas,Fos-sur-Mer CCGT Power Plant France,94,0.0
France,Fra_220,Natural Gas,Fos-sur-Mer CCGT Power Plant France,95,0.0
France,Fra_220,Natural Gas,Fos-sur-Mer CCGT Power Plant France,96,0.0
France,Fra_220,Natural Gas,Combigolfe CCGT Power Plant France,1,0.0
France,Fra_220,Natural Gas,Combigolfe CCGT Power Plant France,2,0.0
France,Fra_220,Natural Gas,Combigolfe CCGT Power Plant France,3,0.0
France,Fra_220,Natural Gas,Combigolfe CCGT Power Plant France,4,0.0
France,Fra_220,Natural Gas,Combigolfe CCGT Power Plant France,5,0.0
France,Fra_220,Natural Gas,Combigolfe CCGT Power Plant France,6,0.0
France,Fra_220,Natural Gas,Combigolfe CCGT Power Plant France,7,0.0
France,Fra_220,Natural Gas,Combigolfe CCGT Power Plant France,8,0.0
France,Fra_220,Natural Gas,Combigolfe CCGT Power Plant France,9,0.0
France,Fra_220,Natural Gas,Combigolfe CCGT Power Plant France,10,0.0
France,Fra_220,Natural Gas,Combigolfe CCGT Power Plant France,11,0.0
France,Fra_220,Natural Gas,Combigolfe CCGT Power Plant France,12,0.0
France,Fra_220,Natural Gas,Combigolfe CCGT Power Plant France,13,0.0
France,Fra_220,Natural Gas,Combigolfe CCGT Power Plant France,14,0.0
France,Fra_220,Natural Gas,Combigolfe CCGT Power Plant France,15,0.0
France,Fra_220,Natural Gas,Combigolfe CCGT Power Plant France,16,0.0
France,Fra_220,Natural Gas,Combigolfe CCGT Power Plant France,17,0.0
France,Fra_220,Natural Gas,Combigolfe CCGT Power Plant France,18,0.0
France,Fra_220,Natural Gas,Combigolfe CCGT Power Plant France,19,0.0
France,Fra_220,Natural Gas,Combigolfe CCGT Power Plant France,20,0.0
France,Fra_220,Natural Gas,Combigolfe CCGT Power Plant France,21,172.0
France,Fra_220,Natural Gas,Combigolfe CCGT Power Plant France,22,172.0
France,Fra_220,Natural Gas,Combigolfe CCGT Power Plant France,23,430.0
France,Fra_220,Natural Gas,Combigolfe CCGT Power Plant France,24,430.0
France,Fra_220,Natural Gas,Combigolfe CCGT Power Plant France,25,430.0
France,Fra_220,Natural Gas,Combigolfe CCGT Power Plant France,26,430.0
France,Fra_220,Natural Gas,Combigolfe CCGT Power Plant France,27,172.0
France,Fra_220,Natural Gas,Combigolfe CCGT Power Plant France,28,430.0
France,Fra_220,Natural Gas,Combigolfe CCGT Power Plant France,29,430.0
France,Fra_220,Natural Gas,Combigolfe CCGT Power Plant France,30,172.0
France,Fra_220,Natural Gas,Combigolfe CCGT Power Plant France,31,172.0
France,Fra_220,Natural Gas,Combigolfe CCGT Power Plant France,32,172.0
France,Fra_220,Natural Gas,Combigolfe CCGT Power Plant France,33,376.80162659827727
France,Fra_220,Natural Gas,Combigolfe CCGT Power Plant France,34,172.0
France,Fra_220,Natural Gas,Combigolfe CCGT Power Plant France,35,172.0
France,Fra_220,Natural Gas,Combigolfe CCGT Power Plant France,36,172.0
France,Fra_220,Natural Gas,Combigolfe CCGT Power Plant France,37,430.0
France,Fra_220,Natural Gas,Combigolfe CCGT Power Plant France,38,430.0
France,Fra_220,Natural Gas,Combigolfe CCGT Power Plant France,39,430.0
France,Fra_220,Natural Gas,Combigolfe CCGT Power Plant France,40,430.0
France,Fra_220,Natural Gas,Combigolfe CCGT Power Plant France,41,0.0
France,Fra_220,Natural Gas,Combigolfe CCGT Power Plant France,42,0.0
France,Fra_220,Natural Gas,Combigolfe CCGT Power Plant France,43,0.0
France,Fra_220,Natural Gas,Combigolfe CCGT Power Plant France,44,0.0
France,Fra_220,Natural Gas,Combigolfe CCGT Power Plant France,45,0.0
France,Fra_220,Natural Gas,Combigolfe CCGT Power Plant France,46,0.0
France,Fra_220,Natural Gas,Combigolfe CCGT Power Plant France,47,0.0
France,Fra_220,Natural Gas,Combigolfe CCGT Power Plant France,48,0.0
France,Fra_220,Natural Gas,Combigolfe CCGT Power Plant France,49,0.0
France,Fra_220,Natural Gas,Combigolfe CCGT Power Plant France,50,0.0
France,Fra_220,Natural Gas,Combigolfe CCGT Power Plant France,51,0.0
France,Fra_220,Natural Gas,Combigolfe CCGT Power Plant France,52,0.0
France,Fra_220,Natural Gas,Combigolfe CCGT Power Plant France,53,0.0
France,Fra_220,Natural Gas,Combigolfe CCGT Power Plant France,54,0.0
France,Fra_220,Natural Gas,Combigolfe CCGT Power Plant France,55,0.0
France,Fra_220,Natural Gas,Combigolfe CCGT Power Plant France,56,0.0
France,Fra_220,Natural Gas,Combigolfe CCGT Power Plant France,57,0.0
France,Fra_220,Natural Gas,Combigolfe CCGT Power Plant France,58,0.0
France,Fra_220,Natural Gas,Combigolfe CCGT Power Plant France,59,0.0
France,Fra_220,Natural Gas,Combigolfe CCGT Power Plant France,60,0.0
France,Fra_220,Natural Gas,Combigolfe CCGT Power Plant France,61,0.0
France,Fra_220,Natural Gas,Combigolfe CCGT Power Plant France,62,0.0
France,Fra_220,Natural Gas,Combigolfe CCGT Power Plant France,63,0.0
France,Fra_220,Natural Gas,Combigolfe CCGT Power Plant France,64,0.0
France,Fra_220,Natural Gas,Combigolfe CCGT Power Plant France,65,0.0
France,Fra_220,Natural Gas,Combigolfe CCGT Power Plant France,66,0.0
France,Fra_220,Natural Gas,Combigolfe CCGT Power Plant France,67,0.0
France,Fra_220,Natural Gas,Combigolfe CCGT Power Plant France,68,0.0
France,Fra_220,Natural Gas,Combigolfe CCGT Power Plant France,69,0.0
France,Fra_220,Natural Gas,Combigolfe CCGT Power Plant France,70,0.0
France,Fra_220,Natural Gas,Combigolfe CCGT Power Plant France,71,0.0
France,Fra_220,Natural Gas,Combigolfe CCGT Power Plant France,72,0.0
France,Fra_220,Natural Gas,Combigolfe CCGT Power Plant France,73,0.0
France,Fra_220,Natural Gas,Combigolfe CCGT Power Plant France,74,0.0
France,Fra_220,Natural Gas,Combigolfe CCGT Power Plant France,75,0.0
France,Fra_220,Natural Gas,Combigolfe CCGT Power Plant France,76,0.0
France,Fra_220,Natural Gas,Combigolfe CCGT Power Plant France,77,0.0
France,Fra_220,Natural Gas,Combigolfe CCGT Power Plant France,78,0.0
France,Fra_220,Natural Gas,Combigolfe CCGT Power Plant France,79,0.0
France,Fra_220,Natural Gas,Combigolfe CCGT Power Plant France,80,0.0
France,Fra_220,Natural Gas,Combigolfe CCGT Power Plant France,81,168.62616293440007
France,Fra_220,Natural Gas,Combigolfe CCGT Power Plant France,82,168.62616293440007
France,Fra_220,Natural Gas,Combigolfe CCGT Power Plant France,83,327.4711861000931
France,Fra_220,Natural Gas,Combigolfe CCGT Power Plant France,84,421.5654073360002
France,Fra_220,Natural Gas,Combigolfe CCGT Power Plant France,85,430.0
France,Fra_220,Natural Gas,Combigolfe CCGT Power Plant France,86,430.0
France,Fra_220,Natural Gas,Combigolfe CCGT Power Plant France,87,430.0
France,Fra_220,Natural Gas,Combigolfe CCGT Power Plant France,88,430.0
France,Fra_220,Natural Gas,Combigolfe CCGT Power Plant France,89,430.0
France,Fra_220,Natural Gas,Combigolfe CCGT Power Plant France,90,430.0
France,Fra_220,Natural Gas,Combigolfe CCGT Power Plant France,91,172.0
France,Fra_220,Natural Gas,Combigolfe CCGT Power Plant France,92,172.0
France,Fra_220,Natural Gas,Combigolfe CCGT Power Plant France,93,0.0
France,Fra_220,Natural Gas,Combigolfe CCGT Power Plant France,94,0.0
France,Fra_220,Natural Gas,Combigolfe CCGT Power Plant France,95,0.0
France,Fra_220,Natural Gas,Combigolfe CCGT Power Plant France,96,0.0
France,Fra_210,Coal,Provence Coal Power Station France,1,868.0
France,Fra_210,Coal,Provence Coal Power Station France,2,696.8562610764811
France,Fra_210,Coal,Provence Coal Power Station France,3,819.7718623056414
France,Fra_210,Coal,Provence Coal Power Station France,4,868.0
France,Fra_210,Coal,Provence Coal Power Station France,5,173.6
France,Fra_210,Coal,Provence Coal Power Station France,6,173.6
France,Fra_210,Coal,Provence Coal Power Station France,7,173.6
France,Fra_210,Coal,Provence Coal Power Station France,8,173.6
France,Fra_210,Coal,Provence Coal Power Station France,9,173.6
France,Fra_210,Coal,Provence Coal Power Station France,10,173.6
France,Fra_210,Coal,Provence Coal Power Station France,11,173.6
France,Fra_210,Coal,Provence Coal Power Station France,12,173.6
France,Fra_210,Coal,Provence Coal Power Station France,13,173.6
France,Fra_210,Coal,Provence Coal Power Station France,14,173.6
France,Fra_210,Coal,Provence Coal Power Station France,15,743.8371082199601
France,Fra_210,Coal,Provence Coal Power Station France,16,868.0
France,Fra_210,Coal,Provence Coal Power Station France,17,868.0
France,Fra_210,Coal,Provence Coal Power Station France,18,868.0
France,Fra_210,Coal,Provence Coal Power Station France,19,868.0
France,Fra_210,Coal,Provence Coal Power Station France,20,868.0
France,Fra_210,Coal,Provence Coal Power Station France,21,868.0
France,Fra_210,Coal,Provence Coal Power Station France,22,868.0
France,Fra_210,Coal,Provence Coal Power Station France,23,868.0
France,Fra_210,Coal,Provence Coal Power Station France,24,868.0
France,Fra_210,Coal,Provence Coal Power Station France,25,868.0
France,Fra_210,Coal,Provence Coal Power Station France,26,868.0
France,Fra_210,Coal,Provence Coal Power Station France,27,868.0
France,Fra_210,Coal,Provence Coal Power Station France,28,868.0
France,Fra_210,Coal,Provence Coal Power Station France,29,868.0
France,Fra_210,Coal,Provence Coal Power Station France,30,868.0
France,Fra_210,Coal,Provence Coal Power Station France,31,868.0
France,Fra_210,Coal,Provence Coal Power Station France,32,868.0
France,Fra_210,Coal,Provence Coal Power Station France,33,868.0
France,Fra_210,Coal,Provence Coal Power Station France,34,868.0
France,Fra_210,Coal,Provence Coal Power Station France,35,868.0
France,Fra_210,Coal,Provence Coal Power Station France,36,868.0
France,Fra_210,Coal,Provence Coal Power Station France,37,868.0
France,Fra_210,Coal,Provence Coal Power Station France,38,868.0
France,Fra_210,Coal,Provence Coal Power Station France,39,868.0
France,Fra_210,Coal,Provence Coal Power Station France,40,868.0
France,Fra_210,Coal,Provence Coal Power Station France,41,868.0
France,Fra_210,Coal,Provence Coal Power Station France,42,868.0
France,Fra_210,Coal,Provence Coal Power Station France,43,868.0
France,Fra_210,Coal,Provence Coal Power Station France,44,868.0
France,Fra_210,Coal,Provence Coal Power Station France,45,868.0
France,Fra_210,Coal,Provence Coal Power Station France,46,868.0
France,Fra_210,Coal,Provence Coal Power Station France,47,868.0
France,Fra_210,Coal,Provence Coal Power Station France,48,868.0
France,Fra_210,Coal,Provence Coal Power Station France,49,868.0
France,Fra_210,Coal,Provence Coal Power Station France,50,868.0
France,Fra_210,Coal,Provence Coal Power Station France,51,868.0
France,Fra_210,Coal,Provence Coal Power Station France,52,868.0
France,Fra_210,Coal,Provence Coal Power Station France,53,868.0
France,Fra_210,Coal,Provence Coal Power Station France,54,868.0
France,Fra_210,Coal,Provence Coal Power Station France,55,868.0
France,Fra_210,Coal,Provence Coal Power Station France,56,868.0
France,Fra_210,Coal,Provence Coal Power Station France,57,868.0
France,Fra_210,Coal,Provence Coal Power Station France,58,868.0
France,Fra_210,Coal,Provence Coal Power Station France,59,868.0
France,Fra_210,Coal,Provence Coal Power Station France,60,868.0
France,Fra_210,Coal,Provence Coal Power Station France,61,868.0
France,Fra_210,Coal,Provence Coal Power Station France,62,868.0
France,Fra_210,Coal,Provence Coal Power Station France,63,868.0
France,Fra_210,Coal,Provence Coal Power Station France,64,868.0
France,Fra_210,Coal,Provence Coal Power Station France,65,868.0
France,Fra_210,Coal,Provence Coal Power Station France,66,868.0
France,Fra_210,Coal,Provence Coal Power Station France,67,868.0
France,Fra_210,Coal,Provence Coal Power Station France,68,868.0
France,Fra_210,Coal,Provence Coal Power Station France,69,868.0
France,Fra_210,Coal,Provence Coal Power Station France,70,868.0
France,Fra_210,Coal,Provence Coal Power Station France,71,868.0
France,Fra_210,Coal,Provence Coal Power Station France,72,868.0
France,Fra_210,Coal,Provence Coal Power Station France,73,489.84359374485865
France,Fra_210,Coal,Provence Coal Power Station France,74,868.0
France,Fra_210,Coal,Provence Coal Power Station France,75,868.0
France,Fra_210,Coal,Provence Coal Power Station France,76,868.0
France,Fra_210,Coal,Provence Coal Power Station France,77,868.0
France,Fra_210,Coal,Provence Coal Power Station France,78,868.0
France,Fra_210,Coal,Provence Coal Power Station France,79,868.0
France,Fra_210,Coal,Provence Coal Power Station France,80,868.0
France,Fra_210,Coal,Provence Coal Power Station France,81,868.0
France,Fra_210,Coal,Provence Coal Power Station France,82,868.0
France,Fra_210,Coal,Provence Coal Power Station France,83,868.0
France,Fra_210,Coal,Provence Coal Power Station France,84,868.0
France,Fra_210,Coal,Provence Coal Power Station France,85,868.0
France,Fra_210,Coal,Provence Coal Power Station France,86,868.0
France,Fra_210,Coal,Provence Coal Power Station France,87,868.0
France,Fra_210,Coal,Provence Coal Power Station France,88,868.0
France,Fra_210,Coal,Provence Coal Power Station France,89,868.0
France,Fra_210,Coal,Provence Coal Power Station France,90,868.0
France,Fra_210,Coal,Provence Coal Power Station France,91,868.0
France,Fra_210,Coal,Provence Coal Power Station France,92,868.0
France,Fra_210,Coal,Provence Coal Power Station France,93,868.0
France,Fra_210,Coal,Provence Coal Power Station France,94,868.0
France,Fra_210,Coal,Provence Coal Power Station France,95,868.0
France,Fra_210,Coal,Provence Coal Power Station France,96,868.0
France,Fra_202,Nuclear,Cattenom Nuclear Power Plant France,1,3486.359138575148
France,Fra_202,Nuclear,Cattenom Nuclear Power Plant France,2,3484.099939995119
France,Fra_202,Nuclear,Cattenom Nuclear Power Plant France,3,3481.8407414150893
France,Fra_202,Nuclear,Cattenom Nuclear Power Plant France,4,3479.58154283506
France,Fra_202,Nuclear,Cattenom Nuclear Power Plant France,5,3477.3223442550307
France,Fra_202,Nuclear,Cattenom Nuclear Power Plant France,6,3475.538699383047
France,Fra_202,Nuclear,Cattenom Nuclear Power Plant France,7,3473.7550545110635
France,Fra_202,Nuclear,Cattenom Nuclear Power Plant France,8,3471.97140963908
France,Fra_202,Nuclear,Cattenom Nuclear Power Plant France,9,3470.1877647670963
France,Fra_202,Nuclear,Cattenom Nuclear Power Plant France,10,3470.351169126239
France,Fra_202,Nuclear,Cattenom Nuclear Power Plant France,11,3470.5145734853804
France,Fra_202,Nuclear,Cattenom Nuclear Power Plant France,12,3470.677977844522
France,Fra_202,Nuclear,Cattenom Nuclear Power Plant France,13,3470.841382203664
France,Fra_202,Nuclear,Cattenom Nuclear Power Plant France,14,3473.6075056239215
France,Fra_202,Nuclear,Cattenom Nuclear Power Plant France,15,3476.373629044178
France,Fra_202,Nuclear,Cattenom Nuclear Power Plant France,16,3479.1397524644353
France,Fra_202,Nuclear,Cattenom Nuclear Power Plant France,17,3481.9058758846923
France,Fra_202,Nuclear,Cattenom Nuclear Power Plant France,18,3486.741114006988
France,Fra_202,Nuclear,Cattenom Nuclear Power Plant France,19,3491.576352129284
France,Fra_202,Nuclear,Cattenom Nuclear Power Plant France,20,3496.41159025158
France,Fra_202,Nuclear,Cattenom Nuclear Power Plant France,21,3501.2468283738754
France,Fra_202,Nuclear,Cattenom Nuclear Power Plant France,22,3504.8518022059407
France,Fra_202,Nuclear,Cattenom Nuclear Power Plant France,23,3508.456776038005
France,Fra_202,Nuclear,Cattenom Nuclear Power Plant France,24,3512.0617498700703
France,Fra_202,Nuclear,Cattenom Nuclear Power Plant France,25,3515.666723702135
France,Fra_202,Nuclear,Cattenom Nuclear Power Plant France,26,3517.4235117113617
France,Fra_202,Nuclear,Cattenom Nuclear Power Plant France,27,3519.180299720588
France,Fra_202,Nuclear,Cattenom Nuclear Power Plant France,28,3520.937087729815
France,Fra_202,Nuclear,Cattenom Nuclear Power Plant France,29,3522.6938757390417
France,Fra_202,Nuclear,Cattenom Nuclear Power Plant France,30,3523.3214988911027
France,Fra_202,Nuclear,Cattenom Nuclear Power Plant France,31,3523.949122043164
France,Fra_202,Nuclear,Cattenom Nuclear Power Plant France,32,3524.5622494377053
France,Fra_202,Nuclear,Cattenom Nuclear Power Plant France,33,3524.5622494377053
France,Fra_202,Nuclear,Cattenom Nuclear Power Plant France,34,3524.5622494377053
France,Fra_202,Nuclear,Cattenom Nuclear Power Plant France,35,3524.5622494377053
France,Fra_202,Nuclear,Cattenom Nuclear Power Plant France,36,3524.5622494377053
France,Fra_202,Nuclear,Cattenom Nuclear Power Plant France,37,3524.48948088809
France,Fra_202,Nuclear,Cattenom Nuclear Power Plant France,38,3524.5137370712955
France,Fra_202,Nuclear,Cattenom Nuclear Power Plant France,39,3524.5379932545006
France,Fra_202,Nuclear,Cattenom Nuclear Power Plant France,40,3524.5622494377058
France,Fra_202,Nuclear,Cattenom Nuclear Power Plant France,41,3524.5622494377053
France,Fra_202,Nuclear,Cattenom Nuclear Power Plant France,42,3524.43865660682
France,Fra_202,Nuclear,Cattenom Nuclear Power Plant France,43,3524.2908075927285
France,Fra_202,Nuclear,Cattenom Nuclear Power Plant France,44,3524.1429585786377
France,Fra_202,Nuclear,Cattenom Nuclear Power Plant France,45,3523.9951095645465
France,Fra_202,Nuclear,Cattenom Nuclear Power Plant France,46,3522.06909045882
France,Fra_202,Nuclear,Cattenom Nuclear Power Plant France,47,3520.143071353094
France,Fra_202,Nuclear,Cattenom Nuclear Power Plant France,48,3518.2170522473675
France,Fra_202,Nuclear,Cattenom Nuclear Power Plant France,49,3516.291033141641
France,Fra_202,Nuclear,Cattenom Nuclear Power Plant France,50,3514.5912360747643
France,Fra_202,Nuclear,Cattenom Nuclear Power Plant France,51,3512.891439007887
France,Fra_202,Nuclear,Cattenom Nuclear Power Plant France,52,3511.19164194101
France,Fra_202,Nuclear,Cattenom Nuclear Power Plant France,53,3509.491844874133
France,Fra_202,Nuclear,Cattenom Nuclear Power Plant France,54,3507.979319323324
France,Fra_202,Nuclear,Cattenom Nuclear Power Plant France,55,3506.466793772515
France,Fra_202,Nuclear,Cattenom Nuclear Power Plant France,56,3504.954268221706
France,Fra_202,Nuclear,Cattenom Nuclear Power Plant France,57,3503.441742670897
France,Fra_202,Nuclear,Cattenom Nuclear Power Plant France,58,3502.353746555508
France,Fra_202,Nuclear,Cattenom Nuclear Power Plant France,59,3501.2657504401195
France,Fra_202,Nuclear,Cattenom Nuclear Power Plant France,60,3500.1777543247304
France,Fra_202,Nuclear,Cattenom Nuclear Power Plant France,61,3499.0897582093417
France,Fra_202,Nuclear,Cattenom Nuclear Power Plant France,62,3499.5212674481595
France,Fra_202,Nuclear,Cattenom Nuclear Power Plant France,63,3499.952776686978
France,Fra_202,Nuclear,Cattenom Nuclear Power Plant France,64,3500.3842859257957
France,Fra_202,Nuclear,Cattenom Nuclear Power Plant France,65,3500.8157951646135
France,Fra_202,Nuclear,Cattenom Nuclear Power Plant France,66,3502.6536176800973
France,Fra_202,Nuclear,Cattenom Nuclear Power Plant France,67,3504.491440195581
France,Fra_202,Nuclear,Cattenom Nuclear Power Plant France,68,3506.329262711064
France,Fra_202,Nuclear,Cattenom Nuclear Power Plant France,69,3508.167085226548
France,Fra_202,Nuclear,Cattenom Nuclear Power Plant France,70,3507.7970999831273
France,Fra_202,Nuclear,Cattenom Nuclear Power Plant France,71,3507.4271147397067
France,Fra_202,Nuclear,Cattenom Nuclear Power Plant France,72,3507.057129496286
France,Fra_202,Nuclear,Cattenom Nuclear Power Plant France,73,3506.687144252866
France,Fra_202,Nuclear,Cattenom Nuclear Power Plant France,74,3507.187861041131
France,Fra_202,Nuclear,Cattenom Nuclear Power Plant France,75,3507.6885778293963
France,Fra_202,Nuclear,Cattenom Nuclear Power Plant France,76,3508.1892946176617
France,Fra_202,Nuclear,Cattenom Nuclear Power Plant France,77,3508.6900114059276
France,Fra_202,Nuclear,Cattenom Nuclear Power Plant France,78,3508.2136631314283
France,Fra_202,Nuclear,Cattenom Nuclear Power Plant France,79,3507.7373148569295
France,Fra_202,Nuclear,Cattenom Nuclear Power Plant France,80,3507.2609665824307
France,Fra_202,Nuclear,Cattenom Nuclear Power Plant France,81,3506.784618307932
France,Fra_202,Nuclear,Cattenom Nuclear Power Plant France,82,3509.392666759826
France,Fra_202,Nuclear,Cattenom Nuclear Power Plant France,83,3512.000715211721
France,Fra_202,Nuclear,Cattenom Nuclear Power Plant France,84,3514.6087636636153
France,Fra_202,Nuclear,Cattenom Nuclear Power Plant France,85,3517.21681211551
France,Fra_202,Nuclear,Cattenom Nuclear Power Plant France,86,3516.3321507201504
France,Fra_202,Nuclear,Cattenom Nuclear Power Plant France,87,3515.447489324791
France,Fra_202,Nuclear,Cattenom Nuclear Power Plant France,88,3514.562827929432
France,Fra_202,Nuclear,Cattenom Nuclear Power Plant France,89,3513.6781665340727
France,Fra_202,Nuclear,Cattenom Nuclear Power Plant France,90,3508.836151878303
France,Fra_202,Nuclear,Cattenom Nuclear Power Plant France,91,3503.994137222534
France,Fra_202,Nuclear,Cattenom Nuclear Power Plant France,92,3499.1521225667652
France,Fra_202,Nuclear,Cattenom Nuclear Power Plant France,93,3494.3101079109956
France,Fra_202,Nuclear,Cattenom Nuclear Power Plant France,94,3492.8545797776765
France,Fra_202,Nuclear,Cattenom Nuclear Power Plant France,95,3491.399051644357
France,Fra_202,Nuclear,Cattenom Nuclear Power Plant France,96,3489.9435235110373
France,Fra_197,Fuel Oil,Aramon Oil Power Plant France,1,0.0
France,Fra_197,Fuel Oil,Aramon Oil Power Plant France,2,0.0
France,Fra_197,Fuel Oil,Aramon Oil Power Plant France,3,0.0
France,Fra_197,Fuel Oil,Aramon Oil Power Plant France,4,0.0
France,Fra_197,Fuel Oil,Aramon Oil Power Plant France,5,0.0
France,Fra_197,Fuel Oil,Aramon Oil Power Plant France,6,0.0
France,Fra_197,Fuel Oil,Aramon Oil Power Plant France,7,0.0
France,Fra_197,Fuel Oil,Aramon Oil Power Plant France,8,0.0
France,Fra_197,Fuel Oil,Aramon Oil Power Plant France,9,0.0
France,Fra_197,Fuel Oil,Aramon Oil Power Plant France,10,0.0
France,Fra_197,Fuel Oil,Aramon Oil Power Plant France,11,0.0
France,Fra_197,Fuel Oil,Aramon Oil Power Plant France,12,0.0
France,Fra_197,Fuel Oil,Aramon Oil Power Plant France,13,0.0
France,Fra_197,Fuel Oil,Aramon Oil Power Plant France,14,0.0
France,Fra_197,Fuel Oil,Aramon Oil Power Plant France,15,0.0
France,Fra_197,Fuel Oil,Aramon Oil Power Plant France,16,0.0
France,Fra_197,Fuel Oil,Aramon Oil Power Plant France,17,0.0
France,Fra_197,Fuel Oil,Aramon Oil Power Plant France,18,0.0
France,Fra_197,Fuel Oil,Aramon Oil Power Plant France,19,0.0
France,Fra_197,Fuel Oil,Aramon Oil Power Plant France,20,0.0
France,Fra_197,Fuel Oil,Aramon Oil Power Plant France,21,0.0
France,Fra_197,Fuel Oil,Aramon Oil Power Plant France,22,0.0
France,Fra_197,Fuel Oil,Aramon Oil Power Plant France,23,0.0
France,Fra_197,Fuel Oil,Aramon Oil Power Plant France,24,0.0
France,Fra_197,Fuel Oil,Aramon Oil Power Plant France,25,0.0
France,Fra_197,Fuel Oil,Aramon Oil Power Plant France,26,0.0
France,Fra_197,Fuel Oil,Aramon Oil Power Plant France,27,0.0
France,Fra_197,Fuel Oil,Aramon Oil Power Plant France,28,0.0
France,Fra_197,Fuel Oil,Aramon Oil Power Plant France,29,0.0
France,Fra_197,Fuel Oil,Aramon Oil Power Plant France,30,0.0
France,Fra_197,Fuel Oil,Aramon Oil Power Plant France,31,0.0
France,Fra_197,Fuel Oil,Aramon Oil Power Plant France,32,0.0
France,Fra_197,Fuel Oil,Aramon Oil Power Plant France,33,0.0
France,Fra_197,Fuel Oil,Aramon Oil Power Plant France,34,0.0
France,Fra_197,Fuel Oil,Aramon Oil Power Plant France,35,0.0
France,Fra_197,Fuel Oil,Aramon Oil Power Plant France,36,0.0
France,Fra_197,Fuel Oil,Aramon Oil Power Plant France,37,0.0
France,Fra_197,Fuel Oil,Aramon Oil Power Plant France,38,0.0
France,Fra_197,Fuel Oil,Aramon Oil Power Plant France,39,0.0
France,Fra_197,Fuel Oil,Aramon Oil Power Plant France,40,0.0
France,Fra_197,Fuel Oil,Aramon Oil Power Plant France,41,0.0
France,Fra_197,Fuel Oil,Aramon Oil Power Plant France,42,0.0
France,Fra_197,Fuel Oil,Aramon Oil Power Plant France,43,0.0
France,Fra_197,Fuel Oil,Aramon Oil Power Plant France,44,0.0
France,Fra_197,Fuel Oil,Aramon Oil Power Plant France,45,0.0
France,Fra_197,Fuel Oil,Aramon Oil Power Plant France,46,0.0
France,Fra_197,Fuel Oil,Aramon Oil Power Plant France,47,0.0
France,Fra_197,Fuel Oil,Aramon Oil Power Plant France,48,0.0
France,Fra_197,Fuel Oil,Aramon Oil Power Plant France,49,0.0
France,Fra_197,Fuel Oil,Aramon Oil Power Plant France,50,0.0
France,Fra_197,Fuel Oil,Aramon Oil Power Plant France,51,0.0
France,Fra_197,Fuel Oil,Aramon Oil Power Plant France,52,0.0
France,Fra_197,Fuel Oil,Aramon Oil Power Plant France,53,0.0
France,Fra_197,Fuel Oil,Aramon Oil Power Plant France,54,0.0
France,Fra_197,Fuel Oil,Aramon Oil Power Plant France,55,0.0
France,Fra_197,Fuel Oil,Aramon Oil Power Plant France,56,0.0
France,Fra_197,Fuel Oil,Aramon Oil Power Plant France,57,0.0
France,Fra_197,Fuel Oil,Aramon Oil Power Plant France,58,0.0
France,Fra_197,Fuel Oil,Aramon Oil Power Plant France,59,0.0
France,Fra_197,Fuel Oil,Aramon Oil Power Plant France,60,0.0
France,Fra_197,Fuel Oil,Aramon Oil Power Plant France,61,0.0
France,Fra_197,Fuel Oil,Aramon Oil Power Plant France,62,0.0
France,Fra_197,Fuel Oil,Aramon Oil Power Plant France,63,0.0
France,Fra_197,Fuel Oil,Aramon Oil Power Plant France,64,0.0
France,Fra_197,Fuel Oil,Aramon Oil Power Plant France,65,0.0
France,Fra_197,Fuel Oil,Aramon Oil Power Plant France,66,0.0
France,Fra_197,Fuel Oil,Aramon Oil Power Plant France,67,0.0
France,Fra_197,Fuel Oil,Aramon Oil Power Plant France,68,0.0
France,Fra_197,Fuel Oil,Aramon Oil Power Plant France,69,0.0
France,Fra_197,Fuel Oil,Aramon Oil Power Plant France,70,0.0
France,Fra_197,Fuel Oil,Aramon Oil Power Plant France,71,0.0
France,Fra_197,Fuel Oil,Aramon Oil Power Plant France,72,0.0
France,Fra_197,Fuel Oil,Aramon Oil Power Plant France,73,0.0
France,Fra_197,Fuel Oil,Aramon Oil Power Plant France,74,0.0
France,Fra_197,Fuel Oil,Aramon Oil Power Plant France,75,0.0
France,Fra_197,Fuel Oil,Aramon Oil Power Plant France,76,0.0
France,Fra_197,Fuel Oil,Aramon Oil Power Plant France,77,0.0
France,Fra_197,Fuel Oil,Aramon Oil Power Plant France,78,0.0
France,Fra_197,Fuel Oil,Aramon Oil Power Plant France,79,0.0
France,Fra_197,Fuel Oil,Aramon Oil Power Plant France,80,0.0
France,Fra_197,Fuel Oil,Aramon Oil Power Plant France,81,0.0
France,Fra_197,Fuel Oil,Aramon Oil Power Plant France,82,0.0
France,Fra_197,Fuel Oil,Aramon Oil Power Plant France,83,0.0
France,Fra_197,Fuel Oil,Aramon Oil Power Plant France,84,0.0
France,Fra_197,Fuel Oil,Aramon Oil Power Plant France,85,0.0
France,Fra_197,Fuel Oil,Aramon Oil Power Plant France,86,0.0
France,Fra_197,Fuel Oil,Aramon Oil Power Plant France,87,0.0
France,Fra_197,Fuel Oil,Aramon Oil Power Plant France,88,0.0
France,Fra_197,Fuel Oil,Aramon Oil Power Plant France,89,0.0
France,Fra_197,Fuel Oil,Aramon Oil Power Plant France,90,0.0
France,Fra_197,Fuel Oil,Aramon Oil Power Plant France,91,0.0
France,Fra_197,Fuel Oil,Aramon Oil Power Plant France,92,0.0
France,Fra_197,Fuel Oil,Aramon Oil Power Plant France,93,0.0
France,Fra_197,Fuel Oil,Aramon Oil Power Plant France,94,0.0
France,Fra_197,Fuel Oil,Aramon Oil Power Plant France,95,0.0
France,Fra_197,Fuel Oil,Aramon Oil Power Plant France,96,0.0
France,Fra_195,Nuclear,Golfech Nuclear Power Plant France,1,2726.0
France,Fra_195,Nuclear,Golfech Nuclear Power Plant France,2,2726.0
France,Fra_195,Nuclear,Golfech Nuclear Power Plant France,3,2726.0
France,Fra_195,Nuclear,Golfech Nuclear Power Plant France,4,2726.0
France,Fra_195,Nuclear,Golfech Nuclear Power Plant France,5,2726.0
France,Fra_195,Nuclear,Golfech Nuclear Power Plant France,6,2726.0
France,Fra_195,Nuclear,Golfech Nuclear Power Plant France,7,2726.0
France,Fra_195,Nuclear,Golfech Nuclear Power Plant France,8,2726.0
France,Fra_195,Nuclear,Golfech Nuclear Power Plant France,9,2726.0
France,Fra_195,Nuclear,Golfech Nuclear Power Plant France,10,2726.0
France,Fra_195,Nuclear,Golfech Nuclear Power Plant France,11,2726.0
France,Fra_195,Nuclear,Golfech Nuclear Power Plant France,12,2726.0
France,Fra_195,Nuclear,Golfech Nuclear Power Plant France,13,2726.0
France,Fra_195,Nuclear,Golfech Nuclear Power Plant France,14,2726.0
France,Fra_195,Nuclear,Golfech Nuclear Power Plant France,15,2726.0
France,Fra_195,Nuclear,Golfech Nuclear Power Plant France,16,2726.0
France,Fra_195,Nuclear,Golfech Nuclear Power Plant France,17,2726.0
France,Fra_195,Nuclear,Golfech Nuclear Power Plant France,18,2726.0
France,Fra_195,Nuclear,Golfech Nuclear Power Plant France,19,2726.0
France,Fra_195,Nuclear,Golfech Nuclear Power Plant France,20,2726.0
France,Fra_195,Nuclear,Golfech Nuclear Power Plant France,21,2726.0
France,Fra_195,Nuclear,Golfech Nuclear Power Plant France,22,2726.0
France,Fra_195,Nuclear,Golfech Nuclear Power Plant France,23,2726.0
France,Fra_195,Nuclear,Golfech Nuclear Power Plant France,24,2726.0
France,Fra_195,Nuclear,Golfech Nuclear Power Plant France,25,2726.0
France,Fra_195,Nuclear,Golfech Nuclear Power Plant France,26,2726.0
France,Fra_195,Nuclear,Golfech Nuclear Power Plant France,27,2726.0
France,Fra_195,Nuclear,Golfech Nuclear Power Plant France,28,2726.0
France,Fra_195,Nuclear,Golfech Nuclear Power Plant France,29,2726.0
France,Fra_195,Nuclear,Golfech Nuclear Power Plant France,30,2726.0
France,Fra_195,Nuclear,Golfech Nuclear Power Plant France,31,2726.0
France,Fra_195,Nuclear,Golfech Nuclear Power Plant France,32,2726.0
France,Fra_195,Nuclear,Golfech Nuclear Power Plant France,33,2726.0
France,Fra_195,Nuclear,Golfech Nuclear Power Plant France,34,2726.0
France,Fra_195,Nuclear,Golfech Nuclear Power Plant France,35,2726.0
France,Fra_195,Nuclear,Golfech Nuclear Power Plant France,36,2726.0
France,Fra_195,Nuclear,Golfech Nuclear Power Plant France,37,2726.0
France,Fra_195,Nuclear,Golfech Nuclear Power Plant France,38,2726.0
France,Fra_195,Nuclear,Golfech Nuclear Power Plant France,39,2726.0
France,Fra_195,Nuclear,Golfech Nuclear Power Plant France,40,2726.0
France,Fra_195,Nuclear,Golfech Nuclear Power Plant France,41,2726.0
France,Fra_195,Nuclear,Golfech Nuclear Power Plant France,42,2726.0
France,Fra_195,Nuclear,Golfech Nuclear Power Plant France,43,2726.0
France,Fra_195,Nuclear,Golfech Nuclear Power Plant France,44,2726.0
France,Fra_195,Nuclear,Golfech Nuclear Power Plant France,45,2726.0
France,Fra_195,Nuclear,Golfech Nuclear Power Plant France,46,2726.0
France,Fra_195,Nuclear,Golfech Nuclear Power Plant France,47,2726.0
France,Fra_195,Nuclear,Golfech Nuclear Power Plant France,48,2726.0
France,Fra_195,Nuclear,Golfech Nuclear Power Plant France,49,2726.0
France,Fra_195,Nuclear,Golfech Nuclear Power Plant France,50,2726.0
France,Fra_195,Nuclear,Golfech Nuclear Power Plant France,51,2726.0
France,Fra_195,Nuclear,Golfech Nuclear Power Plant France,52,2726.0
France,Fra_195,Nuclear,Golfech Nuclear Power Plant France,53,2726.0
France,Fra_195,Nuclear,Golfech Nuclear Power Plant France,54,2726.0
France,Fra_195,Nuclear,Golfech Nuclear Power Plant France,55,2726.0
France,Fra_195,Nuclear,Golfech Nuclear Power Plant France,56,2726.0
France,Fra_195,Nuclear,Golfech Nuclear Power Plant France,57,2726.0
France,Fra_195,Nuclear,Golfech Nuclear Power Plant France,58,2726.0
France,Fra_195,Nuclear,Golfech Nuclear Power Plant France,59,2726.0
France,Fra_195,Nuclear,Golfech Nuclear Power Plant France,60,2726.0
France,Fra_195,Nuclear,Golfech Nuclear Power Plant France,61,2726.0
France,Fra_195,Nuclear,Golfech Nuclear Power Plant France,62,2726.0
France,Fra_195,Nuclear,Golfech Nuclear Power Plant France,63,2726.0
France,Fra_195,Nuclear,Golfech Nuclear Power Plant France,64,2726.0
France,Fra_195,Nuclear,Golfech Nuclear Power Plant France,65,2726.0
France,Fra_195,Nuclear,Golfech Nuclear Power Plant France,66,2726.0
France,Fra_195,Nuclear,Golfech Nuclear Power Plant France,67,2726.0
France,Fra_195,Nuclear,Golfech Nuclear Power Plant France,68,2726.0
France,Fra_195,Nuclear,Golfech Nuclear Power Plant France,69,2726.0
France,Fra_195,Nuclear,Golfech Nuclear Power Plant France,70,2726.0
France,Fra_195,Nuclear,Golfech Nuclear Power Plant France,71,2726.0
France,Fra_195,Nuclear,Golfech Nuclear Power Plant France,72,2726.0
France,Fra_195,Nuclear,Golfech Nuclear Power Plant France,73,2726.0
France,Fra_195,Nuclear,Golfech Nuclear Power Plant France,74,2726.0
France,Fra_195,Nuclear,Golfech Nuclear Power Plant France,75,2726.0
France,Fra_195,Nuclear,Golfech Nuclear Power Plant France,76,2726.0
France,Fra_195,Nuclear,Golfech Nuclear Power Plant France,77,2726.0
France,Fra_195,Nuclear,Golfech Nuclear Power Plant France,78,2726.0
France,Fra_195,Nuclear,Golfech Nuclear Power Plant France,79,2726.0
France,Fra_195,Nuclear,Golfech Nuclear Power Plant France,80,2726.0
France,Fra_195,Nuclear,Golfech Nuclear Power Plant France,81,2726.0
France,Fra_195,Nuclear,Golfech Nuclear Power Plant France,82,2726.0
France,Fra_195,Nuclear,Golfech Nuclear Power Plant France,83,2726.0
France,Fra_195,Nuclear,Golfech Nuclear Power Plant France,84,2726.0
France,Fra_195,Nuclear,Golfech Nuclear Power Plant France,85,2726.0
France,Fra_195,Nuclear,Golfech Nuclear Power Plant France,86,2726.0
France,Fra_195,Nuclear,Golfech Nuclear Power Plant France,87,2726.0
France,Fra_195,Nuclear,Golfech Nuclear Power Plant France,88,2726.0
France,Fra_195,Nuclear,Golfech Nuclear Power Plant France,89,2726.0
France,Fra_195,Nuclear,Golfech Nuclear Power Plant France,90,2726.0
France,Fra_195,Nuclear,Golfech Nuclear Power Plant France,91,2726.0
France,Fra_195,Nuclear,Golfech Nuclear Power Plant France,92,2726.0
France,Fra_195,Nuclear,Golfech Nuclear Power Plant France,93,2726.0
France,Fra_195,Nuclear,Golfech Nuclear Power Plant France,94,2726.0
France,Fra_195,Nuclear,Golfech Nuclear Power Plant France,95,2726.0
France,Fra_195,Nuclear,Golfech Nuclear Power Plant France,96,2726.0
France,Fra_188,Nuclear,Phenix Nuclear Power Plant France,1,250.0
France,Fra_188,Nuclear,Phenix Nuclear Power Plant France,2,250.0
France,Fra_188,Nuclear,Phenix Nuclear Power Plant France,3,250.0
France,Fra_188,Nuclear,Phenix Nuclear Power Plant France,4,250.0
France,Fra_188,Nuclear,Phenix Nuclear Power Plant France,5,250.0
France,Fra_188,Nuclear,Phenix Nuclear Power Plant France,6,250.0
France,Fra_188,Nuclear,Phenix Nuclear Power Plant France,7,250.0
France,Fra_188,Nuclear,Phenix Nuclear Power Plant France,8,250.0
France,Fra_188,Nuclear,Phenix Nuclear Power Plant France,9,250.0
France,Fra_188,Nuclear,Phenix Nuclear Power Plant France,10,250.0
France,Fra_188,Nuclear,Phenix Nuclear Power Plant France,11,250.0
France,Fra_188,Nuclear,Phenix Nuclear Power Plant France,12,250.0
France,Fra_188,Nuclear,Phenix Nuclear Power Plant France,13,250.0
France,Fra_188,Nuclear,Phenix Nuclear Power Plant France,14,250.0
France,Fra_188,Nuclear,Phenix Nuclear Power Plant France,15,250.0
France,Fra_188,Nuclear,Phenix Nuclear Power Plant France,16,250.0
France,Fra_188,Nuclear,Phenix Nuclear Power Plant France,17,250.0
France,Fra_188,Nuclear,Phenix Nuclear Power Plant France,18,250.0
France,Fra_188,Nuclear,Phenix Nuclear Power Plant France,19,250.0
France,Fra_188,Nuclear,Phenix Nuclear Power Plant France,20,250.0
France,Fra_188,Nuclear,Phenix Nuclear Power Plant France,21,250.0
France,Fra_188,Nuclear,Phenix Nuclear Power Plant France,22,250.0
France,Fra_188,Nuclear,Phenix Nuclear Power Plant France,23,250.0
France,Fra_188,Nuclear,Phenix Nuclear Power Plant France,24,250.0
France,Fra_188,Nuclear,Phenix Nuclear Power Plant France,25,250.0
France,Fra_188,Nuclear,Phenix Nuclear Power Plant France,26,250.0
France,Fra_188,Nuclear,Phenix Nuclear Power Plant France,27,250.0
France,Fra_188,Nuclear,Phenix Nuclear Power Plant France,28,250.0
France,Fra_188,Nuclear,Phenix Nuclear Power Plant France,29,250.0
France,Fra_188,Nuclear,Phenix Nuclear Power Plant France,30,250.0
France,Fra_188,Nuclear,Phenix Nuclear Power Plant France,31,250.0
France,Fra_188,Nuclear,Phenix Nuclear Power Plant France,32,250.0
France,Fra_188,Nuclear,Phenix Nuclear Power Plant France,33,250.0
France,Fra_188,Nuclear,Phenix Nuclear Power Plant France,34,250.0
France,Fra_188,Nuclear,Phenix Nuclear Power Plant France,35,250.0
France,Fra_188,Nuclear,Phenix Nuclear Power Plant France,36,250.0
France,Fra_188,Nuclear,Phenix Nuclear Power Plant France,37,250.0
France,Fra_188,Nuclear,Phenix Nuclear Power Plant France,38,250.0
France,Fra_188,Nuclear,Phenix Nuclear Power Plant France,39,250.0
France,Fra_188,Nuclear,Phenix Nuclear Power Plant France,40,250.0
France,Fra_188,Nuclear,Phenix Nuclear Power Plant France,41,250.0
France,Fra_188,Nuclear,Phenix Nuclear Power Plant France,42,250.0
France,Fra_188,Nuclear,Phenix Nuclear Power Plant France,43,250.0
France,Fra_188,Nuclear,Phenix Nuclear Power Plant France,44,250.0
France,Fra_188,Nuclear,Phenix Nuclear Power Plant France,45,250.0
France,Fra_188,Nuclear,Phenix Nuclear Power Plant France,46,250.0
France,Fra_188,Nuclear,Phenix Nuclear Power Plant France,47,250.0
France,Fra_188,Nuclear,Phenix Nuclear Power Plant France,48,250.0
France,Fra_188,Nuclear,Phenix Nuclear Power Plant France,49,250.0
France,Fra_188,Nuclear,Phenix Nuclear Power Plant France,50,250.0
France,Fra_188,Nuclear,Phenix Nuclear Power Plant France,51,250.0
France,Fra_188,Nuclear,Phenix Nuclear Power Plant France,52,250.0
France,Fra_188,Nuclear,Phenix Nuclear Power Plant France,53,250.0
France,Fra_188,Nuclear,Phenix Nuclear Power Plant France,54,250.0
France,Fra_188,Nuclear,Phenix Nuclear Power Plant France,55,250.0
France,Fra_188,Nuclear,Phenix Nuclear Power Plant France,56,250.0
France,Fra_188,Nuclear,Phenix Nuclear Power Plant France,57,250.0
France,Fra_188,Nuclear,Phenix Nuclear Power Plant France,58,250.0
France,Fra_188,Nuclear,Phenix Nuclear Power Plant France,59,250.0
France,Fra_188,Nuclear,Phenix Nuclear Power Plant France,60,250.0
France,Fra_188,Nuclear,Phenix Nuclear Power Plant France,61,250.0
France,Fra_188,Nuclear,Phenix Nuclear Power Plant France,62,250.0
France,Fra_188,Nuclear,Phenix Nuclear Power Plant France,63,250.0
France,Fra_188,Nuclear,Phenix Nuclear Power Plant France,64,250.0
France,Fra_188,Nuclear,Phenix Nuclear Power Plant France,65,250.0
France,Fra_188,Nuclear,Phenix Nuclear Power Plant France,66,250.0
France,Fra_188,Nuclear,Phenix Nuclear Power Plant France,67,250.0
France,Fra_188,Nuclear,Phenix Nuclear Power Plant France,68,250.0
France,Fra_188,Nuclear,Phenix Nuclear Power Plant France,69,250.0
France,Fra_188,Nuclear,Phenix Nuclear Power Plant France,70,250.0
France,Fra_188,Nuclear,Phenix Nuclear Power Plant France,71,250.0
France,Fra_188,Nuclear,Phenix Nuclear Power Plant France,72,250.0
France,Fra_188,Nuclear,Phenix Nuclear Power Plant France,73,250.0
France,Fra_188,Nuclear,Phenix Nuclear Power Plant France,74,250.0
France,Fra_188,Nuclear,Phenix Nuclear Power Plant France,75,250.0
France,Fra_188,Nuclear,Phenix Nuclear Power Plant France,76,250.0
France,Fra_188,Nuclear,Phenix Nuclear Power Plant France,77,250.0
France,Fra_188,Nuclear,Phenix Nuclear Power Plant France,78,250.0
France,Fra_188,Nuclear,Phenix Nuclear Power Plant France,79,250.0
France,Fra_188,Nuclear,Phenix Nuclear Power Plant France,80,250.0
France,Fra_188,Nuclear,Phenix Nuclear Power Plant France,81,250.0
France,Fra_188,Nuclear,Phenix Nuclear Power Plant France,82,250.0
France,Fra_188,Nuclear,Phenix Nuclear Power Plant France,83,250.0
France,Fra_188,Nuclear,Phenix Nuclear Power Plant France,84,250.0
France,Fra_188,Nuclear,Phenix Nuclear Power Plant France,85,250.0
France,Fra_188,Nuclear,Phenix Nuclear Power Plant France,86,250.0
France,Fra_188,Nuclear,Phenix Nuclear Power Plant France,87,250.0
France,Fra_188,Nuclear,Phenix Nuclear Power Plant France,88,250.0
France,Fra_188,Nuclear,Phenix Nuclear Power Plant France,89,250.0
France,Fra_188,Nuclear,Phenix Nuclear Power Plant France,90,250.0
France,Fra_188,Nuclear,Phenix Nuclear Power Plant France,91,250.0
France,Fra_188,Nuclear,Phenix Nuclear Power Plant France,92,250.0
France,Fra_188,Nuclear,Phenix Nuclear Power Plant France,93,250.0
France,Fra_188,Nuclear,Phenix Nuclear Power Plant France,94,250.0
France,Fra_188,Nuclear,Phenix Nuclear Power Plant France,95,250.0
France,Fra_188,Nuclear,Phenix Nuclear Power Plant France,96,250.0
France,Fra_188,Nuclear,Tricastin Nuclear Power Plant France,1,3820.0
France,Fra_188,Nuclear,Tricastin Nuclear Power Plant France,2,3820.0
France,Fra_188,Nuclear,Tricastin Nuclear Power Plant France,3,3820.0
France,Fra_188,Nuclear,Tricastin Nuclear Power Plant France,4,3820.0
France,Fra_188,Nuclear,Tricastin Nuclear Power Plant France,5,3820.0
France,Fra_188,Nuclear,Tricastin Nuclear Power Plant France,6,3820.0
France,Fra_188,Nuclear,Tricastin Nuclear Power Plant France,7,3820.0
France,Fra_188,Nuclear,Tricastin Nuclear Power Plant France,8,3820.0
France,Fra_188,Nuclear,Tricastin Nuclear Power Plant France,9,3820.0
France,Fra_188,Nuclear,Tricastin Nuclear Power Plant France,10,3820.0
France,Fra_188,Nuclear,Tricastin Nuclear Power Plant France,11,3820.0
France,Fra_188,Nuclear,Tricastin Nuclear Power Plant France,12,3820.0
France,Fra_188,Nuclear,Tricastin Nuclear Power Plant France,13,3820.0
France,Fra_188,Nuclear,Tricastin Nuclear Power Plant France,14,3820.0
France,Fra_188,Nuclear,Tricastin Nuclear Power Plant France,15,3820.0
France,Fra_188,Nuclear,Tricastin Nuclear Power Plant France,16,3820.0
France,Fra_188,Nuclear,Tricastin Nuclear Power Plant France,17,3820.0
France,Fra_188,Nuclear,Tricastin Nuclear Power Plant France,18,3820.0
France,Fra_188,Nuclear,Tricastin Nuclear Power Plant France,19,3820.0
France,Fra_188,Nuclear,Tricastin Nuclear Power Plant France,20,3820.0
France,Fra_188,Nuclear,Tricastin Nuclear Power Plant France,21,3820.0
France,Fra_188,Nuclear,Tricastin Nuclear Power Plant France,22,3820.0
France,Fra_188,Nuclear,Tricastin Nuclear Power Plant France,23,3820.0
France,Fra_188,Nuclear,Tricastin Nuclear Power Plant France,24,3820.0
France,Fra_188,Nuclear,Tricastin Nuclear Power Plant France,25,3820.0
France,Fra_188,Nuclear,Tricastin Nuclear Power Plant France,26,3820.0
France,Fra_188,Nuclear,Tricastin Nuclear Power Plant France,27,3820.0
France,Fra_188,Nuclear,Tricastin Nuclear Power Plant France,28,3820.0
France,Fra_188,Nuclear,Tricastin Nuclear Power Plant France,29,3820.0
France,Fra_188,Nuclear,Tricastin Nuclear Power Plant France,30,3820.0
France,Fra_188,Nuclear,Tricastin Nuclear Power Plant France,31,3820.0
France,Fra_188,Nuclear,Tricastin Nuclear Power Plant France,32,3820.0
France,Fra_188,Nuclear,Tricastin Nuclear Power Plant France,33,3820.0
France,Fra_188,Nuclear,Tricastin Nuclear Power Plant France,34,3820.0
France,Fra_188,Nuclear,Tricastin Nuclear Power Plant France,35,3820.0
France,Fra_188,Nuclear,Tricastin Nuclear Power Plant France,36,3820.0
France,Fra_188,Nuclear,Tricastin Nuclear Power Plant France,37,3820.0
France,Fra_188,Nuclear,Tricastin Nuclear Power Plant France,38,3820.0
France,Fra_188,Nuclear,Tricastin Nuclear Power Plant France,39,3820.0
France,Fra_188,Nuclear,Tricastin Nuclear Power Plant France,40,3820.0
France,Fra_188,Nuclear,Tricastin Nuclear Power Plant France,41,3820.0
France,Fra_188,Nuclear,Tricastin Nuclear Power Plant France,42,3820.0
France,Fra_188,Nuclear,Tricastin Nuclear Power Plant France,43,3820.0
France,Fra_188,Nuclear,Tricastin Nuclear Power Plant France,44,3820.0
France,Fra_188,Nuclear,Tricastin Nuclear Power Plant France,45,3820.0
France,Fra_188,Nuclear,Tricastin Nuclear Power Plant France,46,3820.0
France,Fra_188,Nuclear,Tricastin Nuclear Power Plant France,47,3820.0
France,Fra_188,Nuclear,Tricastin Nuclear Power Plant France,48,3820.0
France,Fra_188,Nuclear,Tricastin Nuclear Power Plant France,49,3820.0
France,Fra_188,Nuclear,Tricastin Nuclear Power Plant France,50,3820.0
France,Fra_188,Nuclear,Tricastin Nuclear Power Plant France,51,3820.0
France,Fra_188,Nuclear,Tricastin Nuclear Power Plant France,52,3820.0
France,Fra_188,Nuclear,Tricastin Nuclear Power Plant France,53,3820.0
France,Fra_188,Nuclear,Tricastin Nuclear Power Plant France,54,3820.0
France,Fra_188,Nuclear,Tricastin Nuclear Power Plant France,55,3820.0
France,Fra_188,Nuclear,Tricastin Nuclear Power Plant France,56,3820.0
France,Fra_188,Nuclear,Tricastin Nuclear Power Plant France,57,3820.0
France,Fra_188,Nuclear,Tricastin Nuclear Power Plant France,58,3820.0
France,Fra_188,Nuclear,Tricastin Nuclear Power Plant France,59,3820.0
France,Fra_188,Nuclear,Tricastin Nuclear Power Plant France,60,3820.0
France,Fra_188,Nuclear,Tricastin Nuclear Power Plant France,61,3820.0
France,Fra_188,Nuclear,Tricastin Nuclear Power Plant France,62,3820.0
France,Fra_188,Nuclear,Tricastin Nuclear Power Plant France,63,3820.0
France,Fra_188,Nuclear,Tricastin Nuclear Power Plant France,64,3820.0
France,Fra_188,Nuclear,Tricastin Nuclear Power Plant France,65,3820.0
France,Fra_188,Nuclear,Tricastin Nuclear Power Plant France,66,3820.0
France,Fra_188,Nuclear,Tricastin Nuclear Power Plant France,67,3820.0
France,Fra_188,Nuclear,Tricastin Nuclear Power Plant France,68,3820.0
France,Fra_188,Nuclear,Tricastin Nuclear Power Plant France,69,3820.0
France,Fra_188,Nuclear,Tricastin Nuclear Power Plant France,70,3820.0
France,Fra_188,Nuclear,Tricastin Nuclear Power Plant France,71,3820.0
France,Fra_188,Nuclear,Tricastin Nuclear Power Plant France,72,3820.0
France,Fra_188,Nuclear,Tricastin Nuclear Power Plant France,73,3820.0
France,Fra_188,Nuclear,Tricastin Nuclear Power Plant France,74,3820.0
France,Fra_188,Nuclear,Tricastin Nuclear Power Plant France,75,3820.0
France,Fra_188,Nuclear,Tricastin Nuclear Power Plant France,76,3820.0
France,Fra_188,Nuclear,Tricastin Nuclear Power Plant France,77,3820.0
France,Fra_188,Nuclear,Tricastin Nuclear Power Plant France,78,3820.0
France,Fra_188,Nuclear,Tricastin Nuclear Power Plant France,79,3820.0
France,Fra_188,Nuclear,Tricastin Nuclear Power Plant France,80,3820.0
France,Fra_188,Nuclear,Tricastin Nuclear Power Plant France,81,3820.0
France,Fra_188,Nuclear,Tricastin Nuclear Power Plant France,82,3820.0
France,Fra_188,Nuclear,Tricastin Nuclear Power Plant France,83,3820.0
France,Fra_188,Nuclear,Tricastin Nuclear Power Plant France,84,3820.0
France,Fra_188,Nuclear,Tricastin Nuclear Power Plant France,85,3820.0
France,Fra_188,Nuclear,Tricastin Nuclear Power Plant France,86,3820.0
France,Fra_188,Nuclear,Tricastin Nuclear Power Plant France,87,3820.0
France,Fra_188,Nuclear,Tricastin Nuclear Power Plant France,88,3820.0
France,Fra_188,Nuclear,Tricastin Nuclear Power Plant France,89,3820.0
France,Fra_188,Nuclear,Tricastin Nuclear Power Plant France,90,3820.0
France,Fra_188,Nuclear,Tricastin Nuclear Power Plant France,91,3820.0
France,Fra_188,Nuclear,Tricastin Nuclear Power Plant France,92,3820.0
France,Fra_188,Nuclear,Tricastin Nuclear Power Plant France,93,3820.0
France,Fra_188,Nuclear,Tricastin Nuclear Power Plant France,94,3820.0
France,Fra_188,Nuclear,Tricastin Nuclear Power Plant France,95,3820.0
France,Fra_188,Nuclear,Tricastin Nuclear Power Plant France,96,3820.0
France,Fra_180,Nuclear,Paluel Nuclear Power Plant France,1,5384.761128951791
France,Fra_180,Nuclear,Paluel Nuclear Power Plant France,2,5364.9004096255285
France,Fra_180,Nuclear,Paluel Nuclear Power Plant France,3,5349.276067430121
France,Fra_180,Nuclear,Paluel Nuclear Power Plant France,4,5383.998413631937
France,Fra_180,Nuclear,Paluel Nuclear Power Plant France,5,5315.308455486343
France,Fra_180,Nuclear,Paluel Nuclear Power Plant France,6,5309.804902403729
France,Fra_180,Nuclear,Paluel Nuclear Power Plant France,7,5302.871905560638
France,Fra_180,Nuclear,Paluel Nuclear Power Plant France,8,5301.041035371064
France,Fra_180,Nuclear,Paluel Nuclear Power Plant France,9,5319.126968461858
France,Fra_180,Nuclear,Paluel Nuclear Power Plant France,10,5296.858712987927
France,Fra_180,Nuclear,Paluel Nuclear Power Plant France,11,5307.66239431514
France,Fra_180,Nuclear,Paluel Nuclear Power Plant France,12,5294.124670079757
France,Fra_180,Nuclear,Paluel Nuclear Power Plant France,13,5315.6363666901725
France,Fra_180,Nuclear,Paluel Nuclear Power Plant France,14,5298.80485999613
France,Fra_180,Nuclear,Paluel Nuclear Power Plant France,15,5341.995098356493
France,Fra_180,Nuclear,Paluel Nuclear Power Plant France,16,5389.534260671736
France,Fra_180,Nuclear,Paluel Nuclear Power Plant France,17,5397.719309079888
France,Fra_180,Nuclear,Paluel Nuclear Power Plant France,18,5471.696829710982
France,Fra_180,Nuclear,Paluel Nuclear Power Plant France,19,5490.491201579003
France,Fra_180,Nuclear,Paluel Nuclear Power Plant France,20,5502.092786122611
France,Fra_180,Nuclear,Paluel Nuclear Power Plant France,21,5466.694394198373
France,Fra_180,Nuclear,Paluel Nuclear Power Plant France,22,5511.385715411101
France,Fra_180,Nuclear,Paluel Nuclear Power Plant France,23,5528.0
France,Fra_180,Nuclear,Paluel Nuclear Power Plant France,24,5528.0
France,Fra_180,Nuclear,Paluel Nuclear Power Plant France,25,5502.841129285013
France,Fra_180,Nuclear,Paluel Nuclear Power Plant France,26,5488.465435964433
France,Fra_180,Nuclear,Paluel Nuclear Power Plant France,27,5482.538963007343
France,Fra_180,Nuclear,Paluel Nuclear Power Plant France,28,5460.8606367687025
France,Fra_180,Nuclear,Paluel Nuclear Power Plant France,29,5506.9693682426805
France,Fra_180,Nuclear,Paluel Nuclear Power Plant France,30,5443.746727460525
France,Fra_180,Nuclear,Paluel Nuclear Power Plant France,31,5490.5833076130275
France,Fra_180,Nuclear,Paluel Nuclear Power Plant France,32,5528.0
France,Fra_180,Nuclear,Paluel Nuclear Power Plant France,33,5490.744360269728
France,Fra_180,Nuclear,Paluel Nuclear Power Plant France,34,5528.0
France,Fra_180,Nuclear,Paluel Nuclear Power Plant France,35,5528.0
France,Fra_180,Nuclear,Paluel Nuclear Power Plant France,36,5528.0
France,Fra_180,Nuclear,Paluel Nuclear Power Plant France,37,5528.0
France,Fra_180,Nuclear,Paluel Nuclear Power Plant France,38,5528.0
France,Fra_180,Nuclear,Paluel Nuclear Power Plant France,39,5517.494927660112
France,Fra_180,Nuclear,Paluel Nuclear Power Plant France,40,5490.244850847305
France,Fra_180,Nuclear,Paluel Nuclear Power Plant France,41,5528.0
France,Fra_180,Nuclear,Paluel Nuclear Power Plant France,42,5528.0
France,Fra_180,Nuclear,Paluel Nuclear Power Plant France,43,5528.0
France,Fra_180,Nuclear,Paluel Nuclear Power Plant France,44,5528.0
France,Fra_180,Nuclear,Paluel Nuclear Power Plant France,45,5505.485815532641
France,Fra_180,Nuclear,Paluel Nuclear Power Plant France,46,5514.955557049624
France,Fra_180,Nuclear,Paluel Nuclear Power Plant France,47,5528.0
France,Fra_180,Nuclear,Paluel Nuclear Power Plant France,48,5528.0
France,Fra_180,Nuclear,Paluel Nuclear Power Plant France,49,5528.0
France,Fra_180,Nuclear,Paluel Nuclear Power Plant France,50,5528.0
France,Fra_180,Nuclear,Paluel Nuclear Power Plant France,51,5528.0
France,Fra_180,Nuclear,Paluel Nuclear Power Plant France,52,5528.0
France,Fra_180,Nuclear,Paluel Nuclear Power Plant France,53,5528.0
France,Fra_180,Nuclear,Paluel Nuclear Power Plant France,54,5528.0
France,Fra_180,Nuclear,Paluel Nuclear Power Plant France,55,5528.0
France,Fra_180,Nuclear,Paluel Nuclear Power Plant France,56,5528.0
France,Fra_180,Nuclear,Paluel Nuclear Power Plant France,57,5528.0
France,Fra_180,Nuclear,Paluel Nuclear Power Plant France,58,5528.0
France,Fra_180,Nuclear,Paluel Nuclear Power Plant France,59,5528.0
France,Fra_180,Nuclear,Paluel Nuclear Power Plant France,60,5528.0
France,Fra_180,Nuclear,Paluel Nuclear Power Plant France,61,5528.0
France,Fra_180,Nuclear,Paluel Nuclear Power Plant France,62,5528.0
France,Fra_180,Nuclear,Paluel Nuclear Power Plant France,63,5528.0
France,Fra_180,Nuclear,Paluel Nuclear Power Plant France,64,5528.0
France,Fra_180,Nuclear,Paluel Nuclear Power Plant France,65,5528.0
France,Fra_180,Nuclear,Paluel Nuclear Power Plant France,66,5442.3493333246315
France,Fra_180,Nuclear,Paluel Nuclear Power Plant France,67,5528.0
France,Fra_180,Nuclear,Paluel Nuclear Power Plant France,68,5528.0
France,Fra_180,Nuclear,Paluel Nuclear Power Plant France,69,5528.0
France,Fra_180,Nuclear,Paluel Nuclear Power Plant France,70,5528.0
France,Fra_180,Nuclear,Paluel Nuclear Power Plant France,71,5528.0
France,Fra_180,Nuclear,Paluel Nuclear Power Plant France,72,5528.0
France,Fra_180,Nuclear,Paluel Nuclear Power Plant France,73,5512.384261806539
France,Fra_180,Nuclear,Paluel Nuclear Power Plant France,74,5528.0
France,Fra_180,Nuclear,Paluel Nuclear Power Plant France,75,5528.0
France,Fra_180,Nuclear,Paluel Nuclear Power Plant France,76,5528.0
France,Fra_180,Nuclear,Paluel Nuclear Power Plant France,77,5528.0
France,Fra_180,Nuclear,Paluel Nuclear Power Plant France,78,5518.976374134224
France,Fra_180,Nuclear,Paluel Nuclear Power Plant France,79,5523.480937335517
France,Fra_180,Nuclear,Paluel Nuclear Power Plant France,80,5475.67447042426
France,Fra_180,Nuclear,Paluel Nuclear Power Plant France,81,5528.0
France,Fra_180,Nuclear,Paluel Nuclear Power Plant France,82,5459.709536554716
France,Fra_180,Nuclear,Paluel Nuclear Power Plant France,83,5465.737179686019
France,Fra_180,Nuclear,Paluel Nuclear Power Plant France,84,5476.0276944940215
France,Fra_180,Nuclear,Paluel Nuclear Power Plant France,85,5463.690584967617
France,Fra_180,Nuclear,Paluel Nuclear Power Plant France,86,5470.22585480733
France,Fra_180,Nuclear,Paluel Nuclear Power Plant France,87,5491.954814841581
France,Fra_180,Nuclear,Paluel Nuclear Power Plant France,88,5522.443198755294
France,Fra_180,Nuclear,Paluel Nuclear Power Plant France,89,5526.878483911319
France,Fra_180,Nuclear,Paluel Nuclear Power Plant France,90,5526.44644735001
France,Fra_180,Nuclear,Paluel Nuclear Power Plant France,91,5485.727020840818
France,Fra_180,Nuclear,Paluel Nuclear Power Plant France,92,5478.279529773707
France,Fra_180,Nuclear,Paluel Nuclear Power Plant France,93,5425.960467068225
France,Fra_180,Nuclear,Paluel Nuclear Power Plant France,94,5423.202991509405
France,Fra_180,Nuclear,Paluel Nuclear Power Plant France,95,5422.586921390717
France,Fra_180,Nuclear,Paluel Nuclear Power Plant France,96,5528.0
France,Fra_176,Nuclear,Cruas Nuclear Power Plant France,1,3151.416759289605
France,Fra_176,Nuclear,Cruas Nuclear Power Plant France,2,3150.1477887096016
France,Fra_176,Nuclear,Cruas Nuclear Power Plant France,3,3148.878818129598
France,Fra_176,Nuclear,Cruas Nuclear Power Plant France,4,3148.0128466123874
France,Fra_176,Nuclear,Cruas Nuclear Power Plant France,5,3147.54987415797
France,Fra_176,Nuclear,Cruas Nuclear Power Plant France,6,3147.0178775706245
France,Fra_176,Nuclear,Cruas Nuclear Power Plant France,7,3146.485880983278
France,Fra_176,Nuclear,Cruas Nuclear Power Plant France,8,3145.7523848645355
France,Fra_176,Nuclear,Cruas Nuclear Power Plant France,9,3145.6233873399824
France,Fra_176,Nuclear,Cruas Nuclear Power Plant France,10,3145.883701010962
France,Fra_176,Nuclear,Cruas Nuclear Power Plant France,11,3145.9425151505443
France,Fra_176,Nuclear,Cruas Nuclear Power Plant France,12,3145.396830695938
France,Fra_176,Nuclear,Cruas Nuclear Power Plant France,13,3145.2541453041244
France,Fra_176,Nuclear,Cruas Nuclear Power Plant France,14,3146.9265117964246
France,Fra_176,Nuclear,Cruas Nuclear Power Plant France,15,3147.3898811003464
France,Fra_176,Nuclear,Cruas Nuclear Power Plant France,16,3148.0547499356644
France,Fra_176,Nuclear,Cruas Nuclear Power Plant France,17,3149.3241173651713
France,Fra_176,Nuclear,Cruas Nuclear Power Plant France,18,3150.1878143026697
France,Fra_176,Nuclear,Cruas Nuclear Power Plant France,19,3151.454510302962
France,Fra_176,Nuclear,Cruas Nuclear Power Plant France,20,3152.92270583465
France,Fra_176,Nuclear,Cruas Nuclear Power Plant France,21,3154.592400897734
France,Fra_176,Nuclear,Cruas Nuclear Power Plant France,22,3154.395299058278
France,Fra_176,Nuclear,Cruas Nuclear Power Plant France,23,3154.802695813011
France,Fra_176,Nuclear,Cruas Nuclear Power Plant France,24,3154.802695813011
France,Fra_176,Nuclear,Cruas Nuclear Power Plant France,25,3154.802695813011
France,Fra_176,Nuclear,Cruas Nuclear Power Plant France,26,3154.6820128743534
France,Fra_176,Nuclear,Cruas Nuclear Power Plant France,27,3153.948035957626
France,Fra_176,Nuclear,Cruas Nuclear Power Plant France,28,3153.0125595095024
France,Fra_176,Nuclear,Cruas Nuclear Power Plant France,29,3151.069585404396
France,Fra_176,Nuclear,Cruas Nuclear Power Plant France,30,3148.539378902762
France,Fra_176,Nuclear,Cruas Nuclear Power Plant France,31,3147.016670058111
France,Fra_176,Nuclear,Cruas Nuclear Power Plant France,32,3145.2924616820624
France,Fra_176,Nuclear,Cruas Nuclear Power Plant France,33,3142.560755649032
France,Fra_176,Nuclear,Cruas Nuclear Power Plant France,34,3140.3191279639163
France,Fra_176,Nuclear,Cruas Nuclear Power Plant France,35,3138.4804993415933
France,Fra_176,Nuclear,Cruas Nuclear Power Plant France,36,3136.64187071927
France,Fra_176,Nuclear,Cruas Nuclear Power Plant France,37,3134.4002430341548
France,Fra_176,Nuclear,Cruas Nuclear Power Plant France,38,3133.2356874101065
France,Fra_176,Nuclear,Cruas Nuclear Power Plant France,39,3132.4741308488515
France,Fra_176,Nuclear,Cruas Nuclear Power Plant France,40,3131.309575224803
France,Fra_176,Nuclear,Cruas Nuclear Power Plant France,41,3129.9435200693592
France,Fra_176,Nuclear,Cruas Nuclear Power Plant France,42,3129.7671676032687
France,Fra_176,Nuclear,Cruas Nuclear Power Plant France,43,3129.3893156057834
France,Fra_176,Nuclear,Cruas Nuclear Power Plant France,44,3128.809964076901
France,Fra_176,Nuclear,Cruas Nuclear Power Plant France,45,3128.633611610812
France,Fra_176,Nuclear,Cruas Nuclear Power Plant France,46,3128.4485367815987
France,Fra_176,Nuclear,Cruas Nuclear Power Plant France,47,3127.860462889592
France,Fra_176,Nuclear,Cruas Nuclear Power Plant France,48,3126.2648913406033
France,Fra_176,Nuclear,Cruas Nuclear Power Plant France,49,3127.6918127625613
France,Fra_176,Nuclear,Cruas Nuclear Power Plant France,50,3127.1233322982366
France,Fra_176,Nuclear,Cruas Nuclear Power Plant France,51,3127.159350428101
France,Fra_176,Nuclear,Cruas Nuclear Power Plant France,52,3125.583372306794
France,Fra_176,Nuclear,Cruas Nuclear Power Plant France,53,3126.223889030848
France,Fra_176,Nuclear,Cruas Nuclear Power Plant France,54,3126.7070709601035
France,Fra_176,Nuclear,Cruas Nuclear Power Plant France,55,3126.58575429517
France,Fra_176,Nuclear,Cruas Nuclear Power Plant France,56,3126.4644376302367
France,Fra_176,Nuclear,Cruas Nuclear Power Plant France,57,3126.9476195594925
France,Fra_176,Nuclear,Cruas Nuclear Power Plant France,58,3128.2292976959384
France,Fra_176,Nuclear,Cruas Nuclear Power Plant France,59,3129.309476300988
France,Fra_176,Nuclear,Cruas Nuclear Power Plant France,60,3129.9866558432454
France,Fra_176,Nuclear,Cruas Nuclear Power Plant France,61,3131.469833511088
France,Fra_176,Nuclear,Cruas Nuclear Power Plant France,62,3133.1738425443186
France,Fra_176,Nuclear,Cruas Nuclear Power Plant France,63,3134.0718534519638
France,Fra_176,Nuclear,Cruas Nuclear Power Plant France,64,3135.5743629537974
France,Fra_176,Nuclear,Cruas Nuclear Power Plant France,65,3136.673873392839
France,Fra_176,Nuclear,Cruas Nuclear Power Plant France,66,3139.00529278558
France,Fra_176,Nuclear,Cruas Nuclear Power Plant France,67,3140.5307140527348
France,Fra_176,Nuclear,Cruas Nuclear Power Plant France,68,3142.0561353198896
France,Fra_176,Nuclear,Cruas Nuclear Power Plant France,69,3144.38755471263
France,Fra_176,Nuclear,Cruas Nuclear Power Plant France,70,3145.4393722090035
France,Fra_176,Nuclear,Cruas Nuclear Power Plant France,71,3146.6926892367733
France,Fra_176,Nuclear,Cruas Nuclear Power Plant France,72,3147.7445067331473
France,Fra_176,Nuclear,Cruas Nuclear Power Plant France,73,3148.393325166728
France,Fra_176,Nuclear,Cruas Nuclear Power Plant France,74,3147.7459757647152
France,Fra_176,Nuclear,Cruas Nuclear Power Plant France,75,3147.9046244882884
France,Fra_176,Nuclear,Cruas Nuclear Power Plant France,76,3147.4587746176717
France,Fra_176,Nuclear,Cruas Nuclear Power Plant France,77,3147.0129247470554
France,Fra_176,Nuclear,Cruas Nuclear Power Plant France,78,3147.0034066400626
France,Fra_176,Nuclear,Cruas Nuclear Power Plant France,79,3147.5983871272592
France,Fra_176,Nuclear,Cruas Nuclear Power Plant France,80,3147.3873694888703
France,Fra_176,Nuclear,Cruas Nuclear Power Plant France,81,3146.9748523190847
France,Fra_176,Nuclear,Cruas Nuclear Power Plant France,82,3147.086212617223
France,Fra_176,Nuclear,Cruas Nuclear Power Plant France,83,3148.003571040947
France,Fra_176,Nuclear,Cruas Nuclear Power Plant France,84,3148.920929464671
France,Fra_176,Nuclear,Cruas Nuclear Power Plant France,85,3149.4352888256026
France,Fra_176,Nuclear,Cruas Nuclear Power Plant France,86,3147.9819266246323
France,Fra_176,Nuclear,Cruas Nuclear Power Plant France,87,3147.3345625492475
France,Fra_176,Nuclear,Cruas Nuclear Power Plant France,88,3147.896195662241
France,Fra_176,Nuclear,Cruas Nuclear Power Plant France,89,3147.04733205546
France,Fra_176,Nuclear,Cruas Nuclear Power Plant France,90,3145.106397264783
France,Fra_176,Nuclear,Cruas Nuclear Power Plant France,91,3142.7624634113126
France,Fra_176,Nuclear,Cruas Nuclear Power Plant France,92,3140.821528620636
France,Fra_176,Nuclear,Cruas Nuclear Power Plant France,93,3139.485092424148
France,Fra_176,Nuclear,Cruas Nuclear Power Plant France,94,3138.8470761258764
France,Fra_176,Nuclear,Cruas Nuclear Power Plant France,95,3137.403061702019
France,Fra_176,Nuclear,Cruas Nuclear Power Plant France,96,3136.5635458723505
France,Fra_160,Nuclear,Blayais Nuclear Power Plant France,1,3444.718589070871
France,Fra_160,Nuclear,Blayais Nuclear Power Plant France,2,3442.7862118284775
France,Fra_160,Nuclear,Blayais Nuclear Power Plant France,3,3440.8538345860834
France,Fra_160,Nuclear,Blayais Nuclear Power Plant France,4,3438.92145734369
France,Fra_160,Nuclear,Blayais Nuclear Power Plant France,5,3436.989080101296
France,Fra_160,Nuclear,Blayais Nuclear Power Plant France,6,3435.437062574876
France,Fra_160,Nuclear,Blayais Nuclear Power Plant France,7,3433.885045048456
France,Fra_160,Nuclear,Blayais Nuclear Power Plant France,8,3432.333027522036
France,Fra_160,Nuclear,Blayais Nuclear Power Plant France,9,3430.7810099956155
France,Fra_160,Nuclear,Blayais Nuclear Power Plant France,10,3430.9591725588116
France,Fra_160,Nuclear,Blayais Nuclear Power Plant France,11,3431.137335122007
France,Fra_160,Nuclear,Blayais Nuclear Power Plant France,12,3431.315497685202
France,Fra_160,Nuclear,Blayais Nuclear Power Plant France,13,3431.4936602483976
France,Fra_160,Nuclear,Blayais Nuclear Power Plant France,14,3434.11665107078
France,Fra_160,Nuclear,Blayais Nuclear Power Plant France,15,3436.7396418931617
France,Fra_160,Nuclear,Blayais Nuclear Power Plant France,16,3439.362632715544
France,Fra_160,Nuclear,Blayais Nuclear Power Plant France,17,3441.985623537926
France,Fra_160,Nuclear,Blayais Nuclear Power Plant France,18,3446.2829391367627
France,Fra_160,Nuclear,Blayais Nuclear Power Plant France,19,3450.5802547355993
France,Fra_160,Nuclear,Blayais Nuclear Power Plant France,20,3454.8775703344363
France,Fra_160,Nuclear,Blayais Nuclear Power Plant France,21,3459.1748859332724
France,Fra_160,Nuclear,Blayais Nuclear Power Plant France,22,3461.47070304789
France,Fra_160,Nuclear,Blayais Nuclear Power Plant France,23,3463.7665201625064
France,Fra_160,Nuclear,Blayais Nuclear Power Plant France,24,3466.0623372771233
France,Fra_160,Nuclear,Blayais Nuclear Power Plant France,25,3468.3581543917403
France,Fra_160,Nuclear,Blayais Nuclear Power Plant France,26,3468.0156931380247
France,Fra_160,Nuclear,Blayais Nuclear Power Plant France,27,3467.673231884309
France,Fra_160,Nuclear,Blayais Nuclear Power Plant France,28,3467.3307706305936
France,Fra_160,Nuclear,Blayais Nuclear Power Plant France,29,3466.988309376878
France,Fra_160,Nuclear,Blayais Nuclear Power Plant France,30,3465.2659654411905
France,Fra_160,Nuclear,Blayais Nuclear Power Plant France,31,3463.5436215055042
France,Fra_160,Nuclear,Blayais Nuclear Power Plant France,32,3461.821277569817
France,Fra_160,Nuclear,Blayais Nuclear Power Plant France,33,3460.0989336341304
France,Fra_160,Nuclear,Blayais Nuclear Power Plant France,34,3457.5458972344545
France,Fra_160,Nuclear,Blayais Nuclear Power Plant France,35,3454.9928608347786
France,Fra_160,Nuclear,Blayais Nuclear Power Plant France,36,3452.4398244351023
France,Fra_160,Nuclear,Blayais Nuclear Power Plant France,37,3449.886788035427
France,Fra_160,Nuclear,Blayais Nuclear Power Plant France,38,3448.1754870421846
France,Fra_160,Nuclear,Blayais Nuclear Power Plant France,39,3446.464186048943
France,Fra_160,Nuclear,Blayais Nuclear Power Plant France,40,3444.752885055701
France,Fra_160,Nuclear,Blayais Nuclear Power Plant France,41,3443.041584062463
France,Fra_160,Nuclear,Blayais Nuclear Power Plant France,42,3441.955347883631
France,Fra_160,Nuclear,Blayais Nuclear Power Plant France,43,3440.869111704803
France,Fra_160,Nuclear,Blayais Nuclear Power Plant France,44,3439.782875525975
France,Fra_160,Nuclear,Blayais Nuclear Power Plant France,45,3438.696639347147
France,Fra_160,Nuclear,Blayais Nuclear Power Plant France,46,3436.3337939977937
France,Fra_160,Nuclear,Blayais Nuclear Power Plant France,47,3433.97094864844
France,Fra_160,Nuclear,Blayais Nuclear Power Plant France,48,3431.608103299086
France,Fra_160,Nuclear,Blayais Nuclear Power Plant France,49,3429.245257949732
France,Fra_160,Nuclear,Blayais Nuclear Power Plant France,50,3428.002912329962
France,Fra_160,Nuclear,Blayais Nuclear Power Plant France,51,3426.7605667101916
France,Fra_160,Nuclear,Blayais Nuclear Power Plant France,52,3425.5182210904213
France,Fra_160,Nuclear,Blayais Nuclear Power Plant France,53,3424.275875470651
France,Fra_160,Nuclear,Blayais Nuclear Power Plant France,54,3424.0045672456263
France,Fra_160,Nuclear,Blayais Nuclear Power Plant France,55,3423.733259020601
France,Fra_160,Nuclear,Blayais Nuclear Power Plant France,56,3423.4619507955767
France,Fra_160,Nuclear,Blayais Nuclear Power Plant France,57,3423.190642570552
France,Fra_160,Nuclear,Blayais Nuclear Power Plant France,58,3423.8324645207495
France,Fra_160,Nuclear,Blayais Nuclear Power Plant France,59,3424.4742864709474
France,Fra_160,Nuclear,Blayais Nuclear Power Plant France,60,3425.1161084211453
France,Fra_160,Nuclear,Blayais Nuclear Power Plant France,61,3425.7579303713433
France,Fra_160,Nuclear,Blayais Nuclear Power Plant France,62,3428.390536730288
France,Fra_160,Nuclear,Blayais Nuclear Power Plant France,63,3431.023143089233
France,Fra_160,Nuclear,Blayais Nuclear Power Plant France,64,3433.655749448178
France,Fra_160,Nuclear,Blayais Nuclear Power Plant France,65,3436.2883558071235
France,Fra_160,Nuclear,Blayais Nuclear Power Plant France,66,3440.5101023957886
France,Fra_160,Nuclear,Blayais Nuclear Power Plant France,67,3444.731848984454
France,Fra_160,Nuclear,Blayais Nuclear Power Plant France,68,3448.953595573118
France,Fra_160,Nuclear,Blayais Nuclear Power Plant France,69,3453.175342161783
France,Fra_160,Nuclear,Blayais Nuclear Power Plant France,70,3453.862496277382
France,Fra_160,Nuclear,Blayais Nuclear Power Plant France,71,3454.549650392981
France,Fra_160,Nuclear,Blayais Nuclear Power Plant France,72,3455.2368045085805
France,Fra_160,Nuclear,Blayais Nuclear Power Plant France,73,3455.9239586241797
France,Fra_160,Nuclear,Blayais Nuclear Power Plant France,74,3457.097238958875
France,Fra_160,Nuclear,Blayais Nuclear Power Plant France,75,3458.270519293571
France,Fra_160,Nuclear,Blayais Nuclear Power Plant France,76,3459.443799628267
France,Fra_160,Nuclear,Blayais Nuclear Power Plant France,77,3460.6170799629626
France,Fra_160,Nuclear,Blayais Nuclear Power Plant France,78,3460.675892665803
France,Fra_160,Nuclear,Blayais Nuclear Power Plant France,79,3460.7347053686435
France,Fra_160,Nuclear,Blayais Nuclear Power Plant France,80,3460.793518071484
France,Fra_160,Nuclear,Blayais Nuclear Power Plant France,81,3460.8523307743244
France,Fra_160,Nuclear,Blayais Nuclear Power Plant France,82,3463.6196770635765
France,Fra_160,Nuclear,Blayais Nuclear Power Plant France,83,3466.3870233528287
France,Fra_160,Nuclear,Blayais Nuclear Power Plant France,84,3469.154369642081
France,Fra_160,Nuclear,Blayais Nuclear Power Plant France,85,3471.921715931333
France,Fra_160,Nuclear,Blayais Nuclear Power Plant France,86,3471.2215535194055
France,Fra_160,Nuclear,Blayais Nuclear Power Plant France,87,3470.5213911074784
France,Fra_160,Nuclear,Blayais Nuclear Power Plant France,88,3469.821228695551
France,Fra_160,Nuclear,Blayais Nuclear Power Plant France,89,3469.1210662836233
France,Fra_160,Nuclear,Blayais Nuclear Power Plant France,90,3464.5731527229923
France,Fra_160,Nuclear,Blayais Nuclear Power Plant France,91,3460.0252391623617
France,Fra_160,Nuclear,Blayais Nuclear Power Plant France,92,3455.477325601731
France,Fra_160,Nuclear,Blayais Nuclear Power Plant France,93,3450.9294120411005
France,Fra_160,Nuclear,Blayais Nuclear Power Plant France,94,3449.6543840034146
France,Fra_160,Nuclear,Blayais Nuclear Power Plant France,95,3448.379355965729
France,Fra_160,Nuclear,Blayais Nuclear Power Plant France,96,3447.104327928043
France,Fra_144,Nuclear,Saint-Alban Nuclear Power Plant France,1,2782.0
France,Fra_144,Nuclear,Saint-Alban Nuclear Power Plant France,2,2782.0
France,Fra_144,Nuclear,Saint-Alban Nuclear Power Plant France,3,2782.0
France,Fra_144,Nuclear,Saint-Alban Nuclear Power Plant France,4,2782.0
France,Fra_144,Nuclear,Saint-Alban Nuclear Power Plant France,5,2782.0
France,Fra_144,Nuclear,Saint-Alban Nuclear Power Plant France,6,2782.0
France,Fra_144,Nuclear,Saint-Alban Nuclear Power Plant France,7,2782.0
France,Fra_144,Nuclear,Saint-Alban Nuclear Power Plant France,8,2782.0
France,Fra_144,Nuclear,Saint-Alban Nuclear Power Plant France,9,2782.0
France,Fra_144,Nuclear,Saint-Alban Nuclear Power Plant France,10,2782.0
France,Fra_144,Nuclear,Saint-Alban Nuclear Power Plant France,11,2782.0
France,Fra_144,Nuclear,Saint-Alban Nuclear Power Plant France,12,2782.0
France,Fra_144,Nuclear,Saint-Alban Nuclear Power Plant France,13,2782.0
France,Fra_144,Nuclear,Saint-Alban Nuclear Power Plant France,14,2782.0
France,Fra_144,Nuclear,Saint-Alban Nuclear Power Plant France,15,2782.0
France,Fra_144,Nuclear,Saint-Alban Nuclear Power Plant France,16,2782.0
France,Fra_144,Nuclear,Saint-Alban Nuclear Power Plant France,17,2782.0
France,Fra_144,Nuclear,Saint-Alban Nuclear Power Plant France,18,2782.0
France,Fra_144,Nuclear,Saint-Alban Nuclear Power Plant France,19,2782.0
France,Fra_144,Nuclear,Saint-Alban Nuclear Power Plant France,20,2782.0
France,Fra_144,Nuclear,Saint-Alban Nuclear Power Plant France,21,2782.0
France,Fra_144,Nuclear,Saint-Alban Nuclear Power Plant France,22,2782.0
France,Fra_144,Nuclear,Saint-Alban Nuclear Power Plant France,23,2782.0
France,Fra_144,Nuclear,Saint-Alban Nuclear Power Plant France,24,2782.0
France,Fra_144,Nuclear,Saint-Alban Nuclear Power Plant France,25,2782.0
France,Fra_144,Nuclear,Saint-Alban Nuclear Power Plant France,26,2782.0
France,Fra_144,Nuclear,Saint-Alban Nuclear Power Plant France,27,2782.0
France,Fra_144,Nuclear,Saint-Alban Nuclear Power Plant France,28,2782.0
France,Fra_144,Nuclear,Saint-Alban Nuclear Power Plant France,29,2782.0
France,Fra_144,Nuclear,Saint-Alban Nuclear Power Plant France,30,2782.0
France,Fra_144,Nuclear,Saint-Alban Nuclear Power Plant France,31,2782.0
France,Fra_144,Nuclear,Saint-Alban Nuclear Power Plant France,32,2782.0
France,Fra_144,Nuclear,Saint-Alban Nuclear Power Plant France,33,2782.0
France,Fra_144,Nuclear,Saint-Alban Nuclear Power Plant France,34,2782.0
France,Fra_144,Nuclear,Saint-Alban Nuclear Power Plant France,35,2782.0
France,Fra_144,Nuclear,Saint-Alban Nuclear Power Plant France,36,2782.0
France,Fra_144,Nuclear,Saint-Alban Nuclear Power Plant France,37,2782.0
France,Fra_144,Nuclear,Saint-Alban Nuclear Power Plant France,38,2782.0
France,Fra_144,Nuclear,Saint-Alban Nuclear Power Plant France,39,2782.0
France,Fra_144,Nuclear,Saint-Alban Nuclear Power Plant France,40,2782.0
France,Fra_144,Nuclear,Saint-Alban Nuclear Power Plant France,41,2782.0
France,Fra_144,Nuclear,Saint-Alban Nuclear Power Plant France,42,2782.0
France,Fra_144,Nuclear,Saint-Alban Nuclear Power Plant France,43,2782.0
France,Fra_144,Nuclear,Saint-Alban Nuclear Power Plant France,44,2782.0
France,Fra_144,Nuclear,Saint-Alban Nuclear Power Plant France,45,2782.0
France,Fra_144,Nuclear,Saint-Alban Nuclear Power Plant France,46,2782.0
France,Fra_144,Nuclear,Saint-Alban Nuclear Power Plant France,47,2782.0
France,Fra_144,Nuclear,Saint-Alban Nuclear Power Plant France,48,2782.0
France,Fra_144,Nuclear,Saint-Alban Nuclear Power Plant France,49,2782.0
France,Fra_144,Nuclear,Saint-Alban Nuclear Power Plant France,50,2782.0
France,Fra_144,Nuclear,Saint-Alban Nuclear Power Plant France,51,2782.0
France,Fra_144,Nuclear,Saint-Alban Nuclear Power Plant France,52,2782.0
France,Fra_144,Nuclear,Saint-Alban Nuclear Power Plant France,53,2782.0
France,Fra_144,Nuclear,Saint-Alban Nuclear Power Plant France,54,2782.0
France,Fra_144,Nuclear,Saint-Alban Nuclear Power Plant France,55,2782.0
France,Fra_144,Nuclear,Saint-Alban Nuclear Power Plant France,56,2782.0
France,Fra_144,Nuclear,Saint-Alban Nuclear Power Plant France,57,2782.0
France,Fra_144,Nuclear,Saint-Alban Nuclear Power Plant France,58,2782.0
France,Fra_144,Nuclear,Saint-Alban Nuclear Power Plant France,59,2782.0
France,Fra_144,Nuclear,Saint-Alban Nuclear Power Plant France,60,2782.0
France,Fra_144,Nuclear,Saint-Alban Nuclear Power Plant France,61,2782.0
France,Fra_144,Nuclear,Saint-Alban Nuclear Power Plant France,62,2782.0
France,Fra_144,Nuclear,Saint-Alban Nuclear Power Plant France,63,2782.0
France,Fra_144,Nuclear,Saint-Alban Nuclear Power Plant France,64,2782.0
France,Fra_144,Nuclear,Saint-Alban Nuclear Power Plant France,65,2782.0
France,Fra_144,Nuclear,Saint-Alban Nuclear Power Plant France,66,2782.0
France,Fra_144,Nuclear,Saint-Alban Nuclear Power Plant France,67,2782.0
France,Fra_144,Nuclear,Saint-Alban Nuclear Power Plant France,68,2782.0
France,Fra_144,Nuclear,Saint-Alban Nuclear Power Plant France,69,2782.0
France,Fra_144,Nuclear,Saint-Alban Nuclear Power Plant France,70,2782.0
France,Fra_144,Nuclear,Saint-Alban Nuclear Power Plant France,71,2782.0
France,Fra_144,Nuclear,Saint-Alban Nuclear Power Plant France,72,2782.0
France,Fra_144,Nuclear,Saint-Alban Nuclear Power Plant France,73,2782.0
France,Fra_144,Nuclear,Saint-Alban Nuclear Power Plant France,74,2782.0
France,Fra_144,Nuclear,Saint-Alban Nuclear Power Plant France,75,2782.0
France,Fra_144,Nuclear,Saint-Alban Nuclear Power Plant France,76,2782.0
France,Fra_144,Nuclear,Saint-Alban Nuclear Power Plant France,77,2782.0
France,Fra_144,Nuclear,Saint-Alban Nuclear Power Plant France,78,2782.0
France,Fra_144,Nuclear,Saint-Alban Nuclear Power Plant France,79,2782.0
France,Fra_144,Nuclear,Saint-Alban Nuclear Power Plant France,80,2782.0
France,Fra_144,Nuclear,Saint-Alban Nuclear Power Plant France,81,2782.0
France,Fra_144,Nuclear,Saint-Alban Nuclear Power Plant France,82,2782.0
France,Fra_144,Nuclear,Saint-Alban Nuclear Power Plant France,83,2782.0
France,Fra_144,Nuclear,Saint-Alban Nuclear Power Plant France,84,2782.0
France,Fra_144,Nuclear,Saint-Alban Nuclear Power Plant France,85,2782.0
France,Fra_144,Nuclear,Saint-Alban Nuclear Power Plant France,86,2782.0
France,Fra_144,Nuclear,Saint-Alban Nuclear Power Plant France,87,2782.0
France,Fra_144,Nuclear,Saint-Alban Nuclear Power Plant France,88,2782.0
France,Fra_144,Nuclear,Saint-Alban Nuclear Power Plant France,89,2782.0
France,Fra_144,Nuclear,Saint-Alban Nuclear Power Plant France,90,2782.0
France,Fra_144,Nuclear,Saint-Alban Nuclear Power Plant France,91,2782.0
France,Fra_144,Nuclear,Saint-Alban Nuclear Power Plant France,92,2782.0
France,Fra_144,Nuclear,Saint-Alban Nuclear Power Plant France,93,2782.0
France,Fra_144,Nuclear,Saint-Alban Nuclear Power Plant France,94,2782.0
France,Fra_144,Nuclear,Saint-Alban Nuclear Power Plant France,95,2782.0
France,Fra_144,Nuclear,Saint-Alban Nuclear Power Plant France,96,2782.0
France,Fra_123,Nuclear,Bugey Nuclear Power Plant France,1,3724.0
France,Fra_123,Nuclear,Bugey Nuclear Power Plant France,2,3724.0
France,Fra_123,Nuclear,Bugey Nuclear Power Plant France,3,3724.0
France,Fra_123,Nuclear,Bugey Nuclear Power Plant France,4,3724.0
France,Fra_123,Nuclear,Bugey Nuclear Power Plant France,5,3724.0
France,Fra_123,Nuclear,Bugey Nuclear Power Plant France,6,3724.0
France,Fra_123,Nuclear,Bugey Nuclear Power Plant France,7,3724.0
France,Fra_123,Nuclear,Bugey Nuclear Power Plant France,8,3724.0
France,Fra_123,Nuclear,Bugey Nuclear Power Plant France,9,3724.0
France,Fra_123,Nuclear,Bugey Nuclear Power Plant France,10,3724.0
France,Fra_123,Nuclear,Bugey Nuclear Power Plant France,11,3724.0
France,Fra_123,Nuclear,Bugey Nuclear Power Plant France,12,3724.0
France,Fra_123,Nuclear,Bugey Nuclear Power Plant France,13,3724.0
France,Fra_123,Nuclear,Bugey Nuclear Power Plant France,14,3724.0
France,Fra_123,Nuclear,Bugey Nuclear Power Plant France,15,3724.0
France,Fra_123,Nuclear,Bugey Nuclear Power Plant France,16,3724.0
France,Fra_123,Nuclear,Bugey Nuclear Power Plant France,17,3724.0
France,Fra_123,Nuclear,Bugey Nuclear Power Plant France,18,3724.0
France,Fra_123,Nuclear,Bugey Nuclear Power Plant France,19,3724.0
France,Fra_123,Nuclear,Bugey Nuclear Power Plant France,20,3724.0
France,Fra_123,Nuclear,Bugey Nuclear Power Plant France,21,3724.0
France,Fra_123,Nuclear,Bugey Nuclear Power Plant France,22,3724.0
France,Fra_123,Nuclear,Bugey Nuclear Power Plant France,23,3724.0
France,Fra_123,Nuclear,Bugey Nuclear Power Plant France,24,3724.0
France,Fra_123,Nuclear,Bugey Nuclear Power Plant France,25,3724.0
France,Fra_123,Nuclear,Bugey Nuclear Power Plant France,26,3724.0
France,Fra_123,Nuclear,Bugey Nuclear Power Plant France,27,3724.0
France,Fra_123,Nuclear,Bugey Nuclear Power Plant France,28,3724.0
France,Fra_123,Nuclear,Bugey Nuclear Power Plant France,29,3724.0
France,Fra_123,Nuclear,Bugey Nuclear Power Plant France,30,3724.0
France,Fra_123,Nuclear,Bugey Nuclear Power Plant France,31,3724.0
France,Fra_123,Nuclear,Bugey Nuclear Power Plant France,32,3724.0
France,Fra_123,Nuclear,Bugey Nuclear Power Plant France,33,3724.0
France,Fra_123,Nuclear,Bugey Nuclear Power Plant France,34,3724.0
France,Fra_123,Nuclear,Bugey Nuclear Power Plant France,35,3724.0
France,Fra_123,Nuclear,Bugey Nuclear Power Plant France,36,3724.0
France,Fra_123,Nuclear,Bugey Nuclear Power Plant France,37,3724.0
France,Fra_123,Nuclear,Bugey Nuclear Power Plant France,38,3724.0
France,Fra_123,Nuclear,Bugey Nuclear Power Plant France,39,3724.0
France,Fra_123,Nuclear,Bugey Nuclear Power Plant France,40,3724.0
France,Fra_123,Nuclear,Bugey Nuclear Power Plant France,41,3724.0
France,Fra_123,Nuclear,Bugey Nuclear Power Plant France,42,3724.0
France,Fra_123,Nuclear,Bugey Nuclear Power Plant France,43,3724.0
France,Fra_123,Nuclear,Bugey Nuclear Power Plant France,44,3724.0
France,Fra_123,Nuclear,Bugey Nuclear Power Plant France,45,3724.0
France,Fra_123,Nuclear,Bugey Nuclear Power Plant France,46,3724.0
France,Fra_123,Nuclear,Bugey Nuclear Power Plant France,47,3724.0
France,Fra_123,Nuclear,Bugey Nuclear Power Plant France,48,3724.0
France,Fra_123,Nuclear,Bugey Nuclear Power Plant France,49,3724.0
France,Fra_123,Nuclear,Bugey Nuclear Power Plant France,50,3724.0
France,Fra_123,Nuclear,Bugey Nuclear Power Plant France,51,3724.0
France,Fra_123,Nuclear,Bugey Nuclear Power Plant France,52,3724.0
France,Fra_123,Nuclear,Bugey Nuclear Power Plant France,53,3724.0
France,Fra_123,Nuclear,Bugey Nuclear Power Plant France,54,3724.0
France,Fra_123,Nuclear,Bugey Nuclear Power Plant France,55,3724.0
France,Fra_123,Nuclear,Bugey Nuclear Power Plant France,56,3724.0
France,Fra_123,Nuclear,Bugey Nuclear Power Plant France,57,3724.0
France,Fra_123,Nuclear,Bugey Nuclear Power Plant France,58,3724.0
France,Fra_123,Nuclear,Bugey Nuclear Power Plant France,59,3724.0
France,Fra_123,Nuclear,Bugey Nuclear Power Plant France,60,3724.0
France,Fra_123,Nuclear,Bugey Nuclear Power Plant France,61,3724.0
France,Fra_123,Nuclear,Bugey Nuclear Power Plant France,62,3724.0
France,Fra_123,Nuclear,Bugey Nuclear Power Plant France,63,3724.0
France,Fra_123,Nuclear,Bugey Nuclear Power Plant France,64,3724.0
France,Fra_123,Nuclear,Bugey Nuclear Power Plant France,65,3724.0
France,Fra_123,Nuclear,Bugey Nuclear Power Plant France,66,3724.0
France,Fra_123,Nuclear,Bugey Nuclear Power Plant France,67,3724.0
France,Fra_123,Nuclear,Bugey Nuclear Power Plant France,68,3724.0
France,Fra_123,Nuclear,Bugey Nuclear Power Plant France,69,3724.0
France,Fra_123,Nuclear,Bugey Nuclear Power Plant France,70,3724.0
France,Fra_123,Nuclear,Bugey Nuclear Power Plant France,71,3724.0
France,Fra_123,Nuclear,Bugey Nuclear Power Plant France,72,3724.0
France,Fra_123,Nuclear,Bugey Nuclear Power Plant France,73,3724.0
France,Fra_123,Nuclear,Bugey Nuclear Power Plant France,74,3724.0
France,Fra_123,Nuclear,Bugey Nuclear Power Plant France,75,3724.0
France,Fra_123,Nuclear,Bugey Nuclear Power Plant France,76,3724.0
France,Fra_123,Nuclear,Bugey Nuclear Power Plant France,77,3724.0
France,Fra_123,Nuclear,Bugey Nuclear Power Plant France,78,3724.0
France,Fra_123,Nuclear,Bugey Nuclear Power Plant France,79,3724.0
France,Fra_123,Nuclear,Bugey Nuclear Power Plant France,80,3724.0
France,Fra_123,Nuclear,Bugey Nuclear Power Plant France,81,3724.0
France,Fra_123,Nuclear,Bugey Nuclear Power Plant France,82,3724.0
France,Fra_123,Nuclear,Bugey Nuclear Power Plant France,83,3724.0
France,Fra_123,Nuclear,Bugey Nuclear Power Plant France,84,3724.0
France,Fra_123,Nuclear,Bugey Nuclear Power Plant France,85,3724.0
France,Fra_123,Nuclear,Bugey Nuclear Power Plant France,86,3724.0
France,Fra_123,Nuclear,Bugey Nuclear Power Plant France,87,3724.0
France,Fra_123,Nuclear,Bugey Nuclear Power Plant France,88,3724.0
France,Fra_123,Nuclear,Bugey Nuclear Power Plant France,89,3724.0
France,Fra_123,Nuclear,Bugey Nuclear Power Plant France,90,3724.0
France,Fra_123,Nuclear,Bugey Nuclear Power Plant France,91,3724.0
France,Fra_123,Nuclear,Bugey Nuclear Power Plant France,92,3724.0
France,Fra_123,Nuclear,Bugey Nuclear Power Plant France,93,3724.0
France,Fra_123,Nuclear,Bugey Nuclear Power Plant France,94,3724.0
France,Fra_123,Nuclear,Bugey Nuclear Power Plant France,95,3724.0
France,Fra_123,Nuclear,Bugey Nuclear Power Plant France,96,3724.0
France,Fra_115,Natural Gas,"DK6 (Dunkerque) CCGT Gas Power Plant, France",1,0.0
France,Fra_115,Natural Gas,"DK6 (Dunkerque) CCGT Gas Power Plant, France",2,0.0
France,Fra_115,Natural Gas,"DK6 (Dunkerque) CCGT Gas Power Plant, France",3,0.0
France,Fra_115,Natural Gas,"DK6 (Dunkerque) CCGT Gas Power Plant, France",4,0.0
France,Fra_115,Natural Gas,"DK6 (Dunkerque) CCGT Gas Power Plant, France",5,0.0
France,Fra_115,Natural Gas,"DK6 (Dunkerque) CCGT Gas Power Plant, France",6,0.0
France,Fra_115,Natural Gas,"DK6 (Dunkerque) CCGT Gas Power Plant, France",7,0.0
France,Fra_115,Natural Gas,"DK6 (Dunkerque) CCGT Gas Power Plant, France",8,0.0
France,Fra_115,Natural Gas,"DK6 (Dunkerque) CCGT Gas Power Plant, France",9,0.0
France,Fra_115,Natural Gas,"DK6 (Dunkerque) CCGT Gas Power Plant, France",10,0.0
France,Fra_115,Natural Gas,"DK6 (Dunkerque) CCGT Gas Power Plant, France",11,0.0
France,Fra_115,Natural Gas,"DK6 (Dunkerque) CCGT Gas Power Plant, France",12,0.0
France,Fra_115,Natural Gas,"DK6 (Dunkerque) CCGT Gas Power Plant, France",13,0.0
France,Fra_115,Natural Gas,"DK6 (Dunkerque) CCGT Gas Power Plant, France",14,0.0
France,Fra_115,Natural Gas,"DK6 (Dunkerque) CCGT Gas Power Plant, France",15,0.0
France,Fra_115,Natural Gas,"DK6 (Dunkerque) CCGT Gas Power Plant, France",16,0.0
France,Fra_115,Natural Gas,"DK6 (Dunkerque) CCGT Gas Power Plant, France",17,320.0
France,Fra_115,Natural Gas,"DK6 (Dunkerque) CCGT Gas Power Plant, France",18,320.0
France,Fra_115,Natural Gas,"DK6 (Dunkerque) CCGT Gas Power Plant, France",19,320.0
France,Fra_115,Natural Gas,"DK6 (Dunkerque) CCGT Gas Power Plant, France",20,800.0
France,Fra_115,Natural Gas,"DK6 (Dunkerque) CCGT Gas Power Plant, France",21,800.0
France,Fra_115,Natural Gas,"DK6 (Dunkerque) CCGT Gas Power Plant, France",22,800.0
France,Fra_115,Natural Gas,"DK6 (Dunkerque) CCGT Gas Power Plant, France",23,800.0
France,Fra_115,Natural Gas,"DK6 (Dunkerque) CCGT Gas Power Plant, France",24,800.0
France,Fra_115,Natural Gas,"DK6 (Dunkerque) CCGT Gas Power Plant, France",25,800.0
France,Fra_115,Natural Gas,"DK6 (Dunkerque) CCGT Gas Power Plant, France",26,800.0
France,Fra_115,Natural Gas,"DK6 (Dunkerque) CCGT Gas Power Plant, France",27,800.0
France,Fra_115,Natural Gas,"DK6 (Dunkerque) CCGT Gas Power Plant, France",28,800.0
France,Fra_115,Natural Gas,"DK6 (Dunkerque) CCGT Gas Power Plant, France",29,800.0
France,Fra_115,Natural Gas,"DK6 (Dunkerque) CCGT Gas Power Plant, France",30,800.0
France,Fra_115,Natural Gas,"DK6 (Dunkerque) CCGT Gas Power Plant, France",31,800.0
France,Fra_115,Natural Gas,"DK6 (Dunkerque) CCGT Gas Power Plant, France",32,320.0
France,Fra_115,Natural Gas,"DK6 (Dunkerque) CCGT Gas Power Plant, France",33,800.0
France,Fra_115,Natural Gas,"DK6 (Dunkerque) CCGT Gas Power Plant, France",34,553.3487146978669
France,Fra_115,Natural Gas,"DK6 (Dunkerque) CCGT Gas Power Plant, France",35,581.9900122374493
France,Fra_115,Natural Gas,"DK6 (Dunkerque) CCGT Gas Power Plant, France",36,320.0
France,Fra_115,Natural Gas,"DK6 (Dunkerque) CCGT Gas Power Plant, France",37,800.0
France,Fra_115,Natural Gas,"DK6 (Dunkerque) CCGT Gas Power Plant, France",38,800.0
France,Fra_115,Natural Gas,"DK6 (Dunkerque) CCGT Gas Power Plant, France",39,800.0
France,Fra_115,Natural Gas,"DK6 (Dunkerque) CCGT Gas Power Plant, France",40,800.0
France,Fra_115,Natural Gas,"DK6 (Dunkerque) CCGT Gas Power Plant, France",41,320.0
France,Fra_115,Natural Gas,"DK6 (Dunkerque) CCGT Gas Power Plant, France",42,683.8040712342581
France,Fra_115,Natural Gas,"DK6 (Dunkerque) CCGT Gas Power Plant, France",43,421.3241366762368
France,Fra_115,Natural Gas,"DK6 (Dunkerque) CCGT Gas Power Plant, France",44,512.9709396137841
France,Fra_115,Natural Gas,"DK6 (Dunkerque) CCGT Gas Power Plant, France",45,800.0
France,Fra_115,Natural Gas,"DK6 (Dunkerque) CCGT Gas Power Plant, France",46,800.0
France,Fra_115,Natural Gas,"DK6 (Dunkerque) CCGT Gas Power Plant, France",47,462.23933767838844
France,Fra_115,Natural Gas,"DK6 (Dunkerque) CCGT Gas Power Plant, France",48,647.1643304715872
France,Fra_115,Natural Gas,"DK6 (Dunkerque) CCGT Gas Power Plant, France",49,320.0
France,Fra_115,Natural Gas,"DK6 (Dunkerque) CCGT Gas Power Plant, France",50,320.0
France,Fra_115,Natural Gas,"DK6 (Dunkerque) CCGT Gas Power Plant, France",51,800.0
France,Fra_115,Natural Gas,"DK6 (Dunkerque) CCGT Gas Power Plant, France",52,320.0
France,Fra_115,Natural Gas,"DK6 (Dunkerque) CCGT Gas Power Plant, France",53,320.0
France,Fra_115,Natural Gas,"DK6 (Dunkerque) CCGT Gas Power Plant, France",54,320.0
France,Fra_115,Natural Gas,"DK6 (Dunkerque) CCGT Gas Power Plant, France",55,800.0
France,Fra_115,Natural Gas,"DK6 (Dunkerque) CCGT Gas Power Plant, France",56,740.8325699909647
France,Fra_115,Natural Gas,"DK6 (Dunkerque) CCGT Gas Power Plant, France",57,320.0
France,Fra_115,Natural Gas,"DK6 (Dunkerque) CCGT Gas Power Plant, France",58,320.0
France,Fra_115,Natural Gas,"DK6 (Dunkerque) CCGT Gas Power Plant, France",59,320.0
France,Fra_115,Natural Gas,"DK6 (Dunkerque) CCGT Gas Power Plant, France",60,320.0
France,Fra_115,Natural Gas,"DK6 (Dunkerque) CCGT Gas Power Plant, France",61,447.991949422747
France,Fra_115,Natural Gas,"DK6 (Dunkerque) CCGT Gas Power Plant, France",62,648.8026608047921
France,Fra_115,Natural Gas,"DK6 (Dunkerque) CCGT Gas Power Plant, France",63,320.0
France,Fra_115,Natural Gas,"DK6 (Dunkerque) CCGT Gas Power Plant, France",64,800.0
France,Fra_115,Natural Gas,"DK6 (Dunkerque) CCGT Gas Power Plant, France",65,800.0
France,Fra_115,Natural Gas,"DK6 (Dunkerque) CCGT Gas Power Plant, France",66,800.0
France,Fra_115,Natural Gas,"DK6 (Dunkerque) CCGT Gas Power Plant, France",67,800.0
France,Fra_115,Natural Gas,"DK6 (Dunkerque) CCGT Gas Power Plant, France",68,800.0
France,Fra_115,Natural Gas,"DK6 (Dunkerque) CCGT Gas Power Plant, France",69,800.0
France,Fra_115,Natural Gas,"DK6 (Dunkerque) CCGT Gas Power Plant, France",70,800.0
France,Fra_115,Natural Gas,"DK6 (Dunkerque) CCGT Gas Power Plant, France",71,320.0
France,Fra_115,Natural Gas,"DK6 (Dunkerque) CCGT Gas Power Plant, France",72,320.0
France,Fra_115,Natural Gas,"DK6 (Dunkerque) CCGT Gas Power Plant, France",73,320.0
France,Fra_115,Natural Gas,"DK6 (Dunkerque) CCGT Gas Power Plant, France",74,320.0
France,Fra_115,Natural Gas,"DK6 (Dunkerque) CCGT Gas Power Plant, France",75,320.0
France,Fra_115,Natural Gas,"DK6 (Dunkerque) CCGT Gas Power Plant, France",76,320.0
France,Fra_115,Natural Gas,"DK6 (Dunkerque) CCGT Gas Power Plant, France",77,800.0
France,Fra_115,Natural Gas,"DK6 (Dunkerque) CCGT Gas Power Plant, France",78,800.0
France,Fra_115,Natural Gas,"DK6 (Dunkerque) CCGT Gas Power Plant, France",79,800.0
France,Fra_115,Natural Gas,"DK6 (Dunkerque) CCGT Gas Power Plant, France",80,800.0
France,Fra_115,Natural Gas,"DK6 (Dunkerque) CCGT Gas Power Plant, France",81,800.0
France,Fra_115,Natural Gas,"DK6 (Dunkerque) CCGT Gas Power Plant, France",82,800.0
France,Fra_115,Natural Gas,"DK6 (Dunkerque) CCGT Gas Power Plant, France",83,800.0
France,Fra_115,Natural Gas,"DK6 (Dunkerque) CCGT Gas Power Plant, France",84,800.0
France,Fra_115,Natural Gas,"DK6 (Dunkerque) CCGT Gas Power Plant, France",85,800.0
France,Fra_115,Natural Gas,"DK6 (Dunkerque) CCGT Gas Power Plant, France",86,800.0
France,Fra_115,Natural Gas,"DK6 (Dunkerque) CCGT Gas Power Plant, France",87,800.0
France,Fra_115,Natural Gas,"DK6 (Dunkerque) CCGT Gas Power Plant, France",88,800.0
France,Fra_115,Natural Gas,"DK6 (Dunkerque) CCGT Gas Power Plant, France",89,800.0
France,Fra_115,Natural Gas,"DK6 (Dunkerque) CCGT Gas Power Plant, France",90,800.0
France,Fra_115,Natural Gas,"DK6 (Dunkerque) CCGT Gas Power Plant, France",91,800.0
France,Fra_115,Natural Gas,"DK6 (Dunkerque) CCGT Gas Power Plant, France",92,800.0
France,Fra_115,Natural Gas,"DK6 (Dunkerque) CCGT Gas Power Plant, France",93,800.0
France,Fra_115,Natural Gas,"DK6 (Dunkerque) CCGT Gas Power Plant, France",94,800.0
France,Fra_115,Natural Gas,"DK6 (Dunkerque) CCGT Gas Power Plant, France",95,320.0
France,Fra_115,Natural Gas,"DK6 (Dunkerque) CCGT Gas Power Plant, France",96,320.0
France,Fra_115,Nuclear,Gravelines Nuclear Power Plant France,1,5706.0
France,Fra_115,Nuclear,Gravelines Nuclear Power Plant France,2,5706.0
France,Fra_115,Nuclear,Gravelines Nuclear Power Plant France,3,5706.0
France,Fra_115,Nuclear,Gravelines Nuclear Power Plant France,4,5706.0
France,Fra_115,Nuclear,Gravelines Nuclear Power Plant France,5,5706.0
France,Fra_115,Nuclear,Gravelines Nuclear Power Plant France,6,5706.0
France,Fra_115,Nuclear,Gravelines Nuclear Power Plant France,7,5706.0
France,Fra_115,Nuclear,Gravelines Nuclear Power Plant France,8,5706.0
France,Fra_115,Nuclear,Gravelines Nuclear Power Plant France,9,5706.0
France,Fra_115,Nuclear,Gravelines Nuclear Power Plant France,10,5706.0
France,Fra_115,Nuclear,Gravelines Nuclear Power Plant France,11,5706.0
France,Fra_115,Nuclear,Gravelines Nuclear Power Plant France,12,5706.0
France,Fra_115,Nuclear,Gravelines Nuclear Power Plant France,13,5706.0
France,Fra_115,Nuclear,Gravelines Nuclear Power Plant France,14,5706.0
France,Fra_115,Nuclear,Gravelines Nuclear Power Plant France,15,5706.0
France,Fra_115,Nuclear,Gravelines Nuclear Power Plant France,16,5706.0
France,Fra_115,Nuclear,Gravelines Nuclear Power Plant France,17,5706.0
France,Fra_115,Nuclear,Gravelines Nuclear Power Plant France,18,5706.0
France,Fra_115,Nuclear,Gravelines Nuclear Power Plant France,19,5706.0
France,Fra_115,Nuclear,Gravelines Nuclear Power Plant France,20,5706.0
France,Fra_115,Nuclear,Gravelines Nuclear Power Plant France,21,5706.0
France,Fra_115,Nuclear,Gravelines Nuclear Power Plant France,22,5706.0
France,Fra_115,Nuclear,Gravelines Nuclear Power Plant France,23,5706.0
France,Fra_115,Nuclear,Gravelines Nuclear Power Plant France,24,5706.0
France,Fra_115,Nuclear,Gravelines Nuclear Power Plant France,25,5706.0
France,Fra_115,Nuclear,Gravelines Nuclear Power Plant France,26,5706.0
France,Fra_115,Nuclear,Gravelines Nuclear Power Plant France,27,5706.0
France,Fra_115,Nuclear,Gravelines Nuclear Power Plant France,28,5706.0
France,Fra_115,Nuclear,Gravelines Nuclear Power Plant France,29,5706.0
France,Fra_115,Nuclear,Gravelines Nuclear Power Plant France,30,5706.0
France,Fra_115,Nuclear,Gravelines Nuclear Power Plant France,31,5706.0
France,Fra_115,Nuclear,Gravelines Nuclear Power Plant France,32,5706.0
France,Fra_115,Nuclear,Gravelines Nuclear Power Plant France,33,5706.0
France,Fra_115,Nuclear,Gravelines Nuclear Power Plant France,34,5706.0
France,Fra_115,Nuclear,Gravelines Nuclear Power Plant France,35,5706.0
France,Fra_115,Nuclear,Gravelines Nuclear Power Plant France,36,5706.0
France,Fra_115,Nuclear,Gravelines Nuclear Power Plant France,37,5706.0
France,Fra_115,Nuclear,Gravelines Nuclear Power Plant France,38,5706.0
France,Fra_115,Nuclear,Gravelines Nuclear Power Plant France,39,5706.0
France,Fra_115,Nuclear,Gravelines Nuclear Power Plant France,40,5706.0
France,Fra_115,Nuclear,Gravelines Nuclear Power Plant France,41,5706.0
France,Fra_115,Nuclear,Gravelines Nuclear Power Plant France,42,5706.0
France,Fra_115,Nuclear,Gravelines Nuclear Power Plant France,43,5706.0
France,Fra_115,Nuclear,Gravelines Nuclear Power Plant France,44,5706.0
France,Fra_115,Nuclear,Gravelines Nuclear Power Plant France,45,5706.0
France,Fra_115,Nuclear,Gravelines Nuclear Power Plant France,46,5706.0
France,Fra_115,Nuclear,Gravelines Nuclear Power Plant France,47,5706.0
France,Fra_115,Nuclear,Gravelines Nuclear Power Plant France,48,5706.0
France,Fra_115,Nuclear,Gravelines Nuclear Power Plant France,49,5706.0
France,Fra_115,Nuclear,Gravelines Nuclear Power Plant France,50,5706.0
France,Fra_115,Nuclear,Gravelines Nuclear Power Plant France,51,5706.0
France,Fra_115,Nuclear,Gravelines Nuclear Power Plant France,52,5706.0
France,Fra_115,Nuclear,Gravelines Nuclear Power Plant France,53,5706.0
France,Fra_115,Nuclear,Gravelines Nuclear Power Plant France,54,5706.0
France,Fra_115,Nuclear,Gravelines Nuclear Power Plant France,55,5706.0
France,Fra_115,Nuclear,Gravelines Nuclear Power Plant France,56,5706.0
France,Fra_115,Nuclear,Gravelines Nuclear Power Plant France,57,5706.0
France,Fra_115,Nuclear,Gravelines Nuclear Power Plant France,58,5706.0
France,Fra_115,Nuclear,Gravelines Nuclear Power Plant France,59,5706.0
France,Fra_115,Nuclear,Gravelines Nuclear Power Plant France,60,5706.0
France,Fra_115,Nuclear,Gravelines Nuclear Power Plant France,61,5706.0
France,Fra_115,Nuclear,Gravelines Nuclear Power Plant France,62,5706.0
France,Fra_115,Nuclear,Gravelines Nuclear Power Plant France,63,5706.0
France,Fra_115,Nuclear,Gravelines Nuclear Power Plant France,64,5706.0
France,Fra_115,Nuclear,Gravelines Nuclear Power Plant France,65,5706.0
France,Fra_115,Nuclear,Gravelines Nuclear Power Plant France,66,5706.0
France,Fra_115,Nuclear,Gravelines Nuclear Power Plant France,67,5706.0
France,Fra_115,Nuclear,Gravelines Nuclear Power Plant France,68,5706.0
France,Fra_115,Nuclear,Gravelines Nuclear Power Plant France,69,5706.0
France,Fra_115,Nuclear,Gravelines Nuclear Power Plant France,70,5706.0
France,Fra_115,Nuclear,Gravelines Nuclear Power Plant France,71,5706.0
France,Fra_115,Nuclear,Gravelines Nuclear Power Plant France,72,5706.0
France,Fra_115,Nuclear,Gravelines Nuclear Power Plant France,73,5706.0
France,Fra_115,Nuclear,Gravelines Nuclear Power Plant France,74,5706.0
France,Fra_115,Nuclear,Gravelines Nuclear Power Plant France,75,5706.0
France,Fra_115,Nuclear,Gravelines Nuclear Power Plant France,76,5706.0
France,Fra_115,Nuclear,Gravelines Nuclear Power Plant France,77,5706.0
France,Fra_115,Nuclear,Gravelines Nuclear Power Plant France,78,5706.0
France,Fra_115,Nuclear,Gravelines Nuclear Power Plant France,79,5706.0
France,Fra_115,Nuclear,Gravelines Nuclear Power Plant France,80,5706.0
France,Fra_115,Nuclear,Gravelines Nuclear Power Plant France,81,5706.0
France,Fra_115,Nuclear,Gravelines Nuclear Power Plant France,82,5706.0
France,Fra_115,Nuclear,Gravelines Nuclear Power Plant France,83,5706.0
France,Fra_115,Nuclear,Gravelines Nuclear Power Plant France,84,5706.0
France,Fra_115,Nuclear,Gravelines Nuclear Power Plant France,85,5706.0
France,Fra_115,Nuclear,Gravelines Nuclear Power Plant France,86,5706.0
France,Fra_115,Nuclear,Gravelines Nuclear Power Plant France,87,5706.0
France,Fra_115,Nuclear,Gravelines Nuclear Power Plant France,88,5706.0
France,Fra_115,Nuclear,Gravelines Nuclear Power Plant France,89,5706.0
France,Fra_115,Nuclear,Gravelines Nuclear Power Plant France,90,5706.0
France,Fra_115,Nuclear,Gravelines Nuclear Power Plant France,91,5706.0
France,Fra_115,Nuclear,Gravelines Nuclear Power Plant France,92,5706.0
France,Fra_115,Nuclear,Gravelines Nuclear Power Plant France,93,5706.0
France,Fra_115,Nuclear,Gravelines Nuclear Power Plant France,94,5706.0
France,Fra_115,Nuclear,Gravelines Nuclear Power Plant France,95,5706.0
France,Fra_115,Nuclear,Gravelines Nuclear Power Plant France,96,5706.0
France,Fra_11,Coal,"La Maxe Combustion Coal Power Plant, France",1,0.0
France,Fra_11,Coal,"La Maxe Combustion Coal Power Plant, France",2,0.0
France,Fra_11,Coal,"La Maxe Combustion Coal Power Plant, France",3,0.0
France,Fra_11,Coal,"La Maxe Combustion Coal Power Plant, France",4,0.0
France,Fra_11,Coal,"La Maxe Combustion Coal Power Plant, France",5,0.0
France,Fra_11,Coal,"La Maxe Combustion Coal Power Plant, France",6,0.0
France,Fra_11,Coal,"La Maxe Combustion Coal Power Plant, France",7,0.0
France,Fra_11,Coal,"La Maxe Combustion Coal Power Plant, France",8,0.0
France,Fra_11,Coal,"La Maxe Combustion Coal Power Plant, France",9,0.0
France,Fra_11,Coal,"La Maxe Combustion Coal Power Plant, France",10,0.0
France,Fra_11,Coal,"La Maxe Combustion Coal Power Plant, France",11,0.0
France,Fra_11,Coal,"La Maxe Combustion Coal Power Plant, France",12,0.0
France,Fra_11,Coal,"La Maxe Combustion Coal Power Plant, France",13,0.0
France,Fra_11,Coal,"La Maxe Combustion Coal Power Plant, France",14,0.0
France,Fra_11,Coal,"La Maxe Combustion Coal Power Plant, France",15,0.0
France,Fra_11,Coal,"La Maxe Combustion Coal Power Plant, France",16,0.0
France,Fra_11,Coal,"La Maxe Combustion Coal Power Plant, France",17,100.0
France,Fra_11,Coal,"La Maxe Combustion Coal Power Plant, France",18,100.0
France,Fra_11,Coal,"La Maxe Combustion Coal Power Plant, France",19,100.0
France,Fra_11,Coal,"La Maxe Combustion Coal Power Plant, France",20,500.0
France,Fra_11,Coal,"La Maxe Combustion Coal Power Plant, France",21,500.0
France,Fra_11,Coal,"La Maxe Combustion Coal Power Plant, France",22,500.0
France,Fra_11,Coal,"La Maxe Combustion Coal Power Plant, France",23,500.0
France,Fra_11,Coal,"La Maxe Combustion Coal Power Plant, France",24,500.0
France,Fra_11,Coal,"La Maxe Combustion Coal Power Plant, France",25,500.0
France,Fra_11,Coal,"La Maxe Combustion Coal Power Plant, France",26,500.0
France,Fra_11,Coal,"La Maxe Combustion Coal Power Plant, France",27,500.0
France,Fra_11,Coal,"La Maxe Combustion Coal Power Plant, France",28,500.0
France,Fra_11,Coal,"La Maxe Combustion Coal Power Plant, France",29,500.0
France,Fra_11,Coal,"La Maxe Combustion Coal Power Plant, France",30,500.0
France,Fra_11,Coal,"La Maxe Combustion Coal Power Plant, France",31,500.0
France,Fra_11,Coal,"La Maxe Combustion Coal Power Plant, France",32,500.0
France,Fra_11,Coal,"La Maxe Combustion Coal Power Plant, France",33,500.0
France,Fra_11,Coal,"La Maxe Combustion Coal Power Plant, France",34,500.0
France,Fra_11,Coal,"La Maxe Combustion Coal Power Plant, France",35,500.0
France,Fra_11,Coal,"La Maxe Combustion Coal Power Plant, France",36,500.0
France,Fra_11,Coal,"La Maxe Combustion Coal Power Plant, France",37,500.0
France,Fra_11,Coal,"La Maxe Combustion Coal Power Plant, France",38,500.0
France,Fra_11,Coal,"La Maxe Combustion Coal Power Plant, France",39,500.0
France,Fra_11,Coal,"La Maxe Combustion Coal Power Plant, France",40,500.0
France,Fra_11,Coal,"La Maxe Combustion Coal Power Plant, France",41,100.0
France,Fra_11,Coal,"La Maxe Combustion Coal Power Plant, France",42,500.0
France,Fra_11,Coal,"La Maxe Combustion Coal Power Plant, France",43,500.0
France,Fra_11,Coal,"La Maxe Combustion Coal Power Plant, France",44,500.0
France,Fra_11,Coal,"La Maxe Combustion Coal Power Plant, France",45,500.0
France,Fra_11,Coal,"La Maxe Combustion Coal Power Plant, France",46,500.0
France,Fra_11,Coal,"La Maxe Combustion Coal Power Plant, France",47,500.0
France,Fra_11,Coal,"La Maxe Combustion Coal Power Plant, France",48,500.0
France,Fra_11,Coal,"La Maxe Combustion Coal Power Plant, France",49,100.0
France,Fra_11,Coal,"La Maxe Combustion Coal Power Plant, France",50,100.0
France,Fra_11,Coal,"La Maxe Combustion Coal Power Plant, France",51,500.0
France,Fra_11,Coal,"La Maxe Combustion Coal Power Plant, France",52,100.0
France,Fra_11,Coal,"La Maxe Combustion Coal Power Plant, France",53,135.65740759137657
France,Fra_11,Coal,"La Maxe Combustion Coal Power Plant, France",54,497.40235786374797
France,Fra_11,Coal,"La Maxe Combustion Coal Power Plant, France",55,500.0
France,Fra_11,Coal,"La Maxe Combustion Coal Power Plant, France",56,500.0
France,Fra_11,Coal,"La Maxe Combustion Coal Power Plant, France",57,100.0
France,Fra_11,Coal,"La Maxe Combustion Coal Power Plant, France",58,100.0
France,Fra_11,Coal,"La Maxe Combustion Coal Power Plant, France",59,100.0
France,Fra_11,Coal,"La Maxe Combustion Coal Power Plant, France",60,470.16419154093137
France,Fra_11,Coal,"La Maxe Combustion Coal Power Plant, France",61,100.0
France,Fra_11,Coal,"La Maxe Combustion Coal Power Plant, France",62,100.0
France,Fra_11,Coal,"La Maxe Combustion Coal Power Plant, France",63,100.0
France,Fra_11,Coal,"La Maxe Combustion Coal Power Plant, France",64,126.4087841870541
France,Fra_11,Coal,"La Maxe Combustion Coal Power Plant, France",65,500.0
France,Fra_11,Coal,"La Maxe Combustion Coal Power Plant, France",66,500.0
France,Fra_11,Coal,"La Maxe Combustion Coal Power Plant, France",67,500.0
France,Fra_11,Coal,"La Maxe Combustion Coal Power Plant, France",68,500.0
France,Fra_11,Coal,"La Maxe Combustion Coal Power Plant, France",69,500.0
France,Fra_11,Coal,"La Maxe Combustion Coal Power Plant, France",70,500.0
France,Fra_11,Coal,"La Maxe Combustion Coal Power Plant, France",71,375.0047624769536
France,Fra_11,Coal,"La Maxe Combustion Coal Power Plant, France",72,100.0
France,Fra_11,Coal,"La Maxe Combustion Coal Power Plant, France",73,100.0
France,Fra_11,Coal,"La Maxe Combustion Coal Power Plant, France",74,100.0
France,Fra_11,Coal,"La Maxe Combustion Coal Power Plant, France",75,100.0
France,Fra_11,Coal,"La Maxe Combustion Coal Power Plant, France",76,100.0
France,Fra_11,Coal,"La Maxe Combustion Coal Power Plant, France",77,471.1916923324021
France,Fra_11,Coal,"La Maxe Combustion Coal Power Plant, France",78,500.0
France,Fra_11,Coal,"La Maxe Combustion Coal Power Plant, France",79,500.0
France,Fra_11,Coal,"La Maxe Combustion Coal Power Plant, France",80,500.0
France,Fra_11,Coal,"La Maxe Combustion Coal Power Plant, France",81,100.0
France,Fra_11,Coal,"La Maxe Combustion Coal Power Plant, France",82,500.0
France,Fra_11,Coal,"La Maxe Combustion Coal Power Plant, France",83,500.0
France,Fra_11,Coal,"La Maxe Combustion Coal Power Plant, France",84,500.0
France,Fra_11,Coal,"La Maxe Combustion Coal Power Plant, France",85,500.0
France,Fra_11,Coal,"La Maxe Combustion Coal Power Plant, France",86,500.0
France,Fra_11,Coal,"La Maxe Combustion Coal Power Plant, France",87,500.0
France,Fra_11,Coal,"La Maxe Combustion Coal Power Plant, France",88,500.0
France,Fra_11,Coal,"La Maxe Combustion Coal Power Plant, France",89,500.0
France,Fra_11,Coal,"La Maxe Combustion Coal Power Plant, France",90,500.0
France,Fra_11,Coal,"La Maxe Combustion Coal Power Plant, France",91,500.0
France,Fra_11,Coal,"La Maxe Combustion Coal Power Plant, France",92,500.0
France,Fra_11,Coal,"La Maxe Combustion Coal Power Plant, France",93,500.0
France,Fra_11,Coal,"La Maxe Combustion Coal Power Plant, France",94,161.2768730037913
France,Fra_11,Coal,"La Maxe Combustion Coal Power Plant, France",95,100.0
France,Fra_11,Coal,"La Maxe Combustion Coal Power Plant, France",96,100.0
France,Fra_11,Natural Gas,"Richemont Combustion Gas Power Plant, France",1,0.0
France,Fra_11,Natural Gas,"Richemont Combustion Gas Power Plant, France",2,0.0
France,Fra_11,Natural Gas,"Richemont Combustion Gas Power Plant, France",3,0.0
France,Fra_11,Natural Gas,"Richemont Combustion Gas Power Plant, France",4,0.0
France,Fra_11,Natural Gas,"Richemont Combustion Gas Power Plant, France",5,0.0
France,Fra_11,Natural Gas,"Richemont Combustion Gas Power Plant, France",6,0.0
France,Fra_11,Natural Gas,"Richemont Combustion Gas Power Plant, France",7,0.0
France,Fra_11,Natural Gas,"Richemont Combustion Gas Power Plant, France",8,0.0
France,Fra_11,Natural Gas,"Richemont Combustion Gas Power Plant, France",9,0.0
France,Fra_11,Natural Gas,"Richemont Combustion Gas Power Plant, France",10,0.0
France,Fra_11,Natural Gas,"Richemont Combustion Gas Power Plant, France",11,0.0
France,Fra_11,Natural Gas,"Richemont Combustion Gas Power Plant, France",12,0.0
France,Fra_11,Natural Gas,"Richemont Combustion Gas Power Plant, France",13,0.0
France,Fra_11,Natural Gas,"Richemont Combustion Gas Power Plant, France",14,0.0
France,Fra_11,Natural Gas,"Richemont Combustion Gas Power Plant, France",15,0.0
France,Fra_11,Natural Gas,"Richemont Combustion Gas Power Plant, France",16,0.0
France,Fra_11,Natural Gas,"Richemont Combustion Gas Power Plant, France",17,0.0
France,Fra_11,Natural Gas,"Richemont Combustion Gas Power Plant, France",18,0.0
France,Fra_11,Natural Gas,"Richemont Combustion Gas Power Plant, France",19,0.0
France,Fra_11,Natural Gas,"Richemont Combustion Gas Power Plant, France",20,0.0
France,Fra_11,Natural Gas,"Richemont Combustion Gas Power Plant, France",21,72.0
France,Fra_11,Natural Gas,"Richemont Combustion Gas Power Plant, France",22,180.0
France,Fra_11,Natural Gas,"Richemont Combustion Gas Power Plant, France",23,180.0
France,Fra_11,Natural Gas,"Richemont Combustion Gas Power Plant, France",24,180.0
France,Fra_11,Natural Gas,"Richemont Combustion Gas Power Plant, France",25,180.0
France,Fra_11,Natural Gas,"Richemont Combustion Gas Power Plant, France",26,180.0
France,Fra_11,Natural Gas,"Richemont Combustion Gas Power Plant, France",27,72.0
France,Fra_11,Natural Gas,"Richemont Combustion Gas Power Plant, France",28,180.0
France,Fra_11,Natural Gas,"Richemont Combustion Gas Power Plant, France",29,180.0
France,Fra_11,Natural Gas,"Richemont Combustion Gas Power Plant, France",30,72.0
France,Fra_11,Natural Gas,"Richemont Combustion Gas Power Plant, France",31,72.0
France,Fra_11,Natural Gas,"Richemont Combustion Gas Power Plant, France",32,72.0
France,Fra_11,Natural Gas,"Richemont Combustion Gas Power Plant, France",33,0.0
France,Fra_11,Natural Gas,"Richemont Combustion Gas Power Plant, France",34,0.0
France,Fra_11,Natural Gas,"Richemont Combustion Gas Power Plant, France",35,0.0
France,Fra_11,Natural Gas,"Richemont Combustion Gas Power Plant, France",36,0.0
France,Fra_11,Natural Gas,"Richemont Combustion Gas Power Plant, France",37,0.0
France,Fra_11,Natural Gas,"Richemont Combustion Gas Power Plant, France",38,0.0
France,Fra_11,Natural Gas,"Richemont Combustion Gas Power Plant, France",39,0.0
France,Fra_11,Natural Gas,"Richemont Combustion Gas Power Plant, France",40,0.0
France,Fra_11,Natural Gas,"Richemont Combustion Gas Power Plant, France",41,0.0
France,Fra_11,Natural Gas,"Richemont Combustion Gas Power Plant, France",42,0.0
France,Fra_11,Natural Gas,"Richemont Combustion Gas Power Plant, France",43,0.0
France,Fra_11,Natural Gas,"Richemont Combustion Gas Power Plant, France",44,0.0
France,Fra_11,Natural Gas,"Richemont Combustion Gas Power Plant, France",45,0.0
France,Fra_11,Natural Gas,"Richemont Combustion Gas Power Plant, France",46,0.0
France,Fra_11,Natural Gas,"Richemont Combustion Gas Power Plant, France",47,0.0
France,Fra_11,Natural Gas,"Richemont Combustion Gas Power Plant, France",48,0.0
France,Fra_11,Natural Gas,"Richemont Combustion Gas Power Plant, France",49,0.0
France,Fra_11,Natural Gas,"Richemont Combustion Gas Power Plant, France",50,0.0
France,Fra_11,Natural Gas,"Richemont Combustion Gas Power Plant, France",51,0.0
France,Fra_11,Natural Gas,"Richemont Combustion Gas Power Plant, France",52,0.0
France,Fra_11,Natural Gas,"Richemont Combustion Gas Power Plant, France",53,0.0
France,Fra_11,Natural Gas,"Richemont Combustion Gas Power Plant, France",54,0.0
France,Fra_11,Natural Gas,"Richemont Combustion Gas Power Plant, France",55,0.0
France,Fra_11,Natural Gas,"Richemont Combustion Gas Power Plant, France",56,0.0
France,Fra_11,Natural Gas,"Richemont Combustion Gas Power Plant, France",57,0.0
France,Fra_11,Natural Gas,"Richemont Combustion Gas Power Plant, France",58,0.0
France,Fra_11,Natural Gas,"Richemont Combustion Gas Power Plant, France",59,0.0
France,Fra_11,Natural Gas,"Richemont Combustion Gas Power Plant, France",60,0.0
France,Fra_11,Natural Gas,"Richemont Combustion Gas Power Plant, France",61,0.0
France,Fra_11,Natural Gas,"Richemont Combustion Gas Power Plant, France",62,0.0
France,Fra_11,Natural Gas,"Richemont Combustion Gas Power Plant, France",63,0.0
France,Fra_11,Natural Gas,"Richemont Combustion Gas Power Plant, France",64,0.0
France,Fra_11,Natural Gas,"Richemont Combustion Gas Power Plant, France",65,0.0
France,Fra_11,Natural Gas,"Richemont Combustion Gas Power Plant, France",66,0.0
France,Fra_11,Natural Gas,"Richemont Combustion Gas Power Plant, France",67,0.0
France,Fra_11,Natural Gas,"Richemont Combustion Gas Power Plant, France",68,0.0
France,Fra_11,Natural Gas,"Richemont Combustion Gas Power Plant, France",69,0.0
France,Fra_11,Natural Gas,"Richemont Combustion Gas Power Plant, France",70,0.0
France,Fra_11,Natural Gas,"Richemont Combustion Gas Power Plant, France",71,0.0
France,Fra_11,Natural Gas,"Richemont Combustion Gas Power Plant, France",72,0.0
France,Fra_11,Natural Gas,"Richemont Combustion Gas Power Plant, France",73,0.0
France,Fra_11,Natural Gas,"Richemont Combustion Gas Power Plant, France",74,0.0
France,Fra_11,Natural Gas,"Richemont Combustion Gas Power Plant, France",75,0.0
France,Fra_11,Natural Gas,"Richemont Combustion Gas Power Plant, France",76,0.0
France,Fra_11,Natural Gas,"Richemont Combustion Gas Power Plant, France",77,0.0
France,Fra_11,Natural Gas,"Richemont Combustion Gas Power Plant, France",78,0.0
France,Fra_11,Natural Gas,"Richemont Combustion Gas Power Plant, France",79,0.0
France,Fra_11,Natural Gas,"Richemont Combustion Gas Power Plant, France",80,0.0
France,Fra_11,Natural Gas,"Richemont Combustion Gas Power Plant, France",81,72.0
France,Fra_11,Natural Gas,"Richemont Combustion Gas Power Plant, France",82,72.0
France,Fra_11,Natural Gas,"Richemont Combustion Gas Power Plant, France",83,180.0
France,Fra_11,Natural Gas,"Richemont Combustion Gas Power Plant, France",84,180.0
France,Fra_11,Natural Gas,"Richemont Combustion Gas Power Plant, France",85,180.0
France,Fra_11,Natural Gas,"Richemont Combustion Gas Power Plant, France",86,180.0
France,Fra_11,Natural Gas,"Richemont Combustion Gas Power Plant, France",87,180.0
France,Fra_11,Natural Gas,"Richemont Combustion Gas Power Plant, France",88,180.0
France,Fra_11,Natural Gas,"Richemont Combustion Gas Power Plant, France",89,180.0
France,Fra_11,Natural Gas,"Richemont Combustion Gas Power Plant, France",90,180.0
France,Fra_11,Natural Gas,"Richemont Combustion Gas Power Plant, France",91,72.0
France,Fra_11,Natural Gas,"Richemont Combustion Gas Power Plant, France",92,72.0
France,Fra_11,Natural Gas,"Richemont Combustion Gas Power Plant, France",93,0.0
France,Fra_11,Natural Gas,"Richemont Combustion Gas Power Plant, France",94,0.0
France,Fra_11,Natural Gas,"Richemont Combustion Gas Power Plant, France",95,0.0
France,Fra_11,Natural Gas,"Richemont Combustion Gas Power Plant, France",96,0.0
France,Fra_108,Natural Gas,Bayet CCGT Power Plant France,1,0.0
France,Fra_108,Natural Gas,Bayet CCGT Power Plant France,2,0.0
France,Fra_108,Natural Gas,Bayet CCGT Power Plant France,3,0.0
France,Fra_108,Natural Gas,Bayet CCGT Power Plant France,4,0.0
France,Fra_108,Natural Gas,Bayet CCGT Power Plant France,5,0.0
France,Fra_108,Natural Gas,Bayet CCGT Power Plant France,6,0.0
France,Fra_108,Natural Gas,Bayet CCGT Power Plant France,7,0.0
France,Fra_108,Natural Gas,Bayet CCGT Power Plant France,8,0.0
France,Fra_108,Natural Gas,Bayet CCGT Power Plant France,9,0.0
France,Fra_108,Natural Gas,Bayet CCGT Power Plant France,10,0.0
France,Fra_108,Natural Gas,Bayet CCGT Power Plant France,11,0.0
France,Fra_108,Natural Gas,Bayet CCGT Power Plant France,12,0.0
France,Fra_108,Natural Gas,Bayet CCGT Power Plant France,13,0.0
France,Fra_108,Natural Gas,Bayet CCGT Power Plant France,14,0.0
France,Fra_108,Natural Gas,Bayet CCGT Power Plant France,15,0.0
France,Fra_108,Natural Gas,Bayet CCGT Power Plant France,16,0.0
France,Fra_108,Natural Gas,Bayet CCGT Power Plant France,17,0.0
France,Fra_108,Natural Gas,Bayet CCGT Power Plant France,18,0.0
France,Fra_108,Natural Gas,Bayet CCGT Power Plant France,19,0.0
France,Fra_108,Natural Gas,Bayet CCGT Power Plant France,20,0.0
France,Fra_108,Natural Gas,Bayet CCGT Power Plant France,21,408.0
France,Fra_108,Natural Gas,Bayet CCGT Power Plant France,22,408.0
France,Fra_108,Natural Gas,Bayet CCGT Power Plant France,23,408.0
France,Fra_108,Natural Gas,Bayet CCGT Power Plant France,24,408.0
France,Fra_108,Natural Gas,Bayet CCGT Power Plant France,25,408.0
France,Fra_108,Natural Gas,Bayet CCGT Power Plant France,26,408.0
France,Fra_108,Natural Gas,Bayet CCGT Power Plant France,27,408.0
France,Fra_108,Natural Gas,Bayet CCGT Power Plant France,28,408.0
France,Fra_108,Natural Gas,Bayet CCGT Power Plant France,29,408.0
France,Fra_108,Natural Gas,Bayet CCGT Power Plant France,30,408.0
France,Fra_108,Natural Gas,Bayet CCGT Power Plant France,31,408.0
France,Fra_108,Natural Gas,Bayet CCGT Power Plant France,32,408.0
France,Fra_108,Natural Gas,Bayet CCGT Power Plant France,33,408.0
France,Fra_108,Natural Gas,Bayet CCGT Power Plant France,34,408.0
France,Fra_108,Natural Gas,Bayet CCGT Power Plant France,35,408.0
France,Fra_108,Natural Gas,Bayet CCGT Power Plant France,36,408.0
France,Fra_108,Natural Gas,Bayet CCGT Power Plant France,37,408.0
France,Fra_108,Natural Gas,Bayet CCGT Power Plant France,38,408.0
France,Fra_108,Natural Gas,Bayet CCGT Power Plant France,39,408.0
France,Fra_108,Natural Gas,Bayet CCGT Power Plant France,40,408.0
France,Fra_108,Natural Gas,Bayet CCGT Power Plant France,41,163.2
France,Fra_108,Natural Gas,Bayet CCGT Power Plant France,42,408.0
France,Fra_108,Natural Gas,Bayet CCGT Power Plant France,43,408.0
France,Fra_108,Natural Gas,Bayet CCGT Power Plant France,44,408.0
France,Fra_108,Natural Gas,Bayet CCGT Power Plant France,45,408.0
France,Fra_108,Natural Gas,Bayet CCGT Power Plant France,46,408.0
France,Fra_108,Natural Gas,Bayet CCGT Power Plant France,47,408.0
France,Fra_108,Natural Gas,Bayet CCGT Power Plant France,48,408.0
France,Fra_108,Natural Gas,Bayet CCGT Power Plant France,49,0.0
France,Fra_108,Natural Gas,Bayet CCGT Power Plant France,50,0.0
France,Fra_108,Natural Gas,Bayet CCGT Power Plant France,51,0.0
France,Fra_108,Natural Gas,Bayet CCGT Power Plant France,52,0.0
France,Fra_108,Natural Gas,Bayet CCGT Power Plant France,53,0.0
France,Fra_108,Natural Gas,Bayet CCGT Power Plant France,54,0.0
France,Fra_108,Natural Gas,Bayet CCGT Power Plant France,55,0.0
France,Fra_108,Natural Gas,Bayet CCGT Power Plant France,56,0.0
France,Fra_108,Natural Gas,Bayet CCGT Power Plant France,57,0.0
France,Fra_108,Natural Gas,Bayet CCGT Power Plant France,58,0.0
France,Fra_108,Natural Gas,Bayet CCGT Power Plant France,59,0.0
France,Fra_108,Natural Gas,Bayet CCGT Power Plant France,60,0.0
France,Fra_108,Natural Gas,Bayet CCGT Power Plant France,61,0.0
France,Fra_108,Natural Gas,Bayet CCGT Power Plant France,62,0.0
France,Fra_108,Natural Gas,Bayet CCGT Power Plant France,63,0.0
France,Fra_108,Natural Gas,Bayet CCGT Power Plant France,64,0.0
France,Fra_108,Natural Gas,Bayet CCGT Power Plant France,65,0.0
France,Fra_108,Natural Gas,Bayet CCGT Power Plant France,66,0.0
France,Fra_108,Natural Gas,Bayet CCGT Power Plant France,67,0.0
France,Fra_108,Natural Gas,Bayet CCGT Power Plant France,68,0.0
France,Fra_108,Natural Gas,Bayet CCGT Power Plant France,69,0.0
France,Fra_108,Natural Gas,Bayet CCGT Power Plant France,70,0.0
France,Fra_108,Natural Gas,Bayet CCGT Power Plant France,71,0.0
France,Fra_108,Natural Gas,Bayet CCGT Power Plant France,72,0.0
France,Fra_108,Natural Gas,Bayet CCGT Power Plant France,73,0.0
France,Fra_108,Natural Gas,Bayet CCGT Power Plant France,74,0.0
France,Fra_108,Natural Gas,Bayet CCGT Power Plant France,75,0.0
France,Fra_108,Natural Gas,Bayet CCGT Power Plant France,76,0.0
France,Fra_108,Natural Gas,Bayet CCGT Power Plant France,77,163.2
France,Fra_108,Natural Gas,Bayet CCGT Power Plant France,78,163.2
France,Fra_108,Natural Gas,Bayet CCGT Power Plant France,79,408.0
France,Fra_108,Natural Gas,Bayet CCGT Power Plant France,80,408.0
France,Fra_108,Natural Gas,Bayet CCGT Power Plant France,81,163.2
France,Fra_108,Natural Gas,Bayet CCGT Power Plant France,82,163.2
France,Fra_108,Natural Gas,Bayet CCGT Power Plant France,83,408.0
France,Fra_108,Natural Gas,Bayet CCGT Power Plant France,84,408.0
France,Fra_108,Natural Gas,Bayet CCGT Power Plant France,85,408.0
France,Fra_108,Natural Gas,Bayet CCGT Power Plant France,86,408.0
France,Fra_108,Natural Gas,Bayet CCGT Power Plant France,87,408.0
France,Fra_108,Natural Gas,Bayet CCGT Power Plant France,88,408.0
France,Fra_108,Natural Gas,Bayet CCGT Power Plant France,89,408.0
France,Fra_108,Natural Gas,Bayet CCGT Power Plant France,90,408.0
France,Fra_108,Natural Gas,Bayet CCGT Power Plant France,91,408.0
France,Fra_108,Natural Gas,Bayet CCGT Power Plant France,92,163.2
France,Fra_108,Natural Gas,Bayet CCGT Power Plant France,93,0.0
France,Fra_108,Natural Gas,Bayet CCGT Power Plant France,94,0.0
France,Fra_108,Natural Gas,Bayet CCGT Power Plant France,95,0.0
France,Fra_108,Natural Gas,Bayet CCGT Power Plant France,96,0.0
France,Fra_106,Nuclear,Penly Reprocessing and Nuclear Power Plant France,1,2764.0
France,Fra_106,Nuclear,Penly Reprocessing and Nuclear Power Plant France,2,2764.0
France,Fra_106,Nuclear,Penly Reprocessing and Nuclear Power Plant France,3,2764.0
France,Fra_106,Nuclear,Penly Reprocessing and Nuclear Power Plant France,4,2764.0
France,Fra_106,Nuclear,Penly Reprocessing and Nuclear Power Plant France,5,2764.0
France,Fra_106,Nuclear,Penly Reprocessing and Nuclear Power Plant France,6,2764.0
France,Fra_106,Nuclear,Penly Reprocessing and Nuclear Power Plant France,7,2764.0
France,Fra_106,Nuclear,Penly Reprocessing and Nuclear Power Plant France,8,2764.0
France,Fra_106,Nuclear,Penly Reprocessing and Nuclear Power Plant France,9,2764.0
France,Fra_106,Nuclear,Penly Reprocessing and Nuclear Power Plant France,10,2764.0
France,Fra_106,Nuclear,Penly Reprocessing and Nuclear Power Plant France,11,2764.0
France,Fra_106,Nuclear,Penly Reprocessing and Nuclear Power Plant France,12,2764.0
France,Fra_106,Nuclear,Penly Reprocessing and Nuclear Power Plant France,13,2764.0
France,Fra_106,Nuclear,Penly Reprocessing and Nuclear Power Plant France,14,2764.0
France,Fra_106,Nuclear,Penly Reprocessing and Nuclear Power Plant France,15,2764.0
France,Fra_106,Nuclear,Penly Reprocessing and Nuclear Power Plant France,16,2764.0
France,Fra_106,Nuclear,Penly Reprocessing and Nuclear Power Plant France,17,2764.0
France,Fra_106,Nuclear,Penly Reprocessing and Nuclear Power Plant France,18,2764.0
France,Fra_106,Nuclear,Penly Reprocessing and Nuclear Power Plant France,19,2764.0
France,Fra_106,Nuclear,Penly Reprocessing and Nuclear Power Plant France,20,2764.0
France,Fra_106,Nuclear,Penly Reprocessing and Nuclear Power Plant France,21,2764.0
France,Fra_106,Nuclear,Penly Reprocessing and Nuclear Power Plant France,22,2764.0
France,Fra_106,Nuclear,Penly Reprocessing and Nuclear Power Plant France,23,2764.0
France,Fra_106,Nuclear,Penly Reprocessing and Nuclear Power Plant France,24,2764.0
France,Fra_106,Nuclear,Penly Reprocessing and Nuclear Power Plant France,25,2764.0
France,Fra_106,Nuclear,Penly Reprocessing and Nuclear Power Plant France,26,2764.0
France,Fra_106,Nuclear,Penly Reprocessing and Nuclear Power Plant France,27,2764.0
France,Fra_106,Nuclear,Penly Reprocessing and Nuclear Power Plant France,28,2764.0
France,Fra_106,Nuclear,Penly Reprocessing and Nuclear Power Plant France,29,2764.0
France,Fra_106,Nuclear,Penly Reprocessing and Nuclear Power Plant France,30,2764.0
France,Fra_106,Nuclear,Penly Reprocessing and Nuclear Power Plant France,31,2764.0
France,Fra_106,Nuclear,Penly Reprocessing and Nuclear Power Plant France,32,2764.0
France,Fra_106,Nuclear,Penly Reprocessing and Nuclear Power Plant France,33,2764.0
France,Fra_106,Nuclear,Penly Reprocessing and Nuclear Power Plant France,34,2764.0
France,Fra_106,Nuclear,Penly Reprocessing and Nuclear Power Plant France,35,2764.0
France,Fra_106,Nuclear,Penly Reprocessing and Nuclear Power Plant France,36,2764.0
France,Fra_106,Nuclear,Penly Reprocessing and Nuclear Power Plant France,37,2764.0
France,Fra_106,Nuclear,Penly Reprocessing and Nuclear Power Plant France,38,2764.0
France,Fra_106,Nuclear,Penly Reprocessing and Nuclear Power Plant France,39,2764.0
France,Fra_106,Nuclear,Penly Reprocessing and Nuclear Power Plant France,40,2764.0
France,Fra_106,Nuclear,Penly Reprocessing and Nuclear Power Plant France,41,2764.0
France,Fra_106,Nuclear,Penly Reprocessing and Nuclear Power Plant France,42,2764.0
France,Fra_106,Nuclear,Penly Reprocessing and Nuclear Power Plant France,43,2764.0
France,Fra_106,Nuclear,Penly Reprocessing and Nuclear Power Plant France,44,2764.0
France,Fra_106,Nuclear,Penly Reprocessing and Nuclear Power Plant France,45,2764.0
France,Fra_106,Nuclear,Penly Reprocessing and Nuclear Power Plant France,46,2764.0
France,Fra_106,Nuclear,Penly Reprocessing and Nuclear Power Plant France,47,2764.0
France,Fra_106,Nuclear,Penly Reprocessing and Nuclear Power Plant France,48,2764.0
France,Fra_106,Nuclear,Penly Reprocessing and Nuclear Power Plant France,49,2764.0
France,Fra_106,Nuclear,Penly Reprocessing and Nuclear Power Plant France,50,2764.0
France,Fra_106,Nuclear,Penly Reprocessing and Nuclear Power Plant France,51,2764.0
France,Fra_106,Nuclear,Penly Reprocessing and Nuclear Power Plant France,52,2764.0
France,Fra_106,Nuclear,Penly Reprocessing and Nuclear Power Plant France,53,2764.0
France,Fra_106,Nuclear,Penly Reprocessing and Nuclear Power Plant France,54,2764.0
France,Fra_106,Nuclear,Penly Reprocessing and Nuclear Power Plant France,55,2764.0
France,Fra_106,Nuclear,Penly Reprocessing and Nuclear Power Plant France,56,2764.0
France,Fra_106,Nuclear,Penly Reprocessing and Nuclear Power Plant France,57,2764.0
France,Fra_106,Nuclear,Penly Reprocessing and Nuclear Power Plant France,58,2764.0
France,Fra_106,Nuclear,Penly Reprocessing and Nuclear Power Plant France,59,2764.0
France,Fra_106,Nuclear,Penly Reprocessing and Nuclear Power Plant France,60,2764.0
France,Fra_106,Nuclear,Penly Reprocessing and Nuclear Power Plant France,61,2764.0
France,Fra_106,Nuclear,Penly Reprocessing and Nuclear Power Plant France,62,2764.0
France,Fra_106,Nuclear,Penly Reprocessing and Nuclear Power Plant France,63,2764.0
France,Fra_106,Nuclear,Penly Reprocessing and Nuclear Power Plant France,64,2764.0
France,Fra_106,Nuclear,Penly Reprocessing and Nuclear Power Plant France,65,2764.0
France,Fra_106,Nuclear,Penly Reprocessing and Nuclear Power Plant France,66,2764.0
France,Fra_106,Nuclear,Penly Reprocessing and Nuclear Power Plant France,67,2764.0
France,Fra_106,Nuclear,Penly Reprocessing and Nuclear Power Plant France,68,2764.0
France,Fra_106,Nuclear,Penly Reprocessing and Nuclear Power Plant France,69,2764.0
France,Fra_106,Nuclear,Penly Reprocessing and Nuclear Power Plant France,70,2764.0
France,Fra_106,Nuclear,Penly Reprocessing and Nuclear Power Plant France,71,2764.0
France,Fra_106,Nuclear,Penly Reprocessing and Nuclear Power Plant France,72,2764.0
France,Fra_106,Nuclear,Penly Reprocessing and Nuclear Power Plant France,73,2764.0
France,Fra_106,Nuclear,Penly Reprocessing and Nuclear Power Plant France,74,2764.0
France,Fra_106,Nuclear,Penly Reprocessing and Nuclear Power Plant France,75,2764.0
France,Fra_106,Nuclear,Penly Reprocessing and Nuclear Power Plant France,76,2764.0
France,Fra_106,Nuclear,Penly Reprocessing and Nuclear Power Plant France,77,2764.0
France,Fra_106,Nuclear,Penly Reprocessing and Nuclear Power Plant France,78,2764.0
France,Fra_106,Nuclear,Penly Reprocessing and Nuclear Power Plant France,79,2764.0
France,Fra_106,Nuclear,Penly Reprocessing and Nuclear Power Plant France,80,2764.0
France,Fra_106,Nuclear,Penly Reprocessing and Nuclear Power Plant France,81,2764.0
France,Fra_106,Nuclear,Penly Reprocessing and Nuclear Power Plant France,82,2764.0
France,Fra_106,Nuclear,Penly Reprocessing and Nuclear Power Plant France,83,2764.0
France,Fra_106,Nuclear,Penly Reprocessing and Nuclear Power Plant France,84,2764.0
France,Fra_106,Nuclear,Penly Reprocessing and Nuclear Power Plant France,85,2764.0
France,Fra_106,Nuclear,Penly Reprocessing and Nuclear Power Plant France,86,2764.0
France,Fra_106,Nuclear,Penly Reprocessing and Nuclear Power Plant France,87,2764.0
France,Fra_106,Nuclear,Penly Reprocessing and Nuclear Power Plant France,88,2764.0
France,Fra_106,Nuclear,Penly Reprocessing and Nuclear Power Plant France,89,2764.0
France,Fra_106,Nuclear,Penly Reprocessing and Nuclear Power Plant France,90,2764.0
France,Fra_106,Nuclear,Penly Reprocessing and Nuclear Power Plant France,91,2764.0
France,Fra_106,Nuclear,Penly Reprocessing and Nuclear Power Plant France,92,2764.0
France,Fra_106,Nuclear,Penly Reprocessing and Nuclear Power Plant France,93,2764.0
France,Fra_106,Nuclear,Penly Reprocessing and Nuclear Power Plant France,94,2764.0
France,Fra_106,Nuclear,Penly Reprocessing and Nuclear Power Plant France,95,2764.0
France,Fra_106,Nuclear,Penly Reprocessing and Nuclear Power Plant France,96,2764.0
France,Fra_101,Nuclear,Civaux Nuclear Power Plant France,1,3122.0
France,Fra_101,Nuclear,Civaux Nuclear Power Plant France,2,3122.0
France,Fra_101,Nuclear,Civaux Nuclear Power Plant France,3,3122.0
France,Fra_101,Nuclear,Civaux Nuclear Power Plant France,4,3122.0
France,Fra_101,Nuclear,Civaux Nuclear Power Plant France,5,3122.0
France,Fra_101,Nuclear,Civaux Nuclear Power Plant France,6,3122.0
France,Fra_101,Nuclear,Civaux Nuclear Power Plant France,7,3122.0
France,Fra_101,Nuclear,Civaux Nuclear Power Plant France,8,3122.0
France,Fra_101,Nuclear,Civaux Nuclear Power Plant France,9,3122.0
France,Fra_101,Nuclear,Civaux Nuclear Power Plant France,10,3122.0
France,Fra_101,Nuclear,Civaux Nuclear Power Plant France,11,3122.0
France,Fra_101,Nuclear,Civaux Nuclear Power Plant France,12,3122.0
France,Fra_101,Nuclear,Civaux Nuclear Power Plant France,13,3122.0
France,Fra_101,Nuclear,Civaux Nuclear Power Plant France,14,3122.0
France,Fra_101,Nuclear,Civaux Nuclear Power Plant France,15,3122.0
France,Fra_101,Nuclear,Civaux Nuclear Power Plant France,16,3122.0
France,Fra_101,Nuclear,Civaux Nuclear Power Plant France,17,3122.0
France,Fra_101,Nuclear,Civaux Nuclear Power Plant France,18,3122.0
France,Fra_101,Nuclear,Civaux Nuclear Power Plant France,19,3122.0
France,Fra_101,Nuclear,Civaux Nuclear Power Plant France,20,3122.0
France,Fra_101,Nuclear,Civaux Nuclear Power Plant France,21,3122.0
France,Fra_101,Nuclear,Civaux Nuclear Power Plant France,22,3122.0
France,Fra_101,Nuclear,Civaux Nuclear Power Plant France,23,3122.0
France,Fra_101,Nuclear,Civaux Nuclear Power Plant France,24,3122.0
France,Fra_101,Nuclear,Civaux Nuclear Power Plant France,25,3122.0
France,Fra_101,Nuclear,Civaux Nuclear Power Plant France,26,3122.0
France,Fra_101,Nuclear,Civaux Nuclear Power Plant France,27,3122.0
France,Fra_101,Nuclear,Civaux Nuclear Power Plant France,28,3122.0
France,Fra_101,Nuclear,Civaux Nuclear Power Plant France,29,3122.0
France,Fra_101,Nuclear,Civaux Nuclear Power Plant France,30,3122.0
France,Fra_101,Nuclear,Civaux Nuclear Power Plant France,31,3122.0
France,Fra_101,Nuclear,Civaux Nuclear Power Plant France,32,3122.0
France,Fra_101,Nuclear,Civaux Nuclear Power Plant France,33,3122.0
France,Fra_101,Nuclear,Civaux Nuclear Power Plant France,34,3122.0
France,Fra_101,Nuclear,Civaux Nuclear Power Plant France,35,3122.0
France,Fra_101,Nuclear,Civaux Nuclear Power Plant France,36,3122.0
France,Fra_101,Nuclear,Civaux Nuclear Power Plant France,37,3122.0
France,Fra_101,Nuclear,Civaux Nuclear Power Plant France,38,3122.0
France,Fra_101,Nuclear,Civaux Nuclear Power Plant France,39,3122.0
France,Fra_101,Nuclear,Civaux Nuclear Power Plant France,40,3122.0
France,Fra_101,Nuclear,Civaux Nuclear Power Plant France,41,3122.0
France,Fra_101,Nuclear,Civaux Nuclear Power Plant France,42,3122.0
France,Fra_101,Nuclear,Civaux Nuclear Power Plant France,43,3122.0
France,Fra_101,Nuclear,Civaux Nuclear Power Plant France,44,3122.0
France,Fra_101,Nuclear,Civaux Nuclear Power Plant France,45,3122.0
France,Fra_101,Nuclear,Civaux Nuclear Power Plant France,46,3122.0
France,Fra_101,Nuclear,Civaux Nuclear Power Plant France,47,3122.0
France,Fra_101,Nuclear,Civaux Nuclear Power Plant France,48,3122.0
France,Fra_101,Nuclear,Civaux Nuclear Power Plant France,49,3122.0
France,Fra_101,Nuclear,Civaux Nuclear Power Plant France,50,3122.0
France,Fra_101,Nuclear,Civaux Nuclear Power Plant France,51,3122.0
France,Fra_101,Nuclear,Civaux Nuclear Power Plant France,52,3122.0
France,Fra_101,Nuclear,Civaux Nuclear Power Plant France,53,3122.0
France,Fra_101,Nuclear,Civaux Nuclear Power Plant France,54,3122.0
France,Fra_101,Nuclear,Civaux Nuclear Power Plant France,55,3122.0
France,Fra_101,Nuclear,Civaux Nuclear Power Plant France,56,3122.0
France,Fra_101,Nuclear,Civaux Nuclear Power Plant France,57,3122.0
France,Fra_101,Nuclear,Civaux Nuclear Power Plant France,58,3122.0
France,Fra_101,Nuclear,Civaux Nuclear Power Plant France,59,3122.0
France,Fra_101,Nuclear,Civaux Nuclear Power Plant France,60,3122.0
France,Fra_101,Nuclear,Civaux Nuclear Power Plant France,61,3122.0
France,Fra_101,Nuclear,Civaux Nuclear Power Plant France,62,3122.0
France,Fra_101,Nuclear,Civaux Nuclear Power Plant France,63,3122.0
France,Fra_101,Nuclear,Civaux Nuclear Power Plant France,64,3122.0
France,Fra_101,Nuclear,Civaux Nuclear Power Plant France,65,3122.0
France,Fra_101,Nuclear,Civaux Nuclear Power Plant France,66,3122.0
France,Fra_101,Nuclear,Civaux Nuclear Power Plant France,67,3122.0
France,Fra_101,Nuclear,Civaux Nuclear Power Plant France,68,3122.0
France,Fra_101,Nuclear,Civaux Nuclear Power Plant France,69,3122.0
France,Fra_101,Nuclear,Civaux Nuclear Power Plant France,70,3122.0
France,Fra_101,Nuclear,Civaux Nuclear Power Plant France,71,3122.0
France,Fra_101,Nuclear,Civaux Nuclear Power Plant France,72,3122.0
France,Fra_101,Nuclear,Civaux Nuclear Power Plant France,73,3122.0
France,Fra_101,Nuclear,Civaux Nuclear Power Plant France,74,3122.0
France,Fra_101,Nuclear,Civaux Nuclear Power Plant France,75,3122.0
France,Fra_101,Nuclear,Civaux Nuclear Power Plant France,76,3122.0
France,Fra_101,Nuclear,Civaux Nuclear Power Plant France,77,3122.0
France,Fra_101,Nuclear,Civaux Nuclear Power Plant France,78,3122.0
France,Fra_101,Nuclear,Civaux Nuclear Power Plant France,79,3122.0
France,Fra_101,Nuclear,Civaux Nuclear Power Plant France,80,3122.0
France,Fra_101,Nuclear,Civaux Nuclear Power Plant France,81,3122.0
France,Fra_101,Nuclear,Civaux Nuclear Power Plant France,82,3122.0
France,Fra_101,Nuclear,Civaux Nuclear Power Plant France,83,3122.0
France,Fra_101,Nuclear,Civaux Nuclear Power Plant France,84,3122.0
France,Fra_101,Nuclear,Civaux Nuclear Power Plant France,85,3122.0
France,Fra_101,Nuclear,Civaux Nuclear Power Plant France,86,3122.0
France,Fra_101,Nuclear,Civaux Nuclear Power Plant France,87,3122.0
France,Fra_101,Nuclear,Civaux Nuclear Power Plant France,88,3122.0
France,Fra_101,Nuclear,Civaux Nuclear Power Plant France,89,3122.0
France,Fra_101,Nuclear,Civaux Nuclear Power Plant France,90,3122.0
France,Fra_101,Nuclear,Civaux Nuclear Power Plant France,91,3122.0
France,Fra_101,Nuclear,Civaux Nuclear Power Plant France,92,3122.0
France,Fra_101,Nuclear,Civaux Nuclear Power Plant France,93,3122.0
France,Fra_101,Nuclear,Civaux Nuclear Power Plant France,94,3122.0
France,Fra_101,Nuclear,Civaux Nuclear Power Plant France,95,3122.0
France,Fra_101,Nuclear,Civaux Nuclear Power Plant France,96,3122.0
Germany,Fra_261,Coal,Völklingen-Fens CHP Coal Power Plant Germany,1,466.0
Germany,Fra_261,Coal,Völklingen-Fens CHP Coal Power Plant Germany,2,466.0
Germany,Fra_261,Coal,Völklingen-Fens CHP Coal Power Plant Germany,3,466.0
Germany,Fra_261,Coal,Völklingen-Fens CHP Coal Power Plant Germany,4,466.0
Germany,Fra_261,Coal,Völklingen-Fens CHP Coal Power Plant Germany,5,466.0
Germany,Fra_261,Coal,Völklingen-Fens CHP Coal Power Plant Germany,6,466.0
Germany,Fra_261,Coal,Völklingen-Fens CHP Coal Power Plant Germany,7,93.2
Germany,Fra_261,Coal,Völklingen-Fens CHP Coal Power Plant Germany,8,232.10795272083124
Germany,Fra_261,Coal,Völklingen-Fens CHP Coal Power Plant Germany,9,93.2
Germany,Fra_261,Coal,Völklingen-Fens CHP Coal Power Plant Germany,10,93.2
Germany,Fra_261,Coal,Völklingen-Fens CHP Coal Power Plant Germany,11,93.2
Germany,Fra_261,Coal,Völklingen-Fens CHP Coal Power Plant Germany,12,93.2
Germany,Fra_261,Coal,Völklingen-Fens CHP Coal Power Plant Germany,13,93.2
Germany,Fra_261,Coal,Völklingen-Fens CHP Coal Power Plant Germany,14,466.0
Germany,Fra_261,Coal,Völklingen-Fens CHP Coal Power Plant Germany,15,466.0
Germany,Fra_261,Coal,Völklingen-Fens CHP Coal Power Plant Germany,16,466.0
Germany,Fra_261,Coal,Völklingen-Fens CHP Coal Power Plant Germany,17,466.0
Germany,Fra_261,Coal,Völklingen-Fens CHP Coal Power Plant Germany,18,466.0
Germany,Fra_261,Coal,Völklingen-Fens CHP Coal Power Plant Germany,19,466.0
Germany,Fra_261,Coal,Völklingen-Fens CHP Coal Power Plant Germany,20,466.0
Germany,Fra_261,Coal,Völklingen-Fens CHP Coal Power Plant Germany,21,466.0
Germany,Fra_261,Coal,Völklingen-Fens CHP Coal Power Plant Germany,22,466.0
Germany,Fra_261,Coal,Völklingen-Fens CHP Coal Power Plant Germany,23,466.0
Germany,Fra_261,Coal,Völklingen-Fens CHP Coal Power Plant Germany,24,466.0
Germany,Fra_261,Coal,Völklingen-Fens CHP Coal Power Plant Germany,25,466.0
Germany,Fra_261,Coal,Völklingen-Fens CHP Coal Power Plant Germany,26,466.0
Germany,Fra_261,Coal,Völklingen-Fens CHP Coal Power Plant Germany,27,466.0
Germany,Fra_261,Coal,Völklingen-Fens CHP Coal Power Plant Germany,28,466.0
Germany,Fra_261,Coal,Völklingen-Fens CHP Coal Power Plant Germany,29,466.0
Germany,Fra_261,Coal,Völklingen-Fens CHP Coal Power Plant Germany,30,466.0
Germany,Fra_261,Coal,Völklingen-Fens CHP Coal Power Plant Germany,31,466.0
Germany,Fra_261,Coal,Völklingen-Fens CHP Coal Power Plant Germany,32,466.0
Germany,Fra_261,Coal,Völklingen-Fens CHP Coal Power Plant Germany,33,466.0
Germany,Fra_261,Coal,Völklingen-Fens CHP Coal Power Plant Germany,34,466.0
Germany,Fra_261,Coal,Völklingen-Fens CHP Coal Power Plant Germany,35,466.0
Germany,Fra_261,Coal,Völklingen-Fens CHP Coal Power Plant Germany,36,466.0
Germany,Fra_261,Coal,Völklingen-Fens CHP Coal Power Plant Germany,37,466.0
Germany,Fra_261,Coal,Völklingen-Fens CHP Coal Power Plant Germany,38,466.0
Germany,Fra_261,Coal,Völklingen-Fens CHP Coal Power Plant Germany,39,466.0
Germany,Fra_261,Coal,Völklingen-Fens CHP Coal Power Plant Germany,40,466.0
Germany,Fra_261,Coal,Völklingen-Fens CHP Coal Power Plant Germany,41,466.0
Germany,Fra_261,Coal,Völklingen-Fens CHP Coal Power Plant Germany,42,466.0
Germany,Fra_261,Coal,Völklingen-Fens CHP Coal Power Plant Germany,43,466.0
Germany,Fra_261,Coal,Völklingen-Fens CHP Coal Power Plant Germany,44,466.0
Germany,Fra_261,Coal,Völklingen-Fens CHP Coal Power Plant Germany,45,466.0
Germany,Fra_261,Coal,Völklingen-Fens CHP Coal Power Plant Germany,46,466.0
Germany,Fra_261,Coal,Völklingen-Fens CHP Coal Power Plant Germany,47,466.0
Germany,Fra_261,Coal,Völklingen-Fens CHP Coal Power Plant Germany,48,466.0
Germany,Fra_261,Coal,Völklingen-Fens CHP Coal Power Plant Germany,49,466.0
Germany,Fra_261,Coal,Völklingen-Fens CHP Coal Power Plant Germany,50,466.0
Germany,Fra_261,Coal,Völklingen-Fens CHP Coal Power Plant Germany,51,466.0
Germany,Fra_261,Coal,Völklingen-Fens CHP Coal Power Plant Germany,52,466.0
Germany,Fra_261,Coal,Völklingen-Fens CHP Coal Power Plant Germany,53,466.0
Germany,Fra_261,Coal,Völklingen-Fens CHP Coal Power Plant Germany,54,466.0
Germany,Fra_261,Coal,Völklingen-Fens CHP Coal Power Plant Germany,55,466.0
Germany,Fra_261,Coal,Völklingen-Fens CHP Coal Power Plant Germany,56,466.0
Germany,Fra_261,Coal,Völklingen-Fens CHP Coal Power Plant Germany,57,466.0
Germany,Fra_261,Coal,Völklingen-Fens CHP Coal Power Plant Germany,58,466.0
Germany,Fra_261,Coal,Völklingen-Fens CHP Coal Power Plant Germany,59,466.0
Germany,Fra_261,Coal,Völklingen-Fens CHP Coal Power Plant Germany,60,466.0
Germany,Fra_261,Coal,Völklingen-Fens CHP Coal Power Plant Germany,61,466.0
Germany,Fra_261,Coal,Völklingen-Fens CHP Coal Power Plant Germany,62,466.0
Germany,Fra_261,Coal,Völklingen-Fens CHP Coal Power Plant Germany,63,466.0
Germany,Fra_261,Coal,Völklingen-Fens CHP Coal Power Plant Germany,64,466.0
Germany,Fra_261,Coal,Völklingen-Fens CHP Coal Power Plant Germany,65,466.0
Germany,Fra_261,Coal,Völklingen-Fens CHP Coal Power Plant Germany,66,466.0
Germany,Fra_261,Coal,Völklingen-Fens CHP Coal Power Plant Germany,67,466.0
Germany,Fra_261,Coal,Völklingen-Fens CHP Coal Power Plant Germany,68,466.0
Germany,Fra_261,Coal,Völklingen-Fens CHP Coal Power Plant Germany,69,466.0
Germany,Fra_261,Coal,Völklingen-Fens CHP Coal Power Plant Germany,70,466.0
Germany,Fra_261,Coal,Völklingen-Fens CHP Coal Power Plant Germany,71,466.0
Germany,Fra_261,Coal,Völklingen-Fens CHP Coal Power Plant Germany,72,466.0
Germany,Fra_261,Coal,Völklingen-Fens CHP Coal Power Plant Germany,73,466.0
Germany,Fra_261,Coal,Völklingen-Fens CHP Coal Power Plant Germany,74,466.0
Germany,Fra_261,Coal,Völklingen-Fens CHP Coal Power Plant Germany,75,466.0
Germany,Fra_261,Coal,Völklingen-Fens CHP Coal Power Plant Germany,76,466.0
Germany,Fra_261,Coal,Völklingen-Fens CHP Coal Power Plant Germany,77,466.0
Germany,Fra_261,Coal,Völklingen-Fens CHP Coal Power Plant Germany,78,466.0
Germany,Fra_261,Coal,Völklingen-Fens CHP Coal Power Plant Germany,79,466.0
Germany,Fra_261,Coal,Völklingen-Fens CHP Coal Power Plant Germany,80,466.0
Germany,Fra_261,Coal,Völklingen-Fens CHP Coal Power Plant Germany,81,466.0
Germany,Fra_261,Coal,Völklingen-Fens CHP Coal Power Plant Germany,82,466.0
Germany,Fra_261,Coal,Völklingen-Fens CHP Coal Power Plant Germany,83,466.0
Germany,Fra_261,Coal,Völklingen-Fens CHP Coal Power Plant Germany,84,466.0
Germany,Fra_261,Coal,Völklingen-Fens CHP Coal Power Plant Germany,85,466.0
Germany,Fra_261,Coal,Völklingen-Fens CHP Coal Power Plant Germany,86,466.0
Germany,Fra_261,Coal,Völklingen-Fens CHP Coal Power Plant Germany,87,466.0
Germany,Fra_261,Coal,Völklingen-Fens CHP Coal Power Plant Germany,88,466.0
Germany,Fra_261,Coal,Völklingen-Fens CHP Coal Power Plant Germany,89,466.0
Germany,Fra_261,Coal,Völklingen-Fens CHP Coal Power Plant Germany,90,466.0
Germany,Fra_261,Coal,Völklingen-Fens CHP Coal Power Plant Germany,91,466.0
Germany,Fra_261,Coal,Völklingen-Fens CHP Coal Power Plant Germany,92,466.0
Germany,Fra_261,Coal,Völklingen-Fens CHP Coal Power Plant Germany,93,466.0
Germany,Fra_261,Coal,Völklingen-Fens CHP Coal Power Plant Germany,94,466.0
Germany,Fra_261,Coal,Völklingen-Fens CHP Coal Power Plant Germany,95,466.0
Germany,Fra_261,Coal,Völklingen-Fens CHP Coal Power Plant Germany,96,466.0
Netherlands,Bel_21,Natural Gas,Elsta CCGT Power Plant Netherlands,1,0.0
Netherlands,Bel_21,Natural Gas,Elsta CCGT Power Plant Netherlands,2,0.0
Netherlands,Bel_21,Natural Gas,Elsta CCGT Power Plant Netherlands,3,0.0
Netherlands,Bel_21,Natural Gas,Elsta CCGT Power Plant Netherlands,4,0.0
Netherlands,Bel_21,Natural Gas,Elsta CCGT Power Plant Netherlands,5,0.0
Netherlands,Bel_21,Natural Gas,Elsta CCGT Power Plant Netherlands,6,0.0
Netherlands,Bel_21,Natural Gas,Elsta CCGT Power Plant Netherlands,7,0.0
Netherlands,Bel_21,Natural Gas,Elsta CCGT Power Plant Netherlands,8,0.0
Netherlands,Bel_21,Natural Gas,Elsta CCGT Power Plant Netherlands,9,0.0
Netherlands,Bel_21,Natural Gas,Elsta CCGT Power Plant Netherlands,10,0.0
Netherlands,Bel_21,Natural Gas,Elsta CCGT Power Plant Netherlands,11,0.0
Netherlands,Bel_21,Natural Gas,Elsta CCGT Power Plant Netherlands,12,0.0
Netherlands,Bel_21,Natural Gas,Elsta CCGT Power Plant Netherlands,13,0.0
Netherlands,Bel_21,Natural Gas,Elsta CCGT Power Plant Netherlands,14,0.0
Netherlands,Bel_21,Natural Gas,Elsta CCGT Power Plant Netherlands,15,0.0
Netherlands,Bel_21,Natural Gas,Elsta CCGT Power Plant Netherlands,16,0.0
Netherlands,Bel_21,Natural Gas,Elsta CCGT Power Plant Netherlands,17,0.0
Netherlands,Bel_21,Natural Gas,Elsta CCGT Power Plant Netherlands,18,0.0
Netherlands,Bel_21,Natural Gas,Elsta CCGT Power Plant Netherlands,19,0.0
Netherlands,Bel_21,Natural Gas,Elsta CCGT Power Plant Netherlands,20,0.0
Netherlands,Bel_21,Natural Gas,Elsta CCGT Power Plant Netherlands,21,184.0
Netherlands,Bel_21,Natural Gas,Elsta CCGT Power Plant Netherlands,22,460.0
Netherlands,Bel_21,Natural Gas,Elsta CCGT Power Plant Netherlands,23,460.0
Netherlands,Bel_21,Natural Gas,Elsta CCGT Power Plant Netherlands,24,460.0
Netherlands,Bel_21,Natural Gas,Elsta CCGT Power Plant Netherlands,25,460.0
Netherlands,Bel_21,Natural Gas,Elsta CCGT Power Plant Netherlands,26,460.0
Netherlands,Bel_21,Natural Gas,Elsta CCGT Power Plant Netherlands,27,460.0
Netherlands,Bel_21,Natural Gas,Elsta CCGT Power Plant Netherlands,28,460.0
Netherlands,Bel_21,Natural Gas,Elsta CCGT Power Plant Netherlands,29,460.0
Netherlands,Bel_21,Natural Gas,Elsta CCGT Power Plant Netherlands,30,184.0
Netherlands,Bel_21,Natural Gas,Elsta CCGT Power Plant Netherlands,31,184.0
Netherlands,Bel_21,Natural Gas,Elsta CCGT Power Plant Netherlands,32,184.0
Netherlands,Bel_21,Natural Gas,Elsta CCGT Power Plant Netherlands,33,184.0
Netherlands,Bel_21,Natural Gas,Elsta CCGT Power Plant Netherlands,34,184.0
Netherlands,Bel_21,Natural Gas,Elsta CCGT Power Plant Netherlands,35,184.0
Netherlands,Bel_21,Natural Gas,Elsta CCGT Power Plant Netherlands,36,184.0
Netherlands,Bel_21,Natural Gas,Elsta CCGT Power Plant Netherlands,37,460.0
Netherlands,Bel_21,Natural Gas,Elsta CCGT Power Plant Netherlands,38,460.0
Netherlands,Bel_21,Natural Gas,Elsta CCGT Power Plant Netherlands,39,460.0
Netherlands,Bel_21,Natural Gas,Elsta CCGT Power Plant Netherlands,40,460.0
Netherlands,Bel_21,Natural Gas,Elsta CCGT Power Plant Netherlands,41,167.9522572632322
Netherlands,Bel_21,Natural Gas,Elsta CCGT Power Plant Netherlands,42,167.9522572632322
Netherlands,Bel_21,Natural Gas,Elsta CCGT Power Plant Netherlands,43,167.9522572632322
Netherlands,Bel_21,Natural Gas,Elsta CCGT Power Plant Netherlands,44,167.9522572632322
Netherlands,Bel_21,Natural Gas,Elsta CCGT Power Plant Netherlands,45,419.8806431580805
Netherlands,Bel_21,Natural Gas,Elsta CCGT Power Plant Netherlands,46,355.2591136219887
Netherlands,Bel_21,Natural Gas,Elsta CCGT Power Plant Netherlands,47,167.9522572632322
Netherlands,Bel_21,Natural Gas,Elsta CCGT Power Plant Netherlands,48,167.9522572632322
Netherlands,Bel_21,Natural Gas,Elsta CCGT Power Plant Netherlands,49,167.9522572632322
Netherlands,Bel_21,Natural Gas,Elsta CCGT Power Plant Netherlands,50,167.9522572632322
Netherlands,Bel_21,Natural Gas,Elsta CCGT Power Plant Netherlands,51,167.9522572632322
Netherlands,Bel_21,Natural Gas,Elsta CCGT Power Plant Netherlands,52,167.9522572632322
Netherlands,Bel_21,Natural Gas,Elsta CCGT Power Plant Netherlands,53,167.9522572632322
Netherlands,Bel_21,Natural Gas,Elsta CCGT Power Plant Netherlands,54,167.9522572632322
Netherlands,Bel_21,Natural Gas,Elsta CCGT Power Plant Netherlands,55,167.9522572632322
Netherlands,Bel_21,Natural Gas,Elsta CCGT Power Plant Netherlands,56,167.9522572632322
Netherlands,Bel_21,Natural Gas,Elsta CCGT Power Plant Netherlands,57,167.95225726323218
Netherlands,Bel_21,Natural Gas,Elsta CCGT Power Plant Netherlands,58,167.95225726323218
Netherlands,Bel_21,Natural Gas,Elsta CCGT Power Plant Netherlands,59,167.9522572632322
Netherlands,Bel_21,Natural Gas,Elsta CCGT Power Plant Netherlands,60,167.9522572632322
Netherlands,Bel_21,Natural Gas,Elsta CCGT Power Plant Netherlands,61,215.04760798430493
Netherlands,Bel_21,Natural Gas,Elsta CCGT Power Plant Netherlands,62,329.0924079613536
Netherlands,Bel_21,Natural Gas,Elsta CCGT Power Plant Netherlands,63,419.8806431580805
Netherlands,Bel_21,Natural Gas,Elsta CCGT Power Plant Netherlands,64,419.8806431580805
Netherlands,Bel_21,Natural Gas,Elsta CCGT Power Plant Netherlands,65,460.0
Netherlands,Bel_21,Natural Gas,Elsta CCGT Power Plant Netherlands,66,460.0
Netherlands,Bel_21,Natural Gas,Elsta CCGT Power Plant Netherlands,67,460.0
Netherlands,Bel_21,Natural Gas,Elsta CCGT Power Plant Netherlands,68,184.0
Netherlands,Bel_21,Natural Gas,Elsta CCGT Power Plant Netherlands,69,460.0
Netherlands,Bel_21,Natural Gas,Elsta CCGT Power Plant Netherlands,70,184.0
Netherlands,Bel_21,Natural Gas,Elsta CCGT Power Plant Netherlands,71,184.0
Netherlands,Bel_21,Natural Gas,Elsta CCGT Power Plant Netherlands,72,184.0
Netherlands,Bel_21,Natural Gas,Elsta CCGT Power Plant Netherlands,73,184.0
Netherlands,Bel_21,Natural Gas,Elsta CCGT Power Plant Netherlands,74,184.0
Netherlands,Bel_21,Natural Gas,Elsta CCGT Power Plant Netherlands,75,184.0
Netherlands,Bel_21,Natural Gas,Elsta CCGT Power Plant Netherlands,76,184.0
Netherlands,Bel_21,Natural Gas,Elsta CCGT Power Plant Netherlands,77,353.07182067469694
Netherlands,Bel_21,Natural Gas,Elsta CCGT Power Plant Netherlands,78,444.9330537526738
Netherlands,Bel_21,Natural Gas,Elsta CCGT Power Plant Netherlands,79,460.0
Netherlands,Bel_21,Natural Gas,Elsta CCGT Power Plant Netherlands,80,460.0
Netherlands,Bel_21,Natural Gas,Elsta CCGT Power Plant Netherlands,81,425.61696014495453
Netherlands,Bel_21,Natural Gas,Elsta CCGT Power Plant Netherlands,82,460.0
Netherlands,Bel_21,Natural Gas,Elsta CCGT Power Plant Netherlands,83,460.0
Netherlands,Bel_21,Natural Gas,Elsta CCGT Power Plant Netherlands,84,460.0
Netherlands,Bel_21,Natural Gas,Elsta CCGT Power Plant Netherlands,85,460.0
Netherlands,Bel_21,Natural Gas,Elsta CCGT Power Plant Netherlands,86,460.0
Netherlands,Bel_21,Natural Gas,Elsta CCGT Power Plant Netherlands,87,460.0
Netherlands,Bel_21,Natural Gas,Elsta CCGT Power Plant Netherlands,88,460.0
Netherlands,Bel_21,Natural Gas,Elsta CCGT Power Plant Netherlands,89,460.0
Netherlands,Bel_21,Natural Gas,Elsta CCGT Power Plant Netherlands,90,460.0
Netherlands,Bel_21,Natural Gas,Elsta CCGT Power Plant Netherlands,91,460.0
Netherlands,Bel_21,Natural Gas,Elsta CCGT Power Plant Netherlands,92,184.0
Netherlands,Bel_21,Natural Gas,Elsta CCGT Power Plant Netherlands,93,7.853475264192127
Netherlands,Bel_21,Natural Gas,Elsta CCGT Power Plant Netherlands,94,3.141390105676834
Netherlands,Bel_21,Natural Gas,Elsta CCGT Power Plant Netherlands,95,3.1413901056768507
Netherlands,Bel_21,Natural Gas,Elsta CCGT Power Plant Netherlands,96,3.1413901056768507
Netherlands,Bel_18,Coal,Borssele Coal Power Plant Netherland,1,406.0
Netherlands,Bel_18,Coal,Borssele Coal Power Plant Netherland,2,406.0
Netherlands,Bel_18,Coal,Borssele Coal Power Plant Netherland,3,406.0
Netherlands,Bel_18,Coal,Borssele Coal Power Plant Netherland,4,406.0
Netherlands,Bel_18,Coal,Borssele Coal Power Plant Netherland,5,81.2
Netherlands,Bel_18,Coal,Borssele Coal Power Plant Netherland,6,81.2
Netherlands,Bel_18,Coal,Borssele Coal Power Plant Netherland,7,81.2
Netherlands,Bel_18,Coal,Borssele Coal Power Plant Netherland,8,81.2
Netherlands,Bel_18,Coal,Borssele Coal Power Plant Netherland,9,81.2
Netherlands,Bel_18,Coal,Borssele Coal Power Plant Netherland,10,81.2
Netherlands,Bel_18,Coal,Borssele Coal Power Plant Netherland,11,81.2
Netherlands,Bel_18,Coal,Borssele Coal Power Plant Netherland,12,81.2
Netherlands,Bel_18,Coal,Borssele Coal Power Plant Netherland,13,81.2
Netherlands,Bel_18,Coal,Borssele Coal Power Plant Netherland,14,81.2
Netherlands,Bel_18,Coal,Borssele Coal Power Plant Netherland,15,406.0
Netherlands,Bel_18,Coal,Borssele Coal Power Plant Netherland,16,406.0
Netherlands,Bel_18,Coal,Borssele Coal Power Plant Netherland,17,406.0
Netherlands,Bel_18,Coal,Borssele Coal Power Plant Netherland,18,406.0
Netherlands,Bel_18,Coal,Borssele Coal Power Plant Netherland,19,406.0
Netherlands,Bel_18,Coal,Borssele Coal Power Plant Netherland,20,406.0
Netherlands,Bel_18,Coal,Borssele Coal Power Plant Netherland,21,406.0
Netherlands,Bel_18,Coal,Borssele Coal Power Plant Netherland,22,406.0
Netherlands,Bel_18,Coal,Borssele Coal Power Plant Netherland,23,406.0
Netherlands,Bel_18,Coal,Borssele Coal Power Plant Netherland,24,406.0
Netherlands,Bel_18,Coal,Borssele Coal Power Plant Netherland,25,406.0
Netherlands,Bel_18,Coal,Borssele Coal Power Plant Netherland,26,406.0
Netherlands,Bel_18,Coal,Borssele Coal Power Plant Netherland,27,406.0
Netherlands,Bel_18,Coal,Borssele Coal Power Plant Netherland,28,406.0
Netherlands,Bel_18,Coal,Borssele Coal Power Plant Netherland,29,406.0
Netherlands,Bel_18,Coal,Borssele Coal Power Plant Netherland,30,406.0
Netherlands,Bel_18,Coal,Borssele Coal Power Plant Netherland,31,406.0
Netherlands,Bel_18,Coal,Borssele Coal Power Plant Netherland,32,406.0
Netherlands,Bel_18,Coal,Borssele Coal Power Plant Netherland,33,406.0
Netherlands,Bel_18,Coal,Borssele Coal Power Plant Netherland,34,406.0
Netherlands,Bel_18,Coal,Borssele Coal Power Plant Netherland,35,406.0
Netherlands,Bel_18,Coal,Borssele Coal Power Plant Netherland,36,406.0
Netherlands,Bel_18,Coal,Borssele Coal Power Plant Netherland,37,406.0
Netherlands,Bel_18,Coal,Borssele Coal Power Plant Netherland,38,406.0
Netherlands,Bel_18,Coal,Borssele Coal Power Plant Netherland,39,406.0
Netherlands,Bel_18,Coal,Borssele Coal Power Plant Netherland,40,406.0
Netherlands,Bel_18,Coal,Borssele Coal Power Plant Netherland,41,406.0
Netherlands,Bel_18,Coal,Borssele Coal Power Plant Netherland,42,406.0
Netherlands,Bel_18,Coal,Borssele Coal Power Plant Netherland,43,406.0
Netherlands,Bel_18,Coal,Borssele Coal Power Plant Netherland,44,406.0
Netherlands,Bel_18,Coal,Borssele Coal Power Plant Netherland,45,406.0
Netherlands,Bel_18,Coal,Borssele Coal Power Plant Netherland,46,406.0
Netherlands,Bel_18,Coal,Borssele Coal Power Plant Netherland,47,406.0
Netherlands,Bel_18,Coal,Borssele Coal Power Plant Netherland,48,406.0
Netherlands,Bel_18,Coal,Borssele Coal Power Plant Netherland,49,406.0
Netherlands,Bel_18,Coal,Borssele Coal Power Plant Netherland,50,406.0
Netherlands,Bel_18,Coal,Borssele Coal Power Plant Netherland,51,406.0
Netherlands,Bel_18,Coal,Borssele Coal Power Plant Netherland,52,406.0
Netherlands,Bel_18,Coal,Borssele Coal Power Plant Netherland,53,406.0
Netherlands,Bel_18,Coal,Borssele Coal Power Plant Netherland,54,406.0
Netherlands,Bel_18,Coal,Borssele Coal Power Plant Netherland,55,406.0
Netherlands,Bel_18,Coal,Borssele Coal Power Plant Netherland,56,406.0
Netherlands,Bel_18,Coal,Borssele Coal Power Plant Netherland,57,406.0
Netherlands,Bel_18,Coal,Borssele Coal Power Plant Netherland,58,406.0
Netherlands,Bel_18,Coal,Borssele Coal Power Plant Netherland,59,406.0
Netherlands,Bel_18,Coal,Borssele Coal Power Plant Netherland,60,406.0
Netherlands,Bel_18,Coal,Borssele Coal Power Plant Netherland,61,406.0
Netherlands,Bel_18,Coal,Borssele Coal Power Plant Netherland,62,406.0
Netherlands,Bel_18,Coal,Borssele Coal Power Plant Netherland,63,406.0
Netherlands,Bel_18,Coal,Borssele Coal Power Plant Netherland,64,406.0
Netherlands,Bel_18,Coal,Borssele Coal Power Plant Netherland,65,406.0
Netherlands,Bel_18,Coal,Borssele Coal Power Plant Netherland,66,406.0
Netherlands,Bel_18,Coal,Borssele Coal Power Plant Netherland,67,406.0
Netherlands,Bel_18,Coal,Borssele Coal Power Plant Netherland,68,406.0
Netherlands,Bel_18,Coal,Borssele Coal Power Plant Netherland,69,406.0
Netherlands,Bel_18,Coal,Borssele Coal Power Plant Netherland,70,406.0
Netherlands,Bel_18,Coal,Borssele Coal Power Plant Netherland,71,406.0
Netherlands,Bel_18,Coal,Borssele Coal Power Plant Netherland,72,406.0
Netherlands,Bel_18,Coal,Borssele Coal Power Plant Netherland,73,406.0
Netherlands,Bel_18,Coal,Borssele Coal Power Plant Netherland,74,406.0
Netherlands,Bel_18,Coal,Borssele Coal Power Plant Netherland,75,406.0
Netherlands,Bel_18,Coal,Borssele Coal Power Plant Netherland,76,406.0
Netherlands,Bel_18,Coal,Borssele Coal Power Plant Netherland,77,406.0
Netherlands,Bel_18,Coal,Borssele Coal Power Plant Netherland,78,406.0
Netherlands,Bel_18,Coal,Borssele Coal Power Plant Netherland,79,406.0
Netherlands,Bel_18,Coal,Borssele Coal Power Plant Netherland,80,406.0
Netherlands,Bel_18,Coal,Borssele Coal Power Plant Netherland,81,406.0
Netherlands,Bel_18,Coal,Borssele Coal Power Plant Netherland,82,406.0
Netherlands,Bel_18,Coal,Borssele Coal Power Plant Netherland,83,406.0
Netherlands,Bel_18,Coal,Borssele Coal Power Plant Netherland,84,406.0
Netherlands,Bel_18,Coal,Borssele Coal Power Plant Netherland,85,406.0
Netherlands,Bel_18,Coal,Borssele Coal Power Plant Netherland,86,406.0
Netherlands,Bel_18,Coal,Borssele Coal Power Plant Netherland,87,406.0
Netherlands,Bel_18,Coal,Borssele Coal Power Plant Netherland,88,406.0
Netherlands,Bel_18,Coal,Borssele Coal Power Plant Netherland,89,406.0
Netherlands,Bel_18,Coal,Borssele Coal Power Plant Netherland,90,406.0
Netherlands,Bel_18,Coal,Borssele Coal Power Plant Netherland,91,406.0
Netherlands,Bel_18,Coal,Borssele Coal Power Plant Netherland,92,406.0
Netherlands,Bel_18,Coal,Borssele Coal Power Plant Netherland,93,406.0
Netherlands,Bel_18,Coal,Borssele Coal Power Plant Netherland,94,406.0
Netherlands,Bel_18,Coal,Borssele Coal Power Plant Netherland,95,406.0
Netherlands,Bel_18,Coal,Borssele Coal Power Plant Netherland,96,406.0
Netherlands,Bel_18,Natural Gas,Sloe CCGT CHP Power Plant Netherland,1,0.0
Netherlands,Bel_18,Natural Gas,Sloe CCGT CHP Power Plant Netherland,2,0.0
Netherlands,Bel_18,Natural Gas,Sloe CCGT CHP Power Plant Netherland,3,0.0
Netherlands,Bel_18,Natural Gas,Sloe CCGT CHP Power Plant Netherland,4,0.0
Netherlands,Bel_18,Natural Gas,Sloe CCGT CHP Power Plant Netherland,5,0.0
Netherlands,Bel_18,Natural Gas,Sloe CCGT CHP Power Plant Netherland,6,0.0
Netherlands,Bel_18,Natural Gas,Sloe CCGT CHP Power Plant Netherland,7,0.0
Netherlands,Bel_18,Natural Gas,Sloe CCGT CHP Power Plant Netherland,8,0.0
Netherlands,Bel_18,Natural Gas,Sloe CCGT CHP Power Plant Netherland,9,0.0
Netherlands,Bel_18,Natural Gas,Sloe CCGT CHP Power Plant Netherland,10,0.0
Netherlands,Bel_18,Natural Gas,Sloe CCGT CHP Power Plant Netherland,11,0.0
Netherlands,Bel_18,Natural Gas,Sloe CCGT CHP Power Plant Netherland,12,0.0
Netherlands,Bel_18,Natural Gas,Sloe CCGT CHP Power Plant Netherland,13,0.0
Netherlands,Bel_18,Natural Gas,Sloe CCGT CHP Power Plant Netherland,14,0.0
Netherlands,Bel_18,Natural Gas,Sloe CCGT CHP Power Plant Netherland,15,0.0
Netherlands,Bel_18,Natural Gas,Sloe CCGT CHP Power Plant Netherland,16,0.0
Netherlands,Bel_18,Natural Gas,Sloe CCGT CHP Power Plant Netherland,17,348.0
Netherlands,Bel_18,Natural Gas,Sloe CCGT CHP Power Plant Netherland,18,870.0
Netherlands,Bel_18,Natural Gas,Sloe CCGT CHP Power Plant Netherland,19,870.0
Netherlands,Bel_18,Natural Gas,Sloe CCGT CHP Power Plant Netherland,20,870.0
Netherlands,Bel_18,Natural Gas,Sloe CCGT CHP Power Plant Netherland,21,870.0
Netherlands,Bel_18,Natural Gas,Sloe CCGT CHP Power Plant Netherland,22,870.0
Netherlands,Bel_18,Natural Gas,Sloe CCGT CHP Power Plant Netherland,23,870.0
Netherlands,Bel_18,Natural Gas,Sloe CCGT CHP Power Plant Netherland,24,870.0
Netherlands,Bel_18,Natural Gas,Sloe CCGT CHP Power Plant Netherland,25,870.0
Netherlands,Bel_18,Natural Gas,Sloe CCGT CHP Power Plant Netherland,26,870.0
Netherlands,Bel_18,Natural Gas,Sloe CCGT CHP Power Plant Netherland,27,870.0
Netherlands,Bel_18,Natural Gas,Sloe CCGT CHP Power Plant Netherland,28,870.0
Netherlands,Bel_18,Natural Gas,Sloe CCGT CHP Power Plant Netherland,29,870.0
Netherlands,Bel_18,Natural Gas,Sloe CCGT CHP Power Plant Netherland,30,870.0
Netherlands,Bel_18,Natural Gas,Sloe CCGT CHP Power Plant Netherland,31,870.0
Netherlands,Bel_18,Natural Gas,Sloe CCGT CHP Power Plant Netherland,32,870.0
Netherlands,Bel_18,Natural Gas,Sloe CCGT CHP Power Plant Netherland,33,870.0
Netherlands,Bel_18,Natural Gas,Sloe CCGT CHP Power Plant Netherland,34,870.0
Netherlands,Bel_18,Natural Gas,Sloe CCGT CHP Power Plant Netherland,35,870.0
Netherlands,Bel_18,Natural Gas,Sloe CCGT CHP Power Plant Netherland,36,870.0
Netherlands,Bel_18,Natural Gas,Sloe CCGT CHP Power Plant Netherland,37,870.0
Netherlands,Bel_18,Natural Gas,Sloe CCGT CHP Power Plant Netherland,38,870.0
Netherlands,Bel_18,Natural Gas,Sloe CCGT CHP Power Plant Netherland,39,870.0
Netherlands,Bel_18,Natural Gas,Sloe CCGT CHP Power Plant Netherland,40,870.0
Netherlands,Bel_18,Natural Gas,Sloe CCGT CHP Power Plant Netherland,41,870.0
Netherlands,Bel_18,Natural Gas,Sloe CCGT CHP Power Plant Netherland,42,870.0
Netherlands,Bel_18,Natural Gas,Sloe CCGT CHP Power Plant Netherland,43,870.0
Netherlands,Bel_18,Natural Gas,Sloe CCGT CHP Power Plant Netherland,44,870.0
Netherlands,Bel_18,Natural Gas,Sloe CCGT CHP Power Plant Netherland,45,870.0
Netherlands,Bel_18,Natural Gas,Sloe CCGT CHP Power Plant Netherland,46,870.0
Netherlands,Bel_18,Natural Gas,Sloe CCGT CHP Power Plant Netherland,47,870.0
Netherlands,Bel_18,Natural Gas,Sloe CCGT CHP Power Plant Netherland,48,870.0
Netherlands,Bel_18,Natural Gas,Sloe CCGT CHP Power Plant Netherland,49,348.0
Netherlands,Bel_18,Natural Gas,Sloe CCGT CHP Power Plant Netherland,50,870.0
Netherlands,Bel_18,Natural Gas,Sloe CCGT CHP Power Plant Netherland,51,870.0
Netherlands,Bel_18,Natural Gas,Sloe CCGT CHP Power Plant Netherland,52,870.0
Netherlands,Bel_18,Natural Gas,Sloe CCGT CHP Power Plant Netherland,53,870.0
Netherlands,Bel_18,Natural Gas,Sloe CCGT CHP Power Plant Netherland,54,870.0
Netherlands,Bel_18,Natural Gas,Sloe CCGT CHP Power Plant Netherland,55,870.0
Netherlands,Bel_18,Natural Gas,Sloe CCGT CHP Power Plant Netherland,56,870.0
Netherlands,Bel_18,Natural Gas,Sloe CCGT CHP Power Plant Netherland,57,848.3443398105373
Netherlands,Bel_18,Natural Gas,Sloe CCGT CHP Power Plant Netherland,58,870.0
Netherlands,Bel_18,Natural Gas,Sloe CCGT CHP Power Plant Netherland,59,870.0
Netherlands,Bel_18,Natural Gas,Sloe CCGT CHP Power Plant Netherland,60,870.0
Netherlands,Bel_18,Natural Gas,Sloe CCGT CHP Power Plant Netherland,61,870.0
Netherlands,Bel_18,Natural Gas,Sloe CCGT CHP Power Plant Netherland,62,870.0
Netherlands,Bel_18,Natural Gas,Sloe CCGT CHP Power Plant Netherland,63,870.0
Netherlands,Bel_18,Natural Gas,Sloe CCGT CHP Power Plant Netherland,64,870.0
Netherlands,Bel_18,Natural Gas,Sloe CCGT CHP Power Plant Netherland,65,870.0
Netherlands,Bel_18,Natural Gas,Sloe CCGT CHP Power Plant Netherland,66,870.0
Netherlands,Bel_18,Natural Gas,Sloe CCGT CHP Power Plant Netherland,67,870.0
Netherlands,Bel_18,Natural Gas,Sloe CCGT CHP Power Plant Netherland,68,870.0
Netherlands,Bel_18,Natural Gas,Sloe CCGT CHP Power Plant Netherland,69,870.0
Netherlands,Bel_18,Natural Gas,Sloe CCGT CHP Power Plant Netherland,70,870.0
Netherlands,Bel_18,Natural Gas,Sloe CCGT CHP Power Plant Netherland,71,870.0
Netherlands,Bel_18,Natural Gas,Sloe CCGT CHP Power Plant Netherland,72,870.0
Netherlands,Bel_18,Natural Gas,Sloe CCGT CHP Power Plant Netherland,73,870.0
Netherlands,Bel_18,Natural Gas,Sloe CCGT CHP Power Plant Netherland,74,870.0
Netherlands,Bel_18,Natural Gas,Sloe CCGT CHP Power Plant Netherland,75,870.0
Netherlands,Bel_18,Natural Gas,Sloe CCGT CHP Power Plant Netherland,76,870.0
Netherlands,Bel_18,Natural Gas,Sloe CCGT CHP Power Plant Netherland,77,870.0
Netherlands,Bel_18,Natural Gas,Sloe CCGT CHP Power Plant Netherland,78,870.0
Netherlands,Bel_18,Natural Gas,Sloe CCGT CHP Power Plant Netherland,79,870.0
Netherlands,Bel_18,Natural Gas,Sloe CCGT CHP Power Plant Netherland,80,870.0
Netherlands,Bel_18,Natural Gas,Sloe CCGT CHP Power Plant Netherland,81,870.0
Netherlands,Bel_18,Natural Gas,Sloe CCGT CHP Power Plant Netherland,82,870.0
Netherlands,Bel_18,Natural Gas,Sloe CCGT CHP Power Plant Netherland,83,870.0
Netherlands,Bel_18,Natural Gas,Sloe CCGT CHP Power Plant Netherland,84,870.0
Netherlands,Bel_18,Natural Gas,Sloe CCGT CHP Power Plant Netherland,85,870.0
Netherlands,Bel_18,Natural Gas,Sloe CCGT CHP Power Plant Netherland,86,870.0
Netherlands,Bel_18,Natural Gas,Sloe CCGT CHP Power Plant Netherland,87,870.0
Netherlands,Bel_18,Natural Gas,Sloe CCGT CHP Power Plant Netherland,88,870.0
Netherlands,Bel_18,Natural Gas,Sloe CCGT CHP Power Plant Netherland,89,870.0
Netherlands,Bel_18,Natural Gas,Sloe CCGT CHP Power Plant Netherland,90,870.0
Netherlands,Bel_18,Natural Gas,Sloe CCGT CHP Power Plant Netherland,91,870.0
Netherlands,Bel_18,Natural Gas,Sloe CCGT CHP Power Plant Netherland,92,870.0
Netherlands,Bel_18,Natural Gas,Sloe CCGT CHP Power Plant Netherland,93,870.0
Netherlands,Bel_18,Natural Gas,Sloe CCGT CHP Power Plant Netherland,94,870.0
Netherlands,Bel_18,Natural Gas,Sloe CCGT CHP Power Plant Netherland,95,870.0
Netherlands,Bel_18,Natural Gas,Sloe CCGT CHP Power Plant Netherland,96,870.0
Netherlands,Bel_18,Nuclear,Borssele Nuclear Power Plant Netherlands,1,515.0
Netherlands,Bel_18,Nuclear,Borssele Nuclear Power Plant Netherlands,2,515.0
Netherlands,Bel_18,Nuclear,Borssele Nuclear Power Plant Netherlands,3,515.0
Netherlands,Bel_18,Nuclear,Borssele Nuclear Power Plant Netherlands,4,515.0
Netherlands,Bel_18,Nuclear,Borssele Nuclear Power Plant Netherlands,5,515.0
Netherlands,Bel_18,Nuclear,Borssele Nuclear Power Plant Netherlands,6,515.0
Netherlands,Bel_18,Nuclear,Borssele Nuclear Power Plant Netherlands,7,515.0
Netherlands,Bel_18,Nuclear,Borssele Nuclear Power Plant Netherlands,8,515.0
Netherlands,Bel_18,Nuclear,Borssele Nuclear Power Plant Netherlands,9,515.0
Netherlands,Bel_18,Nuclear,Borssele Nuclear Power Plant Netherlands,10,515.0
Netherlands,Bel_18,Nuclear,Borssele Nuclear Power Plant Netherlands,11,515.0
Netherlands,Bel_18,Nuclear,Borssele Nuclear Power Plant Netherlands,12,515.0
Netherlands,Bel_18,Nuclear,Borssele Nuclear Power Plant Netherlands,13,515.0
Netherlands,Bel_18,Nuclear,Borssele Nuclear Power Plant Netherlands,14,515.0
Netherlands,Bel_18,Nuclear,Borssele Nuclear Power Plant Netherlands,15,515.0
Netherlands,Bel_18,Nuclear,Borssele Nuclear Power Plant Netherlands,16,515.0
Netherlands,Bel_18,Nuclear,Borssele Nuclear Power Plant Netherlands,17,515.0
Netherlands,Bel_18,Nuclear,Borssele Nuclear Power Plant Netherlands,18,515.0
Netherlands,Bel_18,Nuclear,Borssele Nuclear Power Plant Netherlands,19,515.0
Netherlands,Bel_18,Nuclear,Borssele Nuclear Power Plant Netherlands,20,515.0
Netherlands,Bel_18,Nuclear,Borssele Nuclear Power Plant Netherlands,21,515.0
Netherlands,Bel_18,Nuclear,Borssele Nuclear Power Plant Netherlands,22,515.0
Netherlands,Bel_18,Nuclear,Borssele Nuclear Power Plant Netherlands,23,515.0
Netherlands,Bel_18,Nuclear,Borssele Nuclear Power Plant Netherlands,24,515.0
Netherlands,Bel_18,Nuclear,Borssele Nuclear Power Plant Netherlands,25,515.0
Netherlands,Bel_18,Nuclear,Borssele Nuclear Power Plant Netherlands,26,515.0
Netherlands,Bel_18,Nuclear,Borssele Nuclear Power Plant Netherlands,27,515.0
Netherlands,Bel_18,Nuclear,Borssele Nuclear Power Plant Netherlands,28,515.0
Netherlands,Bel_18,Nuclear,Borssele Nuclear Power Plant Netherlands,29,515.0
Netherlands,Bel_18,Nuclear,Borssele Nuclear Power Plant Netherlands,30,515.0
Netherlands,Bel_18,Nuclear,Borssele Nuclear Power Plant Netherlands,31,515.0
Netherlands,Bel_18,Nuclear,Borssele Nuclear Power Plant Netherlands,32,515.0
Netherlands,Bel_18,Nuclear,Borssele Nuclear Power Plant Netherlands,33,515.0
Netherlands,Bel_18,Nuclear,Borssele Nuclear Power Plant Netherlands,34,515.0
Netherlands,Bel_18,Nuclear,Borssele Nuclear Power Plant Netherlands,35,515.0
Netherlands,Bel_18,Nuclear,Borssele Nuclear Power Plant Netherlands,36,515.0
Netherlands,Bel_18,Nuclear,Borssele Nuclear Power Plant Netherlands,37,515.0
Netherlands,Bel_18,Nuclear,Borssele Nuclear Power Plant Netherlands,38,515.0
Netherlands,Bel_18,Nuclear,Borssele Nuclear Power Plant Netherlands,39,515.0
Netherlands,Bel_18,Nuclear,Borssele Nuclear Power Plant Netherlands,40,515.0
Netherlands,Bel_18,Nuclear,Borssele Nuclear Power Plant Netherlands,41,515.0
Netherlands,Bel_18,Nuclear,Borssele Nuclear Power Plant Netherlands,42,515.0
Netherlands,Bel_18,Nuclear,Borssele Nuclear Power Plant Netherlands,43,515.0
Netherlands,Bel_18,Nuclear,Borssele Nuclear Power Plant Netherlands,44,515.0
Netherlands,Bel_18,Nuclear,Borssele Nuclear Power Plant Netherlands,45,515.0
Netherlands,Bel_18,Nuclear,Borssele Nuclear Power Plant Netherlands,46,515.0
Netherlands,Bel_18,Nuclear,Borssele Nuclear Power Plant Netherlands,47,515.0
Netherlands,Bel_18,Nuclear,Borssele Nuclear Power Plant Netherlands,48,515.0
Netherlands,Bel_18,Nuclear,Borssele Nuclear Power Plant Netherlands,49,515.0
Netherlands,Bel_18,Nuclear,Borssele Nuclear Power Plant Netherlands,50,515.0
Netherlands,Bel_18,Nuclear,Borssele Nuclear Power Plant Netherlands,51,515.0
Netherlands,Bel_18,Nuclear,Borssele Nuclear Power Plant Netherlands,52,515.0
Netherlands,Bel_18,Nuclear,Borssele Nuclear Power Plant Netherlands,53,515.0
Netherlands,Bel_18,Nuclear,Borssele Nuclear Power Plant Netherlands,54,515.0
Netherlands,Bel_18,Nuclear,Borssele Nuclear Power Plant Netherlands,55,515.0
Netherlands,Bel_18,Nuclear,Borssele Nuclear Power Plant Netherlands,56,515.0
Netherlands,Bel_18,Nuclear,Borssele Nuclear Power Plant Netherlands,57,515.0
Netherlands,Bel_18,Nuclear,Borssele Nuclear Power Plant Netherlands,58,515.0
Netherlands,Bel_18,Nuclear,Borssele Nuclear Power Plant Netherlands,59,515.0
Netherlands,Bel_18,Nuclear,Borssele Nuclear Power Plant Netherlands,60,515.0
Netherlands,Bel_18,Nuclear,Borssele Nuclear Power Plant Netherlands,61,515.0
Netherlands,Bel_18,Nuclear,Borssele Nuclear Power Plant Netherlands,62,515.0
Netherlands,Bel_18,Nuclear,Borssele Nuclear Power Plant Netherlands,63,515.0
Netherlands,Bel_18,Nuclear,Borssele Nuclear Power Plant Netherlands,64,515.0
Netherlands,Bel_18,Nuclear,Borssele Nuclear Power Plant Netherlands,65,515.0
Netherlands,Bel_18,Nuclear,Borssele Nuclear Power Plant Netherlands,66,515.0
Netherlands,Bel_18,Nuclear,Borssele Nuclear Power Plant Netherlands,67,515.0
Netherlands,Bel_18,Nuclear,Borssele Nuclear Power Plant Netherlands,68,515.0
Netherlands,Bel_18,Nuclear,Borssele Nuclear Power Plant Netherlands,69,515.0
Netherlands,Bel_18,Nuclear,Borssele Nuclear Power Plant Netherlands,70,515.0
Netherlands,Bel_18,Nuclear,Borssele Nuclear Power Plant Netherlands,71,515.0
Netherlands,Bel_18,Nuclear,Borssele Nuclear Power Plant Netherlands,72,515.0
Netherlands,Bel_18,Nuclear,Borssele Nuclear Power Plant Netherlands,73,515.0
Netherlands,Bel_18,Nuclear,Borssele Nuclear Power Plant Netherlands,74,515.0
Netherlands,Bel_18,Nuclear,Borssele Nuclear Power Plant Netherlands,75,515.0
Netherlands,Bel_18,Nuclear,Borssele Nuclear Power Plant Netherlands,76,515.0
Netherlands,Bel_18,Nuclear,Borssele Nuclear Power Plant Netherlands,77,515.0
Netherlands,Bel_18,Nuclear,Borssele Nuclear Power Plant Netherlands,78,515.0
Netherlands,Bel_18,Nuclear,Borssele Nuclear Power Plant Netherlands,79,515.0
Netherlands,Bel_18,Nuclear,Borssele Nuclear Power Plant Netherlands,80,515.0
Netherlands,Bel_18,Nuclear,Borssele Nuclear Power Plant Netherlands,81,515.0
Netherlands,Bel_18,Nuclear,Borssele Nuclear Power Plant Netherlands,82,515.0
Netherlands,Bel_18,Nuclear,Borssele Nuclear Power Plant Netherlands,83,515.0
Netherlands,Bel_18,Nuclear,Borssele Nuclear Power Plant Netherlands,84,515.0
Netherlands,Bel_18,Nuclear,Borssele Nuclear Power Plant Netherlands,85,515.0
Netherlands,Bel_18,Nuclear,Borssele Nuclear Power Plant Netherlands,86,515.0
Netherlands,Bel_18,Nuclear,Borssele Nuclear Power Plant Netherlands,87,515.0
Netherlands,Bel_18,Nuclear,Borssele Nuclear Power Plant Netherlands,88,515.0
Netherlands,Bel_18,Nuclear,Borssele Nuclear Power Plant Netherlands,89,515.0
Netherlands,Bel_18,Nuclear,Borssele Nuclear Power Plant Netherlands,90,515.0
Netherlands,Bel_18,Nuclear,Borssele Nuclear Power Plant Netherlands,91,515.0
Netherlands,Bel_18,Nuclear,Borssele Nuclear Power Plant Netherlands,92,515.0
Netherlands,Bel_18,Nuclear,Borssele Nuclear Power Plant Netherlands,93,515.0
Netherlands,Bel_18,Nuclear,Borssele Nuclear Power Plant Netherlands,94,515.0
Netherlands,Bel_18,Nuclear,Borssele Nuclear Power Plant Netherlands,95,515.0
Netherlands,Bel_18,Nuclear,Borssele Nuclear Power Plant Netherlands,96,515.0
